,usecase,timeframe,time_req,distance,consumption,speed,subfleets,dtime_active,energy_req,dtime_idle,dtime_patience
0,goods,weekday,2018-01-01 06:00:00+01:00,6.302118321720585,300,22,"['bev', 'icev']",0 days 00:17:11.255725374,1890.6354965161756,0 days 01:48:22.419900237,0 days 01:00:00
1,taxi,weekday,2018-01-01 06:15:00+01:00,3.739164742313522,250,28,"['bev', 'icev']",0 days 00:08:00.749752584,934.7911855783805,0 days 00:31:13.030021923,0 days 01:00:00
2,goods,weekday,2018-01-01 07:00:00+01:00,9.969089559900933,300,22,"['bev', 'icev']",0 days 00:27:11.305564347,2990.7268679702797,0 days 00:31:40.297198317,0 days 01:00:00
3,goods,weekday,2018-01-01 07:15:00+01:00,6.5931955235727076,300,22,"['bev', 'icev']",0 days 00:17:58.886540221,1977.9586570718122,0 days 02:57:33.633307216,0 days 01:00:00
4,goods,weekday,2018-01-01 07:30:00+01:00,7.251760918711471,300,22,"['bev', 'icev']",0 days 00:19:46.651786698,2175.5282756134416,0 days 00:38:47.773313523,0 days 01:00:00
5,taxi,weekday,2018-01-01 10:15:00+01:00,4.5081040272748805,250,28,"['bev', 'icev']",0 days 00:09:39.613374936,1127.0260068187201,0 days 00:41:37.504732365,0 days 01:00:00
6,taxi,weekday,2018-01-01 10:15:00+01:00,6.070199897257799,250,28,"['bev', 'icev']",0 days 00:13:00.454272502,1517.5499743144499,0 days 00:33:44.264495329,0 days 01:00:00
7,taxi,weekday,2018-01-01 12:45:00+01:00,13.826815266047872,250,28,"['bev', 'icev']",0 days 00:29:37.733391348,3456.703816511968,0 days 00:39:26.394693674,0 days 01:00:00
8,taxi,weekday,2018-01-01 13:00:00+01:00,11.139395532333992,250,28,"['bev', 'icev']",0 days 00:23:52.207997013,2784.848883083498,0 days 00:32:26.080040619,0 days 01:00:00
9,taxi,weekday,2018-01-01 13:15:00+01:00,6.082087245831594,250,28,"['bev', 'icev']",0 days 00:13:01.982645893,1520.5218114578984,0 days 00:31:24.633855602,0 days 01:00:00
10,taxi,weekday,2018-01-01 13:30:00+01:00,3.1193548773272575,250,28,"['bev', 'icev']",0 days 00:06:41.059912798,779.8387193318143,0 days 02:35:23.136381808,0 days 01:00:00
11,taxi,weekday,2018-01-01 15:15:00+01:00,8.63291290086503,250,28,"['bev', 'icev']",0 days 00:18:29.945944396,2158.2282252162577,0 days 00:33:14.979968586,0 days 01:00:00
12,taxi,weekday,2018-01-01 17:45:00+01:00,8.130402634146677,250,28,"['bev', 'icev']",0 days 00:17:25.337481532,2032.6006585366692,0 days 01:19:29.067133278,0 days 01:00:00
13,goods,weekday,2018-01-02 05:00:00+01:00,6.029451739251568,300,22,"['bev', 'icev']",0 days 00:16:26.637557332,1808.8355217754704,0 days 00:59:30.580243965,0 days 01:00:00
14,taxi,weekday,2018-01-02 06:00:00+01:00,5.8327896225103775,250,28,"['bev', 'icev']",0 days 00:12:29.930094324,1458.1974056275944,0 days 00:31:12.705299137,0 days 01:00:00
15,goods,weekday,2018-01-02 06:00:00+01:00,5.598681301077935,300,22,"['bev', 'icev']",0 days 00:15:16.147849266,1679.6043903233806,0 days 01:06:02.867472363,0 days 01:00:00
16,goods,weekday,2018-01-02 06:45:00+01:00,5.199757466743858,300,22,"['bev', 'icev']",0 days 00:14:10.869403650,1559.9272400231573,0 days 00:30:08.998054048,0 days 01:00:00
17,taxi,weekday,2018-01-02 07:15:00+01:00,1.2260062447079099,250,28,"['bev', 'icev']",0 days 00:02:37.629374319,306.5015611769775,0 days 00:33:39.515052304,0 days 01:00:00
18,taxi,weekday,2018-01-02 09:30:00+01:00,7.059044588693728,250,28,"['bev', 'icev']",0 days 00:15:07.591447116,1764.761147173432,0 days 00:34:07.895439980,0 days 01:00:00
19,taxi,weekday,2018-01-02 10:30:00+01:00,3.2902099689712543,250,28,"['bev', 'icev']",0 days 00:07:03.026996011,822.5524922428135,0 days 00:57:52.521598040,0 days 01:00:00
20,taxi,weekday,2018-01-02 11:00:00+01:00,9.009217088247164,250,28,"['bev', 'icev']",0 days 00:19:18.327911347,2252.304272061791,0 days 01:13:39.606837661,0 days 01:00:00
21,taxi,weekday,2018-01-02 13:00:00+01:00,4.895526056344197,250,28,"['bev', 'icev']",0 days 00:10:29.424778672,1223.8815140860493,0 days 00:38:23.483161262,0 days 01:00:00
22,taxi,weekday,2018-01-02 13:15:00+01:00,3.742092168354033,250,28,"['bev', 'icev']",0 days 00:08:01.126135932,935.5230420885082,0 days 00:33:07.216956331,0 days 01:00:00
23,taxi,weekday,2018-01-02 14:30:00+01:00,5.02543179076452,250,28,"['bev', 'icev']",0 days 00:10:46.126944526,1256.35794769113,0 days 00:39:57.624061035,0 days 01:00:00
24,taxi,weekday,2018-01-02 15:30:00+01:00,5.085141077082388,250,28,"['bev', 'icev']",0 days 00:10:53.803852766,1271.285269270597,0 days 00:30:01.021837050,0 days 01:00:00
25,taxi,weekday,2018-01-02 16:00:00+01:00,4.338964410908779,250,28,"['bev', 'icev']",0 days 00:09:17.866852830,1084.7411027271946,0 days 00:31:38.699480622,0 days 01:00:00
26,goods,weekday,2018-01-03 03:00:00+01:00,5.118207749454628,300,22,"['bev', 'icev']",0 days 00:13:57.524904454,1535.4623248363885,0 days 00:30:04.701944599,0 days 01:00:00
27,taxi,weekday,2018-01-03 05:15:00+01:00,3.628096544271205,250,28,"['bev', 'icev']",0 days 00:07:46.469555691,907.0241360678014,0 days 00:39:59.895948250,0 days 01:00:00
28,goods,weekday,2018-01-03 05:45:00+01:00,3.5860015630045616,300,22,"['bev', 'icev']",0 days 00:09:46.800255765,1075.8004689013685,0 days 00:48:25.324869272,0 days 01:00:00
29,taxi,weekday,2018-01-03 08:15:00+01:00,3.1721252880155357,250,28,"['bev', 'icev']",0 days 00:06:47.844679888,793.0313220038839,0 days 00:33:28.357866460,0 days 01:00:00
30,goods,weekday,2018-01-03 08:45:00+01:00,3.052018856600668,300,22,"['bev', 'icev']",0 days 00:08:19.421267442,915.6056569802004,0 days 00:48:09.220014903,0 days 01:00:00
31,taxi,weekday,2018-01-03 11:00:00+01:00,10.702600731430422,250,28,"['bev', 'icev']",0 days 00:22:56.048665468,2675.6501828576056,0 days 00:38:28.365965851,0 days 01:00:00
32,taxi,weekday,2018-01-03 12:00:00+01:00,8.757827180050892,250,28,"['bev', 'icev']",0 days 00:18:46.006351722,2189.456795012723,0 days 00:42:46.742976608,0 days 01:00:00
33,taxi,weekday,2018-01-03 13:00:00+01:00,6.247249234544754,250,28,"['bev', 'icev']",0 days 00:13:23.217758727,1561.8123086361886,0 days 00:35:00.514097865,0 days 01:00:00
34,taxi,weekday,2018-01-03 13:15:00+01:00,7.17124980040306,250,28,"['bev', 'icev']",0 days 00:15:22.017831480,1792.8124501007649,0 days 00:33:55.752315015,0 days 01:00:00
35,taxi,weekday,2018-01-03 14:15:00+01:00,14.27016241513698,250,28,"['bev', 'icev']",0 days 00:30:34.735167658,3567.540603784245,0 days 00:55:51.313924855,0 days 01:00:00
36,goods,weekday,2018-01-04 02:00:00+01:00,22.17209522520099,300,22,"['bev', 'icev']",0 days 01:00:28.161036849,6651.628567560298,0 days 00:48:04.969045022,0 days 01:00:00
37,goods,weekday,2018-01-04 05:00:00+01:00,9.13935632567266,300,22,"['bev', 'icev']",0 days 00:24:55.531035111,2741.806897701798,0 days 00:30:28.952126499,0 days 01:00:00
38,taxi,weekday,2018-01-04 06:30:00+01:00,11.09309925985156,250,28,"['bev', 'icev']",0 days 00:23:46.255619122,2773.2748149628896,0 days 06:26:59.941504471,0 days 01:00:00
39,goods,weekday,2018-01-04 09:15:00+01:00,8.23182540865526,300,22,"['bev', 'icev']",0 days 00:22:27.025975963,2469.547622596578,0 days 00:41:48.701988495,0 days 01:00:00
40,taxi,weekday,2018-01-04 10:45:00+01:00,3.3651829462848295,250,28,"['bev', 'icev']",0 days 00:07:12.666378806,841.2957365712074,0 days 00:30:34.838795116,0 days 01:00:00
41,taxi,weekday,2018-01-04 11:15:00+01:00,4.41882782074648,250,28,"['bev', 'icev']",0 days 00:09:28.135005523,1104.70695518662,0 days 00:57:00.331984515,0 days 01:00:00
42,taxi,weekday,2018-01-04 11:45:00+01:00,7.804298555082716,250,28,"['bev', 'icev']",0 days 00:16:43.409814225,1951.074638770679,0 days 00:42:15.687215816,0 days 01:00:00
43,taxi,weekday,2018-01-04 12:15:00+01:00,4.8904004357066375,250,28,"['bev', 'icev']",0 days 00:10:28.765770304,1222.6001089266595,0 days 01:12:36.270814388,0 days 01:00:00
44,taxi,weekday,2018-01-04 12:30:00+01:00,16.23423200989455,250,28,"['bev', 'icev']",0 days 00:34:47.258401270,4058.5580024736378,0 days 00:30:55.156904701,0 days 01:00:00
45,taxi,weekday,2018-01-04 12:45:00+01:00,5.583023828226846,250,28,"['bev', 'icev']",0 days 00:11:57.817349343,1395.7559570567116,0 days 00:33:03.259364760,0 days 01:00:00
46,taxi,weekday,2018-01-04 13:00:00+01:00,8.08833585986267,250,28,"['bev', 'icev']",0 days 00:17:19.928896267,2022.0839649656677,0 days 00:31:54.872724918,0 days 01:00:00
47,taxi,weekday,2018-01-04 13:15:00+01:00,4.844880031218099,250,28,"['bev', 'icev']",0 days 00:10:22.913146869,1211.2200078045248,0 days 02:13:46.215438999,0 days 01:00:00
48,taxi,weekday,2018-01-04 13:45:00+01:00,7.999026640844278,250,28,"['bev', 'icev']",0 days 00:17:08.446282393,1999.7566602110694,0 days 00:30:05.684865879,0 days 01:00:00
49,taxi,weekday,2018-01-04 14:15:00+01:00,9.008036405271932,250,28,"['bev', 'icev']",0 days 00:19:18.176109250,2252.009101317983,0 days 01:51:16.330758181,0 days 01:00:00
50,taxi,weekday,2018-01-05 03:15:00+01:00,5.54329565830014,250,28,"['bev', 'icev']",0 days 00:11:52.709441780,1385.8239145750351,0 days 00:31:15.281994954,0 days 01:00:00
51,goods,weekday,2018-01-05 05:30:00+01:00,10.505252114479399,300,22,"['bev', 'icev']",0 days 00:28:39.041255096,3151.5756343438197,0 days 00:58:41.479669218,0 days 01:00:00
52,goods,weekday,2018-01-05 06:30:00+01:00,7.077739915862617,300,22,"['bev', 'icev']",0 days 00:19:18.175622595,2123.321974758785,0 days 00:34:42.798889138,0 days 01:00:00
53,taxi,weekday,2018-01-05 07:30:00+01:00,4.648553683378682,250,28,"['bev', 'icev']",0 days 00:09:57.671187861,1162.1384208446705,0 days 00:32:52.410293649,0 days 01:00:00
54,taxi,weekday,2018-01-05 11:30:00+01:00,4.353955499112896,250,28,"['bev', 'icev']",0 days 00:09:19.794278458,1088.488874778224,0 days 00:40:18.334107872,0 days 01:00:00
55,taxi,weekday,2018-01-05 11:45:00+01:00,4.893398963090939,250,28,"['bev', 'icev']",0 days 00:10:29.151295255,1223.3497407727348,0 days 00:48:23.253583726,0 days 01:00:00
56,taxi,weekday,2018-01-05 11:45:00+01:00,10.847883575488286,250,28,"['bev', 'icev']",0 days 00:23:14.727888276,2711.9708938720714,0 days 00:32:27.569133639,0 days 01:00:00
57,taxi,weekday,2018-01-05 12:30:00+01:00,3.2922295878530794,250,28,"['bev', 'icev']",0 days 00:07:03.286661296,823.0573969632699,0 days 00:52:12.931388248,0 days 01:00:00
58,taxi,weekday,2018-01-05 13:15:00+01:00,2.697496494792726,250,28,"['bev', 'icev']",0 days 00:05:46.820977900,674.3741236981815,0 days 01:12:48.009489627,0 days 01:00:00
59,taxi,weekday,2018-01-05 14:00:00+01:00,3.334181963694097,250,28,"['bev', 'icev']",0 days 00:07:08.680538190,833.5454909235243,0 days 00:46:39.080918258,0 days 01:00:00
60,goods,weekday,2018-01-05 14:45:00+01:00,4.415524520864666,300,22,"['bev', 'icev']",0 days 00:12:02.540376140,1324.6573562593996,0 days 00:32:23.459464528,0 days 01:00:00
61,taxi,weekday,2018-01-05 16:00:00+01:00,2.5812523949017367,250,28,"['bev', 'icev']",0 days 00:05:31.875307915,645.3130987254342,0 days 00:56:21.498461649,0 days 01:00:00
62,taxi,weekday,2018-01-05 16:30:00+01:00,6.55903277849562,250,28,"['bev', 'icev']",0 days 00:14:03.304214379,1639.758194623905,0 days 00:31:16.013439404,0 days 01:00:00
63,taxi,weekend,2018-01-06 09:30:00+01:00,9.948727454528953,300,28,"['bev', 'icev']",0 days 00:21:19.122101298,2984.618236358686,0 days 00:43:19.178661457,0 days 01:00:00
64,goods,weekend,2018-01-06 10:45:00+01:00,5.977875229505362,300,22,"['bev', 'icev']",0 days 00:16:18.197764827,1793.3625688516088,0 days 01:13:07.908031794,0 days 01:00:00
65,taxi,weekend,2018-01-06 12:00:00+01:00,4.795311012448161,300,28,"['bev', 'icev']",0 days 00:10:16.539987313,1438.5933037344482,0 days 00:36:03.863340669,0 days 01:00:00
66,taxi,weekend,2018-01-06 12:30:00+01:00,5.721697018380928,300,28,"['bev', 'icev']",0 days 00:12:15.646759506,1716.5091055142784,0 days 00:41:22.421966463,0 days 01:00:00
67,taxi,weekend,2018-01-06 13:00:00+01:00,8.373313117737714,300,28,"['bev', 'icev']",0 days 00:17:56.568829423,2511.9939353213144,0 days 01:00:56.809947780,0 days 01:00:00
68,taxi,weekend,2018-01-06 14:00:00+01:00,3.835321980184896,300,28,"['bev', 'icev']",0 days 00:08:13.112826025,1150.5965940554688,0 days 00:30:35.879810547,0 days 01:00:00
69,taxi,weekend,2018-01-06 14:30:00+01:00,2.223250914623053,300,28,"['bev', 'icev']",0 days 00:04:45.846546164,666.9752743869159,0 days 00:53:09.545413444,0 days 01:00:00
70,taxi,weekend,2018-01-06 15:30:00+01:00,7.1020315873068265,300,28,"['bev', 'icev']",0 days 00:15:13.118346939,2130.609476192048,0 days 00:31:41.664145713,0 days 01:00:00
71,taxi,weekend,2018-01-06 16:00:00+01:00,3.296088205545785,300,28,"['bev', 'icev']",0 days 00:07:03.782769283,988.8264616637355,0 days 01:18:54.175256740,0 days 01:00:00
72,taxi,weekend,2018-01-06 16:45:00+01:00,11.92732839594173,300,28,"['bev', 'icev']",0 days 00:25:33.513650907,3578.198518782519,0 days 00:32:42.146826961,0 days 01:00:00
73,goods,weekend,2018-01-07 06:30:00+01:00,5.14889247421727,300,22,"['bev', 'icev']",0 days 00:14:02.546041236,1544.667742265181,0 days 00:35:31.801286450,0 days 01:00:00
74,taxi,weekend,2018-01-07 09:00:00+01:00,12.16996370857455,300,28,"['bev', 'icev']",0 days 00:26:04.709619675,3650.989112572365,0 days 00:42:20.903338350,0 days 01:00:00
75,taxi,weekend,2018-01-07 09:00:00+01:00,7.065597974028666,300,28,"['bev', 'icev']",0 days 00:15:08.434025233,2119.6793922086,0 days 00:30:45.876287753,0 days 01:00:00
76,taxi,weekend,2018-01-07 09:15:00+01:00,4.951438622353323,300,28,"['bev', 'icev']",0 days 00:10:36.613537158,1485.431586705997,0 days 00:30:21.988290542,0 days 01:00:00
77,taxi,weekend,2018-01-07 11:45:00+01:00,8.25008596385377,300,28,"['bev', 'icev']",0 days 00:17:40.725338208,2475.025789156131,0 days 01:23:34.695756276,0 days 01:00:00
78,taxi,weekend,2018-01-07 14:00:00+01:00,4.410960930238085,300,28,"['bev', 'icev']",0 days 00:09:27.123548173,1323.2882790714254,0 days 00:30:06.795056581,0 days 01:00:00
79,taxi,weekend,2018-01-07 14:45:00+01:00,6.832895454193391,300,28,"['bev', 'icev']",0 days 00:14:38.515129825,2049.8686362580174,0 days 00:30:39.096047624,0 days 01:00:00
80,taxi,weekend,2018-01-07 14:45:00+01:00,5.152672781015731,300,28,"['bev', 'icev']",0 days 00:11:02.486500414,1545.8018343047193,0 days 00:43:33.391764753,0 days 01:00:00
81,taxi,weekend,2018-01-07 15:00:00+01:00,6.110582741388879,300,28,"['bev', 'icev']",0 days 00:13:05.646352465,1833.1748224166638,0 days 00:59:56.885814625,0 days 01:00:00
82,taxi,weekend,2018-01-07 15:15:00+01:00,4.770119581743471,300,28,"['bev', 'icev']",0 days 00:10:13.301089082,1431.0358745230415,0 days 01:58:58.730815790,0 days 01:00:00
83,taxi,weekend,2018-01-07 15:15:00+01:00,12.316360170185202,300,28,"['bev', 'icev']",0 days 00:26:23.532021880,3694.908051055561,0 days 00:35:27.131357976,0 days 01:00:00
84,taxi,weekend,2018-01-07 15:15:00+01:00,9.019734230514306,300,28,"['bev', 'icev']",0 days 00:19:19.680115353,2705.920269154292,0 days 00:40:18.562426716,0 days 01:00:00
85,taxi,weekend,2018-01-07 16:15:00+01:00,6.009332670635107,300,28,"['bev', 'icev']",0 days 00:12:52.628486223,1802.7998011905322,0 days 00:35:16.388180772,0 days 01:00:00
86,taxi,weekend,2018-01-07 18:00:00+01:00,11.524067644077693,300,28,"['bev', 'icev']",0 days 00:24:41.665839951,3457.220293223308,0 days 00:32:25.216976569,0 days 01:00:00
87,goods,weekday,2018-01-08 03:00:00+01:00,2.826095416341122,300,22,"['bev', 'icev']",0 days 00:07:42.451977219,847.8286249023366,0 days 01:41:27.254062197,0 days 01:00:00
88,goods,weekday,2018-01-08 05:30:00+01:00,4.492895372390605,300,22,"['bev', 'icev']",0 days 00:12:15.201060937,1347.8686117171817,0 days 00:39:12.576067812,0 days 01:00:00
89,taxi,weekday,2018-01-08 06:30:00+01:00,8.697512398473826,250,28,"['bev', 'icev']",0 days 00:18:38.251594090,2174.3780996184564,0 days 01:03:19.704170066,0 days 01:00:00
90,taxi,weekday,2018-01-08 07:15:00+01:00,2.0505851139673266,250,28,"['bev', 'icev']",0 days 00:04:23.646657511,512.6462784918316,0 days 01:50:09.024321001,0 days 01:00:00
91,taxi,weekday,2018-01-08 09:45:00+01:00,9.172876125286592,250,28,"['bev', 'icev']",0 days 00:19:39.369787536,2293.219031321648,0 days 00:30:20.703748399,0 days 01:00:00
92,taxi,weekday,2018-01-08 11:30:00+01:00,9.08214747539456,250,28,"['bev', 'icev']",0 days 00:19:27.704675409,2270.53686884864,0 days 00:37:50.290500882,0 days 01:00:00
93,taxi,weekday,2018-01-08 13:45:00+01:00,6.2060728395502975,250,28,"['bev', 'icev']",0 days 00:13:17.923650798,1551.5182098875744,0 days 00:49:50.501119926,0 days 01:00:00
94,taxi,weekday,2018-01-08 14:15:00+01:00,10.26987905742374,250,28,"['bev', 'icev']",0 days 00:22:00.413021668,2567.469764355935,0 days 02:17:57.711688983,0 days 01:00:00
95,taxi,weekday,2018-01-08 15:00:00+01:00,2.750726192254176,250,28,"['bev', 'icev']",0 days 00:05:53.664796147,687.681548063544,0 days 00:32:16.347735081,0 days 01:00:00
96,goods,weekday,2018-01-08 15:00:00+01:00,5.943512563829428,300,22,"['bev', 'icev']",0 days 00:16:12.574783171,1783.0537691488282,0 days 01:48:26.720586817,0 days 01:00:00
97,taxi,weekday,2018-01-08 15:30:00+01:00,4.795453936355666,250,28,"['bev', 'icev']",0 days 00:10:16.558363246,1198.8634840889165,0 days 00:31:15.960922874,0 days 01:00:00
98,goods,weekday,2018-01-09 04:30:00+01:00,7.8875407217432,300,22,"['bev', 'icev']",0 days 00:21:30.688481739,2366.26221652296,0 days 01:03:46.257877861,0 days 01:00:00
99,goods,weekday,2018-01-09 04:45:00+01:00,5.964957516040947,300,22,"['bev', 'icev']",0 days 00:16:16.083957169,1789.4872548122842,0 days 01:05:06.300474910,0 days 01:00:00
100,taxi,weekday,2018-01-09 06:15:00+01:00,5.167375655480736,250,28,"['bev', 'icev']",0 days 00:11:04.376869990,1291.843913870184,0 days 00:30:03.793208302,0 days 01:00:00
101,goods,weekday,2018-01-09 06:45:00+01:00,6.038460991502192,300,22,"['bev', 'icev']",0 days 00:16:28.111798610,1811.5382974506576,0 days 00:30:53.238016522,0 days 01:00:00
102,taxi,weekday,2018-01-09 08:00:00+01:00,3.8992406449475197,250,28,"['bev', 'icev']",0 days 00:08:21.330940063,974.8101612368799,0 days 00:31:43.487192010,0 days 01:00:00
103,taxi,weekday,2018-01-09 08:45:00+01:00,4.951935273887434,250,28,"['bev', 'icev']",0 days 00:10:36.677392356,1237.9838184718585,0 days 00:43:45.434591871,0 days 01:00:00
104,taxi,weekday,2018-01-09 10:00:00+01:00,14.421026922437866,250,28,"['bev', 'icev']",0 days 00:30:54.132032883,3605.2567306094666,0 days 01:59:59.719922995,0 days 01:00:00
105,taxi,weekday,2018-01-09 10:15:00+01:00,7.316542286191638,250,28,"['bev', 'icev']",0 days 00:15:40.698293940,1829.1355715479094,0 days 00:42:36.460201359,0 days 01:00:00
106,taxi,weekday,2018-01-09 12:00:00+01:00,3.697300580165469,250,28,"['bev', 'icev']",0 days 00:07:55.367217451,924.3251450413673,0 days 00:39:39.776281430,0 days 01:00:00
107,taxi,weekday,2018-01-09 12:15:00+01:00,2.3356641701610417,250,28,"['bev', 'icev']",0 days 00:05:00.299679021,583.9160425402604,0 days 00:37:46.788322796,0 days 01:00:00
108,taxi,weekday,2018-01-09 12:15:00+01:00,4.6811204675496265,250,28,"['bev', 'icev']",0 days 00:10:01.858345827,1170.2801168874066,0 days 00:59:31.320950917,0 days 01:00:00
109,taxi,weekday,2018-01-09 12:30:00+01:00,8.584645613974345,250,28,"['bev', 'icev']",0 days 00:18:23.740150366,2146.1614034935865,0 days 00:34:21.330533614,0 days 01:00:00
110,taxi,weekday,2018-01-09 13:30:00+01:00,4.818900380826803,250,28,"['bev', 'icev']",0 days 00:10:19.572906108,1204.7250952067009,0 days 00:47:54.805817529,0 days 01:00:00
111,taxi,weekday,2018-01-09 13:45:00+01:00,5.0971797212781995,250,28,"['bev', 'icev']",0 days 00:10:55.351678450,1274.2949303195498,0 days 02:41:06.461382451,0 days 01:00:00
112,taxi,weekday,2018-01-09 14:00:00+01:00,5.402264640902786,250,28,"['bev', 'icev']",0 days 00:11:34.576882400,1350.5661602256964,0 days 00:32:44.663874766,0 days 01:00:00
113,goods,weekday,2018-01-10 03:30:00+01:00,8.282597207713762,300,22,"['bev', 'icev']",0 days 00:22:35.334088536,2484.7791623141284,0 days 00:32:16.667530494,0 days 01:00:00
114,goods,weekday,2018-01-10 06:30:00+01:00,4.671858896190478,300,22,"['bev', 'icev']",0 days 00:12:44.486001194,1401.5576688571432,0 days 00:57:36.411814310,0 days 01:00:00
115,goods,weekday,2018-01-10 08:15:00+01:00,8.492669174250103,300,22,"['bev', 'icev']",0 days 00:23:09.709501239,2547.800752275031,0 days 00:42:32.878914008,0 days 01:00:00
116,goods,weekday,2018-01-10 08:45:00+01:00,4.161335334847355,300,22,"['bev', 'icev']",0 days 00:11:20.945782064,1248.4006004542066,0 days 00:45:10.533069752,0 days 01:00:00
117,taxi,weekday,2018-01-10 10:30:00+01:00,8.185183322145225,250,28,"['bev', 'icev']",0 days 00:17:32.380712847,2046.295830536306,0 days 00:40:32.349670330,0 days 01:00:00
118,taxi,weekday,2018-01-10 11:30:00+01:00,3.0453711446017158,250,28,"['bev', 'icev']",0 days 00:06:31.547718590,761.342786150429,0 days 00:40:17.817748269,0 days 01:00:00
119,taxi,weekday,2018-01-10 11:45:00+01:00,1.3653547631391878,250,28,"['bev', 'icev']",0 days 00:02:55.545612403,341.33869078479694,0 days 00:36:11.054890684,0 days 01:00:00
120,taxi,weekday,2018-01-10 13:15:00+01:00,2.5426630519038524,250,28,"['bev', 'icev']",0 days 00:05:26.913820959,635.6657629759632,0 days 00:39:04.401065854,0 days 01:00:00
121,taxi,weekday,2018-01-10 13:15:00+01:00,7.693236501765976,250,28,"['bev', 'icev']",0 days 00:16:29.130407371,1923.309125441494,0 days 00:38:27.599579131,0 days 01:00:00
122,taxi,weekday,2018-01-10 13:45:00+01:00,10.616367661176369,250,28,"['bev', 'icev']",0 days 00:22:44.961556436,2654.0919152940924,0 days 00:36:33.126275660,0 days 01:00:00
123,taxi,weekday,2018-01-10 14:00:00+01:00,5.067200481090442,250,28,"['bev', 'icev']",0 days 00:10:51.497204710,1266.8001202726105,0 days 00:30:30.281847537,0 days 01:00:00
124,taxi,weekday,2018-01-10 14:30:00+01:00,13.63356874256926,250,28,"['bev', 'icev']",0 days 00:29:12.887409757,3408.392185642315,0 days 01:01:51.072531204,0 days 01:00:00
125,goods,weekday,2018-01-11 04:00:00+01:00,5.641240231603018,300,22,"['bev', 'icev']",0 days 00:15:23.112037897,1692.3720694809056,0 days 00:31:50.813900522,0 days 01:00:00
126,goods,weekday,2018-01-11 05:30:00+01:00,5.805148875916245,300,22,"['bev', 'icev']",0 days 00:15:49.933452423,1741.5446627748736,0 days 00:33:56.390369907,0 days 01:00:00
127,goods,weekday,2018-01-11 05:30:00+01:00,4.034080780958499,300,22,"['bev', 'icev']",0 days 00:11:00.122309610,1210.2242342875497,0 days 00:40:26.874633460,0 days 01:00:00
128,taxi,weekday,2018-01-11 09:45:00+01:00,3.6559108297215035,250,28,"['bev', 'icev']",0 days 00:07:50.045678108,913.9777074303759,0 days 00:37:16.869347461,0 days 01:00:00
129,taxi,weekday,2018-01-11 10:15:00+01:00,10.458868941488388,250,28,"['bev', 'icev']",0 days 00:22:24.711721050,2614.717235372097,0 days 00:33:12.809461892,0 days 01:00:00
130,taxi,weekday,2018-01-11 11:00:00+01:00,15.126925366132511,250,28,"['bev', 'icev']",0 days 00:32:24.890404217,3781.7313415331278,0 days 00:31:00.019533709,0 days 01:00:00
131,taxi,weekday,2018-01-11 12:00:00+01:00,6.113285857688811,250,28,"['bev', 'icev']",0 days 00:13:05.993895990,1528.3214644222028,0 days 00:36:50.994712152,0 days 01:00:00
132,taxi,weekday,2018-01-11 12:15:00+01:00,8.223152847667718,250,28,"['bev', 'icev']",0 days 00:17:37.262508986,2055.7882119169294,0 days 01:03:18.988997097,0 days 01:00:00
133,taxi,weekday,2018-01-11 12:15:00+01:00,4.208102971875113,250,28,"['bev', 'icev']",0 days 00:09:01.041810670,1052.0257429687783,0 days 00:30:53.571266899,0 days 01:00:00
134,taxi,weekday,2018-01-11 12:30:00+01:00,7.706327269514613,250,28,"['bev', 'icev']",0 days 00:16:30.813506079,1926.5818173786533,0 days 02:08:06.586366135,0 days 01:00:00
135,goods,weekday,2018-01-12 04:30:00+01:00,7.5990301471406205,300,22,"['bev', 'icev']",0 days 00:20:43.477660442,2279.709044142186,0 days 00:53:05.010538131,0 days 01:00:00
136,goods,weekday,2018-01-12 05:15:00+01:00,5.2203545921004855,300,22,"['bev', 'icev']",0 days 00:14:14.239842342,1566.1063776301457,0 days 01:05:46.629193207,0 days 01:00:00
137,taxi,weekday,2018-01-12 07:00:00+01:00,12.437921772642559,250,28,"['bev', 'icev']",0 days 00:26:39.161370768,3109.48044316064,0 days 00:31:22.896248966,0 days 01:00:00
138,taxi,weekday,2018-01-12 08:00:00+01:00,3.8744821527142426,250,28,"['bev', 'icev']",0 days 00:08:18.147705349,968.6205381785607,0 days 00:36:18.936818557,0 days 01:00:00
139,taxi,weekday,2018-01-12 08:00:00+01:00,6.606639155629422,250,28,"['bev', 'icev']",0 days 00:14:09.425034294,1651.6597889073555,0 days 00:37:25.143142915,0 days 01:00:00
140,taxi,weekday,2018-01-12 08:45:00+01:00,3.9637039948314525,250,28,"['bev', 'icev']",0 days 00:08:29.619085048,990.9259987078632,0 days 03:17:51.935106224,0 days 01:00:00
141,taxi,weekday,2018-01-12 09:00:00+01:00,7.690278265624592,250,28,"['bev', 'icev']",0 days 00:16:28.750062723,1922.569566406148,0 days 01:00:12.321184777,0 days 01:00:00
142,taxi,weekday,2018-01-12 10:00:00+01:00,12.805213643727065,250,28,"['bev', 'icev']",0 days 00:27:26.384611338,3201.3034109317664,0 days 01:17:23.423415781,0 days 01:00:00
143,taxi,weekday,2018-01-12 13:00:00+01:00,4.588428789428131,250,28,"['bev', 'icev']",0 days 00:09:49.940844354,1147.1071973570329,0 days 01:42:13.200501574,0 days 01:00:00
144,taxi,weekday,2018-01-12 14:00:00+01:00,5.228318394124869,250,28,"['bev', 'icev']",0 days 00:11:12.212364958,1307.0795985312175,0 days 00:35:53.877859530,0 days 01:00:00
145,taxi,weekday,2018-01-12 15:00:00+01:00,3.5732966893758973,250,28,"['bev', 'icev']",0 days 00:07:39.423860061,893.3241723439743,0 days 00:34:01.616112206,0 days 01:00:00
146,goods,weekend,2018-01-13 05:00:00+01:00,10.431525959409072,300,22,"['bev', 'icev']",0 days 00:28:26.976975175,3129.4577878227215,0 days 00:30:28.604493381,0 days 01:00:00
147,taxi,weekend,2018-01-13 07:45:00+01:00,11.93550550658137,300,28,"['bev', 'icev']",0 days 00:25:34.564993701,3580.651651974411,0 days 00:39:24.557748202,0 days 01:00:00
148,taxi,weekend,2018-01-13 08:30:00+01:00,4.292023016194307,300,28,"['bev', 'icev']",0 days 00:09:11.831530654,1287.606904858292,0 days 00:33:56.605050356,0 days 01:00:00
149,taxi,weekend,2018-01-13 08:45:00+01:00,8.121072066620766,300,28,"['bev', 'icev']",0 days 00:17:24.137837138,2436.3216199862295,0 days 00:35:00.833325615,0 days 01:00:00
150,taxi,weekend,2018-01-13 11:45:00+01:00,5.072681254115749,300,28,"['bev', 'icev']",0 days 00:10:52.201875529,1521.8043762347247,0 days 00:30:39.903038622,0 days 01:00:00
151,taxi,weekend,2018-01-13 11:45:00+01:00,8.33249477220686,300,28,"['bev', 'icev']",0 days 00:17:51.320756425,2499.748431662058,0 days 01:50:41.871846624,0 days 01:00:00
152,taxi,weekend,2018-01-13 12:00:00+01:00,6.331173092143619,300,28,"['bev', 'icev']",0 days 00:13:34.007968988,1899.3519276430857,0 days 00:34:29.837732577,0 days 01:00:00
153,taxi,weekend,2018-01-13 12:45:00+01:00,7.870135581962528,300,28,"['bev', 'icev']",0 days 00:16:51.874574822,2361.0406745887585,0 days 00:55:05.153970817,0 days 01:00:00
154,taxi,weekend,2018-01-13 13:00:00+01:00,7.464088156114971,300,28,"['bev', 'icev']",0 days 00:15:59.668477214,2239.2264468344915,0 days 00:35:13.613384274,0 days 01:00:00
155,taxi,weekend,2018-01-13 13:00:00+01:00,4.562335050775973,300,28,"['bev', 'icev']",0 days 00:09:46.585935100,1368.7005152327918,0 days 00:31:22.216228010,0 days 01:00:00
156,taxi,weekend,2018-01-13 14:00:00+01:00,4.110188392404256,300,28,"['bev', 'icev']",0 days 00:08:48.452793309,1233.0565177212768,0 days 00:30:17.531210502,0 days 01:00:00
157,taxi,weekend,2018-01-13 14:30:00+01:00,11.738080864300615,300,28,"['bev', 'icev']",0 days 00:25:09.181825410,3521.4242592901846,0 days 00:32:26.856266665,0 days 01:00:00
158,taxi,weekend,2018-01-13 15:00:00+01:00,18.072476959625682,300,28,"['bev', 'icev']",0 days 00:38:43.604180523,5421.743087887705,0 days 01:46:19.387447896,0 days 01:00:00
159,taxi,weekend,2018-01-13 15:15:00+01:00,3.9883501225518256,300,28,"['bev', 'icev']",0 days 00:08:32.787872898,1196.5050367655476,0 days 01:04:22.465171808,0 days 01:00:00
160,taxi,weekend,2018-01-13 15:30:00+01:00,7.047310980999964,300,28,"['bev', 'icev']",0 days 00:15:06.082840414,2114.1932942999892,0 days 01:13:05.787032059,0 days 01:00:00
161,taxi,weekend,2018-01-13 15:45:00+01:00,5.8166909968923965,300,28,"['bev', 'icev']",0 days 00:12:27.860271030,1745.007299067719,0 days 00:42:28.502894354,0 days 01:00:00
162,taxi,weekend,2018-01-13 16:00:00+01:00,4.321378067923441,300,28,"['bev', 'icev']",0 days 00:09:15.605751589,1296.4134203770325,0 days 01:06:49.990664318,0 days 01:00:00
163,taxi,weekend,2018-01-13 16:00:00+01:00,3.3576494852583374,300,28,"['bev', 'icev']",0 days 00:07:11.697790962,1007.2948455775012,0 days 00:39:11.124220021,0 days 01:00:00
164,taxi,weekend,2018-01-14 08:15:00+01:00,4.303314745966439,300,28,"['bev', 'icev']",0 days 00:09:13.283324481,1290.9944237899317,0 days 00:30:12.697812500,0 days 01:00:00
165,taxi,weekend,2018-01-14 08:45:00+01:00,10.269281066707173,300,28,"['bev', 'icev']",0 days 00:22:00.336137149,3080.784320012152,0 days 01:39:14.244716253,0 days 01:00:00
166,taxi,weekend,2018-01-14 11:30:00+01:00,5.2553361982446845,300,28,"['bev', 'icev']",0 days 00:11:15.686082632,1576.6008594734053,0 days 01:00:22.793558310,0 days 01:00:00
167,taxi,weekend,2018-01-14 12:30:00+01:00,12.329042376666221,300,28,"['bev', 'icev']",0 days 00:26:25.162591286,3698.712712999866,0 days 01:10:59.848497109,0 days 01:00:00
168,taxi,weekend,2018-01-14 12:30:00+01:00,8.862762625387443,300,28,"['bev', 'icev']",0 days 00:18:59.498051835,2658.828787616233,0 days 00:45:27.115449832,0 days 01:00:00
169,taxi,weekend,2018-01-14 13:15:00+01:00,3.696624868953122,300,28,"['bev', 'icev']",0 days 00:07:55.280340292,1108.9874606859366,0 days 00:31:20.336672935,0 days 01:00:00
170,taxi,weekend,2018-01-14 13:45:00+01:00,15.540232265395439,300,28,"['bev', 'icev']",0 days 00:33:18.029862694,4662.069679618631,0 days 00:33:23.774273924,0 days 01:00:00
171,taxi,weekend,2018-01-14 14:15:00+01:00,9.541888908423061,300,28,"['bev', 'icev']",0 days 00:20:26.814288224,2862.5666725269184,0 days 00:30:26.097717682,0 days 01:00:00
172,taxi,weekend,2018-01-14 14:15:00+01:00,7.913655823863284,300,28,"['bev', 'icev']",0 days 00:16:57.470034496,2374.096747158985,0 days 00:44:06.478626746,0 days 01:00:00
173,taxi,weekend,2018-01-14 15:30:00+01:00,6.255616608127292,300,28,"['bev', 'icev']",0 days 00:13:24.293563903,1876.6849824381877,0 days 00:32:32.478887155,0 days 01:00:00
174,taxi,weekend,2018-01-14 15:30:00+01:00,3.1263205095649207,300,28,"['bev', 'icev']",0 days 00:06:41.955494086,937.8961528694762,0 days 00:36:38.552720756,0 days 01:00:00
175,goods,weekday,2018-01-15 04:45:00+01:00,2.700125088278945,300,22,"['bev', 'icev']",0 days 00:07:21.838650808,810.0375264836835,0 days 00:30:54.390511803,0 days 01:00:00
176,taxi,weekday,2018-01-15 10:15:00+01:00,14.225243370739662,250,28,"['bev', 'icev']",0 days 00:30:28.959861952,3556.3108426849153,0 days 00:30:02.923581772,0 days 01:00:00
177,taxi,weekday,2018-01-15 10:30:00+01:00,4.031354811437277,250,28,"['bev', 'icev']",0 days 00:08:38.317047183,1007.8387028593193,0 days 01:12:58.541502366,0 days 01:00:00
178,taxi,weekday,2018-01-15 11:15:00+01:00,10.740083821824623,250,28,"['bev', 'icev']",0 days 00:23:00.867919948,2685.0209554561557,0 days 00:32:44.916853412,0 days 01:00:00
179,taxi,weekday,2018-01-15 12:30:00+01:00,4.0064513329313085,250,28,"['bev', 'icev']",0 days 00:08:35.115171378,1001.6128332328271,0 days 00:47:36.013022426,0 days 01:00:00
180,taxi,weekday,2018-01-15 12:45:00+01:00,7.267787258340964,250,28,"['bev', 'icev']",0 days 00:15:34.429790358,1816.946814585241,0 days 00:31:57.973008525,0 days 01:00:00
181,taxi,weekday,2018-01-15 13:00:00+01:00,13.319072588589389,250,28,"['bev', 'icev']",0 days 00:28:32.452189960,3329.7681471473475,0 days 00:32:40.097925427,0 days 01:00:00
182,taxi,weekday,2018-01-15 13:00:00+01:00,6.842196350867421,250,28,"['bev', 'icev']",0 days 00:14:39.710959396,1710.5490877168552,0 days 00:39:32.034923046,0 days 01:00:00
183,taxi,weekday,2018-01-15 13:15:00+01:00,6.723278216942061,250,28,"['bev', 'icev']",0 days 00:14:24.421485037,1680.8195542355154,0 days 00:34:45.072424973,0 days 01:00:00
184,taxi,weekday,2018-01-15 13:15:00+01:00,2.821755098250833,250,28,"['bev', 'icev']",0 days 00:06:02.797084062,705.4387745627082,0 days 00:41:44.882176671,0 days 01:00:00
185,taxi,weekday,2018-01-15 13:30:00+01:00,9.867973995438247,250,28,"['bev', 'icev']",0 days 00:21:08.739513698,2466.9934988595614,0 days 00:32:13.304556160,0 days 01:00:00
186,goods,weekday,2018-01-16 06:15:00+01:00,4.8294922687794735,300,22,"['bev', 'icev']",0 days 00:13:10.280553074,1448.847680633842,0 days 00:33:30.507823846,0 days 01:00:00
187,goods,weekday,2018-01-16 07:30:00+01:00,5.425108763918531,300,22,"['bev', 'icev']",0 days 00:14:47.745070458,1627.5326291755594,0 days 00:32:11.768984728,0 days 01:00:00
188,taxi,weekday,2018-01-16 09:00:00+01:00,5.825266947169607,250,28,"['bev', 'icev']",0 days 00:12:28.962893206,1456.3167367924018,0 days 01:16:40.828428123,0 days 01:00:00
189,taxi,weekday,2018-01-16 10:15:00+01:00,11.131699495442671,250,28,"['bev', 'icev']",0 days 00:23:51.218506557,2782.924873860668,0 days 00:42:34.460227756,0 days 01:00:00
190,taxi,weekday,2018-01-16 11:30:00+01:00,3.239517183967735,250,28,"['bev', 'icev']",0 days 00:06:56.509352226,809.8792959919338,0 days 01:04:32.129643093,0 days 01:00:00
191,taxi,weekday,2018-01-16 11:30:00+01:00,8.33293393982249,250,28,"['bev', 'icev']",0 days 00:17:51.377220833,2083.2334849556228,0 days 01:00:36.472241574,0 days 01:00:00
192,taxi,weekday,2018-01-16 12:30:00+01:00,4.36997564866105,250,28,"['bev', 'icev']",0 days 00:09:21.854011971,1092.4939121652626,0 days 00:30:23.395279352,0 days 01:00:00
193,taxi,weekday,2018-01-16 12:30:00+01:00,4.256382614806307,250,28,"['bev', 'icev']",0 days 00:09:07.249193334,1064.0956537015766,0 days 01:11:23.465661111,0 days 01:00:00
194,taxi,weekday,2018-01-16 14:15:00+01:00,8.37277785352973,250,28,"['bev', 'icev']",0 days 00:17:56.500009738,2093.1944633824323,0 days 04:10:50.205737488,0 days 01:00:00
195,goods,weekday,2018-01-17 04:45:00+01:00,4.8501982360116855,300,22,"['bev', 'icev']",0 days 00:13:13.668802255,1455.0594708035057,0 days 00:35:16.983225344,0 days 01:00:00
196,goods,weekday,2018-01-17 04:45:00+01:00,6.250560929601824,300,22,"['bev', 'icev']",0 days 00:17:02.819061207,1875.1682788805472,0 days 00:39:50.368205847,0 days 01:00:00
197,goods,weekday,2018-01-17 05:15:00+01:00,6.020255613381232,300,22,"['bev', 'icev']",0 days 00:16:25.132736733,1806.0766840143694,0 days 00:35:15.132121339,0 days 01:00:00
198,taxi,weekday,2018-01-17 05:45:00+01:00,1.9005020667930193,250,28,"['bev', 'icev']",0 days 00:04:04.350265730,475.1255166982548,0 days 00:31:35.499421498,0 days 01:00:00
199,goods,weekday,2018-01-17 06:00:00+01:00,3.2078195175024242,300,22,"['bev', 'icev']",0 days 00:08:44.915921044,962.3458552507273,0 days 00:30:46.316694434,0 days 01:00:00
200,taxi,weekday,2018-01-17 06:45:00+01:00,6.073762018422591,250,28,"['bev', 'icev']",0 days 00:13:00.912259513,1518.4405046056477,0 days 00:31:47.503547565,0 days 01:00:00
201,taxi,weekday,2018-01-17 06:45:00+01:00,5.273924233134038,250,28,"['bev', 'icev']",0 days 00:11:18.075972832,1318.4810582835096,0 days 00:31:40.567737226,0 days 01:00:00
202,taxi,weekday,2018-01-17 08:15:00+01:00,7.164061971099116,250,28,"['bev', 'icev']",0 days 00:15:21.093681999,1791.015492774779,0 days 00:30:06.857704803,0 days 01:00:00
203,taxi,weekday,2018-01-17 08:30:00+01:00,10.927599693430748,250,28,"['bev', 'icev']",0 days 00:23:24.977103442,2731.899923357687,0 days 00:30:39.586709037,0 days 01:00:00
204,goods,weekday,2018-01-17 08:45:00+01:00,2.495336202291954,300,22,"['bev', 'icev']",0 days 00:06:48.327742191,748.6008606875862,0 days 00:31:21.433426100,0 days 01:00:00
205,taxi,weekday,2018-01-17 12:00:00+01:00,7.125163569616843,250,28,"['bev', 'icev']",0 days 00:15:16.092458949,1781.2908924042108,0 days 00:31:41.775964492,0 days 01:00:00
206,taxi,weekday,2018-01-17 13:15:00+01:00,3.2466387274339743,250,28,"['bev', 'icev']",0 days 00:06:57.424979242,811.6596818584936,0 days 00:32:55.532522464,0 days 01:00:00
207,goods,weekday,2018-01-17 13:30:00+01:00,8.156592576967462,300,22,"['bev', 'icev']",0 days 00:22:14.715148958,2446.9777730902388,0 days 00:30:04.328617834,0 days 01:00:00
208,taxi,weekday,2018-01-17 14:00:00+01:00,9.495556140285062,250,28,"['bev', 'icev']",0 days 00:20:20.857218036,2373.8890350712654,0 days 00:33:36.580546058,0 days 01:00:00
209,taxi,weekday,2018-01-17 14:15:00+01:00,12.918006571051148,250,28,"['bev', 'icev']",0 days 00:27:40.886559136,3229.501642762787,0 days 00:36:51.714164455,0 days 01:00:00
210,taxi,weekday,2018-01-17 15:30:00+01:00,3.8999373696887494,250,28,"['bev', 'icev']",0 days 00:08:21.420518960,974.9843424221873,0 days 00:30:23.499959274,0 days 01:00:00
211,goods,weekday,2018-01-18 04:00:00+01:00,3.3735625357463728,300,22,"['bev', 'icev']",0 days 00:09:12.037505850,1012.0687607239119,0 days 00:30:48.713344707,0 days 01:00:00
212,goods,weekday,2018-01-18 05:00:00+01:00,7.0282491305507095,300,22,"['bev', 'icev']",0 days 00:19:10.077130452,2108.4747391652127,0 days 00:30:13.151940361,0 days 01:00:00
213,goods,weekday,2018-01-18 05:45:00+01:00,13.180610252695995,300,22,"['bev', 'icev']",0 days 00:35:56.827132260,3954.1830758087985,0 days 00:49:13.727124037,0 days 01:00:00
214,taxi,weekday,2018-01-18 07:00:00+01:00,7.859523082280265,250,28,"['bev', 'icev']",0 days 00:16:50.510110580,1964.8807705700663,0 days 00:51:44.376809900,0 days 01:00:00
215,taxi,weekday,2018-01-18 08:15:00+01:00,5.923312043112004,250,28,"['bev', 'icev']",0 days 00:12:41.568691258,1480.828010778001,0 days 00:30:52.879498228,0 days 01:00:00
216,taxi,weekday,2018-01-18 08:15:00+01:00,6.363093224050571,250,28,"['bev', 'icev']",0 days 00:13:38.111985948,1590.7733060126427,0 days 00:30:24.690639067,0 days 01:00:00
217,taxi,weekday,2018-01-18 09:00:00+01:00,4.949526694704495,250,28,"['bev', 'icev']",0 days 00:10:36.367717890,1237.381673676124,0 days 00:42:18.979264173,0 days 01:00:00
218,taxi,weekday,2018-01-18 11:30:00+01:00,3.609841535198867,250,28,"['bev', 'icev']",0 days 00:07:44.122483095,902.4603837997167,0 days 00:30:04.920124410,0 days 01:00:00
219,taxi,weekday,2018-01-18 11:30:00+01:00,8.983003883246697,250,28,"['bev', 'icev']",0 days 00:19:14.957642132,2245.7509708116745,0 days 01:11:36.668505210,0 days 01:00:00
220,taxi,weekday,2018-01-18 14:00:00+01:00,9.401524191411049,250,28,"['bev', 'icev']",0 days 00:20:08.767396039,2350.381047852762,0 days 02:52:31.204813224,0 days 01:00:00
221,taxi,weekday,2018-01-18 14:00:00+01:00,4.639347703138019,250,28,"['bev', 'icev']",0 days 00:09:56.487561832,1159.8369257845047,0 days 00:50:06.761859345,0 days 01:00:00
222,goods,weekday,2018-01-18 14:15:00+01:00,2.350715190906615,300,22,"['bev', 'icev']",0 days 00:06:24.662485785,705.2145572719845,0 days 02:10:10.312259592,0 days 01:00:00
223,goods,weekday,2018-01-19 03:45:00+01:00,8.583231918080578,300,22,"['bev', 'icev']",0 days 00:23:24.528859321,2574.9695754241734,0 days 00:43:49.684989489,0 days 01:00:00
224,goods,weekday,2018-01-19 05:15:00+01:00,7.28305381874645,300,22,"['bev', 'icev']",0 days 00:19:51.772443067,2184.916145623935,0 days 01:14:05.786345158,0 days 01:00:00
225,goods,weekday,2018-01-19 05:15:00+01:00,4.4239558213722185,300,22,"['bev', 'icev']",0 days 00:12:03.920043495,1327.1867464116656,0 days 00:31:43.313893165,0 days 01:00:00
226,goods,weekday,2018-01-19 05:45:00+01:00,2.8525638572894247,300,22,"['bev', 'icev']",0 days 00:07:46.783176646,855.7691571868274,0 days 00:37:57.407621721,0 days 01:00:00
227,goods,weekday,2018-01-19 05:45:00+01:00,6.639242454873149,300,22,"['bev', 'icev']",0 days 00:18:06.421492616,1991.7727364619448,0 days 00:57:00.245030871,0 days 01:00:00
228,goods,weekday,2018-01-19 06:30:00+01:00,9.331692791515207,300,22,"['bev', 'icev']",0 days 00:25:27.004274976,2799.5078374545624,0 days 00:35:00.829199839,0 days 01:00:00
229,taxi,weekday,2018-01-19 07:30:00+01:00,6.0372925553437415,250,28,"['bev', 'icev']",0 days 00:12:56.223328543,1509.3231388359354,0 days 01:25:52.746515742,0 days 01:00:00
230,taxi,weekday,2018-01-19 09:00:00+01:00,7.89570925018939,250,28,"['bev', 'icev']",0 days 00:16:55.162617880,1973.9273125473476,0 days 01:24:10.402532352,0 days 01:00:00
231,taxi,weekday,2018-01-19 11:45:00+01:00,1.5736737077960676,250,28,"['bev', 'icev']",0 days 00:03:22.329476715,393.4184269490169,0 days 00:31:58.615071592,0 days 01:00:00
232,taxi,weekday,2018-01-19 12:15:00+01:00,8.922534484574765,250,28,"['bev', 'icev']",0 days 00:19:07.183005160,2230.633621143691,0 days 00:35:12.675748992,0 days 01:00:00
233,taxi,weekday,2018-01-19 12:45:00+01:00,6.863614904309519,250,28,"['bev', 'icev']",0 days 00:14:42.464773410,1715.9037260773798,0 days 00:34:14.112846822,0 days 01:00:00
234,taxi,weekday,2018-01-19 13:00:00+01:00,4.313989533424103,250,28,"['bev', 'icev']",0 days 00:09:14.655797154,1078.497383356026,0 days 00:30:05.492123715,0 days 01:00:00
235,goods,weekday,2018-01-19 17:30:00+01:00,4.452001126900121,300,22,"['bev', 'icev']",0 days 00:12:08.509275309,1335.6003380700363,0 days 00:56:59.765890545,0 days 01:00:00
236,taxi,weekend,2018-01-20 07:00:00+01:00,6.711727313218165,300,28,"['bev', 'icev']",0 days 00:14:22.936368843,2013.5181939654494,0 days 00:36:27.424408334,0 days 01:00:00
237,taxi,weekend,2018-01-20 10:15:00+01:00,3.9964324704870213,300,28,"['bev', 'icev']",0 days 00:08:33.827031920,1198.9297411461064,0 days 01:10:18.505154182,0 days 01:00:00
238,taxi,weekend,2018-01-20 11:15:00+01:00,11.348588046789093,300,28,"['bev', 'icev']",0 days 00:24:19.104177445,3404.576414036728,0 days 00:56:42.033139051,0 days 01:00:00
239,taxi,weekend,2018-01-20 12:15:00+01:00,5.629395090148122,300,28,"['bev', 'icev']",0 days 00:12:03.779368732,1688.8185270444365,0 days 00:33:41.237637966,0 days 01:00:00
240,taxi,weekend,2018-01-21 07:30:00+01:00,13.68570780449178,300,28,"['bev', 'icev']",0 days 00:29:19.591003435,4105.712341347534,0 days 00:41:36.868830428,0 days 01:00:00
241,taxi,weekend,2018-01-21 08:45:00+01:00,2.9072699524143215,300,28,"['bev', 'icev']",0 days 00:06:13.791851024,872.1809857242964,0 days 00:33:05.805199749,0 days 01:00:00
242,taxi,weekend,2018-01-21 09:00:00+01:00,15.594354612307846,300,28,"['bev', 'icev']",0 days 00:33:24.988450154,4678.306383692354,0 days 00:45:39.144739914,0 days 01:00:00
243,taxi,weekend,2018-01-21 11:15:00+01:00,2.4394251904135804,300,28,"['bev', 'icev']",0 days 00:05:13.640381624,731.8275571240741,0 days 01:26:02.060526825,0 days 01:00:00
244,taxi,weekend,2018-01-21 12:30:00+01:00,5.149087006345523,300,28,"['bev', 'icev']",0 days 00:11:02.025472243,1544.7261019036569,0 days 00:33:47.329630527,0 days 01:00:00
245,taxi,weekend,2018-01-21 12:30:00+01:00,13.089451010837912,300,28,"['bev', 'icev']",0 days 00:28:02.929415678,3926.8353032513737,0 days 00:32:02.954186775,0 days 01:00:00
246,taxi,weekend,2018-01-21 13:00:00+01:00,6.034942877989845,300,28,"['bev', 'icev']",0 days 00:12:55.921227170,1810.4828633969537,0 days 01:45:40.636664866,0 days 01:00:00
247,taxi,weekend,2018-01-21 13:15:00+01:00,8.489827919693488,300,28,"['bev', 'icev']",0 days 00:18:11.549303960,2546.9483759080463,0 days 00:30:14.187699622,0 days 01:00:00
248,taxi,weekend,2018-01-21 13:30:00+01:00,3.2972319061435478,300,28,"['bev', 'icev']",0 days 00:07:03.929816503,989.1695718430643,0 days 00:30:34.859537690,0 days 01:00:00
249,taxi,weekend,2018-01-21 13:45:00+01:00,4.97996944314841,300,28,"['bev', 'icev']",0 days 00:10:40.281785547,1493.990832944523,0 days 01:07:35.019454580,0 days 01:00:00
250,taxi,weekend,2018-01-21 14:15:00+01:00,8.642606437013363,300,28,"['bev', 'icev']",0 days 00:18:31.192256188,2592.781931104009,0 days 01:22:09.869035713,0 days 01:00:00
251,taxi,weekend,2018-01-21 15:00:00+01:00,10.126521472631673,300,28,"['bev', 'icev']",0 days 00:21:41.981332194,3037.9564417895017,0 days 00:30:09.390577658,0 days 01:00:00
252,taxi,weekday,2018-01-22 05:00:00+01:00,4.515049354996816,250,28,"['bev', 'icev']",0 days 00:09:40.506345640,1128.762338749204,0 days 00:31:11.513475685,0 days 01:00:00
253,taxi,weekday,2018-01-22 07:15:00+01:00,13.517657690966624,250,28,"['bev', 'icev']",0 days 00:28:57.984560266,3379.414422741656,0 days 02:12:26.084907622,0 days 01:00:00
254,taxi,weekday,2018-01-22 10:00:00+01:00,4.847270387770384,250,28,"['bev', 'icev']",0 days 00:10:23.220478426,1211.8175969425959,0 days 03:49:03.939660699,0 days 01:00:00
255,taxi,weekday,2018-01-22 11:00:00+01:00,7.980393016261697,250,28,"['bev', 'icev']",0 days 00:17:06.050530662,1995.0982540654243,0 days 01:03:05.250996878,0 days 01:00:00
256,taxi,weekday,2018-01-22 11:45:00+01:00,6.949550560502623,250,28,"['bev', 'icev']",0 days 00:14:53.513643494,1737.387640125656,0 days 00:58:43.140378370,0 days 01:00:00
257,taxi,weekday,2018-01-22 12:15:00+01:00,11.889670987374794,250,28,"['bev', 'icev']",0 days 00:25:28.671984091,2972.4177468436988,0 days 00:30:07.126993378,0 days 01:00:00
258,taxi,weekday,2018-01-22 12:30:00+01:00,6.693775327486059,250,28,"['bev', 'icev']",0 days 00:14:20.628256390,1673.4438318715147,0 days 01:15:23.394268335,0 days 01:00:00
259,taxi,weekday,2018-01-22 13:00:00+01:00,9.923349882656591,250,28,"['bev', 'icev']",0 days 00:21:15.859270627,2480.837470664148,0 days 00:56:32.176982738,0 days 01:00:00
260,taxi,weekday,2018-01-22 13:15:00+01:00,5.299169773400245,250,28,"['bev', 'icev']",0 days 00:11:21.321828009,1324.7924433500614,0 days 00:47:33.004395999,0 days 01:00:00
261,taxi,weekday,2018-01-22 14:15:00+01:00,9.93521713020879,250,28,"['bev', 'icev']",0 days 00:21:17.385059599,2483.8042825521975,0 days 01:04:39.376394162,0 days 01:00:00
262,taxi,weekday,2018-01-22 15:30:00+01:00,4.4703622982755915,250,28,"['bev', 'icev']",0 days 00:09:34.760866921,1117.5905745688979,0 days 00:47:58.960985370,0 days 01:00:00
263,taxi,weekday,2018-01-22 17:15:00+01:00,4.325202297074809,250,28,"['bev', 'icev']",0 days 00:09:16.097438196,1081.3005742687023,0 days 00:36:01.797250636,0 days 01:00:00
264,goods,weekday,2018-01-22 17:15:00+01:00,2.7730310591478786,300,22,"['bev', 'icev']",0 days 00:07:33.768718770,831.9093177443635,0 days 00:31:33.745821758,0 days 01:00:00
265,taxi,weekday,2018-01-23 07:45:00+01:00,3.897381932612197,250,28,"['bev', 'icev']",0 days 00:08:21.091962764,974.3454831530493,0 days 00:36:30.973164620,0 days 01:00:00
266,taxi,weekday,2018-01-23 08:00:00+01:00,5.294434177047947,250,28,"['bev', 'icev']",0 days 00:11:20.712965622,1323.6085442619867,0 days 00:39:51.016370673,0 days 01:00:00
267,taxi,weekday,2018-01-23 12:00:00+01:00,10.187762362941136,250,28,"['bev', 'icev']",0 days 00:21:49.855160948,2546.940590735284,0 days 00:31:21.726340356,0 days 01:00:00
268,taxi,weekday,2018-01-23 12:00:00+01:00,4.994762992211586,250,28,"['bev', 'icev']",0 days 00:10:42.183813284,1248.6907480528967,0 days 01:32:08.651664121,0 days 01:00:00
269,taxi,weekday,2018-01-23 15:00:00+01:00,5.7443022330597895,250,28,"['bev', 'icev']",0 days 00:12:18.553144251,1436.0755582649474,0 days 00:33:51.798222464,0 days 01:00:00
270,taxi,weekday,2018-01-23 15:30:00+01:00,4.070181690858055,250,28,"['bev', 'icev']",0 days 00:08:43.309074537,1017.5454227145137,0 days 00:31:29.437560613,0 days 01:00:00
271,goods,weekday,2018-01-24 05:00:00+01:00,5.73094362814365,300,22,"['bev', 'icev']",0 days 00:15:37.790775514,1719.283088443095,0 days 00:52:41.467619614,0 days 01:00:00
272,goods,weekday,2018-01-24 05:15:00+01:00,6.54514144748852,300,22,"['bev', 'icev']",0 days 00:17:51.023145951,1963.542434246556,0 days 00:56:07.896008295,0 days 01:00:00
273,taxi,weekday,2018-01-24 06:30:00+01:00,6.932716801424224,250,28,"['bev', 'icev']",0 days 00:14:51.349303039,1733.179200356056,0 days 03:06:24.524861580,0 days 01:00:00
274,goods,weekday,2018-01-24 06:45:00+01:00,3.933537201929368,300,22,"['bev', 'icev']",0 days 00:10:43.669723951,1180.0611605788104,0 days 00:31:32.797842556,0 days 01:00:00
275,taxi,weekday,2018-01-24 08:30:00+01:00,4.462085733513196,250,28,"['bev', 'icev']",0 days 00:09:33.696737164,1115.521433378299,0 days 00:41:48.207736060,0 days 01:00:00
276,taxi,weekday,2018-01-24 08:45:00+01:00,10.245888181900876,250,28,"['bev', 'icev']",0 days 00:21:57.328480530,2561.4720454752187,0 days 01:39:01.912387669,0 days 01:00:00
277,taxi,weekday,2018-01-24 10:00:00+01:00,5.66638943551284,250,28,"['bev', 'icev']",0 days 00:12:08.535784564,1416.59735887821,0 days 01:00:36.050481554,0 days 01:00:00
278,taxi,weekday,2018-01-24 14:00:00+01:00,8.177183846179615,250,28,"['bev', 'icev']",0 days 00:17:31.352208795,2044.2959615449038,0 days 01:02:26.925499885,0 days 01:00:00
279,taxi,weekday,2018-01-24 14:15:00+01:00,4.558197560082992,250,28,"['bev', 'icev']",0 days 00:09:46.053972010,1139.549390020748,0 days 00:36:37.011702520,0 days 01:00:00
280,taxi,weekday,2018-01-24 15:00:00+01:00,12.374591076310017,250,28,"['bev', 'icev']",0 days 00:26:31.018852669,3093.647769077504,0 days 01:37:15.642810865,0 days 01:00:00
281,taxi,weekday,2018-01-24 15:00:00+01:00,5.772974561013049,250,28,"['bev', 'icev']",0 days 00:12:22.239586414,1443.2436402532621,0 days 01:27:50.899563014,0 days 01:00:00
282,taxi,weekday,2018-01-25 05:45:00+01:00,4.9447576013489,250,28,"['bev', 'icev']",0 days 00:10:35.754548743,1236.189400337225,0 days 00:31:45.539520898,0 days 01:00:00
283,taxi,weekday,2018-01-25 06:00:00+01:00,7.327366871006016,250,28,"['bev', 'icev']",0 days 00:15:42.090026273,1831.8417177515041,0 days 01:37:43.742728624,0 days 01:00:00
284,taxi,weekday,2018-01-25 07:15:00+01:00,6.0253015099427545,250,28,"['bev', 'icev']",0 days 00:12:54.681622707,1506.3253774856887,0 days 00:30:26.325700797,0 days 01:00:00
285,taxi,weekday,2018-01-25 09:00:00+01:00,5.354156803753355,250,28,"['bev', 'icev']",0 days 00:11:28.391589052,1338.5392009383388,0 days 00:36:46.879911133,0 days 01:00:00
286,taxi,weekday,2018-01-25 09:00:00+01:00,3.592167260060206,250,28,"['bev', 'icev']",0 days 00:07:41.850076292,898.0418150150515,0 days 00:31:56.442818431,0 days 01:00:00
287,taxi,weekday,2018-01-25 09:00:00+01:00,3.202848010049267,250,28,"['bev', 'icev']",0 days 00:06:51.794744148,800.7120025123168,0 days 00:30:12.701771380,0 days 01:00:00
288,taxi,weekday,2018-01-25 11:45:00+01:00,5.872192258853871,250,28,"['bev', 'icev']",0 days 00:12:34.996147567,1468.0480647134677,0 days 02:49:05.125339178,0 days 01:00:00
289,taxi,weekday,2018-01-25 12:45:00+01:00,2.822578816990895,250,28,"['bev', 'icev']",0 days 00:06:02.902990755,705.6447042477238,0 days 01:10:27.081019678,0 days 01:00:00
290,taxi,weekday,2018-01-25 13:30:00+01:00,6.8524613688535565,250,28,"['bev', 'icev']",0 days 00:14:41.030747422,1713.115342213389,0 days 01:20:10.632133665,0 days 01:00:00
291,taxi,weekday,2018-01-25 13:45:00+01:00,7.665450730388687,250,28,"['bev', 'icev']",0 days 00:16:25.557951050,1916.362682597172,0 days 01:16:53.088455586,0 days 01:00:00
292,taxi,weekday,2018-01-25 14:00:00+01:00,5.0354473599256275,250,28,"['bev', 'icev']",0 days 00:10:47.414660563,1258.8618399814068,0 days 00:30:48.573921146,0 days 01:00:00
293,taxi,weekday,2018-01-25 15:30:00+01:00,7.59095059895551,250,28,"['bev', 'icev']",0 days 00:16:15.979362722,1897.7376497388775,0 days 00:44:41.506946404,0 days 01:00:00
294,goods,weekday,2018-01-26 05:30:00+01:00,4.869359234509187,300,22,"['bev', 'icev']",0 days 00:13:16.804238376,1460.8077703527563,0 days 01:10:04.664004924,0 days 01:00:00
295,taxi,weekday,2018-01-26 05:30:00+01:00,5.770983877676555,250,28,"['bev', 'icev']",0 days 00:12:21.983641416,1442.7459694191386,0 days 01:34:11.334423090,0 days 01:00:00
296,taxi,weekday,2018-01-26 06:30:00+01:00,4.507851070164582,250,28,"['bev', 'icev']",0 days 00:09:39.580851877,1126.9627675411455,0 days 00:31:50.177275266,0 days 01:00:00
297,taxi,weekday,2018-01-26 06:45:00+01:00,5.10302559122066,250,28,"['bev', 'icev']",0 days 00:10:56.103290299,1275.7563978051649,0 days 00:45:14.721677031,0 days 01:00:00
298,taxi,weekday,2018-01-26 08:45:00+01:00,4.0128846304489265,250,28,"['bev', 'icev']",0 days 00:08:35.942309628,1003.2211576122317,0 days 00:30:52.944471194,0 days 01:00:00
299,taxi,weekday,2018-01-26 12:15:00+01:00,7.390737259957103,250,28,"['bev', 'icev']",0 days 00:15:50.237647707,1847.6843149892757,0 days 01:57:49.667206449,0 days 01:00:00
300,taxi,weekday,2018-01-26 13:45:00+01:00,9.6788459161663,250,28,"['bev', 'icev']",0 days 00:20:44.423046366,2419.711479041575,0 days 00:31:04.628303364,0 days 01:00:00
301,taxi,weekday,2018-01-26 13:45:00+01:00,7.822155330704072,250,28,"['bev', 'icev']",0 days 00:16:45.705685375,1955.5388326760178,0 days 00:32:40.723477400,0 days 01:00:00
302,taxi,weekday,2018-01-26 13:45:00+01:00,7.4092923373320385,250,28,"['bev', 'icev']",0 days 00:15:52.623300513,1852.3230843330095,0 days 00:49:33.340769464,0 days 01:00:00
303,taxi,weekday,2018-01-26 14:00:00+01:00,5.034091918964752,250,28,"['bev', 'icev']",0 days 00:10:47.240389581,1258.522979741188,0 days 00:30:33.257688127,0 days 01:00:00
304,taxi,weekday,2018-01-26 14:15:00+01:00,7.996427114038669,250,28,"['bev', 'icev']",0 days 00:17:08.112057518,1999.1067785096673,0 days 00:30:01.734230149,0 days 01:00:00
305,taxi,weekday,2018-01-26 15:00:00+01:00,8.549504243692262,250,28,"['bev', 'icev']",0 days 00:18:19.221974190,2137.3760609230653,0 days 00:39:01.578097112,0 days 01:00:00
306,taxi,weekend,2018-01-27 08:00:00+01:00,5.2148990206737,300,28,"['bev', 'icev']",0 days 00:11:10.487016942,1564.46970620211,0 days 00:32:45.999921350,0 days 01:00:00
307,taxi,weekend,2018-01-27 08:15:00+01:00,6.130133227201447,300,28,"['bev', 'icev']",0 days 00:13:08.159986354,1839.039968160434,0 days 00:38:11.773757806,0 days 01:00:00
308,taxi,weekend,2018-01-27 09:45:00+01:00,11.874153065490875,300,28,"['bev', 'icev']",0 days 00:25:26.676822705,3562.2459196472623,0 days 00:32:36.203177958,0 days 01:00:00
309,taxi,weekend,2018-01-27 10:15:00+01:00,6.565562225847093,300,28,"['bev', 'icev']",0 days 00:14:04.143714752,1969.668667754128,0 days 00:34:06.923263749,0 days 01:00:00
310,taxi,weekend,2018-01-27 11:00:00+01:00,8.80118597913081,300,28,"['bev', 'icev']",0 days 00:18:51.581054458,2640.355793739243,0 days 00:30:36.809088019,0 days 01:00:00
311,taxi,weekend,2018-01-27 12:15:00+01:00,5.88192276384733,300,28,"['bev', 'icev']",0 days 00:12:36.247212493,1764.576829154199,0 days 00:31:50.535013252,0 days 01:00:00
312,taxi,weekend,2018-01-27 12:30:00+01:00,5.511959604248115,300,28,"['bev', 'icev']",0 days 00:11:48.680520547,1653.5878812744345,0 days 00:58:00.343931023,0 days 01:00:00
313,taxi,weekend,2018-01-27 13:00:00+01:00,3.40518125930505,300,28,"['bev', 'icev']",0 days 00:07:17.809019054,1021.554377791515,0 days 00:32:47.326380781,0 days 01:00:00
314,taxi,weekend,2018-01-27 13:30:00+01:00,10.715267388366502,300,28,"['bev', 'icev']",0 days 00:22:57.677235646,3214.580216509951,0 days 00:30:05.554520848,0 days 01:00:00
315,taxi,weekend,2018-01-27 14:30:00+01:00,6.253317568562766,300,28,"['bev', 'icev']",0 days 00:13:23.997973101,1875.9952705688297,0 days 00:39:11.108447085,0 days 01:00:00
316,taxi,weekend,2018-01-27 15:00:00+01:00,3.047410557144369,300,28,"['bev', 'icev']",0 days 00:06:31.809928777,914.2231671433107,0 days 00:52:45.701267199,0 days 01:00:00
317,taxi,weekend,2018-01-27 16:30:00+01:00,3.6900741845487057,300,28,"['bev', 'icev']",0 days 00:07:54.438109442,1107.0222553646117,0 days 01:02:24.062777192,0 days 01:00:00
318,taxi,weekend,2018-01-27 17:15:00+01:00,5.672776515983328,300,28,"['bev', 'icev']",0 days 00:12:09.356980626,1701.8329547949984,0 days 07:45:08.883686188,0 days 01:00:00
319,taxi,weekend,2018-01-27 17:15:00+01:00,5.984073466392264,300,28,"['bev', 'icev']",0 days 00:12:49.380874250,1795.2220399176792,0 days 00:34:34.639778989,0 days 01:00:00
320,taxi,weekend,2018-01-27 17:45:00+01:00,20.48938509292009,300,28,"['bev', 'icev']",0 days 00:43:54.349511948,6146.815527876028,0 days 00:30:29.094637050,0 days 01:00:00
321,goods,weekend,2018-01-28 07:45:00+01:00,1.9180152568621869,300,22,"['bev', 'icev']",0 days 00:05:13.857042033,575.4045770586561,0 days 00:41:20.904099406,0 days 01:00:00
322,taxi,weekend,2018-01-28 07:45:00+01:00,6.0551127157026015,300,28,"['bev', 'icev']",0 days 00:12:58.514492019,1816.5338147107805,0 days 00:52:11.015911149,0 days 01:00:00
323,taxi,weekend,2018-01-28 08:30:00+01:00,3.8046272933048777,300,28,"['bev', 'icev']",0 days 00:08:09.166366280,1141.3881879914634,0 days 00:44:29.439219400,0 days 01:00:00
324,taxi,weekend,2018-01-28 11:30:00+01:00,5.647134922112957,300,28,"['bev', 'icev']",0 days 00:12:06.060204270,1694.1404766338871,0 days 01:14:58.496218382,0 days 01:00:00
325,taxi,weekend,2018-01-28 12:15:00+01:00,9.187242853105392,300,28,"['bev', 'icev']",0 days 00:19:41.216938255,2756.1728559316175,0 days 04:15:01.546977052,0 days 01:00:00
326,taxi,weekend,2018-01-28 12:15:00+01:00,8.600508478636282,300,28,"['bev', 'icev']",0 days 00:18:25.779661538,2580.1525435908848,0 days 00:33:02.004307977,0 days 01:00:00
327,taxi,weekend,2018-01-28 12:30:00+01:00,11.205068913279286,300,28,"['bev', 'icev']",0 days 00:24:00.651717421,3361.520673983786,0 days 01:55:07.068259092,0 days 01:00:00
328,taxi,weekend,2018-01-28 14:45:00+01:00,7.057892653444185,300,28,"['bev', 'icev']",0 days 00:15:07.443341157,2117.367796033255,0 days 01:19:29.500502876,0 days 01:00:00
329,taxi,weekend,2018-01-28 15:15:00+01:00,3.4611745649143684,300,28,"['bev', 'icev']",0 days 00:07:25.008158344,1038.3523694743105,0 days 00:30:48.974972752,0 days 01:00:00
330,goods,weekday,2018-01-29 03:45:00+01:00,6.182461224050402,300,22,"['bev', 'icev']",0 days 00:16:51.675473028,1854.7383672151207,0 days 01:29:11.903778160,0 days 01:00:00
331,goods,weekday,2018-01-29 05:15:00+01:00,6.944047032737374,300,22,"['bev', 'icev']",0 days 00:18:56.298605356,2083.2141098212123,0 days 01:07:16.383818719,0 days 01:00:00
332,taxi,weekday,2018-01-29 06:45:00+01:00,17.780733103442877,250,28,"['bev', 'icev']",0 days 00:38:06.094256157,4445.183275860719,0 days 02:26:39.538313948,0 days 01:00:00
333,taxi,weekday,2018-01-29 07:45:00+01:00,8.400647731127481,250,28,"['bev', 'icev']",0 days 00:18:00.083279718,2100.1619327818703,0 days 00:40:51.152997450,0 days 01:00:00
334,taxi,weekday,2018-01-29 12:15:00+01:00,2.799579871868483,250,28,"['bev', 'icev']",0 days 00:05:59.945983526,699.8949679671207,0 days 00:57:04.589456932,0 days 01:00:00
335,taxi,weekday,2018-01-29 13:45:00+01:00,10.520986203741648,250,28,"['bev', 'icev']",0 days 00:22:32.698226193,2630.246550935412,0 days 00:57:46.774329775,0 days 01:00:00
336,taxi,weekday,2018-01-29 13:45:00+01:00,9.501301119360116,250,28,"['bev', 'icev']",0 days 00:20:21.595858202,2375.325279840029,0 days 00:43:33.116616663,0 days 01:00:00
337,goods,weekday,2018-01-29 14:00:00+01:00,6.26597133138646,300,22,"['bev', 'icev']",0 days 00:17:05.340763316,1879.791399415938,0 days 00:30:26.255546532,0 days 01:00:00
338,taxi,weekday,2018-01-29 14:15:00+01:00,7.69302198885003,250,28,"['bev', 'icev']",0 days 00:16:29.102827137,1923.2554972125076,0 days 01:54:54.731283310,0 days 01:00:00
339,taxi,weekday,2018-01-29 14:15:00+01:00,9.022570307042654,250,28,"['bev', 'icev']",0 days 00:19:20.044753762,2255.642576760664,0 days 01:30:16.308343314,0 days 01:00:00
340,taxi,weekday,2018-01-29 16:30:00+01:00,4.9200016032393545,250,28,"['bev', 'icev']",0 days 00:10:32.571634702,1230.0004008098385,0 days 00:30:09.023373057,0 days 01:00:00
341,goods,weekday,2018-01-30 06:00:00+01:00,9.218281078007779,300,22,"['bev', 'icev']",0 days 00:25:08.445994582,2765.4843234023338,0 days 00:32:38.084790771,0 days 01:00:00
342,goods,weekday,2018-01-30 06:45:00+01:00,15.042278464940606,300,22,"['bev', 'icev']",0 days 00:41:01.463748810,4512.683539482182,0 days 02:50:51.859760334,0 days 01:00:00
343,taxi,weekday,2018-01-30 08:15:00+01:00,6.603692408914304,250,28,"['bev', 'icev']",0 days 00:14:09.046166859,1650.923102228576,0 days 00:49:15.465348166,0 days 01:00:00
344,taxi,weekday,2018-01-30 10:15:00+01:00,2.451034358209656,250,28,"['bev', 'icev']",0 days 00:05:15.132988914,612.758589552414,0 days 00:30:24.100144448,0 days 01:00:00
345,taxi,weekday,2018-01-30 10:45:00+01:00,2.9499356309988376,250,28,"['bev', 'icev']",0 days 00:06:19.277438270,737.4839077497094,0 days 00:30:01.231357366,0 days 01:00:00
346,taxi,weekday,2018-01-30 11:30:00+01:00,3.711700496237538,250,28,"['bev', 'icev']",0 days 00:07:57.218635228,927.9251240593845,0 days 00:45:44.591780232,0 days 01:00:00
347,taxi,weekday,2018-01-30 11:30:00+01:00,5.774481781061136,250,28,"['bev', 'icev']",0 days 00:12:22.433371851,1443.6204452652842,0 days 00:39:23.672110878,0 days 01:00:00
348,taxi,weekday,2018-01-30 12:00:00+01:00,4.32429036026636,250,28,"['bev', 'icev']",0 days 00:09:15.980189176,1081.07259006659,1 days 19:45:03.857594076,0 days 01:00:00
349,taxi,weekday,2018-01-30 12:15:00+01:00,5.838234218428713,250,28,"['bev', 'icev']",0 days 00:12:30.630113798,1459.5585546071784,0 days 01:42:58.169449512,0 days 01:00:00
350,taxi,weekday,2018-01-30 12:30:00+01:00,6.031642702770663,250,28,"['bev', 'icev']",0 days 00:12:55.496918926,1507.9106756926658,0 days 00:58:32.495742706,0 days 01:00:00
351,taxi,weekday,2018-01-30 13:00:00+01:00,13.903147067399276,250,28,"['bev', 'icev']",0 days 00:29:47.547480094,3475.786766849819,0 days 00:38:25.283344606,0 days 01:00:00
352,taxi,weekday,2018-01-30 15:45:00+01:00,4.487100543500765,250,28,"['bev', 'icev']",0 days 00:09:36.912927020,1121.7751358751914,0 days 00:31:05.334268915,0 days 01:00:00
353,taxi,weekday,2018-01-31 07:30:00+01:00,9.96991066035496,250,28,"['bev', 'icev']",0 days 00:21:21.845656332,2492.47766508874,0 days 04:30:41.940918889,0 days 01:00:00
354,taxi,weekday,2018-01-31 07:45:00+01:00,4.4833293886577685,250,28,"['bev', 'icev']",0 days 00:09:36.428064256,1120.8323471644421,0 days 09:21:37.950208225,0 days 01:00:00
355,taxi,weekday,2018-01-31 08:30:00+01:00,14.58590900475813,250,28,"['bev', 'icev']",0 days 00:31:15.331157756,3646.4772511895326,0 days 00:44:07.778279360,0 days 01:00:00
356,taxi,weekday,2018-01-31 08:30:00+01:00,8.531807024894333,250,28,"['bev', 'icev']",0 days 00:18:16.946617485,2132.9517562235833,0 days 03:37:27.480741164,0 days 01:00:00
357,taxi,weekday,2018-01-31 10:45:00+01:00,5.6625969312837015,250,28,"['bev', 'icev']",0 days 00:12:08.048176880,1415.6492328209254,0 days 01:07:22.214055658,0 days 01:00:00
358,taxi,weekday,2018-01-31 11:30:00+01:00,3.920115893162571,250,28,"['bev', 'icev']",0 days 00:08:24.014900551,980.0289732906427,0 days 01:09:05.787212986,0 days 01:00:00
359,taxi,weekday,2018-01-31 13:30:00+01:00,7.851602687981222,250,28,"['bev', 'icev']",0 days 00:16:49.491774170,1962.9006719953054,0 days 00:32:16.108450792,0 days 01:00:00
360,taxi,weekday,2018-01-31 14:30:00+01:00,4.899572402377861,250,28,"['bev', 'icev']",0 days 00:10:29.945023161,1224.8931005944653,0 days 01:07:35.231425136,0 days 01:00:00
361,taxi,weekday,2018-01-31 14:45:00+01:00,5.879357571834109,250,28,"['bev', 'icev']",0 days 00:12:35.917402093,1469.8393929585272,0 days 00:31:47.311952851,0 days 01:00:00
362,taxi,weekday,2018-01-31 15:00:00+01:00,4.385734744813206,250,28,"['bev', 'icev']",0 days 00:09:23.880181474,1096.4336862033015,0 days 01:17:55.619988802,0 days 01:00:00
363,taxi,weekday,2018-02-01 07:30:00+01:00,8.940876718202823,250,28,"['bev', 'icev']",0 days 00:19:09.541292340,2235.2191795507056,0 days 00:45:33.182879284,0 days 01:00:00
364,taxi,weekday,2018-02-01 08:00:00+01:00,3.4623255302583487,250,28,"['bev', 'icev']",0 days 00:07:25.156139606,865.5813825645872,0 days 00:31:38.256170779,0 days 01:00:00
365,taxi,weekday,2018-02-01 09:00:00+01:00,4.328827710430331,250,28,"['bev', 'icev']",0 days 00:09:16.563562768,1082.2069276075827,0 days 00:38:07.949476521,0 days 01:00:00
366,taxi,weekday,2018-02-01 09:15:00+01:00,11.318436336658124,250,28,"['bev', 'icev']",0 days 00:24:15.227528997,2829.609084164531,0 days 01:15:02.807333467,0 days 01:00:00
367,taxi,weekday,2018-02-01 12:00:00+01:00,1.761883924573304,250,28,"['bev', 'icev']",0 days 00:03:46.527933160,440.470981143326,0 days 00:30:20.099161879,0 days 01:00:00
368,taxi,weekday,2018-02-01 12:00:00+01:00,9.072907040392025,250,28,"['bev', 'icev']",0 days 00:19:26.516619480,2268.2267600980063,0 days 00:30:30.301679980,0 days 01:00:00
369,taxi,weekday,2018-02-01 12:00:00+01:00,5.517842507011362,250,28,"['bev', 'icev']",0 days 00:11:49.436893759,1379.4606267528404,0 days 00:32:28.144718592,0 days 01:00:00
370,taxi,weekday,2018-02-01 12:45:00+01:00,5.792418961758004,250,28,"['bev', 'icev']",0 days 00:12:24.739580797,1448.104740439501,0 days 00:31:14.041027124,0 days 01:00:00
371,taxi,weekday,2018-02-01 13:00:00+01:00,9.095588106565309,250,28,"['bev', 'icev']",0 days 00:19:29.432756557,2273.897026641327,0 days 00:31:46.742263485,0 days 01:00:00
372,taxi,weekday,2018-02-01 13:30:00+01:00,7.129880165216274,250,28,"['bev', 'icev']",0 days 00:15:16.698878384,1782.4700413040687,0 days 00:35:18.456492282,0 days 01:00:00
373,taxi,weekday,2018-02-01 15:30:00+01:00,13.816249563160815,250,28,"['bev', 'icev']",0 days 00:29:36.374943836,3454.0623907902036,0 days 00:30:26.919668923,0 days 01:00:00
374,taxi,weekday,2018-02-01 16:00:00+01:00,4.110786164231491,250,28,"['bev', 'icev']",0 days 00:08:48.529649687,1027.6965410578728,0 days 00:38:04.423066782,0 days 01:00:00
375,taxi,weekday,2018-02-01 16:15:00+01:00,12.170487829568366,250,28,"['bev', 'icev']",0 days 00:26:04.777006657,3042.621957392091,0 days 01:48:33.644166519,0 days 01:00:00
376,goods,weekday,2018-02-02 05:45:00+01:00,4.814743883480295,300,22,"['bev', 'icev']",0 days 00:13:07.867180934,1444.4231650440886,0 days 00:30:04.211714818,0 days 01:00:00
377,goods,weekday,2018-02-02 06:45:00+01:00,6.826800417856,300,22,"['bev', 'icev']",0 days 00:18:37.112795650,2048.0401253568,0 days 00:30:12.802381585,0 days 01:00:00
378,taxi,weekday,2018-02-02 08:30:00+01:00,5.374031131996181,250,28,"['bev', 'icev']",0 days 00:11:30.946859829,1343.5077829990453,0 days 03:24:54.970670984,0 days 01:00:00
379,taxi,weekday,2018-02-02 12:45:00+01:00,3.311573381935787,250,28,"['bev', 'icev']",0 days 00:07:05.773720533,827.8933454839467,0 days 00:31:01.585561076,0 days 01:00:00
380,taxi,weekday,2018-02-02 13:15:00+01:00,3.6959085476975475,250,28,"['bev', 'icev']",0 days 00:07:55.188241845,923.9771369243869,0 days 00:33:37.205653805,0 days 01:00:00
381,taxi,weekday,2018-02-02 13:30:00+01:00,5.9001629568272,250,28,"['bev', 'icev']",0 days 00:12:38.592380163,1475.0407392067998,0 days 00:42:14.093610753,0 days 01:00:00
382,taxi,weekday,2018-02-02 14:15:00+01:00,7.153565639728451,250,28,"['bev', 'icev']",0 days 00:15:19.744153678,1788.3914099321128,0 days 00:31:06.291972861,0 days 01:00:00
383,taxi,weekday,2018-02-02 14:15:00+01:00,5.292650620568752,250,28,"['bev', 'icev']",0 days 00:11:20.483651216,1323.162655142188,0 days 00:31:49.162906207,0 days 01:00:00
384,taxi,weekday,2018-02-02 14:45:00+01:00,7.995275351617477,250,28,"['bev', 'icev']",0 days 00:17:07.963973779,1998.8188379043693,0 days 00:47:18.230199543,0 days 01:00:00
385,taxi,weekday,2018-02-02 15:15:00+01:00,5.663177854461295,250,28,"['bev', 'icev']",0 days 00:12:08.122867002,1415.7944636153236,0 days 00:30:59.079953631,0 days 01:00:00
386,taxi,weekday,2018-02-02 15:30:00+01:00,8.667024827597107,250,28,"['bev', 'icev']",0 days 00:18:34.331763549,2166.7562068992765,0 days 00:30:00.554413647,0 days 01:00:00
387,goods,weekday,2018-02-02 17:00:00+01:00,5.035460736423613,300,22,"['bev', 'icev']",0 days 00:13:43.984484140,1510.638220927084,0 days 00:52:30.250679682,0 days 01:00:00
388,taxi,weekend,2018-02-03 11:00:00+01:00,2.9741725384362185,300,28,"['bev', 'icev']",0 days 00:06:22.393612083,892.2517615308656,0 days 00:33:06.477281874,0 days 01:00:00
389,taxi,weekend,2018-02-03 11:45:00+01:00,3.105031524465743,300,28,"['bev', 'icev']",0 days 00:06:39.218338861,931.509457339723,0 days 00:33:34.928579678,0 days 01:00:00
390,taxi,weekend,2018-02-03 12:15:00+01:00,8.151862045486775,300,28,"['bev', 'icev']",0 days 00:17:28.096548705,2445.5586136460324,0 days 00:45:11.625300687,0 days 01:00:00
391,taxi,weekend,2018-02-03 12:45:00+01:00,6.803212587592942,300,28,"['bev', 'icev']",0 days 00:14:34.698761260,2040.9637762778825,0 days 00:32:56.785459657,0 days 01:00:00
392,taxi,weekend,2018-02-03 14:45:00+01:00,6.956187920052457,300,28,"['bev', 'icev']",0 days 00:14:54.367018292,2086.856376015737,0 days 00:57:11.727143823,0 days 01:00:00
393,taxi,weekend,2018-02-03 14:45:00+01:00,4.567904119111534,300,28,"['bev', 'icev']",0 days 00:09:47.301958170,1370.3712357334603,0 days 01:30:47.103466269,0 days 01:00:00
394,taxi,weekend,2018-02-03 15:30:00+01:00,7.094952307625302,300,28,"['bev', 'icev']",0 days 00:15:12.208153838,2128.4856922875906,0 days 01:24:19.352414937,0 days 01:00:00
395,taxi,weekend,2018-02-03 15:30:00+01:00,5.0726187531624936,300,28,"['bev', 'icev']",0 days 00:10:52.193839692,1521.785625948748,0 days 00:55:43.887838231,0 days 01:00:00
396,taxi,weekend,2018-02-04 08:30:00+01:00,7.017108885381302,300,28,"['bev', 'icev']",0 days 00:15:02.199713835,2105.1326656143906,0 days 00:35:27.853137934,0 days 01:00:00
397,taxi,weekend,2018-02-04 10:15:00+01:00,8.936383603438081,300,28,"['bev', 'icev']",0 days 00:19:08.963606157,2680.9150810314245,0 days 00:31:09.278478451,0 days 01:00:00
398,taxi,weekend,2018-02-04 11:30:00+01:00,5.521879640621675,300,28,"['bev', 'icev']",0 days 00:11:49.955953794,1656.5638921865025,0 days 01:08:37.693090752,0 days 01:00:00
399,taxi,weekend,2018-02-04 12:30:00+01:00,5.6219110476790775,300,28,"['bev', 'icev']",0 days 00:12:02.817134701,1686.5733143037232,0 days 00:31:45.374909915,0 days 01:00:00
400,taxi,weekend,2018-02-04 12:45:00+01:00,4.058082686102332,300,28,"['bev', 'icev']",0 days 00:08:41.753488214,1217.4248058306996,0 days 00:50:04.924244490,0 days 01:00:00
401,taxi,weekend,2018-02-04 12:45:00+01:00,9.416659815619546,300,28,"['bev', 'icev']",0 days 00:20:10.713404864,2824.997944685864,0 days 00:32:26.807865403,0 days 01:00:00
402,taxi,weekend,2018-02-04 13:15:00+01:00,5.6086921875815525,300,28,"['bev', 'icev']",0 days 00:12:01.117566975,1682.6076562744659,0 days 01:45:52.092314395,0 days 01:00:00
403,taxi,weekend,2018-02-04 14:00:00+01:00,2.808612256443022,300,28,"['bev', 'icev']",0 days 00:06:01.107290113,842.5836769329067,0 days 01:14:40.449191053,0 days 01:00:00
404,taxi,weekend,2018-02-04 14:15:00+01:00,11.98530221200379,300,28,"['bev', 'icev']",0 days 00:25:40.967427259,3595.590663601137,0 days 01:04:05.838946849,0 days 01:00:00
405,taxi,weekend,2018-02-04 14:30:00+01:00,3.3679863241525774,300,28,"['bev', 'icev']",0 days 00:07:13.026813106,1010.3958972457732,0 days 03:30:53.136817988,0 days 01:00:00
406,taxi,weekend,2018-02-04 15:00:00+01:00,7.571929009784219,300,28,"['bev', 'icev']",0 days 00:16:13.533729830,2271.5787029352655,0 days 01:21:20.193569823,0 days 01:00:00
407,taxi,weekend,2018-02-04 15:45:00+01:00,5.5300313363670135,300,28,"['bev', 'icev']",0 days 00:11:51.004028961,1659.009400910104,0 days 00:44:09.349155283,0 days 01:00:00
408,taxi,weekend,2018-02-04 16:30:00+01:00,12.328412202747279,300,28,"['bev', 'icev']",0 days 00:26:25.081568923,3698.5236608241835,0 days 00:46:21.558825112,0 days 01:00:00
409,taxi,weekend,2018-02-04 16:45:00+01:00,8.801704937065796,300,28,"['bev', 'icev']",0 days 00:18:51.647777622,2640.511481119739,0 days 00:41:18.839983477,0 days 01:00:00
410,taxi,weekend,2018-02-04 17:45:00+01:00,12.066434992819914,300,28,"['bev', 'icev']",0 days 00:25:51.398784789,3619.9304978459745,0 days 00:42:18.857845551,0 days 01:00:00
411,taxi,weekday,2018-02-05 06:45:00+01:00,9.405003037741627,250,28,"['bev', 'icev']",0 days 00:20:09.214676282,2351.250759435407,0 days 00:44:01.752066146,0 days 01:00:00
412,goods,weekday,2018-02-05 06:45:00+01:00,9.77392235206011,300,22,"['bev', 'icev']",0 days 00:26:39.369112155,2932.176705618033,0 days 00:35:26.692265839,0 days 01:00:00
413,taxi,weekday,2018-02-05 09:00:00+01:00,3.954046189356464,250,28,"['bev', 'icev']",0 days 00:08:28.377367202,988.511547339116,0 days 00:44:22.372834063,0 days 01:00:00
414,taxi,weekday,2018-02-05 09:00:00+01:00,7.476283706484351,250,28,"['bev', 'icev']",0 days 00:16:01.236476546,1869.0709266210877,0 days 03:38:36.318378570,0 days 01:00:00
415,taxi,weekday,2018-02-05 11:00:00+01:00,2.5346656348194347,250,28,"['bev', 'icev']",0 days 00:05:25.885581619,633.6664087048587,0 days 00:30:41.706953841,0 days 01:00:00
416,taxi,weekday,2018-02-05 11:30:00+01:00,5.578173063118465,250,28,"['bev', 'icev']",0 days 00:11:57.193679544,1394.5432657796161,0 days 00:39:32.244951222,0 days 01:00:00
417,taxi,weekday,2018-02-05 12:45:00+01:00,7.714531556734355,250,28,"['bev', 'icev']",0 days 00:16:31.868343008,1928.6328891835888,0 days 00:31:50.839261629,0 days 01:00:00
418,taxi,weekday,2018-02-05 14:15:00+01:00,8.731603110127242,250,28,"['bev', 'icev']",0 days 00:18:42.634685588,2182.9007775318105,0 days 08:36:46.975215139,0 days 01:00:00
419,goods,weekday,2018-02-05 15:00:00+01:00,4.626542991515556,300,22,"['bev', 'icev']",0 days 00:12:37.070671338,1387.9628974546667,0 days 00:41:14.335900753,0 days 01:00:00
420,goods,weekday,2018-02-05 15:15:00+01:00,6.6609289752499246,300,22,"['bev', 'icev']",0 days 00:18:09.970195950,1998.2786925749774,0 days 00:55:22.711612724,0 days 01:00:00
421,goods,weekday,2018-02-05 16:00:00+01:00,3.2464429375545434,300,22,"['bev', 'icev']",0 days 00:08:51.236117055,973.932881266363,0 days 00:30:14.289710133,0 days 01:00:00
422,taxi,weekday,2018-02-06 07:00:00+01:00,6.284629623149634,250,28,"['bev', 'icev']",0 days 00:13:28.023808692,1571.1574057874084,0 days 00:41:47.190285747,0 days 01:00:00
423,goods,weekday,2018-02-06 07:15:00+01:00,10.565041291849152,300,22,"['bev', 'icev']",0 days 00:28:48.824938668,3169.5123875547456,0 days 00:31:10.704881244,0 days 01:00:00
424,taxi,weekday,2018-02-06 09:00:00+01:00,16.167807127388645,250,28,"['bev', 'icev']",0 days 00:34:38.718059235,4041.9517818471613,0 days 01:49:18.717750692,0 days 01:00:00
425,taxi,weekday,2018-02-06 10:45:00+01:00,4.231792758152303,250,28,"['bev', 'icev']",0 days 00:09:04.087640332,1057.948189538076,0 days 00:46:12.629551987,0 days 01:00:00
426,taxi,weekday,2018-02-06 12:00:00+01:00,4.632579087380976,250,28,"['bev', 'icev']",0 days 00:09:55.617311235,1158.144771845244,0 days 02:24:15.783787634,0 days 01:00:00
427,taxi,weekday,2018-02-06 12:00:00+01:00,5.743675191460268,250,28,"['bev', 'icev']",0 days 00:12:18.472524616,1435.9187978650668,0 days 00:41:44.875803591,0 days 01:00:00
428,taxi,weekday,2018-02-06 12:00:00+01:00,8.600709581843525,250,28,"['bev', 'icev']",0 days 00:18:25.805517667,2150.177395460881,0 days 00:37:53.475576322,0 days 01:00:00
429,taxi,weekday,2018-02-06 12:15:00+01:00,7.644903373277235,250,28,"['bev', 'icev']",0 days 00:16:22.916147991,1911.2258433193088,0 days 00:49:58.115370680,0 days 01:00:00
430,taxi,weekday,2018-02-06 12:30:00+01:00,8.118198137395227,250,28,"['bev', 'icev']",0 days 00:17:23.768331950,2029.549534348807,0 days 00:36:54.016341742,0 days 01:00:00
431,taxi,weekday,2018-02-06 12:30:00+01:00,8.718858403257277,250,28,"['bev', 'icev']",0 days 00:18:40.996080417,2179.7146008143195,0 days 01:13:47.688918880,0 days 01:00:00
432,taxi,weekday,2018-02-06 14:00:00+01:00,6.628683347148661,250,28,"['bev', 'icev']",0 days 00:14:12.259287492,1657.1708367871652,0 days 00:37:54.080806087,0 days 01:00:00
433,taxi,weekday,2018-02-06 14:30:00+01:00,6.152244949185953,250,28,"['bev', 'icev']",0 days 00:13:11.002922036,1538.0612372964883,0 days 00:37:25.249200844,0 days 01:00:00
434,taxi,weekday,2018-02-06 14:45:00+01:00,3.740460404646684,250,28,"['bev', 'icev']",0 days 00:08:00.916337741,935.115101161671,0 days 00:33:58.927110109,0 days 01:00:00
435,taxi,weekday,2018-02-06 14:45:00+01:00,8.246437916998124,250,28,"['bev', 'icev']",0 days 00:17:40.256303614,2061.609479249531,0 days 01:25:46.516762362,0 days 01:00:00
436,taxi,weekday,2018-02-06 15:00:00+01:00,4.881508783666978,250,28,"['bev', 'icev']",0 days 00:10:27.622557901,1220.3771959167445,0 days 00:30:06.634039737,0 days 01:00:00
437,goods,weekday,2018-02-06 15:30:00+01:00,3.1824838183853874,300,22,"['bev', 'icev']",0 days 00:08:40.770079371,954.7451455156162,0 days 00:39:33.416896514,0 days 01:00:00
438,goods,weekday,2018-02-06 16:45:00+01:00,4.399346704999232,300,22,"['bev', 'icev']",0 days 00:11:59.893097182,1319.8040114997696,0 days 00:30:50.399524130,0 days 01:00:00
439,goods,weekday,2018-02-06 18:00:00+01:00,6.409146664595872,300,22,"['bev', 'icev']",0 days 00:17:28.769454207,1922.7439993787616,0 days 03:13:36.903489049,0 days 01:00:00
440,taxi,weekday,2018-02-07 06:15:00+01:00,6.490994636511367,250,28,"['bev', 'icev']",0 days 00:13:54.556453264,1622.7486591278416,0 days 00:34:04.639563854,0 days 01:00:00
441,taxi,weekday,2018-02-07 06:30:00+01:00,9.21932289233608,250,28,"['bev', 'icev']",0 days 00:19:45.341514728,2304.83072308402,0 days 00:50:31.401282159,0 days 01:00:00
442,goods,weekday,2018-02-07 06:30:00+01:00,13.12146973894814,300,22,"['bev', 'icev']",0 days 00:35:47.149593644,3936.440921684442,0 days 01:08:37.715750124,0 days 01:00:00
443,taxi,weekday,2018-02-07 06:45:00+01:00,6.746126410652695,250,28,"['bev', 'icev']",0 days 00:14:27.359109942,1686.5316026631738,0 days 01:25:03.406101042,0 days 01:00:00
444,goods,weekday,2018-02-07 07:15:00+01:00,7.0396277135924725,300,22,"['bev', 'icev']",0 days 00:19:11.939080407,2111.8883140777416,0 days 01:55:59.645051803,0 days 01:00:00
445,taxi,weekday,2018-02-07 09:15:00+01:00,5.670366869032678,250,28,"['bev', 'icev']",0 days 00:12:09.047168874,1417.5917172581696,0 days 00:30:19.084994117,0 days 01:00:00
446,taxi,weekday,2018-02-07 10:00:00+01:00,7.7688292540501624,250,28,"['bev', 'icev']",0 days 00:16:38.849475522,1942.2073135125406,0 days 00:38:21.010966821,0 days 01:00:00
447,taxi,weekday,2018-02-07 13:15:00+01:00,7.70294749320046,250,28,"['bev', 'icev']",0 days 00:16:30.378963410,1925.736873300115,0 days 02:44:21.821216967,0 days 01:00:00
448,taxi,weekday,2018-02-07 13:15:00+01:00,4.785900834972744,250,28,"['bev', 'icev']",0 days 00:10:15.330107352,1196.475208743186,0 days 00:30:51.468563901,0 days 01:00:00
449,goods,weekday,2018-02-07 15:15:00+01:00,5.7952669789343565,300,22,"['bev', 'icev']",0 days 00:15:48.316414733,1738.5800936803068,0 days 00:30:20.980323500,0 days 01:00:00
450,taxi,weekday,2018-02-07 15:30:00+01:00,3.7362971909632265,250,28,"['bev', 'icev']",0 days 00:08:00.381067411,934.0742977408066,0 days 00:30:22.823833625,0 days 01:00:00
451,goods,weekday,2018-02-08 03:45:00+01:00,14.031646995326142,300,22,"['bev', 'icev']",0 days 00:38:16.087690143,4209.494098597843,0 days 02:55:19.664789034,0 days 01:00:00
452,goods,weekday,2018-02-08 05:00:00+01:00,10.786871874847511,300,22,"['bev', 'icev']",0 days 00:29:25.124488612,3236.0615624542534,0 days 00:33:58.581880822,0 days 01:00:00
453,taxi,weekday,2018-02-08 07:00:00+01:00,2.581387095178199,250,28,"['bev', 'icev']",0 days 00:05:31.892626521,645.3467737945498,0 days 01:03:25.678646118,0 days 01:00:00
454,goods,weekday,2018-02-08 07:00:00+01:00,5.860393420624598,300,22,"['bev', 'icev']",0 days 00:15:58.973468828,1758.1180261873792,0 days 01:14:11.667740424,0 days 01:00:00
455,taxi,weekday,2018-02-08 07:45:00+01:00,14.864755926865765,250,28,"['bev', 'icev']",0 days 00:31:51.182904882,3716.1889817164415,0 days 00:30:06.366684909,0 days 01:00:00
456,taxi,weekday,2018-02-08 08:30:00+01:00,14.890404925967909,250,28,"['bev', 'icev']",0 days 00:31:54.480633337,3722.601231491977,0 days 00:46:38.784753037,0 days 01:00:00
457,taxi,weekday,2018-02-08 09:15:00+01:00,11.454929125454198,250,28,"['bev', 'icev']",0 days 00:24:32.776601842,2863.7322813635496,0 days 00:44:04.155348264,0 days 01:00:00
458,taxi,weekday,2018-02-08 10:15:00+01:00,16.604747239982153,250,28,"['bev', 'icev']",0 days 00:35:34.896073711,4151.186809995538,0 days 01:47:49.524305380,0 days 01:00:00
459,taxi,weekday,2018-02-08 11:15:00+01:00,10.628712415653407,250,28,"['bev', 'icev']",0 days 00:22:46.548739156,2657.1781039133516,0 days 00:51:22.256071347,0 days 01:00:00
460,taxi,weekday,2018-02-08 11:30:00+01:00,3.8433858748678262,250,28,"['bev', 'icev']",0 days 00:08:14.149612482,960.8464687169566,0 days 00:57:37.887839694,0 days 01:00:00
461,taxi,weekday,2018-02-08 12:45:00+01:00,4.582748280924442,250,28,"['bev', 'icev']",0 days 00:09:49.210493263,1145.6870702311105,0 days 01:32:39.490778576,0 days 01:00:00
462,taxi,weekday,2018-02-08 13:00:00+01:00,6.4502733420976295,250,28,"['bev', 'icev']",0 days 00:13:49.320858270,1612.5683355244073,0 days 00:35:09.679657722,0 days 01:00:00
463,taxi,weekday,2018-02-08 13:30:00+01:00,3.8801014288987514,250,28,"['bev', 'icev']",0 days 00:08:18.870183715,970.0253572246878,0 days 00:32:01.859664998,0 days 01:00:00
464,taxi,weekday,2018-02-08 14:15:00+01:00,4.939609050810603,250,28,"['bev', 'icev']",0 days 00:10:35.092592248,1234.9022627026507,0 days 01:27:15.334736176,0 days 01:00:00
465,taxi,weekday,2018-02-08 14:45:00+01:00,5.064999354838166,250,28,"['bev', 'icev']",0 days 00:10:51.214202763,1266.2498387095416,0 days 00:30:30.034825650,0 days 01:00:00
466,goods,weekday,2018-02-08 15:30:00+01:00,6.1366840790146036,300,22,"['bev', 'icev']",0 days 00:16:44.184667476,1841.005223704381,0 days 01:02:22.618201664,0 days 01:00:00
467,goods,weekday,2018-02-09 06:30:00+01:00,2.115558371170463,300,22,"['bev', 'icev']",0 days 00:05:46.182278918,634.6675113511388,0 days 00:42:50.574414218,0 days 01:00:00
468,taxi,weekday,2018-02-09 07:30:00+01:00,4.592614948107651,250,28,"['bev', 'icev']",0 days 00:09:50.479064755,1148.1537370269127,0 days 00:58:12.436723441,0 days 01:00:00
469,taxi,weekday,2018-02-09 08:15:00+01:00,9.80336834570749,250,28,"['bev', 'icev']",0 days 00:21:00.433073019,2450.8420864268724,0 days 01:02:55.365390769,0 days 01:00:00
470,taxi,weekday,2018-02-09 09:30:00+01:00,4.871628716249574,250,28,"['bev', 'icev']",0 days 00:10:26.352263517,1217.9071790623934,0 days 00:38:26.008094814,0 days 01:00:00
471,taxi,weekday,2018-02-09 10:00:00+01:00,4.997111327657658,250,28,"['bev', 'icev']",0 days 00:10:42.485742127,1249.2778319144145,0 days 00:58:13.749202873,0 days 01:00:00
472,taxi,weekday,2018-02-09 11:15:00+01:00,7.459407570727048,250,28,"['bev', 'icev']",0 days 00:15:59.066687664,1864.8518926817621,0 days 01:55:00.035029686,0 days 01:00:00
473,taxi,weekday,2018-02-09 11:15:00+01:00,6.896081995629154,250,28,"['bev', 'icev']",0 days 00:14:46.639113723,1724.0204989072886,0 days 01:06:27.501098558,0 days 01:00:00
474,taxi,weekday,2018-02-09 12:00:00+01:00,4.962387441005436,250,28,"['bev', 'icev']",0 days 00:10:38.021242414,1240.596860251359,0 days 00:31:48.239687287,0 days 01:00:00
475,taxi,weekday,2018-02-09 12:30:00+01:00,11.148210997400945,250,28,"['bev', 'icev']",0 days 00:23:53.341413950,2787.0527493502364,0 days 00:32:53.442301444,0 days 01:00:00
476,taxi,weekday,2018-02-09 12:30:00+01:00,6.2478319003842575,250,28,"['bev', 'icev']",0 days 00:13:23.292672906,1561.9579750960643,0 days 00:47:49.512238969,0 days 01:00:00
477,taxi,weekday,2018-02-09 13:30:00+01:00,2.2020842710305417,250,28,"['bev', 'icev']",0 days 00:04:43.125120562,550.5210677576355,0 days 00:41:09.216230118,0 days 01:00:00
478,taxi,weekday,2018-02-09 13:45:00+01:00,6.645969393827733,250,28,"['bev', 'icev']",0 days 00:14:14.481779208,1661.4923484569333,0 days 02:30:07.737969463,0 days 01:00:00
479,taxi,weekday,2018-02-09 14:00:00+01:00,7.077606589614432,250,28,"['bev', 'icev']",0 days 00:15:09.977990094,1769.401647403608,0 days 05:13:14.939462658,0 days 01:00:00
480,taxi,weekday,2018-02-09 14:45:00+01:00,8.795914817562565,250,28,"['bev', 'icev']",0 days 00:18:50.903333686,2198.9787043906413,0 days 00:30:25.567072225,0 days 01:00:00
481,taxi,weekday,2018-02-09 16:30:00+01:00,5.342833127025374,250,28,"['bev', 'icev']",0 days 00:11:26.935687759,1335.7082817563435,0 days 00:31:40.605352352,0 days 01:00:00
482,goods,weekend,2018-02-10 04:15:00+01:00,4.881807419644844,300,22,"['bev', 'icev']",0 days 00:13:18.841214125,1464.5422258934534,0 days 00:48:47.682108702,0 days 01:00:00
483,taxi,weekend,2018-02-10 07:00:00+01:00,9.870992055099363,300,28,"['bev', 'icev']",0 days 00:21:09.127549940,2961.2976165298087,0 days 01:13:45.424406035,0 days 01:00:00
484,taxi,weekend,2018-02-10 11:30:00+01:00,2.1265883501698704,300,28,"['bev', 'icev']",0 days 00:04:33.418502165,637.9765050509611,0 days 01:02:36.805586568,0 days 01:00:00
485,taxi,weekend,2018-02-10 12:15:00+01:00,13.16240177996007,300,28,"['bev', 'icev']",0 days 00:28:12.308800281,3948.720533988021,0 days 01:13:06.176914780,0 days 01:00:00
486,taxi,weekend,2018-02-10 12:30:00+01:00,5.190775797178749,300,28,"['bev', 'icev']",0 days 00:11:07.385459636,1557.2327391536248,0 days 00:45:21.129670569,0 days 01:00:00
487,taxi,weekend,2018-02-10 12:30:00+01:00,7.8827829279693225,300,28,"['bev', 'icev']",0 days 00:16:53.500662166,2364.834878390797,0 days 00:34:35.960961234,0 days 01:00:00
488,taxi,weekend,2018-02-10 12:45:00+01:00,7.171465415640132,300,28,"['bev', 'icev']",0 days 00:15:22.045553438,2151.4396246920396,0 days 02:04:35.259022999,0 days 01:00:00
489,taxi,weekend,2018-02-10 13:15:00+01:00,13.522660040786956,300,28,"['bev', 'icev']",0 days 00:28:58.627719530,4056.798012236087,0 days 00:40:14.727610876,0 days 01:00:00
490,taxi,weekend,2018-02-10 14:45:00+01:00,5.840125681580419,300,28,"['bev', 'icev']",0 days 00:12:30.873301916,1752.0377044741258,0 days 01:30:34.455091762,0 days 01:00:00
491,taxi,weekend,2018-02-10 17:00:00+01:00,5.008145435126379,300,28,"['bev', 'icev']",0 days 00:10:43.904413088,1502.4436305379138,0 days 01:26:03.547390502,0 days 01:00:00
492,taxi,weekend,2018-02-11 06:45:00+01:00,8.131912608684027,300,28,"['bev', 'icev']",0 days 00:17:25.531621116,2439.573782605208,0 days 00:30:07.242519654,0 days 01:00:00
493,goods,weekend,2018-02-11 07:45:00+01:00,4.810785500127638,300,22,"['bev', 'icev']",0 days 00:13:07.219445476,1443.2356500382914,0 days 01:00:57.496470937,0 days 01:00:00
494,taxi,weekend,2018-02-11 09:00:00+01:00,5.703791890093901,300,28,"['bev', 'icev']",0 days 00:12:13.344671584,1711.1375670281702,0 days 00:31:08.791223386,0 days 01:00:00
495,taxi,weekend,2018-02-11 11:00:00+01:00,5.961560762893969,300,28,"['bev', 'icev']",0 days 00:12:46.486383800,1788.4682288681906,0 days 00:30:11.612637432,0 days 01:00:00
496,taxi,weekend,2018-02-11 11:00:00+01:00,8.139848438603112,300,28,"['bev', 'icev']",0 days 00:17:26.551942105,2441.9545315809337,0 days 01:08:26.313428245,0 days 01:00:00
497,taxi,weekend,2018-02-11 11:15:00+01:00,2.957517776300357,300,28,"['bev', 'icev']",0 days 00:06:20.252285524,887.2553328901071,0 days 01:11:34.206025304,0 days 01:00:00
498,taxi,weekend,2018-02-11 12:45:00+01:00,5.415991829774902,300,28,"['bev', 'icev']",0 days 00:11:36.341806686,1624.7975489324706,0 days 00:39:08.837144067,0 days 01:00:00
499,taxi,weekend,2018-02-11 13:30:00+01:00,6.687382993283866,300,28,"['bev', 'icev']",0 days 00:14:19.806384850,2006.21489798516,0 days 00:30:17.160564182,0 days 01:00:00
500,taxi,weekend,2018-02-11 14:15:00+01:00,4.76623096185657,300,28,"['bev', 'icev']",0 days 00:10:12.801123667,1429.869288556971,0 days 00:34:47.152562466,0 days 01:00:00
501,taxi,weekend,2018-02-11 14:45:00+01:00,24.39520406693451,300,28,"['bev', 'icev']",0 days 00:52:16.526237178,7318.561220080353,0 days 00:33:21.808142946,0 days 01:00:00
502,taxi,weekend,2018-02-11 16:00:00+01:00,3.82791673718975,300,28,"['bev', 'icev']",0 days 00:08:12.160723351,1148.375021156925,0 days 00:53:58.694829396,0 days 01:00:00
503,taxi,weekend,2018-02-11 16:45:00+01:00,3.7010227044836492,300,28,"['bev', 'icev']",0 days 00:07:55.845776290,1110.3068113450947,0 days 00:35:54.845662952,0 days 01:00:00
504,goods,weekday,2018-02-12 04:45:00+01:00,9.970521588471264,300,22,"['bev', 'icev']",0 days 00:27:11.539896296,2991.156476541379,0 days 00:31:09.890917039,0 days 01:00:00
505,goods,weekday,2018-02-12 06:00:00+01:00,3.8821848115195436,300,22,"['bev', 'icev']",0 days 00:10:35.266605520,1164.6554434558632,0 days 00:42:53.867955924,0 days 01:00:00
506,goods,weekday,2018-02-12 06:45:00+01:00,4.55678985369193,300,22,"['bev', 'icev']",0 days 00:12:25.656521511,1367.036956107579,0 days 01:28:15.952275757,0 days 01:00:00
507,taxi,weekday,2018-02-12 07:15:00+01:00,4.088356489797491,250,28,"['bev', 'icev']",0 days 00:08:45.645834400,1022.0891224493727,0 days 00:41:30.799244958,0 days 01:00:00
508,goods,weekday,2018-02-12 08:00:00+01:00,8.044878408811465,300,22,"['bev', 'icev']",0 days 00:21:56.434648716,2413.46352264344,0 days 00:31:57.846463953,0 days 01:00:00
509,taxi,weekday,2018-02-12 08:30:00+01:00,5.890993474857997,250,28,"['bev', 'icev']",0 days 00:12:37.413446767,1472.7483687144993,0 days 00:44:20.241575106,0 days 01:00:00
510,goods,weekday,2018-02-12 09:45:00+01:00,5.2698316232492495,300,22,"['bev', 'icev']",0 days 00:14:22.336083805,1580.9494869747748,0 days 00:39:13.492674266,0 days 01:00:00
511,taxi,weekday,2018-02-12 11:30:00+01:00,7.599927837946525,250,28,"['bev', 'icev']",0 days 00:16:17.133579163,1899.9819594866312,0 days 01:33:14.788086670,0 days 01:00:00
512,taxi,weekday,2018-02-12 12:30:00+01:00,2.9952104918890647,250,28,"['bev', 'icev']",0 days 00:06:25.098491815,748.8026229722661,0 days 00:32:23.000331728,0 days 01:00:00
513,taxi,weekday,2018-02-12 13:15:00+01:00,8.535204489428533,250,28,"['bev', 'icev']",0 days 00:18:17.383434354,2133.8011223571334,0 days 01:17:00.219864357,0 days 01:00:00
514,taxi,weekday,2018-02-12 14:00:00+01:00,4.064354847577859,250,28,"['bev', 'icev']",0 days 00:08:42.559908975,1016.0887118944648,0 days 00:43:18.671840702,0 days 01:00:00
515,goods,weekday,2018-02-13 05:00:00+01:00,13.634279329793996,300,22,"['bev', 'icev']",0 days 00:37:11.063890329,4090.2837989381987,0 days 00:31:04.446212426,0 days 01:00:00
516,goods,weekday,2018-02-13 05:00:00+01:00,18.57968406555173,300,22,"['bev', 'icev']",0 days 00:50:40.311938,5573.905219665519,0 days 01:07:34.911005599,0 days 01:00:00
517,goods,weekday,2018-02-13 05:45:00+01:00,4.239185886666425,300,22,"['bev', 'icev']",0 days 00:11:33.684963273,1271.7557659999275,0 days 00:52:03.203898888,0 days 01:00:00
518,goods,weekday,2018-02-13 06:00:00+01:00,5.122827315853302,300,22,"['bev', 'icev']",0 days 00:13:58.280833502,1536.8481947559906,0 days 00:31:03.853148296,0 days 01:00:00
519,taxi,weekday,2018-02-13 10:30:00+01:00,4.244297837206137,250,28,"['bev', 'icev']",0 days 00:09:05.695436214,1061.0744593015343,0 days 01:26:09.787018884,0 days 01:00:00
520,taxi,weekday,2018-02-13 11:00:00+01:00,11.085959502382616,250,28,"['bev', 'icev']",0 days 00:23:45.337650306,2771.489875595654,0 days 00:39:31.854330050,0 days 01:00:00
521,taxi,weekday,2018-02-13 12:30:00+01:00,5.283878391097709,250,28,"['bev', 'icev']",0 days 00:11:19.355793140,1320.9695977744273,0 days 00:54:09.210199737,0 days 01:00:00
522,taxi,weekday,2018-02-13 12:45:00+01:00,7.058924466983241,250,28,"['bev', 'icev']",0 days 00:15:07.576002896,1764.7311167458101,0 days 00:30:11.916644720,0 days 01:00:00
523,taxi,weekday,2018-02-13 13:00:00+01:00,4.073280498302837,250,28,"['bev', 'icev']",0 days 00:08:43.707492639,1018.3201245757092,0 days 01:22:12.807031137,0 days 01:00:00
524,taxi,weekday,2018-02-13 13:00:00+01:00,7.789004163026565,250,28,"['bev', 'icev']",0 days 00:16:41.443392388,1947.2510407566413,0 days 00:31:00.538226518,0 days 01:00:00
525,taxi,weekday,2018-02-13 13:30:00+01:00,4.709627278813586,250,28,"['bev', 'icev']",0 days 00:10:05.523507274,1177.4068197033964,0 days 00:30:49.457616022,0 days 01:00:00
526,taxi,weekday,2018-02-13 13:30:00+01:00,4.302769056837242,250,28,"['bev', 'icev']",0 days 00:09:13.213164448,1075.6922642093105,0 days 00:32:36.224866939,0 days 01:00:00
527,goods,weekday,2018-02-13 15:30:00+01:00,6.645167660070521,300,22,"['bev', 'icev']",0 days 00:18:07.391071648,1993.5502980211563,0 days 00:30:19.682867160,0 days 01:00:00
528,goods,weekday,2018-02-14 04:00:00+01:00,10.243953544430044,300,22,"['bev', 'icev']",0 days 00:27:56.283307272,3073.186063329013,0 days 00:54:57.379044754,0 days 01:00:00
529,goods,weekday,2018-02-14 06:00:00+01:00,12.71762597443509,300,22,"['bev', 'icev']",0 days 00:34:41.066068544,3815.2877923305273,0 days 01:28:43.256251178,0 days 01:00:00
530,goods,weekday,2018-02-14 07:00:00+01:00,6.630377018470921,300,22,"['bev', 'icev']",0 days 00:18:04.970784841,1989.1131055412764,0 days 00:31:14.587296297,0 days 01:00:00
531,taxi,weekday,2018-02-14 07:15:00+01:00,7.313287871657149,250,28,"['bev', 'icev']",0 days 00:15:40.279869212,1828.3219679142871,0 days 00:42:25.936198534,0 days 01:00:00
532,taxi,weekday,2018-02-14 07:15:00+01:00,5.524723295312895,250,28,"['bev', 'icev']",0 days 00:11:50.321566539,1381.1808238282238,0 days 00:31:23.253284902,0 days 01:00:00
533,taxi,weekday,2018-02-14 08:00:00+01:00,8.038807860579613,250,28,"['bev', 'icev']",0 days 00:17:13.561010646,2009.7019651449034,0 days 01:30:07.254739616,0 days 01:00:00
534,taxi,weekday,2018-02-14 08:45:00+01:00,8.753886981299019,250,28,"['bev', 'icev']",0 days 00:18:45.499754739,2188.4717453247545,0 days 00:38:04.067449407,0 days 01:00:00
535,taxi,weekday,2018-02-14 09:15:00+01:00,7.111325202867778,250,28,"['bev', 'icev']",0 days 00:15:14.313240367,1777.8313007169445,0 days 00:32:04.321149122,0 days 01:00:00
536,taxi,weekday,2018-02-14 12:00:00+01:00,13.096227328327812,250,28,"['bev', 'icev']",0 days 00:28:03.800656498,3274.056832081953,0 days 00:31:04.367347831,0 days 01:00:00
537,taxi,weekday,2018-02-14 12:15:00+01:00,5.088908865044334,250,28,"['bev', 'icev']",0 days 00:10:54.288282648,1272.2272162610834,0 days 00:31:00.856484014,0 days 01:00:00
538,taxi,weekday,2018-02-14 12:30:00+01:00,7.524710004420111,250,28,"['bev', 'icev']",0 days 00:16:07.462714853,1881.1775011050279,0 days 00:44:16.339365866,0 days 01:00:00
539,taxi,weekday,2018-02-15 05:00:00+01:00,7.488419752000126,250,28,"['bev', 'icev']",0 days 00:16:02.796825255,1872.1049380000313,0 days 00:30:13.806733590,0 days 01:00:00
540,taxi,weekday,2018-02-15 05:45:00+01:00,2.49574747147702,250,28,"['bev', 'icev']",0 days 00:05:20.881817761,623.9368678692549,0 days 01:14:30.646147189,0 days 01:00:00
541,taxi,weekday,2018-02-15 07:00:00+01:00,3.122555024126489,250,28,"['bev', 'icev']",0 days 00:06:41.471360244,780.6387560316223,0 days 01:54:28.814604361,0 days 01:00:00
542,goods,weekday,2018-02-15 07:15:00+01:00,4.638424121669065,300,22,"['bev', 'icev']",0 days 00:12:39.014856273,1391.5272365007195,0 days 00:41:26.710993626,0 days 01:00:00
543,taxi,weekday,2018-02-15 08:00:00+01:00,16.82234983832838,250,28,"['bev', 'icev']",0 days 00:36:02.873550643,4205.587459582094,0 days 01:56:45.828221125,0 days 01:00:00
544,taxi,weekday,2018-02-15 08:15:00+01:00,13.122127746952618,250,28,"['bev', 'icev']",0 days 00:28:07.130710322,3280.5319367381544,0 days 00:37:45.518434197,0 days 01:00:00
545,goods,weekday,2018-02-15 08:30:00+01:00,6.435242985998654,300,22,"['bev', 'icev']",0 days 00:17:33.039761344,1930.5728957995962,0 days 00:35:14.732148004,0 days 01:00:00
546,taxi,weekday,2018-02-15 09:15:00+01:00,4.665423559356467,250,28,"['bev', 'icev']",0 days 00:09:59.840171917,1166.3558898391166,0 days 00:37:41.421337456,0 days 01:00:00
547,taxi,weekday,2018-02-15 10:00:00+01:00,8.229558266016202,250,28,"['bev', 'icev']",0 days 00:17:38.086062774,2057.3895665040504,0 days 00:30:03.139141719,0 days 01:00:00
548,taxi,weekday,2018-02-15 11:30:00+01:00,6.682552289018546,250,28,"['bev', 'icev']",0 days 00:14:19.185294303,1670.6380722546367,0 days 00:30:06.582941301,0 days 01:00:00
549,taxi,weekday,2018-02-15 13:00:00+01:00,6.68286705583456,250,28,"['bev', 'icev']",0 days 00:14:19.225764322,1670.71676395864,0 days 00:32:00.994977700,0 days 01:00:00
550,taxi,weekday,2018-02-15 13:00:00+01:00,10.987208934112056,250,28,"['bev', 'icev']",0 days 00:23:32.641148670,2746.802233528014,0 days 00:30:43.399972328,0 days 01:00:00
551,taxi,weekday,2018-02-15 13:45:00+01:00,4.511048240120827,250,28,"['bev', 'icev']",0 days 00:09:39.991916588,1127.7620600302068,0 days 01:02:14.407287918,0 days 01:00:00
552,taxi,weekday,2018-02-15 14:00:00+01:00,4.946376762180245,250,28,"['bev', 'icev']",0 days 00:10:35.962726566,1236.5941905450613,0 days 00:30:32.425162214,0 days 01:00:00
553,goods,weekday,2018-02-15 14:15:00+01:00,8.61117861675993,300,22,"['bev', 'icev']",0 days 00:23:29.101955470,2583.3535850279786,0 days 00:38:58.467245445,0 days 01:00:00
554,taxi,weekday,2018-02-16 05:00:00+01:00,7.812539662128874,250,28,"['bev', 'icev']",0 days 00:16:44.469385129,1953.1349155322184,0 days 00:43:27.837318558,0 days 01:00:00
555,taxi,weekday,2018-02-16 06:45:00+01:00,11.082464124944705,250,28,"['bev', 'icev']",0 days 00:23:44.888244637,2770.6160312361762,0 days 01:05:26.589575007,0 days 01:00:00
556,taxi,weekday,2018-02-16 10:30:00+01:00,11.80399317149347,250,28,"['bev', 'icev']",0 days 00:25:17.656264905,2950.9982928733675,0 days 00:38:00.916076338,0 days 01:00:00
557,taxi,weekday,2018-02-16 10:45:00+01:00,10.936829938677446,250,28,"['bev', 'icev']",0 days 00:23:26.163849256,2734.2074846693617,0 days 01:02:13.660971756,0 days 01:00:00
558,taxi,weekday,2018-02-16 12:30:00+01:00,5.822791371419818,250,28,"['bev', 'icev']",0 days 00:12:28.644604898,1455.6978428549546,0 days 00:31:41.816169897,0 days 01:00:00
559,taxi,weekday,2018-02-16 13:00:00+01:00,3.926204509508258,250,28,"['bev', 'icev']",0 days 00:08:24.797722650,981.5511273770645,0 days 00:32:23.748288543,0 days 01:00:00
560,taxi,weekday,2018-02-16 13:00:00+01:00,6.446790135150055,250,28,"['bev', 'icev']",0 days 00:13:48.873017377,1611.6975337875137,0 days 00:33:25.228218816,0 days 01:00:00
561,taxi,weekday,2018-02-16 14:00:00+01:00,11.481472785485078,250,28,"['bev', 'icev']",0 days 00:24:36.189358135,2870.3681963712693,0 days 01:37:39.044544524,0 days 01:00:00
562,goods,weekday,2018-02-16 14:00:00+01:00,5.243674547646825,300,22,"['bev', 'icev']",0 days 00:14:18.055835070,1573.1023642940474,0 days 00:35:26.040270746,0 days 01:00:00
563,taxi,weekday,2018-02-16 14:00:00+01:00,2.5778199640809136,250,28,"['bev', 'icev']",0 days 00:05:31.433995381,644.4549910202284,0 days 00:30:19.985983830,0 days 01:00:00
564,taxi,weekday,2018-02-16 14:00:00+01:00,18.735705271318025,250,28,"['bev', 'icev']",0 days 00:40:08.876392028,4683.926317829506,0 days 00:30:10.627643581,0 days 01:00:00
565,taxi,weekday,2018-02-16 14:30:00+01:00,6.847092114479666,250,28,"['bev', 'icev']",0 days 00:14:40.340414720,1711.7730286199164,0 days 00:36:32.056070202,0 days 01:00:00
566,goods,weekend,2018-02-17 05:45:00+01:00,11.688149650795893,300,22,"['bev', 'icev']",0 days 00:31:52.606306495,3506.444895238768,0 days 00:54:15.538309621,0 days 01:00:00
567,goods,weekend,2018-02-17 07:30:00+01:00,9.87707491253083,300,22,"['bev', 'icev']",0 days 00:26:56.248622052,2963.122473759249,0 days 00:30:36.669917401,0 days 01:00:00
568,taxi,weekend,2018-02-17 08:30:00+01:00,4.700080682183336,300,28,"['bev', 'icev']",0 days 00:10:04.296087710,1410.0242046550009,0 days 00:46:16.328217457,0 days 01:00:00
569,taxi,weekend,2018-02-17 12:15:00+01:00,8.226197050530299,300,28,"['bev', 'icev']",0 days 00:17:37.653906497,2467.85911515909,0 days 00:34:26.913619862,0 days 01:00:00
570,taxi,weekend,2018-02-17 12:45:00+01:00,5.565597768482163,300,28,"['bev', 'icev']",0 days 00:11:55.576855946,1669.6793305446488,0 days 00:32:05.207247290,0 days 01:00:00
571,taxi,weekend,2018-02-17 13:00:00+01:00,7.199449472353713,300,28,"['bev', 'icev']",0 days 00:15:25.643503587,2159.834841706114,0 days 00:30:37.571032637,0 days 01:00:00
572,taxi,weekend,2018-02-17 13:30:00+01:00,11.313590877882229,300,28,"['bev', 'icev']",0 days 00:24:14.604541441,3394.0772633646684,0 days 00:41:54.391033939,0 days 01:00:00
573,taxi,weekend,2018-02-17 15:00:00+01:00,6.871437245005746,300,28,"['bev', 'icev']",0 days 00:14:43.470502929,2061.4311735017236,0 days 00:33:29.225129713,0 days 01:00:00
574,taxi,weekend,2018-02-17 15:15:00+01:00,5.083116268430206,300,28,"['bev', 'icev']",0 days 00:10:53.543520228,1524.9348805290617,0 days 00:30:28.477658635,0 days 01:00:00
575,taxi,weekend,2018-02-18 05:00:00+01:00,2.433363649172987,300,28,"['bev', 'icev']",0 days 00:05:12.861040606,730.0090947518961,0 days 02:33:35.442748526,0 days 01:00:00
576,taxi,weekend,2018-02-18 06:45:00+01:00,8.466930568309735,300,28,"['bev', 'icev']",0 days 00:18:08.605358784,2540.0791704929206,0 days 00:32:32.213719611,0 days 01:00:00
577,taxi,weekend,2018-02-18 08:00:00+01:00,5.0341110978509604,300,28,"['bev', 'icev']",0 days 00:10:47.242855437,1510.233329355288,0 days 00:30:08.354824181,0 days 01:00:00
578,goods,weekend,2018-02-18 08:30:00+01:00,5.452748744051212,300,22,"['bev', 'icev']",0 days 00:14:52.267976300,1635.8246232153638,0 days 00:46:37.204341106,0 days 01:00:00
579,taxi,weekend,2018-02-18 08:30:00+01:00,14.079718775523505,300,28,"['bev', 'icev']",0 days 00:30:10.249556853,4223.915632657051,0 days 00:37:31.482457957,0 days 01:00:00
580,taxi,weekend,2018-02-18 10:30:00+01:00,5.721418863019257,300,28,"['bev', 'icev']",0 days 00:12:15.610996674,1716.425658905777,0 days 01:23:07.601591389,0 days 01:00:00
581,taxi,weekend,2018-02-18 13:45:00+01:00,7.105852480050142,300,28,"['bev', 'icev']",0 days 00:15:13.609604577,2131.7557440150426,0 days 00:32:13.625215,0 days 01:00:00
582,taxi,weekend,2018-02-18 13:45:00+01:00,8.224324431565387,300,28,"['bev', 'icev']",0 days 00:17:37.413141201,2467.297329469616,0 days 00:31:44.591644848,0 days 01:00:00
583,taxi,weekend,2018-02-18 14:00:00+01:00,5.493978151297042,300,28,"['bev', 'icev']",0 days 00:11:46.368619450,1648.1934453891126,0 days 01:44:43.993925541,0 days 01:00:00
584,goods,weekday,2018-02-19 06:15:00+01:00,3.089389995329857,300,22,"['bev', 'icev']",0 days 00:08:25.536544692,926.8169985989571,0 days 00:34:21.235953154,0 days 01:00:00
585,goods,weekday,2018-02-19 06:30:00+01:00,8.520280886534806,300,22,"['bev', 'icev']",0 days 00:23:14.227781431,2556.084265960442,0 days 08:23:54.138891667,0 days 01:00:00
586,goods,weekday,2018-02-19 07:00:00+01:00,12.442784838129981,300,22,"['bev', 'icev']",0 days 00:33:56.092064421,3732.8354514389944,0 days 00:32:25.901736478,0 days 01:00:00
587,taxi,weekday,2018-02-19 08:15:00+01:00,7.929126797296464,250,28,"['bev', 'icev']",0 days 00:16:59.459159650,1982.2816993241158,0 days 00:32:48.326298662,0 days 01:00:00
588,taxi,weekday,2018-02-19 10:15:00+01:00,4.637649671865568,250,28,"['bev', 'icev']",0 days 00:09:56.269243526,1159.412417966392,0 days 00:31:06.120594879,0 days 01:00:00
589,taxi,weekday,2018-02-19 11:30:00+01:00,5.511522063017889,250,28,"['bev', 'icev']",0 days 00:11:48.624265244,1377.8805157544723,0 days 00:30:39.426173042,0 days 01:00:00
590,taxi,weekday,2018-02-19 11:45:00+01:00,3.091289877526765,250,28,"['bev', 'icev']",0 days 00:06:37.451555683,772.8224693816913,0 days 00:35:33.537214579,0 days 01:00:00
591,taxi,weekday,2018-02-19 12:30:00+01:00,4.561170418675947,250,28,"['bev', 'icev']",0 days 00:09:46.436196686,1140.2926046689868,0 days 00:31:53.745098750,0 days 01:00:00
592,taxi,weekday,2018-02-19 13:00:00+01:00,4.4066952549624565,250,28,"['bev', 'icev']",0 days 00:09:26.575104211,1101.6738137406142,0 days 00:30:05.452063707,0 days 01:00:00
593,taxi,weekday,2018-02-19 14:00:00+01:00,5.099084581017332,250,28,"['bev', 'icev']",0 days 00:10:55.596588988,1274.771145254333,0 days 00:39:06.284050045,0 days 01:00:00
594,taxi,weekday,2018-02-19 14:30:00+01:00,3.3257666284484677,250,28,"['bev', 'icev']",0 days 00:07:07.598566513,831.4416571121169,0 days 00:33:05.132179987,0 days 01:00:00
595,taxi,weekday,2018-02-19 15:00:00+01:00,9.152503340732693,250,28,"['bev', 'icev']",0 days 00:19:36.750429523,2288.1258351831734,0 days 00:41:27.682446300,0 days 01:00:00
596,goods,weekday,2018-02-19 15:30:00+01:00,5.455501992674389,300,22,"['bev', 'icev']",0 days 00:14:52.718507890,1636.6505978023167,0 days 01:18:15.890984290,0 days 01:00:00
