profile,period,day,time,power
H0,Summer,Workday,00:00,86.3
H0,Summer,Workday,00:15,76.9
H0,Summer,Workday,00:30,68.8
H0,Summer,Workday,00:45,62.4
H0,Summer,Workday,01:00,58.0
H0,Summer,Workday,01:15,55.3
H0,Summer,Workday,01:30,53.6
H0,Summer,Workday,01:45,52.4
H0,Summer,Workday,02:00,51.3
H0,Summer,Workday,02:15,50.3
H0,Summer,Workday,02:30,49.2
H0,Summer,Workday,02:45,48.3
H0,Summer,Workday,03:00,47.5
H0,Summer,Workday,03:15,46.9
H0,Summer,Workday,03:30,46.5
H0,Summer,Workday,03:45,46.6
H0,Summer,Workday,04:00,47.1
H0,Summer,Workday,04:15,48.0
H0,Summer,Workday,04:30,49.3
H0,Summer,Workday,04:45,50.8
H0,Summer,Workday,05:00,52.7
H0,Summer,Workday,05:15,55.6
H0,Summer,Workday,05:30,60.5
H0,Summer,Workday,05:45,68.2
H0,Summer,Workday,06:00,79.2
H0,Summer,Workday,06:15,92.0
H0,Summer,Workday,06:30,104.7
H0,Summer,Workday,06:45,115.7
H0,Summer,Workday,07:00,123.5
H0,Summer,Workday,07:15,128.6
H0,Summer,Workday,07:30,132.0
H0,Summer,Workday,07:45,134.8
H0,Summer,Workday,08:00,137.8
H0,Summer,Workday,08:15,140.7
H0,Summer,Workday,08:30,143.2
H0,Summer,Workday,08:45,144.8
H0,Summer,Workday,09:00,145.3
H0,Summer,Workday,09:15,144.9
H0,Summer,Workday,09:30,143.8
H0,Summer,Workday,09:45,142.3
H0,Summer,Workday,10:00,140.8
H0,Summer,Workday,10:15,139.5
H0,Summer,Workday,10:30,138.5
H0,Summer,Workday,10:45,138.2
H0,Summer,Workday,11:00,138.6
H0,Summer,Workday,11:15,140.1
H0,Summer,Workday,11:30,142.6
H0,Summer,Workday,11:45,146.5
H0,Summer,Workday,12:00,151.5
H0,Summer,Workday,12:15,156.7
H0,Summer,Workday,12:30,160.7
H0,Summer,Workday,12:45,162.3
H0,Summer,Workday,13:00,160.5
H0,Summer,Workday,13:15,156.1
H0,Summer,Workday,13:30,150.2
H0,Summer,Workday,13:45,144.0
H0,Summer,Workday,14:00,138.4
H0,Summer,Workday,14:15,133.6
H0,Summer,Workday,14:30,129.4
H0,Summer,Workday,14:45,125.7
H0,Summer,Workday,15:00,122.4
H0,Summer,Workday,15:15,119.6
H0,Summer,Workday,15:30,117.4
H0,Summer,Workday,15:45,115.7
H0,Summer,Workday,16:00,114.6
H0,Summer,Workday,16:15,114.2
H0,Summer,Workday,16:30,114.6
H0,Summer,Workday,16:45,115.7
H0,Summer,Workday,17:00,117.6
H0,Summer,Workday,17:15,120.3
H0,Summer,Workday,17:30,123.9
H0,Summer,Workday,17:45,128.2
H0,Summer,Workday,18:00,133.2
H0,Summer,Workday,18:15,138.9
H0,Summer,Workday,18:30,145.1
H0,Summer,Workday,18:45,151.5
H0,Summer,Workday,19:00,157.9
H0,Summer,Workday,19:15,163.8
H0,Summer,Workday,19:30,168.3
H0,Summer,Workday,19:45,170.6
H0,Summer,Workday,20:00,170.4
H0,Summer,Workday,20:15,168.3
H0,Summer,Workday,20:30,165.3
H0,Summer,Workday,20:45,162.3
H0,Summer,Workday,21:00,160.1
H0,Summer,Workday,21:15,158.4
H0,Summer,Workday,21:30,156.8
H0,Summer,Workday,21:45,154.8
H0,Summer,Workday,22:00,151.9
H0,Summer,Workday,22:15,147.9
H0,Summer,Workday,22:30,142.5
H0,Summer,Workday,22:45,135.7
H0,Summer,Workday,23:00,127.2
H0,Summer,Workday,23:15,117.5
H0,Summer,Workday,23:30,107.1
H0,Summer,Workday,23:45,96.5
H0,Summer,Saturday,00:00,89.8
H0,Summer,Saturday,00:15,84.9
H0,Summer,Saturday,00:30,80.7
H0,Summer,Saturday,00:45,76.6
H0,Summer,Saturday,01:00,71.7
H0,Summer,Saturday,01:15,66.6
H0,Summer,Saturday,01:30,61.6
H0,Summer,Saturday,01:45,57.4
H0,Summer,Saturday,02:00,54.5
H0,Summer,Saturday,02:15,52.6
H0,Summer,Saturday,02:30,51.4
H0,Summer,Saturday,02:45,50.8
H0,Summer,Saturday,03:00,50.3
H0,Summer,Saturday,03:15,50.0
H0,Summer,Saturday,03:30,49.9
H0,Summer,Saturday,03:45,49.9
H0,Summer,Saturday,04:00,50.1
H0,Summer,Saturday,04:15,50.4
H0,Summer,Saturday,04:30,50.7
H0,Summer,Saturday,04:45,50.8
H0,Summer,Saturday,05:00,50.8
H0,Summer,Saturday,05:15,50.9
H0,Summer,Saturday,05:30,51.6
H0,Summer,Saturday,05:45,53.3
H0,Summer,Saturday,06:00,56.2
H0,Summer,Saturday,06:15,60.4
H0,Summer,Saturday,06:30,65.8
H0,Summer,Saturday,06:45,72.4
H0,Summer,Saturday,07:00,80.0
H0,Summer,Saturday,07:15,88.5
H0,Summer,Saturday,07:30,97.4
H0,Summer,Saturday,07:45,106.5
H0,Summer,Saturday,08:00,115.6
H0,Summer,Saturday,08:15,124.4
H0,Summer,Saturday,08:30,132.8
H0,Summer,Saturday,08:45,140.7
H0,Summer,Saturday,09:00,147.8
H0,Summer,Saturday,09:15,154.0
H0,Summer,Saturday,09:30,158.9
H0,Summer,Saturday,09:45,162.3
H0,Summer,Saturday,10:00,164.1
H0,Summer,Saturday,10:15,164.7
H0,Summer,Saturday,10:30,165.0
H0,Summer,Saturday,10:45,165.6
H0,Summer,Saturday,11:00,167.1
H0,Summer,Saturday,11:15,169.4
H0,Summer,Saturday,11:30,172.4
H0,Summer,Saturday,11:45,175.6
H0,Summer,Saturday,12:00,179.0
H0,Summer,Saturday,12:15,181.9
H0,Summer,Saturday,12:30,183.7
H0,Summer,Saturday,12:45,183.9
H0,Summer,Saturday,13:00,182.1
H0,Summer,Saturday,13:15,178.7
H0,Summer,Saturday,13:30,174.1
H0,Summer,Saturday,13:45,169.0
H0,Summer,Saturday,14:00,163.7
H0,Summer,Saturday,14:15,158.9
H0,Summer,Saturday,14:30,154.6
H0,Summer,Saturday,14:45,151.5
H0,Summer,Saturday,15:00,149.6
H0,Summer,Saturday,15:15,148.6
H0,Summer,Saturday,15:30,148.0
H0,Summer,Saturday,15:45,147.3
H0,Summer,Saturday,16:00,146.2
H0,Summer,Saturday,16:15,145.0
H0,Summer,Saturday,16:30,144.1
H0,Summer,Saturday,16:45,144.0
H0,Summer,Saturday,17:00,144.9
H0,Summer,Saturday,17:15,146.9
H0,Summer,Saturday,17:30,150.0
H0,Summer,Saturday,17:45,154.0
H0,Summer,Saturday,18:00,158.8
H0,Summer,Saturday,18:15,164.0
H0,Summer,Saturday,18:30,169.2
H0,Summer,Saturday,18:45,174.0
H0,Summer,Saturday,19:00,177.8
H0,Summer,Saturday,19:15,180.5
H0,Summer,Saturday,19:30,181.8
H0,Summer,Saturday,19:45,181.4
H0,Summer,Saturday,20:00,179.3
H0,Summer,Saturday,20:15,175.7
H0,Summer,Saturday,20:30,171.0
H0,Summer,Saturday,20:45,165.6
H0,Summer,Saturday,21:00,160.1
H0,Summer,Saturday,21:15,155.1
H0,Summer,Saturday,21:30,151.1
H0,Summer,Saturday,21:45,149.0
H0,Summer,Saturday,22:00,148.9
H0,Summer,Saturday,22:15,149.6
H0,Summer,Saturday,22:30,149.4
H0,Summer,Saturday,22:45,146.5
H0,Summer,Saturday,23:00,139.8
H0,Summer,Saturday,23:15,130.3
H0,Summer,Saturday,23:30,119.5
H0,Summer,Saturday,23:45,109.0
H0,Summer,Sunday,00:00,100.1
H0,Summer,Sunday,00:15,92.5
H0,Summer,Sunday,00:30,85.9
H0,Summer,Sunday,00:45,79.9
H0,Summer,Sunday,01:00,74.1
H0,Summer,Sunday,01:15,68.7
H0,Summer,Sunday,01:30,63.9
H0,Summer,Sunday,01:45,59.9
H0,Summer,Sunday,02:00,57.0
H0,Summer,Sunday,02:15,55.0
H0,Summer,Sunday,02:30,53.5
H0,Summer,Sunday,02:45,52.4
H0,Summer,Sunday,03:00,51.5
H0,Summer,Sunday,03:15,50.8
H0,Summer,Sunday,03:30,50.2
H0,Summer,Sunday,03:45,49.9
H0,Summer,Sunday,04:00,49.9
H0,Summer,Sunday,04:15,50.0
H0,Summer,Sunday,04:30,50.1
H0,Summer,Sunday,04:45,49.9
H0,Summer,Sunday,05:00,49.5
H0,Summer,Sunday,05:15,48.9
H0,Summer,Sunday,05:30,48.4
H0,Summer,Sunday,05:45,48.3
H0,Summer,Sunday,06:00,48.7
H0,Summer,Sunday,06:15,49.8
H0,Summer,Sunday,06:30,51.9
H0,Summer,Sunday,06:45,54.9
H0,Summer,Sunday,07:00,59.2
H0,Summer,Sunday,07:15,64.9
H0,Summer,Sunday,07:30,72.3
H0,Summer,Sunday,07:45,81.6
H0,Summer,Sunday,08:00,92.9
H0,Summer,Sunday,08:15,105.6
H0,Summer,Sunday,08:30,119.0
H0,Summer,Sunday,08:45,132.3
H0,Summer,Sunday,09:00,144.8
H0,Summer,Sunday,09:15,156.2
H0,Summer,Sunday,09:30,166.0
H0,Summer,Sunday,09:45,174.0
H0,Summer,Sunday,10:00,180.0
H0,Summer,Sunday,10:15,184.6
H0,Summer,Sunday,10:30,188.7
H0,Summer,Sunday,10:45,193.1
H0,Summer,Sunday,11:00,198.3
H0,Summer,Sunday,11:15,203.7
H0,Summer,Sunday,11:30,208.7
H0,Summer,Sunday,11:45,212.2
H0,Summer,Sunday,12:00,213.7
H0,Summer,Sunday,12:15,212.8
H0,Summer,Sunday,12:30,209.0
H0,Summer,Sunday,12:45,202.3
H0,Summer,Sunday,13:00,192.4
H0,Summer,Sunday,13:15,180.9
H0,Summer,Sunday,13:30,169.2
H0,Summer,Sunday,13:45,159.0
H0,Summer,Sunday,14:00,151.4
H0,Summer,Sunday,14:15,146.0
H0,Summer,Sunday,14:30,141.6
H0,Summer,Sunday,14:45,137.3
H0,Summer,Sunday,15:00,132.4
H0,Summer,Sunday,15:15,127.0
H0,Summer,Sunday,15:30,121.6
H0,Summer,Sunday,15:45,116.5
H0,Summer,Sunday,16:00,112.2
H0,Summer,Sunday,16:15,108.9
H0,Summer,Sunday,16:30,106.7
H0,Summer,Sunday,16:45,105.7
H0,Summer,Sunday,17:00,106.1
H0,Summer,Sunday,17:15,107.7
H0,Summer,Sunday,17:30,110.4
H0,Summer,Sunday,17:45,114.0
H0,Summer,Sunday,18:00,118.3
H0,Summer,Sunday,18:15,123.4
H0,Summer,Sunday,18:30,129.2
H0,Summer,Sunday,18:45,135.7
H0,Summer,Sunday,19:00,142.8
H0,Summer,Sunday,19:15,149.8
H0,Summer,Sunday,19:30,155.7
H0,Summer,Sunday,19:45,159.8
H0,Summer,Sunday,20:00,161.4
H0,Summer,Sunday,20:15,160.8
H0,Summer,Sunday,20:30,159.0
H0,Summer,Sunday,20:45,156.5
H0,Summer,Sunday,21:00,153.9
H0,Summer,Sunday,21:15,151.5
H0,Summer,Sunday,21:30,149.3
H0,Summer,Sunday,21:45,147.3
H0,Summer,Sunday,22:00,145.4
H0,Summer,Sunday,22:15,143.0
H0,Summer,Sunday,22:30,139.2
H0,Summer,Sunday,22:45,133.2
H0,Summer,Sunday,23:00,124.4
H0,Summer,Sunday,23:15,113.8
H0,Summer,Sunday,23:30,102.5
H0,Summer,Sunday,23:45,91.6
H0,Winter,Workday,00:00,67.6
H0,Winter,Workday,00:15,60.8
H0,Winter,Workday,00:30,54.9
H0,Winter,Workday,00:45,49.9
H0,Winter,Workday,01:00,46.2
H0,Winter,Workday,01:15,43.6
H0,Winter,Workday,01:30,41.9
H0,Winter,Workday,01:45,40.8
H0,Winter,Workday,02:00,40.1
H0,Winter,Workday,02:15,39.6
H0,Winter,Workday,02:30,39.4
H0,Winter,Workday,02:45,39.1
H0,Winter,Workday,03:00,38.8
H0,Winter,Workday,03:15,38.6
H0,Winter,Workday,03:30,38.3
H0,Winter,Workday,03:45,38.3
H0,Winter,Workday,04:00,38.4
H0,Winter,Workday,04:15,38.8
H0,Winter,Workday,04:30,39.3
H0,Winter,Workday,04:45,40.0
H0,Winter,Workday,05:00,40.9
H0,Winter,Workday,05:15,43.1
H0,Winter,Workday,05:30,47.7
H0,Winter,Workday,05:45,55.8
H0,Winter,Workday,06:00,68.0
H0,Winter,Workday,06:15,82.8
H0,Winter,Workday,06:30,98.0
H0,Winter,Workday,06:45,111.5
H0,Winter,Workday,07:00,121.6
H0,Winter,Workday,07:15,128.5
H0,Winter,Workday,07:30,132.7
H0,Winter,Workday,07:45,134.8
H0,Winter,Workday,08:00,135.4
H0,Winter,Workday,08:15,134.8
H0,Winter,Workday,08:30,133.1
H0,Winter,Workday,08:45,130.7
H0,Winter,Workday,09:00,127.7
H0,Winter,Workday,09:15,124.6
H0,Winter,Workday,09:30,121.5
H0,Winter,Workday,09:45,119.0
H0,Winter,Workday,10:00,117.3
H0,Winter,Workday,10:15,116.2
H0,Winter,Workday,10:30,115.7
H0,Winter,Workday,10:45,115.7
H0,Winter,Workday,11:00,116.1
H0,Winter,Workday,11:15,117.0
H0,Winter,Workday,11:30,118.7
H0,Winter,Workday,11:45,121.5
H0,Winter,Workday,12:00,125.4
H0,Winter,Workday,12:15,129.6
H0,Winter,Workday,12:30,133.0
H0,Winter,Workday,12:45,134.8
H0,Winter,Workday,13:00,134.2
H0,Winter,Workday,13:15,131.7
H0,Winter,Workday,13:30,128.0
H0,Winter,Workday,13:45,124.0
H0,Winter,Workday,14:00,120.2
H0,Winter,Workday,14:15,116.8
H0,Winter,Workday,14:30,113.7
H0,Winter,Workday,14:45,110.7
H0,Winter,Workday,15:00,107.9
H0,Winter,Workday,15:15,105.5
H0,Winter,Workday,15:30,103.5
H0,Winter,Workday,15:45,102.4
H0,Winter,Workday,16:00,102.2
H0,Winter,Workday,16:15,103.2
H0,Winter,Workday,16:30,105.6
H0,Winter,Workday,16:45,109.9
H0,Winter,Workday,17:00,116.0
H0,Winter,Workday,17:15,123.7
H0,Winter,Workday,17:30,132.6
H0,Winter,Workday,17:45,142.3
H0,Winter,Workday,18:00,152.4
H0,Winter,Workday,18:15,162.2
H0,Winter,Workday,18:30,171.2
H0,Winter,Workday,18:45,178.9
H0,Winter,Workday,19:00,184.7
H0,Winter,Workday,19:15,188.2
H0,Winter,Workday,19:30,188.9
H0,Winter,Workday,19:45,186.4
H0,Winter,Workday,20:00,180.7
H0,Winter,Workday,20:15,172.7
H0,Winter,Workday,20:30,163.9
H0,Winter,Workday,20:45,155.6
H0,Winter,Workday,21:00,148.9
H0,Winter,Workday,21:15,143.4
H0,Winter,Workday,21:30,138.4
H0,Winter,Workday,21:45,133.2
H0,Winter,Workday,22:00,127.2
H0,Winter,Workday,22:15,120.5
H0,Winter,Workday,22:30,113.3
H0,Winter,Workday,22:45,105.7
H0,Winter,Workday,23:00,98.0
H0,Winter,Workday,23:15,90.2
H0,Winter,Workday,23:30,82.5
H0,Winter,Workday,23:45,74.9
H0,Winter,Saturday,00:00,70.8
H0,Winter,Saturday,00:15,68.2
H0,Winter,Saturday,00:30,65.9
H0,Winter,Saturday,00:45,63.3
H0,Winter,Saturday,01:00,59.5
H0,Winter,Saturday,01:15,55.0
H0,Winter,Saturday,01:30,50.5
H0,Winter,Saturday,01:45,46.6
H0,Winter,Saturday,02:00,43.9
H0,Winter,Saturday,02:15,42.3
H0,Winter,Saturday,02:30,41.4
H0,Winter,Saturday,02:45,40.8
H0,Winter,Saturday,03:00,40.3
H0,Winter,Saturday,03:15,39.9
H0,Winter,Saturday,03:30,39.5
H0,Winter,Saturday,03:45,39.1
H0,Winter,Saturday,04:00,38.8
H0,Winter,Saturday,04:15,38.5
H0,Winter,Saturday,04:30,38.3
H0,Winter,Saturday,04:45,38.3
H0,Winter,Saturday,05:00,38.5
H0,Winter,Saturday,05:15,39.1
H0,Winter,Saturday,05:30,40.3
H0,Winter,Saturday,05:45,42.4
H0,Winter,Saturday,06:00,45.6
H0,Winter,Saturday,06:15,49.9
H0,Winter,Saturday,06:30,55.3
H0,Winter,Saturday,06:45,61.6
H0,Winter,Saturday,07:00,68.9
H0,Winter,Saturday,07:15,77.1
H0,Winter,Saturday,07:30,86.1
H0,Winter,Saturday,07:45,95.7
H0,Winter,Saturday,08:00,105.8
H0,Winter,Saturday,08:15,115.8
H0,Winter,Saturday,08:30,124.9
H0,Winter,Saturday,08:45,132.3
H0,Winter,Saturday,09:00,137.6
H0,Winter,Saturday,09:15,141.1
H0,Winter,Saturday,09:30,143.3
H0,Winter,Saturday,09:45,144.8
H0,Winter,Saturday,10:00,146.0
H0,Winter,Saturday,10:15,147.2
H0,Winter,Saturday,10:30,148.4
H0,Winter,Saturday,10:45,149.8
H0,Winter,Saturday,11:00,151.5
H0,Winter,Saturday,11:15,153.5
H0,Winter,Saturday,11:30,156.0
H0,Winter,Saturday,11:45,159.0
H0,Winter,Saturday,12:00,162.4
H0,Winter,Saturday,12:15,165.8
H0,Winter,Saturday,12:30,168.4
H0,Winter,Saturday,12:45,169.8
H0,Winter,Saturday,13:00,169.4
H0,Winter,Saturday,13:15,167.6
H0,Winter,Saturday,13:30,164.8
H0,Winter,Saturday,13:45,161.5
H0,Winter,Saturday,14:00,158.1
H0,Winter,Saturday,14:15,154.9
H0,Winter,Saturday,14:30,151.8
H0,Winter,Saturday,14:45,149.0
H0,Winter,Saturday,15:00,146.5
H0,Winter,Saturday,15:15,144.4
H0,Winter,Saturday,15:30,142.7
H0,Winter,Saturday,15:45,141.5
H0,Winter,Saturday,16:00,140.9
H0,Winter,Saturday,16:15,141.7
H0,Winter,Saturday,16:30,144.9
H0,Winter,Saturday,16:45,151.5
H0,Winter,Saturday,17:00,161.9
H0,Winter,Saturday,17:15,174.6
H0,Winter,Saturday,17:30,187.4
H0,Winter,Saturday,17:45,198.1
H0,Winter,Saturday,18:00,205.2
H0,Winter,Saturday,18:15,209.1
H0,Winter,Saturday,18:30,211.1
H0,Winter,Saturday,18:45,212.2
H0,Winter,Saturday,19:00,213.2
H0,Winter,Saturday,19:15,213.0
H0,Winter,Saturday,19:30,210.4
H0,Winter,Saturday,19:45,203.9
H0,Winter,Saturday,20:00,192.9
H0,Winter,Saturday,20:15,179.0
H0,Winter,Saturday,20:30,164.4
H0,Winter,Saturday,20:45,151.5
H0,Winter,Saturday,21:00,141.9
H0,Winter,Saturday,21:15,135.3
H0,Winter,Saturday,21:30,131.0
H0,Winter,Saturday,21:45,128.2
H0,Winter,Saturday,22:00,126.1
H0,Winter,Saturday,22:15,124.1
H0,Winter,Saturday,22:30,121.6
H0,Winter,Saturday,22:45,118.2
H0,Winter,Saturday,23:00,113.4
H0,Winter,Saturday,23:15,107.4
H0,Winter,Saturday,23:30,100.8
H0,Winter,Saturday,23:45,94.1
H0,Winter,Sunday,00:00,87.5
H0,Winter,Sunday,00:15,81.1
H0,Winter,Sunday,00:30,75.0
H0,Winter,Sunday,00:45,69.1
H0,Winter,Sunday,01:00,63.4
H0,Winter,Sunday,01:15,58.2
H0,Winter,Sunday,01:30,53.6
H0,Winter,Sunday,01:45,49.9
H0,Winter,Sunday,02:00,47.3
H0,Winter,Sunday,02:15,45.5
H0,Winter,Sunday,02:30,44.2
H0,Winter,Sunday,02:45,43.3
H0,Winter,Sunday,03:00,42.4
H0,Winter,Sunday,03:15,41.5
H0,Winter,Sunday,03:30,40.7
H0,Winter,Sunday,03:45,40.0
H0,Winter,Sunday,04:00,39.3
H0,Winter,Sunday,04:15,38.8
H0,Winter,Sunday,04:30,38.5
H0,Winter,Sunday,04:45,38.3
H0,Winter,Sunday,05:00,38.3
H0,Winter,Sunday,05:15,38.4
H0,Winter,Sunday,05:30,38.7
H0,Winter,Sunday,05:45,39.1
H0,Winter,Sunday,06:00,39.7
H0,Winter,Sunday,06:15,40.4
H0,Winter,Sunday,06:30,41.3
H0,Winter,Sunday,06:45,42.4
H0,Winter,Sunday,07:00,44.0
H0,Winter,Sunday,07:15,46.6
H0,Winter,Sunday,07:30,51.1
H0,Winter,Sunday,07:45,58.3
H0,Winter,Sunday,08:00,68.6
H0,Winter,Sunday,08:15,81.3
H0,Winter,Sunday,08:30,95.2
H0,Winter,Sunday,08:45,109.0
H0,Winter,Sunday,09:00,121.9
H0,Winter,Sunday,09:15,133.7
H0,Winter,Sunday,09:30,144.4
H0,Winter,Sunday,09:45,154.0
H0,Winter,Sunday,10:00,162.6
H0,Winter,Sunday,10:15,170.5
H0,Winter,Sunday,10:30,178.0
H0,Winter,Sunday,10:45,185.6
H0,Winter,Sunday,11:00,193.3
H0,Winter,Sunday,11:15,200.6
H0,Winter,Sunday,11:30,206.6
H0,Winter,Sunday,11:45,210.6
H0,Winter,Sunday,12:00,211.8
H0,Winter,Sunday,12:15,210.2
H0,Winter,Sunday,12:30,205.9
H0,Winter,Sunday,12:45,198.9
H0,Winter,Sunday,13:00,189.6
H0,Winter,Sunday,13:15,178.7
H0,Winter,Sunday,13:30,167.3
H0,Winter,Sunday,13:45,156.5
H0,Winter,Sunday,14:00,147.0
H0,Winter,Sunday,14:15,138.9
H0,Winter,Sunday,14:30,132.1
H0,Winter,Sunday,14:45,126.5
H0,Winter,Sunday,15:00,122.0
H0,Winter,Sunday,15:15,118.1
H0,Winter,Sunday,15:30,114.8
H0,Winter,Sunday,15:45,111.5
H0,Winter,Sunday,16:00,108.3
H0,Winter,Sunday,16:15,105.9
H0,Winter,Sunday,16:30,105.2
H0,Winter,Sunday,16:45,107.4
H0,Winter,Sunday,17:00,112.9
H0,Winter,Sunday,17:15,120.9
H0,Winter,Sunday,17:30,130.0
H0,Winter,Sunday,17:45,139.0
H0,Winter,Sunday,18:00,146.8
H0,Winter,Sunday,18:15,153.5
H0,Winter,Sunday,18:30,159.7
H0,Winter,Sunday,18:45,165.6
H0,Winter,Sunday,19:00,171.5
H0,Winter,Sunday,19:15,176.4
H0,Winter,Sunday,19:30,179.1
H0,Winter,Sunday,19:45,178.1
H0,Winter,Sunday,20:00,172.9
H0,Winter,Sunday,20:15,164.7
H0,Winter,Sunday,20:30,155.6
H0,Winter,Sunday,20:45,147.3
H0,Winter,Sunday,21:00,141.4
H0,Winter,Sunday,21:15,137.2
H0,Winter,Sunday,21:30,133.7
H0,Winter,Sunday,21:45,129.8
H0,Winter,Sunday,22:00,124.8
H0,Winter,Sunday,22:15,118.6
H0,Winter,Sunday,22:30,111.6
H0,Winter,Sunday,22:45,104.0
H0,Winter,Sunday,23:00,96.2
H0,Winter,Sunday,23:15,88.4
H0,Winter,Sunday,23:30,80.7
H0,Winter,Sunday,23:45,73.2
H0,Transition,Workday,00:00,77.8
H0,Transition,Workday,00:15,69.6
H0,Transition,Workday,00:30,62.4
H0,Transition,Workday,00:45,56.6
H0,Transition,Workday,01:00,52.5
H0,Transition,Workday,01:15,49.7
H0,Transition,Workday,01:30,47.9
H0,Transition,Workday,01:45,46.6
H0,Transition,Workday,02:00,45.5
H0,Transition,Workday,02:15,44.5
H0,Transition,Workday,02:30,43.8
H0,Transition,Workday,02:45,43.3
H0,Transition,Workday,03:00,43.0
H0,Transition,Workday,03:15,43.0
H0,Transition,Workday,03:30,43.1
H0,Transition,Workday,03:45,43.3
H0,Transition,Workday,04:00,43.4
H0,Transition,Workday,04:15,43.7
H0,Transition,Workday,04:30,44.2
H0,Transition,Workday,04:45,44.9
H0,Transition,Workday,05:00,46.3
H0,Transition,Workday,05:15,48.9
H0,Transition,Workday,05:30,53.7
H0,Transition,Workday,05:45,61.6
H0,Transition,Workday,06:00,72.9
H0,Transition,Workday,06:15,86.3
H0,Transition,Workday,06:30,100.1
H0,Transition,Workday,06:45,112.4
H0,Transition,Workday,07:00,121.8
H0,Transition,Workday,07:15,128.5
H0,Transition,Workday,07:30,132.9
H0,Transition,Workday,07:45,135.7
H0,Transition,Workday,08:00,137.2
H0,Transition,Workday,08:15,137.7
H0,Transition,Workday,08:30,137.7
H0,Transition,Workday,08:45,137.3
H0,Transition,Workday,09:00,136.9
H0,Transition,Workday,09:15,136.4
H0,Transition,Workday,09:30,135.7
H0,Transition,Workday,09:45,134.8
H0,Transition,Workday,10:00,133.7
H0,Transition,Workday,10:15,132.4
H0,Transition,Workday,10:30,131.4
H0,Transition,Workday,10:45,130.7
H0,Transition,Workday,11:00,130.6
H0,Transition,Workday,11:15,131.5
H0,Transition,Workday,11:30,133.6
H0,Transition,Workday,11:45,137.3
H0,Transition,Workday,12:00,142.6
H0,Transition,Workday,12:15,148.2
H0,Transition,Workday,12:30,152.8
H0,Transition,Workday,12:45,154.8
H0,Transition,Workday,13:00,153.2
H0,Transition,Workday,13:15,148.9
H0,Transition,Workday,13:30,143.2
H0,Transition,Workday,13:45,137.3
H0,Transition,Workday,14:00,132.4
H0,Transition,Workday,14:15,128.4
H0,Transition,Workday,14:30,124.8
H0,Transition,Workday,14:45,121.5
H0,Transition,Workday,15:00,118.1
H0,Transition,Workday,15:15,114.8
H0,Transition,Workday,15:30,111.7
H0,Transition,Workday,15:45,109.0
H0,Transition,Workday,16:00,106.9
H0,Transition,Workday,16:15,105.7
H0,Transition,Workday,16:30,105.5
H0,Transition,Workday,16:45,106.5
H0,Transition,Workday,17:00,109.1
H0,Transition,Workday,17:15,113.1
H0,Transition,Workday,17:30,118.3
H0,Transition,Workday,17:45,124.8
H0,Transition,Workday,18:00,132.4
H0,Transition,Workday,18:15,140.6
H0,Transition,Workday,18:30,149.1
H0,Transition,Workday,18:45,157.3
H0,Transition,Workday,19:00,164.9
H0,Transition,Workday,19:15,171.1
H0,Transition,Workday,19:30,175.2
H0,Transition,Workday,19:45,176.5
H0,Transition,Workday,20:00,174.5
H0,Transition,Workday,20:15,170.5
H0,Transition,Workday,20:30,165.7
H0,Transition,Workday,20:45,161.5
H0,Transition,Workday,21:00,158.9
H0,Transition,Workday,21:15,157.2
H0,Transition,Workday,21:30,155.4
H0,Transition,Workday,21:45,152.3
H0,Transition,Workday,22:00,147.2
H0,Transition,Workday,22:15,140.3
H0,Transition,Workday,22:30,132.1
H0,Transition,Workday,22:45,123.2
H0,Transition,Workday,23:00,114.0
H0,Transition,Workday,23:15,104.8
H0,Transition,Workday,23:30,95.6
H0,Transition,Workday,23:45,86.6
H0,Transition,Saturday,00:00,80.2
H0,Transition,Saturday,00:15,75.1
H0,Transition,Saturday,00:30,70.7
H0,Transition,Saturday,00:45,66.6
H0,Transition,Saturday,01:00,62.3
H0,Transition,Saturday,01:15,58.0
H0,Transition,Saturday,01:30,54.1
H0,Transition,Saturday,01:45,50.8
H0,Transition,Saturday,02:00,48.4
H0,Transition,Saturday,02:15,46.8
H0,Transition,Saturday,02:30,45.7
H0,Transition,Saturday,02:45,44.9
H0,Transition,Saturday,03:00,44.4
H0,Transition,Saturday,03:15,43.9
H0,Transition,Saturday,03:30,43.5
H0,Transition,Saturday,03:45,43.3
H0,Transition,Saturday,04:00,43.1
H0,Transition,Saturday,04:15,43.1
H0,Transition,Saturday,04:30,43.1
H0,Transition,Saturday,04:45,43.3
H0,Transition,Saturday,05:00,43.6
H0,Transition,Saturday,05:15,44.2
H0,Transition,Saturday,05:30,45.4
H0,Transition,Saturday,05:45,47.4
H0,Transition,Saturday,06:00,50.5
H0,Transition,Saturday,06:15,54.9
H0,Transition,Saturday,06:30,60.7
H0,Transition,Saturday,06:45,68.2
H0,Transition,Saturday,07:00,77.5
H0,Transition,Saturday,07:15,87.9
H0,Transition,Saturday,07:30,98.6
H0,Transition,Saturday,07:45,109.0
H0,Transition,Saturday,08:00,118.4
H0,Transition,Saturday,08:15,126.7
H0,Transition,Saturday,08:30,133.8
H0,Transition,Saturday,08:45,139.8
H0,Transition,Saturday,09:00,144.7
H0,Transition,Saturday,09:15,148.8
H0,Transition,Saturday,09:30,152.4
H0,Transition,Saturday,09:45,155.6
H0,Transition,Saturday,10:00,158.9
H0,Transition,Saturday,10:15,162.0
H0,Transition,Saturday,10:30,164.9
H0,Transition,Saturday,10:45,167.3
H0,Transition,Saturday,11:00,169.2
H0,Transition,Saturday,11:15,170.8
H0,Transition,Saturday,11:30,172.5
H0,Transition,Saturday,11:45,174.8
H0,Transition,Saturday,12:00,177.7
H0,Transition,Saturday,12:15,180.8
H0,Transition,Saturday,12:30,183.1
H0,Transition,Saturday,12:45,183.9
H0,Transition,Saturday,13:00,182.7
H0,Transition,Saturday,13:15,179.8
H0,Transition,Saturday,13:30,175.8
H0,Transition,Saturday,13:45,171.5
H0,Transition,Saturday,14:00,167.2
H0,Transition,Saturday,14:15,163.1
H0,Transition,Saturday,14:30,159.2
H0,Transition,Saturday,14:45,155.6
H0,Transition,Saturday,15:00,152.3
H0,Transition,Saturday,15:15,149.5
H0,Transition,Saturday,15:30,147.2
H0,Transition,Saturday,15:45,145.7
H0,Transition,Saturday,16:00,145.0
H0,Transition,Saturday,16:15,145.4
H0,Transition,Saturday,16:30,146.7
H0,Transition,Saturday,16:45,149.0
H0,Transition,Saturday,17:00,152.3
H0,Transition,Saturday,17:15,156.4
H0,Transition,Saturday,17:30,161.5
H0,Transition,Saturday,17:45,167.3
H0,Transition,Saturday,18:00,173.7
H0,Transition,Saturday,18:15,180.4
H0,Transition,Saturday,18:30,186.7
H0,Transition,Saturday,18:45,192.3
H0,Transition,Saturday,19:00,196.5
H0,Transition,Saturday,19:15,199.0
H0,Transition,Saturday,19:30,199.4
H0,Transition,Saturday,19:45,197.3
H0,Transition,Saturday,20:00,192.4
H0,Transition,Saturday,20:15,185.2
H0,Transition,Saturday,20:30,176.6
H0,Transition,Saturday,20:45,167.3
H0,Transition,Saturday,21:00,157.9
H0,Transition,Saturday,21:15,149.5
H0,Transition,Saturday,21:30,142.9
H0,Transition,Saturday,21:45,139.0
H0,Transition,Saturday,22:00,138.3
H0,Transition,Saturday,22:15,139.2
H0,Transition,Saturday,22:30,139.5
H0,Transition,Saturday,22:45,137.3
H0,Transition,Saturday,23:00,131.1
H0,Transition,Saturday,23:15,121.9
H0,Transition,Saturday,23:30,111.5
H0,Transition,Saturday,23:45,101.5
H0,Transition,Sunday,00:00,93.4
H0,Transition,Sunday,00:15,86.8
H0,Transition,Sunday,00:30,81.2
H0,Transition,Sunday,00:45,75.7
H0,Transition,Sunday,01:00,70.1
H0,Transition,Sunday,01:15,64.5
H0,Transition,Sunday,01:30,59.3
H0,Transition,Sunday,01:45,54.9
H0,Transition,Sunday,02:00,51.7
H0,Transition,Sunday,02:15,49.4
H0,Transition,Sunday,02:30,47.8
H0,Transition,Sunday,02:45,46.6
H0,Transition,Sunday,03:00,45.5
H0,Transition,Sunday,03:15,44.5
H0,Transition,Sunday,03:30,43.8
H0,Transition,Sunday,03:45,43.3
H0,Transition,Sunday,04:00,43.1
H0,Transition,Sunday,04:15,43.1
H0,Transition,Sunday,04:30,43.2
H0,Transition,Sunday,04:45,43.3
H0,Transition,Sunday,05:00,43.3
H0,Transition,Sunday,05:15,43.3
H0,Transition,Sunday,05:30,43.2
H0,Transition,Sunday,05:45,43.3
H0,Transition,Sunday,06:00,43.5
H0,Transition,Sunday,06:15,44.3
H0,Transition,Sunday,06:30,46.0
H0,Transition,Sunday,06:45,49.1
H0,Transition,Sunday,07:00,53.9
H0,Transition,Sunday,07:15,60.4
H0,Transition,Sunday,07:30,68.8
H0,Transition,Sunday,07:45,79.1
H0,Transition,Sunday,08:00,91.1
H0,Transition,Sunday,08:15,104.3
H0,Transition,Sunday,08:30,118.0
H0,Transition,Sunday,08:45,131.5
H0,Transition,Sunday,09:00,144.2
H0,Transition,Sunday,09:15,155.5
H0,Transition,Sunday,09:30,165.3
H0,Transition,Sunday,09:45,173.1
H0,Transition,Sunday,10:00,178.8
H0,Transition,Sunday,10:15,183.1
H0,Transition,Sunday,10:30,187.0
H0,Transition,Sunday,10:45,191.4
H0,Transition,Sunday,11:00,197.0
H0,Transition,Sunday,11:15,203.0
H0,Transition,Sunday,11:30,208.5
H0,Transition,Sunday,11:45,212.2
H0,Transition,Sunday,12:00,213.5
H0,Transition,Sunday,12:15,211.8
H0,Transition,Sunday,12:30,207.0
H0,Transition,Sunday,12:45,198.9
H0,Transition,Sunday,13:00,187.6
H0,Transition,Sunday,13:15,174.6
H0,Transition,Sunday,13:30,161.7
H0,Transition,Sunday,13:45,150.6
H0,Transition,Sunday,14:00,142.8
H0,Transition,Sunday,14:15,137.6
H0,Transition,Sunday,14:30,133.9
H0,Transition,Sunday,14:45,130.7
H0,Transition,Sunday,15:00,127.1
H0,Transition,Sunday,15:15,123.1
H0,Transition,Sunday,15:30,119.0
H0,Transition,Sunday,15:45,114.9
H0,Transition,Sunday,16:00,111.0
H0,Transition,Sunday,16:15,107.7
H0,Transition,Sunday,16:30,105.6
H0,Transition,Sunday,16:45,104.9
H0,Transition,Sunday,17:00,106.0
H0,Transition,Sunday,17:15,108.8
H0,Transition,Sunday,17:30,113.2
H0,Transition,Sunday,17:45,119.0
H0,Transition,Sunday,18:00,126.0
H0,Transition,Sunday,18:15,133.7
H0,Transition,Sunday,18:30,141.5
H0,Transition,Sunday,18:45,149.0
H0,Transition,Sunday,19:00,155.5
H0,Transition,Sunday,19:15,160.6
H0,Transition,Sunday,19:30,163.6
H0,Transition,Sunday,19:45,164.0
H0,Transition,Sunday,20:00,161.5
H0,Transition,Sunday,20:15,157.1
H0,Transition,Sunday,20:30,152.2
H0,Transition,Sunday,20:45,148.2
H0,Transition,Sunday,21:00,145.9
H0,Transition,Sunday,21:15,144.7
H0,Transition,Sunday,21:30,143.6
H0,Transition,Sunday,21:45,141.5
H0,Transition,Sunday,22:00,137.5
H0,Transition,Sunday,22:15,131.8
H0,Transition,Sunday,22:30,124.7
H0,Transition,Sunday,22:45,116.5
H0,Transition,Sunday,23:00,107.6
H0,Transition,Sunday,23:15,98.4
H0,Transition,Sunday,23:30,89.2
H0,Transition,Sunday,23:45,80.7
G0,Summer,Workday,00:00,71.5
G0,Summer,Workday,00:15,69.0
G0,Summer,Workday,00:30,66.3
G0,Summer,Workday,00:45,63.5
G0,Summer,Workday,01:00,60.9
G0,Summer,Workday,01:15,58.6
G0,Summer,Workday,01:30,56.6
G0,Summer,Workday,01:45,55.1
G0,Summer,Workday,02:00,54.2
G0,Summer,Workday,02:15,53.7
G0,Summer,Workday,02:30,53.4
G0,Summer,Workday,02:45,53.3
G0,Summer,Workday,03:00,53.1
G0,Summer,Workday,03:15,53.2
G0,Summer,Workday,03:30,54.1
G0,Summer,Workday,03:45,56.1
G0,Summer,Workday,04:00,59.4
G0,Summer,Workday,04:15,63.3
G0,Summer,Workday,04:30,67.2
G0,Summer,Workday,04:45,70.1
G0,Summer,Workday,05:00,71.4
G0,Summer,Workday,05:15,71.6
G0,Summer,Workday,05:30,71.2
G0,Summer,Workday,05:45,71.0
G0,Summer,Workday,06:00,71.5
G0,Summer,Workday,06:15,73.1
G0,Summer,Workday,06:30,75.9
G0,Summer,Workday,06:45,80.4
G0,Summer,Workday,07:00,86.6
G0,Summer,Workday,07:15,95.1
G0,Summer,Workday,07:30,106.3
G0,Summer,Workday,07:45,120.5
G0,Summer,Workday,08:00,137.8
G0,Summer,Workday,08:15,156.3
G0,Summer,Workday,08:30,173.4
G0,Summer,Workday,08:45,186.9
G0,Summer,Workday,09:00,195.0
G0,Summer,Workday,09:15,198.7
G0,Summer,Workday,09:30,199.8
G0,Summer,Workday,09:45,200.0
G0,Summer,Workday,10:00,200.6
G0,Summer,Workday,10:15,201.9
G0,Summer,Workday,10:30,203.6
G0,Summer,Workday,10:45,205.6
G0,Summer,Workday,11:00,207.6
G0,Summer,Workday,11:15,209.1
G0,Summer,Workday,11:30,209.6
G0,Summer,Workday,11:45,208.4
G0,Summer,Workday,12:00,205.1
G0,Summer,Workday,12:15,200.0
G0,Summer,Workday,12:30,193.8
G0,Summer,Workday,12:45,186.9
G0,Summer,Workday,13:00,179.9
G0,Summer,Workday,13:15,173.4
G0,Summer,Workday,13:30,168.1
G0,Summer,Workday,13:45,164.4
G0,Summer,Workday,14:00,163.0
G0,Summer,Workday,14:15,163.5
G0,Summer,Workday,14:30,165.4
G0,Summer,Workday,14:45,168.2
G0,Summer,Workday,15:00,171.5
G0,Summer,Workday,15:15,174.6
G0,Summer,Workday,15:30,177.2
G0,Summer,Workday,15:45,178.5
G0,Summer,Workday,16:00,178.2
G0,Summer,Workday,16:15,176.8
G0,Summer,Workday,16:30,175.1
G0,Summer,Workday,16:45,173.8
G0,Summer,Workday,17:00,173.2
G0,Summer,Workday,17:15,172.4
G0,Summer,Workday,17:30,170.2
G0,Summer,Workday,17:45,165.4
G0,Summer,Workday,18:00,157.1
G0,Summer,Workday,18:15,146.1
G0,Summer,Workday,18:30,133.8
G0,Summer,Workday,18:45,121.5
G0,Summer,Workday,19:00,110.1
G0,Summer,Workday,19:15,100.5
G0,Summer,Workday,19:30,93.2
G0,Summer,Workday,19:45,88.8
G0,Summer,Workday,20:00,87.4
G0,Summer,Workday,20:15,88.1
G0,Summer,Workday,20:30,89.6
G0,Summer,Workday,20:45,90.6
G0,Summer,Workday,21:00,90.2
G0,Summer,Workday,21:15,88.5
G0,Summer,Workday,21:30,86.3
G0,Summer,Workday,21:45,84.1
G0,Summer,Workday,22:00,82.4
G0,Summer,Workday,22:15,81.2
G0,Summer,Workday,22:30,80.3
G0,Summer,Workday,22:45,79.4
G0,Summer,Workday,23:00,78.4
G0,Summer,Workday,23:15,77.2
G0,Summer,Workday,23:30,75.7
G0,Summer,Workday,23:45,73.8
G0,Summer,Saturday,00:00,74.6
G0,Summer,Saturday,00:15,76.2
G0,Summer,Saturday,00:30,77.7
G0,Summer,Saturday,00:45,78.5
G0,Summer,Saturday,01:00,77.9
G0,Summer,Saturday,01:15,76.3
G0,Summer,Saturday,01:30,74.1
G0,Summer,Saturday,01:45,71.9
G0,Summer,Saturday,02:00,70.2
G0,Summer,Saturday,02:15,68.9
G0,Summer,Saturday,02:30,67.9
G0,Summer,Saturday,02:45,67.3
G0,Summer,Saturday,03:00,66.9
G0,Summer,Saturday,03:15,66.7
G0,Summer,Saturday,03:30,66.8
G0,Summer,Saturday,03:45,67.3
G0,Summer,Saturday,04:00,68.0
G0,Summer,Saturday,04:15,69.0
G0,Summer,Saturday,04:30,70.0
G0,Summer,Saturday,04:45,71.0
G0,Summer,Saturday,05:00,71.8
G0,Summer,Saturday,05:15,72.4
G0,Summer,Saturday,05:30,72.8
G0,Summer,Saturday,05:45,72.9
G0,Summer,Saturday,06:00,73.0
G0,Summer,Saturday,06:15,73.9
G0,Summer,Saturday,06:30,77.0
G0,Summer,Saturday,06:45,83.2
G0,Summer,Saturday,07:00,93.3
G0,Summer,Saturday,07:15,106.2
G0,Summer,Saturday,07:30,120.5
G0,Summer,Saturday,07:45,134.5
G0,Summer,Saturday,08:00,147.2
G0,Summer,Saturday,08:15,157.8
G0,Summer,Saturday,08:30,166.2
G0,Summer,Saturday,08:45,171.9
G0,Summer,Saturday,09:00,175.0
G0,Summer,Saturday,09:15,176.1
G0,Summer,Saturday,09:30,176.3
G0,Summer,Saturday,09:45,176.6
G0,Summer,Saturday,10:00,177.7
G0,Summer,Saturday,10:15,179.4
G0,Summer,Saturday,10:30,181.3
G0,Summer,Saturday,10:45,183.1
G0,Summer,Saturday,11:00,184.4
G0,Summer,Saturday,11:15,185.2
G0,Summer,Saturday,11:30,185.3
G0,Summer,Saturday,11:45,185.0
G0,Summer,Saturday,12:00,184.1
G0,Summer,Saturday,12:15,182.4
G0,Summer,Saturday,12:30,179.7
G0,Summer,Saturday,12:45,175.7
G0,Summer,Saturday,13:00,170.1
G0,Summer,Saturday,13:15,163.1
G0,Summer,Saturday,13:30,154.6
G0,Summer,Saturday,13:45,144.8
G0,Summer,Saturday,14:00,133.9
G0,Summer,Saturday,14:15,122.7
G0,Summer,Saturday,14:30,112.0
G0,Summer,Saturday,14:45,102.8
G0,Summer,Saturday,15:00,95.7
G0,Summer,Saturday,15:15,90.4
G0,Summer,Saturday,15:30,86.4
G0,Summer,Saturday,15:45,83.2
G0,Summer,Saturday,16:00,80.3
G0,Summer,Saturday,16:15,77.8
G0,Summer,Saturday,16:30,75.9
G0,Summer,Saturday,16:45,74.7
G0,Summer,Saturday,17:00,74.4
G0,Summer,Saturday,17:15,74.8
G0,Summer,Saturday,17:30,75.6
G0,Summer,Saturday,17:45,76.6
G0,Summer,Saturday,18:00,77.6
G0,Summer,Saturday,18:15,78.5
G0,Summer,Saturday,18:30,79.1
G0,Summer,Saturday,18:45,79.4
G0,Summer,Saturday,19:00,79.4
G0,Summer,Saturday,19:15,79.4
G0,Summer,Saturday,19:30,79.6
G0,Summer,Saturday,19:45,80.4
G0,Summer,Saturday,20:00,81.9
G0,Summer,Saturday,20:15,83.9
G0,Summer,Saturday,20:30,85.7
G0,Summer,Saturday,20:45,86.9
G0,Summer,Saturday,21:00,87.0
G0,Summer,Saturday,21:15,86.3
G0,Summer,Saturday,21:30,84.9
G0,Summer,Saturday,21:45,83.2
G0,Summer,Saturday,22:00,81.3
G0,Summer,Saturday,22:15,79.3
G0,Summer,Saturday,22:30,77.4
G0,Summer,Saturday,22:45,75.7
G0,Summer,Saturday,23:00,74.1
G0,Summer,Saturday,23:15,72.7
G0,Summer,Saturday,23:30,71.3
G0,Summer,Saturday,23:45,70.1
G0,Summer,Sunday,00:00,68.8
G0,Summer,Sunday,00:15,67.4
G0,Summer,Sunday,00:30,65.7
G0,Summer,Sunday,00:45,63.5
G0,Summer,Sunday,01:00,60.9
G0,Summer,Sunday,01:15,58.0
G0,Summer,Sunday,01:30,55.4
G0,Summer,Sunday,01:45,53.3
G0,Summer,Sunday,02:00,52.0
G0,Summer,Sunday,02:15,51.4
G0,Summer,Sunday,02:30,51.0
G0,Summer,Sunday,02:45,50.5
G0,Summer,Sunday,03:00,49.6
G0,Summer,Sunday,03:15,48.5
G0,Summer,Sunday,03:30,47.5
G0,Summer,Sunday,03:45,46.7
G0,Summer,Sunday,04:00,46.4
G0,Summer,Sunday,04:15,46.5
G0,Summer,Sunday,04:30,46.6
G0,Summer,Sunday,04:45,46.7
G0,Summer,Sunday,05:00,46.6
G0,Summer,Sunday,05:15,46.3
G0,Summer,Sunday,05:30,46.0
G0,Summer,Sunday,05:45,45.8
G0,Summer,Sunday,06:00,45.9
G0,Summer,Sunday,06:15,46.3
G0,Summer,Sunday,06:30,47.2
G0,Summer,Sunday,06:45,48.6
G0,Summer,Sunday,07:00,50.5
G0,Summer,Sunday,07:15,52.6
G0,Summer,Sunday,07:30,54.3
G0,Summer,Sunday,07:45,55.1
G0,Summer,Sunday,08:00,54.8
G0,Summer,Sunday,08:15,53.9
G0,Summer,Sunday,08:30,53.2
G0,Summer,Sunday,08:45,53.3
G0,Summer,Sunday,09:00,54.7
G0,Summer,Sunday,09:15,57.2
G0,Summer,Sunday,09:30,60.0
G0,Summer,Sunday,09:45,62.6
G0,Summer,Sunday,10:00,64.5
G0,Summer,Sunday,10:15,65.9
G0,Summer,Sunday,10:30,67.0
G0,Summer,Sunday,10:45,68.2
G0,Summer,Sunday,11:00,69.7
G0,Summer,Sunday,11:15,71.4
G0,Summer,Sunday,11:30,73.2
G0,Summer,Sunday,11:45,74.7
G0,Summer,Sunday,12:00,76.0
G0,Summer,Sunday,12:15,77.0
G0,Summer,Sunday,12:30,77.8
G0,Summer,Sunday,12:45,78.5
G0,Summer,Sunday,13:00,79.1
G0,Summer,Sunday,13:15,79.5
G0,Summer,Sunday,13:30,79.3
G0,Summer,Sunday,13:45,78.5
G0,Summer,Sunday,14:00,76.8
G0,Summer,Sunday,14:15,74.4
G0,Summer,Sunday,14:30,71.8
G0,Summer,Sunday,14:45,69.1
G0,Summer,Sunday,15:00,66.8
G0,Summer,Sunday,15:15,64.8
G0,Summer,Sunday,15:30,63.1
G0,Summer,Sunday,15:45,61.7
G0,Summer,Sunday,16:00,60.4
G0,Summer,Sunday,16:15,59.7
G0,Summer,Sunday,16:30,59.7
G0,Summer,Sunday,16:45,60.7
G0,Summer,Sunday,17:00,63.0
G0,Summer,Sunday,17:15,66.0
G0,Summer,Sunday,17:30,69.2
G0,Summer,Sunday,17:45,71.9
G0,Summer,Sunday,18:00,73.9
G0,Summer,Sunday,18:15,75.1
G0,Summer,Sunday,18:30,76.0
G0,Summer,Sunday,18:45,76.6
G0,Summer,Sunday,19:00,77.3
G0,Summer,Sunday,19:15,78.2
G0,Summer,Sunday,19:30,79.2
G0,Summer,Sunday,19:45,80.4
G0,Summer,Sunday,20:00,81.6
G0,Summer,Sunday,20:15,82.9
G0,Summer,Sunday,20:30,83.8
G0,Summer,Sunday,20:45,84.1
G0,Summer,Sunday,21:00,83.7
G0,Summer,Sunday,21:15,82.7
G0,Summer,Sunday,21:30,81.2
G0,Summer,Sunday,21:45,79.4
G0,Summer,Sunday,22:00,77.5
G0,Summer,Sunday,22:15,75.5
G0,Summer,Sunday,22:30,73.3
G0,Summer,Sunday,22:45,71.0
G0,Summer,Sunday,23:00,68.6
G0,Summer,Sunday,23:15,66.4
G0,Summer,Sunday,23:30,64.6
G0,Summer,Sunday,23:45,63.5
G0,Winter,Workday,00:00,65.5
G0,Winter,Workday,00:15,62.6
G0,Winter,Workday,00:30,59.6
G0,Winter,Workday,00:45,57.0
G0,Winter,Workday,01:00,54.8
G0,Winter,Workday,01:15,53.1
G0,Winter,Workday,01:30,51.7
G0,Winter,Workday,01:45,50.5
G0,Winter,Workday,02:00,49.4
G0,Winter,Workday,02:15,48.5
G0,Winter,Workday,02:30,47.9
G0,Winter,Workday,02:45,47.7
G0,Winter,Workday,03:00,47.9
G0,Winter,Workday,03:15,48.7
G0,Winter,Workday,03:30,50.2
G0,Winter,Workday,03:45,52.3
G0,Winter,Workday,04:00,55.1
G0,Winter,Workday,04:15,58.2
G0,Winter,Workday,04:30,61.2
G0,Winter,Workday,04:45,63.5
G0,Winter,Workday,05:00,65.0
G0,Winter,Workday,05:15,66.0
G0,Winter,Workday,05:30,67.1
G0,Winter,Workday,05:45,69.1
G0,Winter,Workday,06:00,72.5
G0,Winter,Workday,06:15,77.1
G0,Winter,Workday,06:30,82.9
G0,Winter,Workday,06:45,89.7
G0,Winter,Workday,07:00,97.6
G0,Winter,Workday,07:15,107.3
G0,Winter,Workday,07:30,119.9
G0,Winter,Workday,07:45,136.4
G0,Winter,Workday,08:00,157.1
G0,Winter,Workday,08:15,179.5
G0,Winter,Workday,08:30,200.5
G0,Winter,Workday,08:45,216.8
G0,Winter,Workday,09:00,226.2
G0,Winter,Workday,09:15,230.0
G0,Winter,Workday,09:30,230.4
G0,Winter,Workday,09:45,229.9
G0,Winter,Workday,10:00,230.0
G0,Winter,Workday,10:15,231.2
G0,Winter,Workday,10:30,233.0
G0,Winter,Workday,10:45,235.5
G0,Winter,Workday,11:00,238.1
G0,Winter,Workday,11:15,240.0
G0,Winter,Workday,11:30,240.4
G0,Winter,Workday,11:45,238.3
G0,Winter,Workday,12:00,233.0
G0,Winter,Workday,12:15,225.1
G0,Winter,Workday,12:30,215.7
G0,Winter,Workday,12:45,205.6
G0,Winter,Workday,13:00,195.7
G0,Winter,Workday,13:15,186.7
G0,Winter,Workday,13:30,179.2
G0,Winter,Workday,13:45,173.8
G0,Winter,Workday,14:00,171.0
G0,Winter,Workday,14:15,170.7
G0,Winter,Workday,14:30,172.7
G0,Winter,Workday,14:45,176.6
G0,Winter,Workday,15:00,182.1
G0,Winter,Workday,15:15,188.2
G0,Winter,Workday,15:30,193.9
G0,Winter,Workday,15:45,198.1
G0,Winter,Workday,16:00,200.1
G0,Winter,Workday,16:15,200.7
G0,Winter,Workday,16:30,200.9
G0,Winter,Workday,16:45,201.8
G0,Winter,Workday,17:00,204.0
G0,Winter,Workday,17:15,205.8
G0,Winter,Workday,17:30,205.5
G0,Winter,Workday,17:45,200.9
G0,Winter,Workday,18:00,190.7
G0,Winter,Workday,18:15,176.6
G0,Winter,Workday,18:30,160.5
G0,Winter,Workday,18:45,144.8
G0,Winter,Workday,19:00,131.3
G0,Winter,Workday,19:15,120.1
G0,Winter,Workday,19:30,111.3
G0,Winter,Workday,19:45,104.6
G0,Winter,Workday,20:00,100.0
G0,Winter,Workday,20:15,96.7
G0,Winter,Workday,20:30,94.1
G0,Winter,Workday,20:45,91.6
G0,Winter,Workday,21:00,88.5
G0,Winter,Workday,21:15,85.2
G0,Winter,Workday,21:30,82.1
G0,Winter,Workday,21:45,79.4
G0,Winter,Workday,22:00,77.6
G0,Winter,Workday,22:15,76.4
G0,Winter,Workday,22:30,75.6
G0,Winter,Workday,22:45,74.7
G0,Winter,Workday,23:00,73.7
G0,Winter,Workday,23:15,72.3
G0,Winter,Workday,23:30,70.5
G0,Winter,Workday,23:45,68.2
G0,Winter,Saturday,00:00,70.0
G0,Winter,Saturday,00:15,73.0
G0,Winter,Saturday,00:30,75.9
G0,Winter,Saturday,00:45,77.6
G0,Winter,Saturday,01:00,77.1
G0,Winter,Saturday,01:15,75.0
G0,Winter,Saturday,01:30,72.1
G0,Winter,Saturday,01:45,69.1
G0,Winter,Saturday,02:00,66.8
G0,Winter,Saturday,02:15,65.1
G0,Winter,Saturday,02:30,64.1
G0,Winter,Saturday,02:45,63.5
G0,Winter,Saturday,03:00,63.4
G0,Winter,Saturday,03:15,63.6
G0,Winter,Saturday,03:30,64.0
G0,Winter,Saturday,03:45,64.5
G0,Winter,Saturday,04:00,65.0
G0,Winter,Saturday,04:15,65.6
G0,Winter,Saturday,04:30,66.3
G0,Winter,Saturday,04:45,67.3
G0,Winter,Saturday,05:00,68.5
G0,Winter,Saturday,05:15,69.9
G0,Winter,Saturday,05:30,71.4
G0,Winter,Saturday,05:45,72.9
G0,Winter,Saturday,06:00,74.4
G0,Winter,Saturday,06:15,76.8
G0,Winter,Saturday,06:30,81.0
G0,Winter,Saturday,06:45,87.8
G0,Winter,Saturday,07:00,98.0
G0,Winter,Saturday,07:15,110.7
G0,Winter,Saturday,07:30,124.8
G0,Winter,Saturday,07:45,139.2
G0,Winter,Saturday,08:00,153.0
G0,Winter,Saturday,08:15,165.4
G0,Winter,Saturday,08:30,175.9
G0,Winter,Saturday,08:45,184.1
G0,Winter,Saturday,09:00,189.5
G0,Winter,Saturday,09:15,192.8
G0,Winter,Saturday,09:30,195.1
G0,Winter,Saturday,09:45,197.1
G0,Winter,Saturday,10:00,199.8
G0,Winter,Saturday,10:15,202.7
G0,Winter,Saturday,10:30,205.4
G0,Winter,Saturday,10:45,207.4
G0,Winter,Saturday,11:00,208.4
G0,Winter,Saturday,11:15,208.3
G0,Winter,Saturday,11:30,207.4
G0,Winter,Saturday,11:45,205.6
G0,Winter,Saturday,12:00,203.0
G0,Winter,Saturday,12:15,199.7
G0,Winter,Saturday,12:30,195.6
G0,Winter,Saturday,12:45,190.6
G0,Winter,Saturday,13:00,184.6
G0,Winter,Saturday,13:15,177.5
G0,Winter,Saturday,13:30,168.9
G0,Winter,Saturday,13:45,158.8
G0,Winter,Saturday,14:00,147.2
G0,Winter,Saturday,14:15,134.8
G0,Winter,Saturday,14:30,122.7
G0,Winter,Saturday,14:45,112.1
G0,Winter,Saturday,15:00,103.8
G0,Winter,Saturday,15:15,97.4
G0,Winter,Saturday,15:30,92.6
G0,Winter,Saturday,15:45,88.8
G0,Winter,Saturday,16:00,85.6
G0,Winter,Saturday,16:15,83.3
G0,Winter,Saturday,16:30,82.4
G0,Winter,Saturday,16:45,83.2
G0,Winter,Saturday,17:00,85.8
G0,Winter,Saturday,17:15,89.5
G0,Winter,Saturday,17:30,93.4
G0,Winter,Saturday,17:45,96.2
G0,Winter,Saturday,18:00,97.4
G0,Winter,Saturday,18:15,97.4
G0,Winter,Saturday,18:30,96.8
G0,Winter,Saturday,18:45,96.2
G0,Winter,Saturday,19:00,96.3
G0,Winter,Saturday,19:15,96.8
G0,Winter,Saturday,19:30,97.2
G0,Winter,Saturday,19:45,97.2
G0,Winter,Saturday,20:00,96.3
G0,Winter,Saturday,20:15,94.8
G0,Winter,Saturday,20:30,92.8
G0,Winter,Saturday,20:45,90.6
G0,Winter,Saturday,21:00,88.5
G0,Winter,Saturday,21:15,86.4
G0,Winter,Saturday,21:30,84.3
G0,Winter,Saturday,21:45,82.2
G0,Winter,Saturday,22:00,80.1
G0,Winter,Saturday,22:15,78.0
G0,Winter,Saturday,22:30,75.9
G0,Winter,Saturday,22:45,73.8
G0,Winter,Saturday,23:00,71.7
G0,Winter,Saturday,23:15,69.7
G0,Winter,Saturday,23:30,67.6
G0,Winter,Saturday,23:45,65.4
G0,Winter,Sunday,00:00,63.2
G0,Winter,Sunday,00:15,61.0
G0,Winter,Sunday,00:30,58.9
G0,Winter,Sunday,00:45,57.0
G0,Winter,Sunday,01:00,55.3
G0,Winter,Sunday,01:15,53.7
G0,Winter,Sunday,01:30,52.1
G0,Winter,Sunday,01:45,50.5
G0,Winter,Sunday,02:00,48.7
G0,Winter,Sunday,02:15,46.9
G0,Winter,Sunday,02:30,45.2
G0,Winter,Sunday,02:45,43.9
G0,Winter,Sunday,03:00,43.0
G0,Winter,Sunday,03:15,42.5
G0,Winter,Sunday,03:30,42.2
G0,Winter,Sunday,03:45,42.0
G0,Winter,Sunday,04:00,41.9
G0,Winter,Sunday,04:15,41.8
G0,Winter,Sunday,04:30,41.8
G0,Winter,Sunday,04:45,42.0
G0,Winter,Sunday,05:00,42.6
G0,Winter,Sunday,05:15,43.4
G0,Winter,Sunday,05:30,44.4
G0,Winter,Sunday,05:45,45.8
G0,Winter,Sunday,06:00,47.4
G0,Winter,Sunday,06:15,49.0
G0,Winter,Sunday,06:30,50.4
G0,Winter,Sunday,06:45,51.4
G0,Winter,Sunday,07:00,51.8
G0,Winter,Sunday,07:15,51.7
G0,Winter,Sunday,07:30,51.2
G0,Winter,Sunday,07:45,50.5
G0,Winter,Sunday,08:00,49.6
G0,Winter,Sunday,08:15,49.0
G0,Winter,Sunday,08:30,48.8
G0,Winter,Sunday,08:45,49.5
G0,Winter,Sunday,09:00,51.3
G0,Winter,Sunday,09:15,53.8
G0,Winter,Sunday,09:30,56.8
G0,Winter,Sunday,09:45,59.8
G0,Winter,Sunday,10:00,62.6
G0,Winter,Sunday,10:15,65.1
G0,Winter,Sunday,10:30,67.2
G0,Winter,Sunday,10:45,69.1
G0,Winter,Sunday,11:00,70.8
G0,Winter,Sunday,11:15,72.2
G0,Winter,Sunday,11:30,73.5
G0,Winter,Sunday,11:45,74.7
G0,Winter,Sunday,12:00,76.0
G0,Winter,Sunday,12:15,77.3
G0,Winter,Sunday,12:30,78.4
G0,Winter,Sunday,12:45,79.4
G0,Winter,Sunday,13:00,80.1
G0,Winter,Sunday,13:15,80.5
G0,Winter,Sunday,13:30,80.3
G0,Winter,Sunday,13:45,79.4
G0,Winter,Sunday,14:00,77.8
G0,Winter,Sunday,14:15,75.7
G0,Winter,Sunday,14:30,73.4
G0,Winter,Sunday,14:45,71.0
G0,Winter,Sunday,15:00,68.9
G0,Winter,Sunday,15:15,67.0
G0,Winter,Sunday,15:30,65.2
G0,Winter,Sunday,15:45,63.5
G0,Winter,Sunday,16:00,62.0
G0,Winter,Sunday,16:15,61.2
G0,Winter,Sunday,16:30,61.8
G0,Winter,Sunday,16:45,64.5
G0,Winter,Sunday,17:00,69.5
G0,Winter,Sunday,17:15,76.0
G0,Winter,Sunday,17:30,82.6
G0,Winter,Sunday,17:45,87.8
G0,Winter,Sunday,18:00,90.8
G0,Winter,Sunday,18:15,92.1
G0,Winter,Sunday,18:30,92.3
G0,Winter,Sunday,18:45,92.5
G0,Winter,Sunday,19:00,93.1
G0,Winter,Sunday,19:15,94.0
G0,Winter,Sunday,19:30,94.6
G0,Winter,Sunday,19:45,94.4
G0,Winter,Sunday,20:00,93.0
G0,Winter,Sunday,20:15,90.8
G0,Winter,Sunday,20:30,88.0
G0,Winter,Sunday,20:45,85.0
G0,Winter,Sunday,21:00,82.1
G0,Winter,Sunday,21:15,79.4
G0,Winter,Sunday,21:30,76.9
G0,Winter,Sunday,21:45,74.7
G0,Winter,Sunday,22:00,72.8
G0,Winter,Sunday,22:15,71.1
G0,Winter,Sunday,22:30,69.3
G0,Winter,Sunday,22:45,67.3
G0,Winter,Sunday,23:00,65.0
G0,Winter,Sunday,23:15,62.6
G0,Winter,Sunday,23:30,60.4
G0,Winter,Sunday,23:45,58.9
G0,Transition,Workday,00:00,73.0
G0,Transition,Workday,00:15,70.1
G0,Transition,Workday,00:30,67.1
G0,Transition,Workday,00:45,64.5
G0,Transition,Workday,01:00,62.3
G0,Transition,Workday,01:15,60.6
G0,Transition,Workday,01:30,59.2
G0,Transition,Workday,01:45,57.9
G0,Transition,Workday,02:00,56.7
G0,Transition,Workday,02:15,55.6
G0,Transition,Workday,02:30,54.7
G0,Transition,Workday,02:45,54.2
G0,Transition,Workday,03:00,54.1
G0,Transition,Workday,03:15,54.6
G0,Transition,Workday,03:30,55.8
G0,Transition,Workday,03:45,57.9
G0,Transition,Workday,04:00,60.9
G0,Transition,Workday,04:15,64.4
G0,Transition,Workday,04:30,68.0
G0,Transition,Workday,04:45,71.0
G0,Transition,Workday,05:00,73.2
G0,Transition,Workday,05:15,74.7
G0,Transition,Workday,05:30,75.7
G0,Transition,Workday,05:45,76.6
G0,Transition,Workday,06:00,77.7
G0,Transition,Workday,06:15,79.3
G0,Transition,Workday,06:30,81.9
G0,Transition,Workday,06:45,86.0
G0,Transition,Workday,07:00,91.9
G0,Transition,Workday,07:15,100.4
G0,Transition,Workday,07:30,111.9
G0,Transition,Workday,07:45,127.1
G0,Transition,Workday,08:00,145.9
G0,Transition,Workday,08:15,166.2
G0,Transition,Workday,08:30,185.2
G0,Transition,Workday,08:45,200.0
G0,Transition,Workday,09:00,208.5
G0,Transition,Workday,09:15,212.1
G0,Transition,Workday,09:30,212.6
G0,Transition,Workday,09:45,212.1
G0,Transition,Workday,10:00,212.2
G0,Transition,Workday,10:15,213.1
G0,Transition,Workday,10:30,214.6
G0,Transition,Workday,10:45,216.8
G0,Transition,Workday,11:00,219.2
G0,Transition,Workday,11:15,221.2
G0,Transition,Workday,11:30,222.0
G0,Transition,Workday,11:45,220.5
G0,Transition,Workday,12:00,216.3
G0,Transition,Workday,12:15,209.8
G0,Transition,Workday,12:30,201.9
G0,Transition,Workday,12:45,193.4
G0,Transition,Workday,13:00,185.0
G0,Transition,Workday,13:15,177.4
G0,Transition,Workday,13:30,170.9
G0,Transition,Workday,13:45,166.3
G0,Transition,Workday,14:00,163.9
G0,Transition,Workday,14:15,163.6
G0,Transition,Workday,14:30,165.1
G0,Transition,Workday,14:45,168.2
G0,Transition,Workday,15:00,172.5
G0,Transition,Workday,15:15,177.3
G0,Transition,Workday,15:30,181.4
G0,Transition,Workday,15:45,184.1
G0,Transition,Workday,16:00,184.5
G0,Transition,Workday,16:15,183.6
G0,Transition,Workday,16:30,182.1
G0,Transition,Workday,16:45,181.3
G0,Transition,Workday,17:00,181.5
G0,Transition,Workday,17:15,181.7
G0,Transition,Workday,17:30,180.0
G0,Transition,Workday,17:45,174.7
G0,Transition,Workday,18:00,164.8
G0,Transition,Workday,18:15,151.5
G0,Transition,Workday,18:30,137.0
G0,Transition,Workday,18:45,123.3
G0,Transition,Workday,19:00,112.1
G0,Transition,Workday,19:15,103.4
G0,Transition,Workday,19:30,97.3
G0,Transition,Workday,19:45,93.4
G0,Transition,Workday,20:00,91.6
G0,Transition,Workday,20:15,91.1
G0,Transition,Workday,20:30,91.1
G0,Transition,Workday,20:45,90.6
G0,Transition,Workday,21:00,89.2
G0,Transition,Workday,21:15,87.2
G0,Transition,Workday,21:30,85.0
G0,Transition,Workday,21:45,83.2
G0,Transition,Workday,22:00,82.1
G0,Transition,Workday,22:15,81.7
G0,Transition,Workday,22:30,81.6
G0,Transition,Workday,22:45,81.3
G0,Transition,Workday,23:00,80.6
G0,Transition,Workday,23:15,79.5
G0,Transition,Workday,23:30,77.9
G0,Transition,Workday,23:45,75.7
G0,Transition,Saturday,00:00,75.8
G0,Transition,Saturday,00:15,76.7
G0,Transition,Saturday,00:30,77.7
G0,Transition,Saturday,00:45,78.5
G0,Transition,Saturday,01:00,78.5
G0,Transition,Saturday,01:15,77.8
G0,Transition,Saturday,01:30,76.6
G0,Transition,Saturday,01:45,74.7
G0,Transition,Saturday,02:00,72.6
G0,Transition,Saturday,02:15,70.4
G0,Transition,Saturday,02:30,68.5
G0,Transition,Saturday,02:45,67.3
G0,Transition,Saturday,03:00,67.0
G0,Transition,Saturday,03:15,67.5
G0,Transition,Saturday,03:30,68.3
G0,Transition,Saturday,03:45,69.1
G0,Transition,Saturday,04:00,69.7
G0,Transition,Saturday,04:15,70.1
G0,Transition,Saturday,04:30,70.5
G0,Transition,Saturday,04:45,71.0
G0,Transition,Saturday,05:00,71.8
G0,Transition,Saturday,05:15,72.5
G0,Transition,Saturday,05:30,73.0
G0,Transition,Saturday,05:45,72.9
G0,Transition,Saturday,06:00,72.2
G0,Transition,Saturday,06:15,72.2
G0,Transition,Saturday,06:30,74.4
G0,Transition,Saturday,06:45,80.4
G0,Transition,Saturday,07:00,91.0
G0,Transition,Saturday,07:15,105.2
G0,Transition,Saturday,07:30,121.2
G0,Transition,Saturday,07:45,137.4
G0,Transition,Saturday,08:00,152.1
G0,Transition,Saturday,08:15,164.9
G0,Transition,Saturday,08:30,175.1
G0,Transition,Saturday,08:45,182.2
G0,Transition,Saturday,09:00,186.1
G0,Transition,Saturday,09:15,187.5
G0,Transition,Saturday,09:30,187.7
G0,Transition,Saturday,09:45,187.8
G0,Transition,Saturday,10:00,188.7
G0,Transition,Saturday,10:15,190.1
G0,Transition,Saturday,10:30,191.9
G0,Transition,Saturday,10:45,193.4
G0,Transition,Saturday,11:00,194.5
G0,Transition,Saturday,11:15,195.1
G0,Transition,Saturday,11:30,195.3
G0,Transition,Saturday,11:45,195.3
G0,Transition,Saturday,12:00,194.9
G0,Transition,Saturday,12:15,193.9
G0,Transition,Saturday,12:30,191.7
G0,Transition,Saturday,12:45,187.8
G0,Transition,Saturday,13:00,181.9
G0,Transition,Saturday,13:15,174.1
G0,Transition,Saturday,13:30,164.8
G0,Transition,Saturday,13:45,154.2
G0,Transition,Saturday,14:00,142.6
G0,Transition,Saturday,14:15,130.9
G0,Transition,Saturday,14:30,119.8
G0,Transition,Saturday,14:45,110.3
G0,Transition,Saturday,15:00,102.7
G0,Transition,Saturday,15:15,96.9
G0,Transition,Saturday,15:30,92.1
G0,Transition,Saturday,15:45,87.8
G0,Transition,Saturday,16:00,83.6
G0,Transition,Saturday,16:15,79.7
G0,Transition,Saturday,16:30,76.9
G0,Transition,Saturday,16:45,75.7
G0,Transition,Saturday,17:00,76.5
G0,Transition,Saturday,17:15,78.6
G0,Transition,Saturday,17:30,81.1
G0,Transition,Saturday,17:45,83.2
G0,Transition,Saturday,18:00,84.1
G0,Transition,Saturday,18:15,84.3
G0,Transition,Saturday,18:30,84.1
G0,Transition,Saturday,18:45,84.1
G0,Transition,Saturday,19:00,84.7
G0,Transition,Saturday,19:15,85.8
G0,Transition,Saturday,19:30,87.3
G0,Transition,Saturday,19:45,88.8
G0,Transition,Saturday,20:00,90.1
G0,Transition,Saturday,20:15,91.2
G0,Transition,Saturday,20:30,91.7
G0,Transition,Saturday,20:45,91.6
G0,Transition,Saturday,21:00,90.6
G0,Transition,Saturday,21:15,89.0
G0,Transition,Saturday,21:30,87.1
G0,Transition,Saturday,21:45,85.0
G0,Transition,Saturday,22:00,83.1
G0,Transition,Saturday,22:15,81.2
G0,Transition,Saturday,22:30,79.4
G0,Transition,Saturday,22:45,77.6
G0,Transition,Saturday,23:00,75.7
G0,Transition,Saturday,23:15,73.8
G0,Transition,Saturday,23:30,71.9
G0,Transition,Saturday,23:45,70.1
G0,Transition,Sunday,00:00,68.3
G0,Transition,Sunday,00:15,66.5
G0,Transition,Sunday,00:30,64.6
G0,Transition,Sunday,00:45,62.6
G0,Transition,Sunday,01:00,60.3
G0,Transition,Sunday,01:15,57.9
G0,Transition,Sunday,01:30,55.5
G0,Transition,Sunday,01:45,53.3
G0,Transition,Sunday,02:00,51.2
G0,Transition,Sunday,02:15,49.5
G0,Transition,Sunday,02:30,48.0
G0,Transition,Sunday,02:45,46.7
G0,Transition,Sunday,03:00,45.7
G0,Transition,Sunday,03:15,44.9
G0,Transition,Sunday,03:30,44.3
G0,Transition,Sunday,03:45,43.9
G0,Transition,Sunday,04:00,43.6
G0,Transition,Sunday,04:15,43.5
G0,Transition,Sunday,04:30,43.6
G0,Transition,Sunday,04:45,43.9
G0,Transition,Sunday,05:00,44.5
G0,Transition,Sunday,05:15,45.1
G0,Transition,Sunday,05:30,45.6
G0,Transition,Sunday,05:45,45.8
G0,Transition,Sunday,06:00,45.6
G0,Transition,Sunday,06:15,45.3
G0,Transition,Sunday,06:30,45.2
G0,Transition,Sunday,06:45,45.8
G0,Transition,Sunday,07:00,47.2
G0,Transition,Sunday,07:15,49.1
G0,Transition,Sunday,07:30,51.0
G0,Transition,Sunday,07:45,52.3
G0,Transition,Sunday,08:00,52.8
G0,Transition,Sunday,08:15,52.9
G0,Transition,Sunday,08:30,53.1
G0,Transition,Sunday,08:45,54.2
G0,Transition,Sunday,09:00,56.4
G0,Transition,Sunday,09:15,59.5
G0,Transition,Sunday,09:30,62.7
G0,Transition,Sunday,09:45,65.4
G0,Transition,Sunday,10:00,67.2
G0,Transition,Sunday,10:15,68.5
G0,Transition,Sunday,10:30,69.6
G0,Transition,Sunday,10:45,71.0
G0,Transition,Sunday,11:00,73.1
G0,Transition,Sunday,11:15,75.6
G0,Transition,Sunday,11:30,78.2
G0,Transition,Sunday,11:45,80.4
G0,Transition,Sunday,12:00,81.9
G0,Transition,Sunday,12:15,82.8
G0,Transition,Sunday,12:30,83.2
G0,Transition,Sunday,12:45,83.2
G0,Transition,Sunday,13:00,82.8
G0,Transition,Sunday,13:15,82.1
G0,Transition,Sunday,13:30,80.9
G0,Transition,Sunday,13:45,79.4
G0,Transition,Sunday,14:00,77.5
G0,Transition,Sunday,14:15,75.3
G0,Transition,Sunday,14:30,73.1
G0,Transition,Sunday,14:45,71.0
G0,Transition,Sunday,15:00,69.2
G0,Transition,Sunday,15:15,67.6
G0,Transition,Sunday,15:30,66.1
G0,Transition,Sunday,15:45,64.5
G0,Transition,Sunday,16:00,62.8
G0,Transition,Sunday,16:15,61.5
G0,Transition,Sunday,16:30,61.2
G0,Transition,Sunday,16:45,62.6
G0,Transition,Sunday,17:00,65.9
G0,Transition,Sunday,17:15,70.4
G0,Transition,Sunday,17:30,75.0
G0,Transition,Sunday,17:45,78.5
G0,Transition,Sunday,18:00,80.1
G0,Transition,Sunday,18:15,80.4
G0,Transition,Sunday,18:30,80.2
G0,Transition,Sunday,18:45,80.4
G0,Transition,Sunday,19:00,81.4
G0,Transition,Sunday,19:15,83.1
G0,Transition,Sunday,19:30,85.1
G0,Transition,Sunday,19:45,86.9
G0,Transition,Sunday,20:00,88.1
G0,Transition,Sunday,20:15,88.7
G0,Transition,Sunday,20:30,88.6
G0,Transition,Sunday,20:45,87.8
G0,Transition,Sunday,21:00,86.4
G0,Transition,Sunday,21:15,84.4
G0,Transition,Sunday,21:30,82.0
G0,Transition,Sunday,21:45,79.4
G0,Transition,Sunday,22:00,76.7
G0,Transition,Sunday,22:15,74.1
G0,Transition,Sunday,22:30,71.5
G0,Transition,Sunday,22:45,69.1
G0,Transition,Sunday,23:00,67.0
G0,Transition,Sunday,23:15,65.3
G0,Transition,Sunday,23:30,64.1
G0,Transition,Sunday,23:45,63.5
G1,Summer,Workday,00:00,23.6
G1,Summer,Workday,00:15,22.5
G1,Summer,Workday,00:30,21.5
G1,Summer,Workday,00:45,20.8
G1,Summer,Workday,01:00,20.5
G1,Summer,Workday,01:15,20.5
G1,Summer,Workday,01:30,20.6
G1,Summer,Workday,01:45,20.8
G1,Summer,Workday,02:00,21.0
G1,Summer,Workday,02:15,21.0
G1,Summer,Workday,02:30,21.0
G1,Summer,Workday,02:45,20.8
G1,Summer,Workday,03:00,20.6
G1,Summer,Workday,03:15,20.4
G1,Summer,Workday,03:30,20.5
G1,Summer,Workday,03:45,20.8
G1,Summer,Workday,04:00,21.6
G1,Summer,Workday,04:15,22.4
G1,Summer,Workday,04:30,22.9
G1,Summer,Workday,04:45,22.7
G1,Summer,Workday,05:00,21.6
G1,Summer,Workday,05:15,20.7
G1,Summer,Workday,05:30,21.2
G1,Summer,Workday,05:45,24.6
G1,Summer,Workday,06:00,31.9
G1,Summer,Workday,06:15,43.9
G1,Summer,Workday,06:30,60.8
G1,Summer,Workday,06:45,83.3
G1,Summer,Workday,07:00,111.4
G1,Summer,Workday,07:15,143.9
G1,Summer,Workday,07:30,179.2
G1,Summer,Workday,07:45,215.8
G1,Summer,Workday,08:00,251.9
G1,Summer,Workday,08:15,285.0
G1,Summer,Workday,08:30,312.3
G1,Summer,Workday,08:45,331.2
G1,Summer,Workday,09:00,340.0
G1,Summer,Workday,09:15,341.2
G1,Summer,Workday,09:30,338.3
G1,Summer,Workday,09:45,335.0
G1,Summer,Workday,10:00,334.1
G1,Summer,Workday,10:15,334.9
G1,Summer,Workday,10:30,336.3
G1,Summer,Workday,10:45,336.9
G1,Summer,Workday,11:00,335.6
G1,Summer,Workday,11:15,332.0
G1,Summer,Workday,11:30,326.2
G1,Summer,Workday,11:45,318.0
G1,Summer,Workday,12:00,307.4
G1,Summer,Workday,12:15,294.7
G1,Summer,Workday,12:30,280.4
G1,Summer,Workday,12:45,265.0
G1,Summer,Workday,13:00,249.2
G1,Summer,Workday,13:15,235.5
G1,Summer,Workday,13:30,226.5
G1,Summer,Workday,13:45,225.2
G1,Summer,Workday,14:00,232.9
G1,Summer,Workday,14:15,245.5
G1,Summer,Workday,14:30,257.4
G1,Summer,Workday,14:45,263.1
G1,Summer,Workday,15:00,258.6
G1,Summer,Workday,15:15,245.9
G1,Summer,Workday,15:30,228.5
G1,Summer,Workday,15:45,210.1
G1,Summer,Workday,16:00,193.3
G1,Summer,Workday,16:15,177.7
G1,Summer,Workday,16:30,162.3
G1,Summer,Workday,16:45,145.7
G1,Summer,Workday,17:00,127.4
G1,Summer,Workday,17:15,108.5
G1,Summer,Workday,17:30,90.7
G1,Summer,Workday,17:45,75.7
G1,Summer,Workday,18:00,64.7
G1,Summer,Workday,18:15,57.0
G1,Summer,Workday,18:30,51.6
G1,Summer,Workday,18:45,47.3
G1,Summer,Workday,19:00,43.3
G1,Summer,Workday,19:15,39.7
G1,Summer,Workday,19:30,36.5
G1,Summer,Workday,19:45,34.1
G1,Summer,Workday,20:00,32.5
G1,Summer,Workday,20:15,31.6
G1,Summer,Workday,20:30,31.0
G1,Summer,Workday,20:45,30.3
G1,Summer,Workday,21:00,29.3
G1,Summer,Workday,21:15,28.2
G1,Summer,Workday,21:30,27.2
G1,Summer,Workday,21:45,26.5
G1,Summer,Workday,22:00,26.2
G1,Summer,Workday,22:15,26.2
G1,Summer,Workday,22:30,26.4
G1,Summer,Workday,22:45,26.5
G1,Summer,Workday,23:00,26.4
G1,Summer,Workday,23:15,26.0
G1,Summer,Workday,23:30,25.4
G1,Summer,Workday,23:45,24.6
G1,Summer,Saturday,00:00,23.6
G1,Summer,Saturday,00:15,22.5
G1,Summer,Saturday,00:30,21.5
G1,Summer,Saturday,00:45,20.8
G1,Summer,Saturday,01:00,20.5
G1,Summer,Saturday,01:15,20.5
G1,Summer,Saturday,01:30,20.7
G1,Summer,Saturday,01:45,20.8
G1,Summer,Saturday,02:00,20.9
G1,Summer,Saturday,02:15,20.9
G1,Summer,Saturday,02:30,20.9
G1,Summer,Saturday,02:45,20.8
G1,Summer,Saturday,03:00,20.8
G1,Summer,Saturday,03:15,20.8
G1,Summer,Saturday,03:30,20.8
G1,Summer,Saturday,03:45,20.8
G1,Summer,Saturday,04:00,20.7
G1,Summer,Saturday,04:15,20.7
G1,Summer,Saturday,04:30,20.7
G1,Summer,Saturday,04:45,20.8
G1,Summer,Saturday,05:00,21.1
G1,Summer,Saturday,05:15,21.6
G1,Summer,Saturday,05:30,22.1
G1,Summer,Saturday,05:45,22.7
G1,Summer,Saturday,06:00,23.3
G1,Summer,Saturday,06:15,23.8
G1,Summer,Saturday,06:30,24.2
G1,Summer,Saturday,06:45,24.6
G1,Summer,Saturday,07:00,24.9
G1,Summer,Saturday,07:15,25.2
G1,Summer,Saturday,07:30,25.7
G1,Summer,Saturday,07:45,26.5
G1,Summer,Saturday,08:00,27.7
G1,Summer,Saturday,08:15,29.4
G1,Summer,Saturday,08:30,31.5
G1,Summer,Saturday,08:45,34.1
G1,Summer,Saturday,09:00,37.0
G1,Summer,Saturday,09:15,40.1
G1,Summer,Saturday,09:30,43.0
G1,Summer,Saturday,09:45,45.4
G1,Summer,Saturday,10:00,47.2
G1,Summer,Saturday,10:15,48.4
G1,Summer,Saturday,10:30,49.0
G1,Summer,Saturday,10:45,49.2
G1,Summer,Saturday,11:00,49.0
G1,Summer,Saturday,11:15,48.4
G1,Summer,Saturday,11:30,47.3
G1,Summer,Saturday,11:45,45.4
G1,Summer,Saturday,12:00,42.9
G1,Summer,Saturday,12:15,39.9
G1,Summer,Saturday,12:30,36.8
G1,Summer,Saturday,12:45,34.1
G1,Summer,Saturday,13:00,31.9
G1,Summer,Saturday,13:15,30.3
G1,Summer,Saturday,13:30,29.2
G1,Summer,Saturday,13:45,28.4
G1,Summer,Saturday,14:00,27.8
G1,Summer,Saturday,14:15,27.4
G1,Summer,Saturday,14:30,27.0
G1,Summer,Saturday,14:45,26.5
G1,Summer,Saturday,15:00,25.9
G1,Summer,Saturday,15:15,25.4
G1,Summer,Saturday,15:30,24.9
G1,Summer,Saturday,15:45,24.6
G1,Summer,Saturday,16:00,24.6
G1,Summer,Saturday,16:15,24.7
G1,Summer,Saturday,16:30,24.8
G1,Summer,Saturday,16:45,24.6
G1,Summer,Saturday,17:00,24.1
G1,Summer,Saturday,17:15,23.5
G1,Summer,Saturday,17:30,22.9
G1,Summer,Saturday,17:45,22.7
G1,Summer,Saturday,18:00,23.0
G1,Summer,Saturday,18:15,23.6
G1,Summer,Saturday,18:30,24.3
G1,Summer,Saturday,18:45,24.6
G1,Summer,Saturday,19:00,24.5
G1,Summer,Saturday,19:15,24.0
G1,Summer,Saturday,19:30,23.3
G1,Summer,Saturday,19:45,22.7
G1,Summer,Saturday,20:00,22.3
G1,Summer,Saturday,20:15,22.2
G1,Summer,Saturday,20:30,22.3
G1,Summer,Saturday,20:45,22.7
G1,Summer,Saturday,21:00,23.3
G1,Summer,Saturday,21:15,23.9
G1,Summer,Saturday,21:30,24.4
G1,Summer,Saturday,21:45,24.6
G1,Summer,Saturday,22:00,24.3
G1,Summer,Saturday,22:15,23.8
G1,Summer,Saturday,22:30,23.2
G1,Summer,Saturday,22:45,22.7
G1,Summer,Saturday,23:00,22.6
G1,Summer,Saturday,23:15,22.7
G1,Summer,Saturday,23:30,22.8
G1,Summer,Saturday,23:45,22.7
G1,Summer,Sunday,00:00,22.4
G1,Summer,Sunday,00:15,21.8
G1,Summer,Sunday,00:30,21.3
G1,Summer,Sunday,00:45,20.8
G1,Summer,Sunday,01:00,20.6
G1,Summer,Sunday,01:15,20.6
G1,Summer,Sunday,01:30,20.7
G1,Summer,Sunday,01:45,20.8
G1,Summer,Sunday,02:00,20.9
G1,Summer,Sunday,02:15,20.9
G1,Summer,Sunday,02:30,20.8
G1,Summer,Sunday,02:45,20.8
G1,Summer,Sunday,03:00,20.8
G1,Summer,Sunday,03:15,20.8
G1,Summer,Sunday,03:30,20.9
G1,Summer,Sunday,03:45,20.8
G1,Summer,Sunday,04:00,20.7
G1,Summer,Sunday,04:15,20.7
G1,Summer,Sunday,04:30,20.7
G1,Summer,Sunday,04:45,20.8
G1,Summer,Sunday,05:00,21.2
G1,Summer,Sunday,05:15,21.7
G1,Summer,Sunday,05:30,22.2
G1,Summer,Sunday,05:45,22.7
G1,Summer,Sunday,06:00,23.1
G1,Summer,Sunday,06:15,23.3
G1,Summer,Sunday,06:30,23.2
G1,Summer,Sunday,06:45,22.7
G1,Summer,Sunday,07:00,21.9
G1,Summer,Sunday,07:15,20.8
G1,Summer,Sunday,07:30,19.8
G1,Summer,Sunday,07:45,18.9
G1,Summer,Sunday,08:00,18.5
G1,Summer,Sunday,08:15,18.4
G1,Summer,Sunday,08:30,18.5
G1,Summer,Sunday,08:45,18.9
G1,Summer,Sunday,09:00,19.4
G1,Summer,Sunday,09:15,20.0
G1,Summer,Sunday,09:30,20.5
G1,Summer,Sunday,09:45,20.8
G1,Summer,Sunday,10:00,20.9
G1,Summer,Sunday,10:15,20.9
G1,Summer,Sunday,10:30,20.8
G1,Summer,Sunday,10:45,20.8
G1,Summer,Sunday,11:00,21.1
G1,Summer,Sunday,11:15,21.5
G1,Summer,Sunday,11:30,22.0
G1,Summer,Sunday,11:45,22.7
G1,Summer,Sunday,12:00,23.4
G1,Summer,Sunday,12:15,24.1
G1,Summer,Sunday,12:30,24.5
G1,Summer,Sunday,12:45,24.6
G1,Summer,Sunday,13:00,24.3
G1,Summer,Sunday,13:15,23.8
G1,Summer,Sunday,13:30,23.2
G1,Summer,Sunday,13:45,22.7
G1,Summer,Sunday,14:00,22.5
G1,Summer,Sunday,14:15,22.5
G1,Summer,Sunday,14:30,22.6
G1,Summer,Sunday,14:45,22.7
G1,Summer,Sunday,15:00,22.8
G1,Summer,Sunday,15:15,22.8
G1,Summer,Sunday,15:30,22.8
G1,Summer,Sunday,15:45,22.7
G1,Summer,Sunday,16:00,22.6
G1,Summer,Sunday,16:15,22.4
G1,Summer,Sunday,16:30,22.5
G1,Summer,Sunday,16:45,22.7
G1,Summer,Sunday,17:00,23.3
G1,Summer,Sunday,17:15,23.9
G1,Summer,Sunday,17:30,24.5
G1,Summer,Sunday,17:45,24.6
G1,Summer,Sunday,18:00,24.2
G1,Summer,Sunday,18:15,23.6
G1,Summer,Sunday,18:30,23.0
G1,Summer,Sunday,18:45,22.7
G1,Summer,Sunday,19:00,23.0
G1,Summer,Sunday,19:15,23.7
G1,Summer,Sunday,19:30,24.3
G1,Summer,Sunday,19:45,24.6
G1,Summer,Sunday,20:00,24.3
G1,Summer,Sunday,20:15,23.7
G1,Summer,Sunday,20:30,23.0
G1,Summer,Sunday,20:45,22.7
G1,Summer,Sunday,21:00,23.0
G1,Summer,Sunday,21:15,23.6
G1,Summer,Sunday,21:30,24.3
G1,Summer,Sunday,21:45,24.6
G1,Summer,Sunday,22:00,24.4
G1,Summer,Sunday,22:15,23.9
G1,Summer,Sunday,22:30,23.2
G1,Summer,Sunday,22:45,22.7
G1,Summer,Sunday,23:00,22.6
G1,Summer,Sunday,23:15,22.6
G1,Summer,Sunday,23:30,22.8
G1,Summer,Sunday,23:45,22.7
G1,Winter,Workday,00:00,26.4
G1,Winter,Workday,00:15,26.4
G1,Winter,Workday,00:30,26.4
G1,Winter,Workday,00:45,26.5
G1,Winter,Workday,01:00,26.5
G1,Winter,Workday,01:15,26.5
G1,Winter,Workday,01:30,26.5
G1,Winter,Workday,01:45,26.5
G1,Winter,Workday,02:00,26.6
G1,Winter,Workday,02:15,26.6
G1,Winter,Workday,02:30,26.6
G1,Winter,Workday,02:45,26.5
G1,Winter,Workday,03:00,26.2
G1,Winter,Workday,03:15,25.8
G1,Winter,Workday,03:30,25.3
G1,Winter,Workday,03:45,24.6
G1,Winter,Workday,04:00,23.9
G1,Winter,Workday,04:15,23.6
G1,Winter,Workday,04:30,24.3
G1,Winter,Workday,04:45,26.5
G1,Winter,Workday,05:00,27.0
G1,Winter,Workday,05:15,27.4
G1,Winter,Workday,05:30,27.9
G1,Winter,Workday,05:45,28.4
G1,Winter,Workday,06:00,31.5
G1,Winter,Workday,06:15,32.5
G1,Winter,Workday,06:30,35.3
G1,Winter,Workday,06:45,36.0
G1,Winter,Workday,07:00,90.3
G1,Winter,Workday,07:15,164.8
G1,Winter,Workday,07:30,246.8
G1,Winter,Workday,07:45,323.7
G1,Winter,Workday,08:00,385.2
G1,Winter,Workday,08:15,430.7
G1,Winter,Workday,08:30,462.0
G1,Winter,Workday,08:45,480.8
G1,Winter,Workday,09:00,489.0
G1,Winter,Workday,09:15,489.9
G1,Winter,Workday,09:30,486.7
G1,Winter,Workday,09:45,482.6
G1,Winter,Workday,10:00,480.5
G1,Winter,Workday,10:15,479.8
G1,Winter,Workday,10:30,479.6
G1,Winter,Workday,10:45,478.9
G1,Winter,Workday,11:00,476.5
G1,Winter,Workday,11:15,472.0
G1,Winter,Workday,11:30,464.8
G1,Winter,Workday,11:45,454.3
G1,Winter,Workday,12:00,440.0
G1,Winter,Workday,12:15,422.0
G1,Winter,Workday,12:30,400.2
G1,Winter,Workday,12:45,374.8
G1,Winter,Workday,13:00,346.4
G1,Winter,Workday,13:15,319.4
G1,Winter,Workday,13:30,298.8
G1,Winter,Workday,13:45,289.6
G1,Winter,Workday,14:00,294.8
G1,Winter,Workday,14:15,309.8
G1,Winter,Workday,14:30,328.0
G1,Winter,Workday,14:45,342.6
G1,Winter,Workday,15:00,348.5
G1,Winter,Workday,15:15,345.8
G1,Winter,Workday,15:30,336.4
G1,Winter,Workday,15:45,321.8
G1,Winter,Workday,16:00,303.4
G1,Winter,Workday,16:15,281.9
G1,Winter,Workday,16:30,257.6
G1,Winter,Workday,16:45,230.9
G1,Winter,Workday,17:00,202.5
G1,Winter,Workday,17:15,174.0
G1,Winter,Workday,17:30,147.5
G1,Winter,Workday,17:45,124.9
G1,Winter,Workday,18:00,107.6
G1,Winter,Workday,18:15,94.7
G1,Winter,Workday,18:30,84.6
G1,Winter,Workday,18:45,75.7
G1,Winter,Workday,19:00,66.9
G1,Winter,Workday,19:15,58.5
G1,Winter,Workday,19:30,51.1
G1,Winter,Workday,19:45,45.4
G1,Winter,Workday,20:00,41.8
G1,Winter,Workday,20:15,39.8
G1,Winter,Workday,20:30,38.7
G1,Winter,Workday,20:45,37.9
G1,Winter,Workday,21:00,36.7
G1,Winter,Workday,21:15,35.2
G1,Winter,Workday,21:30,33.6
G1,Winter,Workday,21:45,32.2
G1,Winter,Workday,22:00,30.9
G1,Winter,Workday,22:15,29.9
G1,Winter,Workday,22:30,29.1
G1,Winter,Workday,22:45,28.4
G1,Winter,Workday,23:00,27.8
G1,Winter,Workday,23:15,27.2
G1,Winter,Workday,23:30,26.8
G1,Winter,Workday,23:45,26.5
G1,Winter,Saturday,00:00,25.8
G1,Winter,Saturday,00:15,25.2
G1,Winter,Saturday,00:30,24.7
G1,Winter,Saturday,00:45,24.6
G1,Winter,Saturday,01:00,25.0
G1,Winter,Saturday,01:15,25.6
G1,Winter,Saturday,01:30,26.2
G1,Winter,Saturday,01:45,26.5
G1,Winter,Saturday,02:00,26.3
G1,Winter,Saturday,02:15,25.8
G1,Winter,Saturday,02:30,25.1
G1,Winter,Saturday,02:45,24.6
G1,Winter,Saturday,03:00,24.4
G1,Winter,Saturday,03:15,24.5
G1,Winter,Saturday,03:30,24.6
G1,Winter,Saturday,03:45,24.6
G1,Winter,Saturday,04:00,24.5
G1,Winter,Saturday,04:15,24.3
G1,Winter,Saturday,04:30,24.3
G1,Winter,Saturday,04:45,24.6
G1,Winter,Saturday,05:00,25.4
G1,Winter,Saturday,05:15,26.5
G1,Winter,Saturday,05:30,27.6
G1,Winter,Saturday,05:45,28.4
G1,Winter,Saturday,06:00,28.7
G1,Winter,Saturday,06:15,28.7
G1,Winter,Saturday,06:30,28.5
G1,Winter,Saturday,06:45,28.4
G1,Winter,Saturday,07:00,28.5
G1,Winter,Saturday,07:15,29.1
G1,Winter,Saturday,07:30,30.2
G1,Winter,Saturday,07:45,32.2
G1,Winter,Saturday,08:00,35.0
G1,Winter,Saturday,08:15,38.4
G1,Winter,Saturday,08:30,42.0
G1,Winter,Saturday,08:45,45.4
G1,Winter,Saturday,09:00,48.4
G1,Winter,Saturday,09:15,50.9
G1,Winter,Saturday,09:30,53.0
G1,Winter,Saturday,09:45,54.9
G1,Winter,Saturday,10:00,56.6
G1,Winter,Saturday,10:15,57.9
G1,Winter,Saturday,10:30,58.7
G1,Winter,Saturday,10:45,58.7
G1,Winter,Saturday,11:00,57.8
G1,Winter,Saturday,11:15,56.3
G1,Winter,Saturday,11:30,54.6
G1,Winter,Saturday,11:45,53.0
G1,Winter,Saturday,12:00,51.7
G1,Winter,Saturday,12:15,50.6
G1,Winter,Saturday,12:30,49.3
G1,Winter,Saturday,12:45,47.3
G1,Winter,Saturday,13:00,44.6
G1,Winter,Saturday,13:15,41.4
G1,Winter,Saturday,13:30,38.4
G1,Winter,Saturday,13:45,36.0
G1,Winter,Saturday,14:00,34.5
G1,Winter,Saturday,14:15,33.9
G1,Winter,Saturday,14:30,33.9
G1,Winter,Saturday,14:45,34.1
G1,Winter,Saturday,15:00,34.3
G1,Winter,Saturday,15:15,34.4
G1,Winter,Saturday,15:30,34.4
G1,Winter,Saturday,15:45,34.1
G1,Winter,Saturday,16:00,33.5
G1,Winter,Saturday,16:15,32.9
G1,Winter,Saturday,16:30,32.4
G1,Winter,Saturday,16:45,32.2
G1,Winter,Saturday,17:00,32.4
G1,Winter,Saturday,17:15,33.0
G1,Winter,Saturday,17:30,33.6
G1,Winter,Saturday,17:45,34.1
G1,Winter,Saturday,18:00,34.3
G1,Winter,Saturday,18:15,34.2
G1,Winter,Saturday,18:30,34.1
G1,Winter,Saturday,18:45,34.1
G1,Winter,Saturday,19:00,34.1
G1,Winter,Saturday,19:15,34.3
G1,Winter,Saturday,19:30,34.3
G1,Winter,Saturday,19:45,34.1
G1,Winter,Saturday,20:00,33.5
G1,Winter,Saturday,20:15,32.6
G1,Winter,Saturday,20:30,31.5
G1,Winter,Saturday,20:45,30.3
G1,Winter,Saturday,21:00,29.0
G1,Winter,Saturday,21:15,27.8
G1,Winter,Saturday,21:30,26.9
G1,Winter,Saturday,21:45,26.5
G1,Winter,Saturday,22:00,26.7
G1,Winter,Saturday,22:15,27.3
G1,Winter,Saturday,22:30,28.0
G1,Winter,Saturday,22:45,28.4
G1,Winter,Saturday,23:00,28.4
G1,Winter,Saturday,23:15,28.0
G1,Winter,Saturday,23:30,27.3
G1,Winter,Saturday,23:45,26.5
G1,Winter,Sunday,00:00,25.7
G1,Winter,Sunday,00:15,25.0
G1,Winter,Sunday,00:30,24.6
G1,Winter,Sunday,00:45,24.6
G1,Winter,Sunday,01:00,25.0
G1,Winter,Sunday,01:15,25.6
G1,Winter,Sunday,01:30,26.2
G1,Winter,Sunday,01:45,26.5
G1,Winter,Sunday,02:00,26.3
G1,Winter,Sunday,02:15,25.7
G1,Winter,Sunday,02:30,25.1
G1,Winter,Sunday,02:45,24.6
G1,Winter,Sunday,03:00,24.4
G1,Winter,Sunday,03:15,24.5
G1,Winter,Sunday,03:30,24.6
G1,Winter,Sunday,03:45,24.6
G1,Winter,Sunday,04:00,24.5
G1,Winter,Sunday,04:15,24.3
G1,Winter,Sunday,04:30,24.3
G1,Winter,Sunday,04:45,24.6
G1,Winter,Sunday,05:00,25.4
G1,Winter,Sunday,05:15,26.5
G1,Winter,Sunday,05:30,27.6
G1,Winter,Sunday,05:45,28.4
G1,Winter,Sunday,06:00,28.8
G1,Winter,Sunday,06:15,28.8
G1,Winter,Sunday,06:30,28.6
G1,Winter,Sunday,06:45,28.4
G1,Winter,Sunday,07:00,28.2
G1,Winter,Sunday,07:15,28.1
G1,Winter,Sunday,07:30,28.2
G1,Winter,Sunday,07:45,28.4
G1,Winter,Sunday,08:00,28.8
G1,Winter,Sunday,08:15,29.3
G1,Winter,Sunday,08:30,29.9
G1,Winter,Sunday,08:45,30.3
G1,Winter,Sunday,09:00,30.5
G1,Winter,Sunday,09:15,30.5
G1,Winter,Sunday,09:30,30.4
G1,Winter,Sunday,09:45,30.3
G1,Winter,Sunday,10:00,30.1
G1,Winter,Sunday,10:15,30.0
G1,Winter,Sunday,10:30,30.0
G1,Winter,Sunday,10:45,30.3
G1,Winter,Sunday,11:00,30.8
G1,Winter,Sunday,11:15,31.4
G1,Winter,Sunday,11:30,31.9
G1,Winter,Sunday,11:45,32.2
G1,Winter,Sunday,12:00,32.1
G1,Winter,Sunday,12:15,31.6
G1,Winter,Sunday,12:30,31.0
G1,Winter,Sunday,12:45,30.3
G1,Winter,Sunday,13:00,29.6
G1,Winter,Sunday,13:15,29.0
G1,Winter,Sunday,13:30,28.5
G1,Winter,Sunday,13:45,28.4
G1,Winter,Sunday,14:00,28.6
G1,Winter,Sunday,14:15,29.0
G1,Winter,Sunday,14:30,29.6
G1,Winter,Sunday,14:45,30.3
G1,Winter,Sunday,15:00,30.9
G1,Winter,Sunday,15:15,31.4
G1,Winter,Sunday,15:30,31.9
G1,Winter,Sunday,15:45,32.2
G1,Winter,Sunday,16:00,32.4
G1,Winter,Sunday,16:15,32.4
G1,Winter,Sunday,16:30,32.4
G1,Winter,Sunday,16:45,32.2
G1,Winter,Sunday,17:00,31.9
G1,Winter,Sunday,17:15,31.7
G1,Winter,Sunday,17:30,31.7
G1,Winter,Sunday,17:45,32.2
G1,Winter,Sunday,18:00,33.2
G1,Winter,Sunday,18:15,34.5
G1,Winter,Sunday,18:30,35.5
G1,Winter,Sunday,18:45,36.0
G1,Winter,Sunday,19:00,35.5
G1,Winter,Sunday,19:15,34.3
G1,Winter,Sunday,19:30,33.1
G1,Winter,Sunday,19:45,32.2
G1,Winter,Sunday,20:00,31.9
G1,Winter,Sunday,20:15,32.1
G1,Winter,Sunday,20:30,32.3
G1,Winter,Sunday,20:45,32.2
G1,Winter,Sunday,21:00,31.5
G1,Winter,Sunday,21:15,30.4
G1,Winter,Sunday,21:30,29.2
G1,Winter,Sunday,21:45,28.4
G1,Winter,Sunday,22:00,28.1
G1,Winter,Sunday,22:15,28.2
G1,Winter,Sunday,22:30,28.4
G1,Winter,Sunday,22:45,28.4
G1,Winter,Sunday,23:00,28.1
G1,Winter,Sunday,23:15,27.6
G1,Winter,Sunday,23:30,27.0
G1,Winter,Sunday,23:45,26.5
G1,Transition,Workday,00:00,20.2
G1,Transition,Workday,00:15,19.7
G1,Transition,Workday,00:30,19.2
G1,Transition,Workday,00:45,18.9
G1,Transition,Workday,01:00,18.8
G1,Transition,Workday,01:15,18.8
G1,Transition,Workday,01:30,18.9
G1,Transition,Workday,01:45,18.9
G1,Transition,Workday,02:00,18.9
G1,Transition,Workday,02:15,18.9
G1,Transition,Workday,02:30,18.9
G1,Transition,Workday,02:45,18.9
G1,Transition,Workday,03:00,19.0
G1,Transition,Workday,03:15,19.1
G1,Transition,Workday,03:30,19.1
G1,Transition,Workday,03:45,18.9
G1,Transition,Workday,04:00,18.5
G1,Transition,Workday,04:15,18.3
G1,Transition,Workday,04:30,18.9
G1,Transition,Workday,04:45,20.8
G1,Transition,Workday,05:00,24.1
G1,Transition,Workday,05:15,27.2
G1,Transition,Workday,05:30,28.1
G1,Transition,Workday,05:45,24.6
G1,Transition,Workday,06:00,27.9
G1,Transition,Workday,06:15,28.6
G1,Transition,Workday,06:30,30.8
G1,Transition,Workday,06:45,32.2
G1,Transition,Workday,07:00,74.1
G1,Transition,Workday,07:15,131.7
G1,Transition,Workday,07:30,195.3
G1,Transition,Workday,07:45,255.5
G1,Transition,Workday,08:00,304.6
G1,Transition,Workday,08:15,341.8
G1,Transition,Workday,08:30,368.0
G1,Transition,Workday,08:45,384.2
G1,Transition,Workday,09:00,391.7
G1,Transition,Workday,09:15,393.1
G1,Transition,Workday,09:30,391.5
G1,Transition,Workday,09:45,389.9
G1,Transition,Workday,10:00,390.6
G1,Transition,Workday,10:15,392.9
G1,Transition,Workday,10:30,395.7
G1,Transition,Workday,10:45,397.5
G1,Transition,Workday,11:00,397.3
G1,Transition,Workday,11:15,395.0
G1,Transition,Workday,11:30,390.6
G1,Transition,Workday,11:45,384.2
G1,Transition,Workday,12:00,375.8
G1,Transition,Workday,12:15,364.5
G1,Transition,Workday,12:30,349.3
G1,Transition,Workday,12:45,329.3
G1,Transition,Workday,13:00,304.7
G1,Transition,Workday,13:15,279.8
G1,Transition,Workday,13:30,260.3
G1,Transition,Workday,13:45,251.7
G1,Transition,Workday,14:00,257.5
G1,Transition,Workday,14:15,272.9
G1,Transition,Workday,14:30,290.9
G1,Transition,Workday,14:45,304.7
G1,Transition,Workday,15:00,309.0
G1,Transition,Workday,15:15,304.7
G1,Transition,Workday,15:30,294.3
G1,Transition,Workday,15:45,280.1
G1,Transition,Workday,16:00,264.3
G1,Transition,Workday,16:15,246.5
G1,Transition,Workday,16:30,226.2
G1,Transition,Workday,16:45,202.5
G1,Transition,Workday,17:00,175.4
G1,Transition,Workday,17:15,146.9
G1,Transition,Workday,17:30,119.7
G1,Transition,Workday,17:45,96.5
G1,Transition,Workday,18:00,79.3
G1,Transition,Workday,18:15,67.2
G1,Transition,Workday,18:30,59.0
G1,Transition,Workday,18:45,53.0
G1,Transition,Workday,19:00,48.1
G1,Transition,Workday,19:15,44.0
G1,Transition,Workday,19:30,40.7
G1,Transition,Workday,19:45,37.9
G1,Transition,Workday,20:00,35.6
G1,Transition,Workday,20:15,33.6
G1,Transition,Workday,20:30,31.9
G1,Transition,Workday,20:45,30.3
G1,Transition,Workday,21:00,28.7
G1,Transition,Workday,21:15,27.1
G1,Transition,Workday,21:30,25.7
G1,Transition,Workday,21:45,24.6
G1,Transition,Workday,22:00,23.8
G1,Transition,Workday,22:15,23.4
G1,Transition,Workday,22:30,23.0
G1,Transition,Workday,22:45,22.7
G1,Transition,Workday,23:00,22.3
G1,Transition,Workday,23:15,21.9
G1,Transition,Workday,23:30,21.4
G1,Transition,Workday,23:45,20.8
G1,Transition,Saturday,00:00,20.7
G1,Transition,Saturday,00:15,20.8
G1,Transition,Saturday,00:30,20.9
G1,Transition,Saturday,00:45,20.8
G1,Transition,Saturday,01:00,20.5
G1,Transition,Saturday,01:15,20.0
G1,Transition,Saturday,01:30,19.4
G1,Transition,Saturday,01:45,18.9
G1,Transition,Saturday,02:00,18.6
G1,Transition,Saturday,02:15,18.5
G1,Transition,Saturday,02:30,18.6
G1,Transition,Saturday,02:45,18.9
G1,Transition,Saturday,03:00,19.5
G1,Transition,Saturday,03:15,20.2
G1,Transition,Saturday,03:30,20.7
G1,Transition,Saturday,03:45,20.8
G1,Transition,Saturday,04:00,20.4
G1,Transition,Saturday,04:15,19.6
G1,Transition,Saturday,04:30,19.0
G1,Transition,Saturday,04:45,18.9
G1,Transition,Saturday,05:00,19.6
G1,Transition,Saturday,05:15,20.7
G1,Transition,Saturday,05:30,21.9
G1,Transition,Saturday,05:45,22.7
G1,Transition,Saturday,06:00,22.9
G1,Transition,Saturday,06:15,22.7
G1,Transition,Saturday,06:30,22.5
G1,Transition,Saturday,06:45,22.7
G1,Transition,Saturday,07:00,23.8
G1,Transition,Saturday,07:15,25.9
G1,Transition,Saturday,07:30,29.3
G1,Transition,Saturday,07:45,34.1
G1,Transition,Saturday,08:00,40.3
G1,Transition,Saturday,08:15,47.2
G1,Transition,Saturday,08:30,53.6
G1,Transition,Saturday,08:45,58.7
G1,Transition,Saturday,09:00,61.6
G1,Transition,Saturday,09:15,62.7
G1,Transition,Saturday,09:30,62.8
G1,Transition,Saturday,09:45,62.5
G1,Transition,Saturday,10:00,62.2
G1,Transition,Saturday,10:15,62.2
G1,Transition,Saturday,10:30,62.3
G1,Transition,Saturday,10:45,62.5
G1,Transition,Saturday,11:00,62.6
G1,Transition,Saturday,11:15,62.6
G1,Transition,Saturday,11:30,62.0
G1,Transition,Saturday,11:45,60.6
G1,Transition,Saturday,12:00,58.2
G1,Transition,Saturday,12:15,55.0
G1,Transition,Saturday,12:30,51.3
G1,Transition,Saturday,12:45,47.3
G1,Transition,Saturday,13:00,43.4
G1,Transition,Saturday,13:15,39.8
G1,Transition,Saturday,13:30,36.6
G1,Transition,Saturday,13:45,34.1
G1,Transition,Saturday,14:00,32.4
G1,Transition,Saturday,14:15,31.3
G1,Transition,Saturday,14:30,30.7
G1,Transition,Saturday,14:45,30.3
G1,Transition,Saturday,15:00,29.8
G1,Transition,Saturday,15:15,29.4
G1,Transition,Saturday,15:30,28.9
G1,Transition,Saturday,15:45,28.4
G1,Transition,Saturday,16:00,27.9
G1,Transition,Saturday,16:15,27.5
G1,Transition,Saturday,16:30,27.0
G1,Transition,Saturday,16:45,26.5
G1,Transition,Saturday,17:00,26.0
G1,Transition,Saturday,17:15,25.4
G1,Transition,Saturday,17:30,24.9
G1,Transition,Saturday,17:45,24.6
G1,Transition,Saturday,18:00,24.4
G1,Transition,Saturday,18:15,24.4
G1,Transition,Saturday,18:30,24.5
G1,Transition,Saturday,18:45,24.6
G1,Transition,Saturday,19:00,24.7
G1,Transition,Saturday,19:15,24.8
G1,Transition,Saturday,19:30,24.7
G1,Transition,Saturday,19:45,24.6
G1,Transition,Saturday,20:00,24.3
G1,Transition,Saturday,20:15,24.1
G1,Transition,Saturday,20:30,24.1
G1,Transition,Saturday,20:45,24.6
G1,Transition,Saturday,21:00,25.6
G1,Transition,Saturday,21:15,26.8
G1,Transition,Saturday,21:30,27.9
G1,Transition,Saturday,21:45,28.4
G1,Transition,Saturday,22:00,28.0
G1,Transition,Saturday,22:15,27.0
G1,Transition,Saturday,22:30,25.8
G1,Transition,Saturday,22:45,24.6
G1,Transition,Saturday,23:00,23.8
G1,Transition,Saturday,23:15,23.3
G1,Transition,Saturday,23:30,23.0
G1,Transition,Saturday,23:45,22.7
G1,Transition,Sunday,00:00,22.4
G1,Transition,Sunday,00:15,21.9
G1,Transition,Sunday,00:30,21.4
G1,Transition,Sunday,00:45,20.8
G1,Transition,Sunday,01:00,20.2
G1,Transition,Sunday,01:15,19.5
G1,Transition,Sunday,01:30,19.1
G1,Transition,Sunday,01:45,18.9
G1,Transition,Sunday,02:00,19.2
G1,Transition,Sunday,02:15,19.7
G1,Transition,Sunday,02:30,20.3
G1,Transition,Sunday,02:45,20.8
G1,Transition,Sunday,03:00,21.2
G1,Transition,Sunday,03:15,21.3
G1,Transition,Sunday,03:30,21.2
G1,Transition,Sunday,03:45,20.8
G1,Transition,Sunday,04:00,20.3
G1,Transition,Sunday,04:15,19.6
G1,Transition,Sunday,04:30,19.1
G1,Transition,Sunday,04:45,18.9
G1,Transition,Sunday,05:00,19.1
G1,Transition,Sunday,05:15,19.6
G1,Transition,Sunday,05:30,20.3
G1,Transition,Sunday,05:45,20.8
G1,Transition,Sunday,06:00,21.1
G1,Transition,Sunday,06:15,21.2
G1,Transition,Sunday,06:30,21.1
G1,Transition,Sunday,06:45,20.8
G1,Transition,Sunday,07:00,20.4
G1,Transition,Sunday,07:15,19.8
G1,Transition,Sunday,07:30,19.3
G1,Transition,Sunday,07:45,18.9
G1,Transition,Sunday,08:00,18.8
G1,Transition,Sunday,08:15,18.7
G1,Transition,Sunday,08:30,18.8
G1,Transition,Sunday,08:45,18.9
G1,Transition,Sunday,09:00,19.0
G1,Transition,Sunday,09:15,19.0
G1,Transition,Sunday,09:30,19.0
G1,Transition,Sunday,09:45,18.9
G1,Transition,Sunday,10:00,18.8
G1,Transition,Sunday,10:15,18.7
G1,Transition,Sunday,10:30,18.8
G1,Transition,Sunday,10:45,18.9
G1,Transition,Sunday,11:00,19.3
G1,Transition,Sunday,11:15,19.8
G1,Transition,Sunday,11:30,20.4
G1,Transition,Sunday,11:45,20.8
G1,Transition,Sunday,12:00,21.1
G1,Transition,Sunday,12:15,21.2
G1,Transition,Sunday,12:30,21.2
G1,Transition,Sunday,12:45,20.8
G1,Transition,Sunday,13:00,20.3
G1,Transition,Sunday,13:15,19.6
G1,Transition,Sunday,13:30,19.1
G1,Transition,Sunday,13:45,18.9
G1,Transition,Sunday,14:00,19.1
G1,Transition,Sunday,14:15,19.7
G1,Transition,Sunday,14:30,20.3
G1,Transition,Sunday,14:45,20.8
G1,Transition,Sunday,15:00,21.1
G1,Transition,Sunday,15:15,21.2
G1,Transition,Sunday,15:30,21.1
G1,Transition,Sunday,15:45,20.8
G1,Transition,Sunday,16:00,20.4
G1,Transition,Sunday,16:15,19.9
G1,Transition,Sunday,16:30,19.4
G1,Transition,Sunday,16:45,18.9
G1,Transition,Sunday,17:00,18.6
G1,Transition,Sunday,17:15,18.4
G1,Transition,Sunday,17:30,18.5
G1,Transition,Sunday,17:45,18.9
G1,Transition,Sunday,18:00,19.8
G1,Transition,Sunday,18:15,20.9
G1,Transition,Sunday,18:30,21.9
G1,Transition,Sunday,18:45,22.7
G1,Transition,Sunday,19:00,23.0
G1,Transition,Sunday,19:15,23.0
G1,Transition,Sunday,19:30,22.9
G1,Transition,Sunday,19:45,22.7
G1,Transition,Sunday,20:00,22.7
G1,Transition,Sunday,20:15,22.8
G1,Transition,Sunday,20:30,22.8
G1,Transition,Sunday,20:45,22.7
G1,Transition,Sunday,21:00,22.3
G1,Transition,Sunday,21:15,21.8
G1,Transition,Sunday,21:30,21.3
G1,Transition,Sunday,21:45,20.8
G1,Transition,Sunday,22:00,20.6
G1,Transition,Sunday,22:15,20.6
G1,Transition,Sunday,22:30,20.7
G1,Transition,Sunday,22:45,20.8
G1,Transition,Sunday,23:00,21.0
G1,Transition,Sunday,23:15,21.1
G1,Transition,Sunday,23:30,21.0
G1,Transition,Sunday,23:45,20.8
G2,Summer,Workday,00:00,60.8
G2,Summer,Workday,00:15,53.0
G2,Summer,Workday,00:30,46.0
G2,Summer,Workday,00:45,40.1
G2,Summer,Workday,01:00,35.4
G2,Summer,Workday,01:15,31.7
G2,Summer,Workday,01:30,29.1
G2,Summer,Workday,01:45,27.4
G2,Summer,Workday,02:00,26.5
G2,Summer,Workday,02:15,26.2
G2,Summer,Workday,02:30,26.2
G2,Summer,Workday,02:45,26.4
G2,Summer,Workday,03:00,26.5
G2,Summer,Workday,03:15,26.6
G2,Summer,Workday,03:30,26.5
G2,Summer,Workday,03:45,26.4
G2,Summer,Workday,04:00,26.3
G2,Summer,Workday,04:15,26.3
G2,Summer,Workday,04:30,26.6
G2,Summer,Workday,04:45,27.4
G2,Summer,Workday,05:00,28.9
G2,Summer,Workday,05:15,31.2
G2,Summer,Workday,05:30,34.6
G2,Summer,Workday,05:45,39.1
G2,Summer,Workday,06:00,44.8
G2,Summer,Workday,06:15,50.9
G2,Summer,Workday,06:30,56.1
G2,Summer,Workday,06:45,59.7
G2,Summer,Workday,07:00,60.8
G2,Summer,Workday,07:15,60.4
G2,Summer,Workday,07:30,59.9
G2,Summer,Workday,07:45,60.6
G2,Summer,Workday,08:00,63.6
G2,Summer,Workday,08:15,68.8
G2,Summer,Workday,08:30,75.7
G2,Summer,Workday,08:45,84.1
G2,Summer,Workday,09:00,93.5
G2,Summer,Workday,09:15,103.2
G2,Summer,Workday,09:30,112.4
G2,Summer,Workday,09:45,120.3
G2,Summer,Workday,10:00,126.5
G2,Summer,Workday,10:15,131.0
G2,Summer,Workday,10:30,134.4
G2,Summer,Workday,10:45,136.9
G2,Summer,Workday,11:00,139.0
G2,Summer,Workday,11:15,140.3
G2,Summer,Workday,11:30,140.7
G2,Summer,Workday,11:45,139.9
G2,Summer,Workday,12:00,137.8
G2,Summer,Workday,12:15,134.6
G2,Summer,Workday,12:30,131.0
G2,Summer,Workday,12:45,127.2
G2,Summer,Workday,13:00,123.7
G2,Summer,Workday,13:15,120.9
G2,Summer,Workday,13:30,119.0
G2,Summer,Workday,13:45,118.4
G2,Summer,Workday,14:00,119.2
G2,Summer,Workday,14:15,121.2
G2,Summer,Workday,14:30,124.0
G2,Summer,Workday,14:45,127.2
G2,Summer,Workday,15:00,130.4
G2,Summer,Workday,15:15,133.4
G2,Summer,Workday,15:30,136.0
G2,Summer,Workday,15:45,137.9
G2,Summer,Workday,16:00,139.2
G2,Summer,Workday,16:15,140.4
G2,Summer,Workday,16:30,142.3
G2,Summer,Workday,16:45,145.7
G2,Summer,Workday,17:00,151.2
G2,Summer,Workday,17:15,157.9
G2,Summer,Workday,17:30,164.6
G2,Summer,Workday,17:45,170.2
G2,Summer,Workday,18:00,173.9
G2,Summer,Workday,18:15,176.0
G2,Summer,Workday,18:30,177.2
G2,Summer,Workday,18:45,178.0
G2,Summer,Workday,19:00,179.1
G2,Summer,Workday,19:15,180.2
G2,Summer,Workday,19:30,181.2
G2,Summer,Workday,19:45,181.9
G2,Summer,Workday,20:00,182.1
G2,Summer,Workday,20:15,181.6
G2,Summer,Workday,20:30,180.3
G2,Summer,Workday,20:45,178.0
G2,Summer,Workday,21:00,174.6
G2,Summer,Workday,21:15,169.9
G2,Summer,Workday,21:30,163.6
G2,Summer,Workday,21:45,155.5
G2,Summer,Workday,22:00,145.6
G2,Summer,Workday,22:15,134.3
G2,Summer,Workday,22:30,122.4
G2,Summer,Workday,22:45,110.5
G2,Summer,Workday,23:00,99.2
G2,Summer,Workday,23:15,88.7
G2,Summer,Workday,23:30,78.7
G2,Summer,Workday,23:45,69.5
G2,Summer,Saturday,00:00,63.1
G2,Summer,Saturday,00:15,58.0
G2,Summer,Saturday,00:30,53.5
G2,Summer,Saturday,00:45,48.9
G2,Summer,Saturday,01:00,43.6
G2,Summer,Saturday,01:15,38.1
G2,Summer,Saturday,01:30,33.2
G2,Summer,Saturday,01:45,29.3
G2,Summer,Saturday,02:00,27.2
G2,Summer,Saturday,02:15,26.4
G2,Summer,Saturday,02:30,26.3
G2,Summer,Saturday,02:45,26.4
G2,Summer,Saturday,03:00,26.3
G2,Summer,Saturday,03:15,25.8
G2,Summer,Saturday,03:30,25.2
G2,Summer,Saturday,03:45,24.5
G2,Summer,Saturday,04:00,23.8
G2,Summer,Saturday,04:15,23.3
G2,Summer,Saturday,04:30,23.5
G2,Summer,Saturday,04:45,24.5
G2,Summer,Saturday,05:00,26.5
G2,Summer,Saturday,05:15,29.5
G2,Summer,Saturday,05:30,33.5
G2,Summer,Saturday,05:45,38.1
G2,Summer,Saturday,06:00,43.3
G2,Summer,Saturday,06:15,48.1
G2,Summer,Saturday,06:30,51.6
G2,Summer,Saturday,06:45,52.8
G2,Summer,Saturday,07:00,51.2
G2,Summer,Saturday,07:15,48.2
G2,Summer,Saturday,07:30,45.5
G2,Summer,Saturday,07:45,45.0
G2,Summer,Saturday,08:00,48.0
G2,Summer,Saturday,08:15,54.2
G2,Summer,Saturday,08:30,62.6
G2,Summer,Saturday,08:45,72.4
G2,Summer,Saturday,09:00,82.8
G2,Summer,Saturday,09:15,93.1
G2,Summer,Saturday,09:30,102.9
G2,Summer,Saturday,09:45,111.5
G2,Summer,Saturday,10:00,118.6
G2,Summer,Saturday,10:15,124.2
G2,Summer,Saturday,10:30,128.3
G2,Summer,Saturday,10:45,131.1
G2,Summer,Saturday,11:00,132.7
G2,Summer,Saturday,11:15,133.4
G2,Summer,Saturday,11:30,133.4
G2,Summer,Saturday,11:45,133.0
G2,Summer,Saturday,12:00,132.5
G2,Summer,Saturday,12:15,131.8
G2,Summer,Saturday,12:30,131.3
G2,Summer,Saturday,12:45,131.1
G2,Summer,Saturday,13:00,131.1
G2,Summer,Saturday,13:15,131.4
G2,Summer,Saturday,13:30,131.8
G2,Summer,Saturday,13:45,132.1
G2,Summer,Saturday,14:00,132.1
G2,Summer,Saturday,14:15,132.2
G2,Summer,Saturday,14:30,132.4
G2,Summer,Saturday,14:45,133.0
G2,Summer,Saturday,15:00,134.2
G2,Summer,Saturday,15:15,135.9
G2,Summer,Saturday,15:30,137.8
G2,Summer,Saturday,15:45,139.9
G2,Summer,Saturday,16:00,141.9
G2,Summer,Saturday,16:15,144.0
G2,Summer,Saturday,16:30,146.6
G2,Summer,Saturday,16:45,149.7
G2,Summer,Saturday,17:00,153.5
G2,Summer,Saturday,17:15,157.4
G2,Summer,Saturday,17:30,160.9
G2,Summer,Saturday,17:45,163.4
G2,Summer,Saturday,18:00,164.2
G2,Summer,Saturday,18:15,163.7
G2,Summer,Saturday,18:30,162.3
G2,Summer,Saturday,18:45,160.4
G2,Summer,Saturday,19:00,158.4
G2,Summer,Saturday,19:15,156.5
G2,Summer,Saturday,19:30,154.8
G2,Summer,Saturday,19:45,153.6
G2,Summer,Saturday,20:00,152.8
G2,Summer,Saturday,20:15,152.1
G2,Summer,Saturday,20:30,150.9
G2,Summer,Saturday,20:45,148.7
G2,Summer,Saturday,21:00,144.9
G2,Summer,Saturday,21:15,139.3
G2,Summer,Saturday,21:30,131.9
G2,Summer,Saturday,21:45,122.3
G2,Summer,Saturday,22:00,110.7
G2,Summer,Saturday,22:15,98.1
G2,Summer,Saturday,22:30,85.9
G2,Summer,Saturday,22:45,75.3
G2,Summer,Saturday,23:00,67.3
G2,Summer,Saturday,23:15,61.5
G2,Summer,Saturday,23:30,57.3
G2,Summer,Saturday,23:45,53.8
G2,Summer,Sunday,00:00,50.6
G2,Summer,Sunday,00:15,47.4
G2,Summer,Sunday,00:30,44.3
G2,Summer,Sunday,00:45,41.1
G2,Summer,Sunday,01:00,37.9
G2,Summer,Sunday,01:15,34.7
G2,Summer,Sunday,01:30,31.8
G2,Summer,Sunday,01:45,29.3
G2,Summer,Sunday,02:00,27.4
G2,Summer,Sunday,02:15,26.0
G2,Summer,Sunday,02:30,25.0
G2,Summer,Sunday,02:45,24.5
G2,Summer,Sunday,03:00,24.2
G2,Summer,Sunday,03:15,24.0
G2,Summer,Sunday,03:30,23.9
G2,Summer,Sunday,03:45,23.5
G2,Summer,Sunday,04:00,22.8
G2,Summer,Sunday,04:15,22.3
G2,Summer,Sunday,04:30,22.3
G2,Summer,Sunday,04:45,23.5
G2,Summer,Sunday,05:00,26.1
G2,Summer,Sunday,05:15,29.8
G2,Summer,Sunday,05:30,34.3
G2,Summer,Sunday,05:45,39.1
G2,Summer,Sunday,06:00,43.7
G2,Summer,Sunday,06:15,47.4
G2,Summer,Sunday,06:30,49.4
G2,Summer,Sunday,06:45,48.9
G2,Summer,Sunday,07:00,45.6
G2,Summer,Sunday,07:15,40.6
G2,Summer,Sunday,07:30,35.6
G2,Summer,Sunday,07:45,32.3
G2,Summer,Sunday,08:00,31.9
G2,Summer,Sunday,08:15,34.4
G2,Summer,Sunday,08:30,39.6
G2,Summer,Sunday,08:45,47.0
G2,Summer,Sunday,09:00,56.2
G2,Summer,Sunday,09:15,66.4
G2,Summer,Sunday,09:30,76.6
G2,Summer,Sunday,09:45,86.1
G2,Summer,Sunday,10:00,93.9
G2,Summer,Sunday,10:15,100.2
G2,Summer,Sunday,10:30,105.0
G2,Summer,Sunday,10:45,108.6
G2,Summer,Sunday,11:00,111.1
G2,Summer,Sunday,11:15,112.7
G2,Summer,Sunday,11:30,113.8
G2,Summer,Sunday,11:45,114.4
G2,Summer,Sunday,12:00,115.0
G2,Summer,Sunday,12:15,115.4
G2,Summer,Sunday,12:30,115.9
G2,Summer,Sunday,12:45,116.4
G2,Summer,Sunday,13:00,116.9
G2,Summer,Sunday,13:15,117.2
G2,Summer,Sunday,13:30,116.8
G2,Summer,Sunday,13:45,115.4
G2,Summer,Sunday,14:00,112.9
G2,Summer,Sunday,14:15,109.8
G2,Summer,Sunday,14:30,107.1
G2,Summer,Sunday,14:45,105.6
G2,Summer,Sunday,15:00,106.0
G2,Summer,Sunday,15:15,107.7
G2,Summer,Sunday,15:30,110.1
G2,Summer,Sunday,15:45,112.5
G2,Summer,Sunday,16:00,114.4
G2,Summer,Sunday,16:15,116.2
G2,Summer,Sunday,16:30,118.3
G2,Summer,Sunday,16:45,121.3
G2,Summer,Sunday,17:00,125.5
G2,Summer,Sunday,17:15,130.3
G2,Summer,Sunday,17:30,135.1
G2,Summer,Sunday,17:45,138.9
G2,Summer,Sunday,18:00,141.3
G2,Summer,Sunday,18:15,142.6
G2,Summer,Sunday,18:30,143.2
G2,Summer,Sunday,18:45,143.8
G2,Summer,Sunday,19:00,144.6
G2,Summer,Sunday,19:15,145.5
G2,Summer,Sunday,19:30,146.0
G2,Summer,Sunday,19:45,145.7
G2,Summer,Sunday,20:00,144.4
G2,Summer,Sunday,20:15,142.0
G2,Summer,Sunday,20:30,138.8
G2,Summer,Sunday,20:45,135.0
G2,Summer,Sunday,21:00,130.6
G2,Summer,Sunday,21:15,125.3
G2,Summer,Sunday,21:30,118.8
G2,Summer,Sunday,21:45,110.5
G2,Summer,Sunday,22:00,100.5
G2,Summer,Sunday,22:15,89.4
G2,Summer,Sunday,22:30,78.4
G2,Summer,Sunday,22:45,68.5
G2,Summer,Sunday,23:00,60.5
G2,Summer,Sunday,23:15,54.4
G2,Summer,Sunday,23:30,50.0
G2,Summer,Sunday,23:45,47.0
G2,Winter,Workday,00:00,77.4
G2,Winter,Workday,00:15,67.4
G2,Winter,Workday,00:30,58.4
G2,Winter,Workday,00:45,50.9
G2,Winter,Workday,01:00,44.9
G2,Winter,Workday,01:15,40.5
G2,Winter,Workday,01:30,37.4
G2,Winter,Workday,01:45,35.2
G2,Winter,Workday,02:00,33.9
G2,Winter,Workday,02:15,33.1
G2,Winter,Workday,02:30,32.6
G2,Winter,Workday,02:45,32.3
G2,Winter,Workday,03:00,31.9
G2,Winter,Workday,03:15,31.5
G2,Winter,Workday,03:30,31.3
G2,Winter,Workday,03:45,31.3
G2,Winter,Workday,04:00,31.6
G2,Winter,Workday,04:15,31.9
G2,Winter,Workday,04:30,31.6
G2,Winter,Workday,04:45,30.3
G2,Winter,Workday,05:00,28.0
G2,Winter,Workday,05:15,26.3
G2,Winter,Workday,05:30,27.1
G2,Winter,Workday,05:45,32.3
G2,Winter,Workday,06:00,43.0
G2,Winter,Workday,06:15,56.9
G2,Winter,Workday,06:30,70.4
G2,Winter,Workday,06:45,80.2
G2,Winter,Workday,07:00,84.0
G2,Winter,Workday,07:15,83.3
G2,Winter,Workday,07:30,80.8
G2,Winter,Workday,07:45,79.2
G2,Winter,Workday,08:00,80.5
G2,Winter,Workday,08:15,84.6
G2,Winter,Workday,08:30,90.6
G2,Winter,Workday,08:45,97.8
G2,Winter,Workday,09:00,105.6
G2,Winter,Workday,09:15,114.1
G2,Winter,Workday,09:30,123.5
G2,Winter,Workday,09:45,134.0
G2,Winter,Workday,10:00,145.5
G2,Winter,Workday,10:15,156.8
G2,Winter,Workday,10:30,166.2
G2,Winter,Workday,10:45,172.2
G2,Winter,Workday,11:00,173.6
G2,Winter,Workday,11:15,171.6
G2,Winter,Workday,11:30,167.7
G2,Winter,Workday,11:45,163.4
G2,Winter,Workday,12:00,159.9
G2,Winter,Workday,12:15,157.5
G2,Winter,Workday,12:30,155.8
G2,Winter,Workday,12:45,154.6
G2,Winter,Workday,13:00,153.7
G2,Winter,Workday,13:15,153.2
G2,Winter,Workday,13:30,153.1
G2,Winter,Workday,13:45,153.6
G2,Winter,Workday,14:00,154.7
G2,Winter,Workday,14:15,156.8
G2,Winter,Workday,14:30,160.2
G2,Winter,Workday,14:45,165.3
G2,Winter,Workday,15:00,172.2
G2,Winter,Workday,15:15,180.0
G2,Winter,Workday,15:30,187.6
G2,Winter,Workday,15:45,193.7
G2,Winter,Workday,16:00,197.6
G2,Winter,Workday,16:15,200.5
G2,Winter,Workday,16:30,203.9
G2,Winter,Workday,16:45,209.3
G2,Winter,Workday,17:00,217.7
G2,Winter,Workday,17:15,227.8
G2,Winter,Workday,17:30,237.7
G2,Winter,Workday,17:45,245.5
G2,Winter,Workday,18:00,249.8
G2,Winter,Workday,18:15,251.2
G2,Winter,Workday,18:30,250.7
G2,Winter,Workday,18:45,249.4
G2,Winter,Workday,19:00,248.2
G2,Winter,Workday,19:15,247.2
G2,Winter,Workday,19:30,246.3
G2,Winter,Workday,19:45,245.5
G2,Winter,Workday,20:00,244.7
G2,Winter,Workday,20:15,243.3
G2,Winter,Workday,20:30,240.6
G2,Winter,Workday,20:45,235.7
G2,Winter,Workday,21:00,228.3
G2,Winter,Workday,21:15,218.5
G2,Winter,Workday,21:30,206.9
G2,Winter,Workday,21:45,193.7
G2,Winter,Workday,22:00,179.5
G2,Winter,Workday,22:15,164.8
G2,Winter,Workday,22:30,150.1
G2,Winter,Workday,22:45,136.0
G2,Winter,Workday,23:00,122.8
G2,Winter,Workday,23:15,110.6
G2,Winter,Workday,23:30,99.1
G2,Winter,Workday,23:45,88.0
G2,Winter,Saturday,00:00,80.6
G2,Winter,Saturday,00:15,74.6
G2,Winter,Saturday,00:30,69.2
G2,Winter,Saturday,00:45,63.6
G2,Winter,Saturday,01:00,57.1
G2,Winter,Saturday,01:15,50.4
G2,Winter,Saturday,01:30,44.1
G2,Winter,Saturday,01:45,39.1
G2,Winter,Saturday,02:00,36.0
G2,Winter,Saturday,02:15,34.4
G2,Winter,Saturday,02:30,33.7
G2,Winter,Saturday,02:45,33.3
G2,Winter,Saturday,03:00,32.7
G2,Winter,Saturday,03:15,32.0
G2,Winter,Saturday,03:30,31.5
G2,Winter,Saturday,03:45,31.3
G2,Winter,Saturday,04:00,31.5
G2,Winter,Saturday,04:15,31.7
G2,Winter,Saturday,04:30,31.5
G2,Winter,Saturday,04:45,30.3
G2,Winter,Saturday,05:00,28.1
G2,Winter,Saturday,05:15,26.4
G2,Winter,Saturday,05:30,27.1
G2,Winter,Saturday,05:45,32.3
G2,Winter,Saturday,06:00,42.9
G2,Winter,Saturday,06:15,56.2
G2,Winter,Saturday,06:30,68.5
G2,Winter,Saturday,06:45,76.3
G2,Winter,Saturday,07:00,77.0
G2,Winter,Saturday,07:15,72.9
G2,Winter,Saturday,07:30,67.3
G2,Winter,Saturday,07:45,63.6
G2,Winter,Saturday,08:00,64.5
G2,Winter,Saturday,08:15,69.5
G2,Winter,Saturday,08:30,77.4
G2,Winter,Saturday,08:45,87.1
G2,Winter,Saturday,09:00,97.4
G2,Winter,Saturday,09:15,108.4
G2,Winter,Saturday,09:30,119.9
G2,Winter,Saturday,09:45,132.1
G2,Winter,Saturday,10:00,144.7
G2,Winter,Saturday,10:15,156.7
G2,Winter,Saturday,10:30,166.9
G2,Winter,Saturday,10:45,174.1
G2,Winter,Saturday,11:00,177.4
G2,Winter,Saturday,11:15,177.7
G2,Winter,Saturday,11:30,176.2
G2,Winter,Saturday,11:45,174.1
G2,Winter,Saturday,12:00,172.6
G2,Winter,Saturday,12:15,172.0
G2,Winter,Saturday,12:30,172.4
G2,Winter,Saturday,12:45,174.1
G2,Winter,Saturday,13:00,177.1
G2,Winter,Saturday,13:15,180.4
G2,Winter,Saturday,13:30,183.0
G2,Winter,Saturday,13:45,183.9
G2,Winter,Saturday,14:00,182.4
G2,Winter,Saturday,14:15,179.5
G2,Winter,Saturday,14:30,176.6
G2,Winter,Saturday,14:45,175.1
G2,Winter,Saturday,15:00,176.0
G2,Winter,Saturday,15:15,178.9
G2,Winter,Saturday,15:30,182.8
G2,Winter,Saturday,15:45,186.8
G2,Winter,Saturday,16:00,190.3
G2,Winter,Saturday,16:15,193.8
G2,Winter,Saturday,16:30,197.9
G2,Winter,Saturday,16:45,203.5
G2,Winter,Saturday,17:00,210.8
G2,Winter,Saturday,17:15,218.8
G2,Winter,Saturday,17:30,226.3
G2,Winter,Saturday,17:45,231.8
G2,Winter,Saturday,18:00,234.4
G2,Winter,Saturday,18:15,234.5
G2,Winter,Saturday,18:30,233.0
G2,Winter,Saturday,18:45,230.9
G2,Winter,Saturday,19:00,228.7
G2,Winter,Saturday,19:15,226.9
G2,Winter,Saturday,19:30,225.3
G2,Winter,Saturday,19:45,224.0
G2,Winter,Saturday,20:00,223.0
G2,Winter,Saturday,20:15,221.5
G2,Winter,Saturday,20:30,218.9
G2,Winter,Saturday,20:45,214.2
G2,Winter,Saturday,21:00,207.0
G2,Winter,Saturday,21:15,197.0
G2,Winter,Saturday,21:30,184.4
G2,Winter,Saturday,21:45,169.2
G2,Winter,Saturday,22:00,151.8
G2,Winter,Saturday,22:15,133.7
G2,Winter,Saturday,22:30,116.7
G2,Winter,Saturday,22:45,102.7
G2,Winter,Saturday,23:00,93.0
G2,Winter,Saturday,23:15,86.6
G2,Winter,Saturday,23:30,82.2
G2,Winter,Saturday,23:45,78.3
G2,Winter,Sunday,00:00,73.7
G2,Winter,Sunday,00:15,68.7
G2,Winter,Sunday,00:30,63.6
G2,Winter,Sunday,00:45,58.7
G2,Winter,Sunday,01:00,54.4
G2,Winter,Sunday,01:15,50.6
G2,Winter,Sunday,01:30,47.2
G2,Winter,Sunday,01:45,44.0
G2,Winter,Sunday,02:00,41.0
G2,Winter,Sunday,02:15,38.2
G2,Winter,Sunday,02:30,35.9
G2,Winter,Sunday,02:45,34.2
G2,Winter,Sunday,03:00,33.3
G2,Winter,Sunday,03:15,33.0
G2,Winter,Sunday,03:30,33.1
G2,Winter,Sunday,03:45,33.3
G2,Winter,Sunday,04:00,33.3
G2,Winter,Sunday,04:15,33.1
G2,Winter,Sunday,04:30,32.5
G2,Winter,Sunday,04:45,31.3
G2,Winter,Sunday,05:00,29.7
G2,Winter,Sunday,05:15,28.5
G2,Winter,Sunday,05:30,29.0
G2,Winter,Sunday,05:45,32.3
G2,Winter,Sunday,06:00,38.9
G2,Winter,Sunday,06:15,47.3
G2,Winter,Sunday,06:30,54.9
G2,Winter,Sunday,06:45,59.7
G2,Winter,Sunday,07:00,59.9
G2,Winter,Sunday,07:15,56.6
G2,Winter,Sunday,07:30,51.7
G2,Winter,Sunday,07:45,47.0
G2,Winter,Sunday,08:00,44.0
G2,Winter,Sunday,08:15,43.7
G2,Winter,Sunday,08:30,46.7
G2,Winter,Sunday,08:45,53.8
G2,Winter,Sunday,09:00,65.2
G2,Winter,Sunday,09:15,79.5
G2,Winter,Sunday,09:30,94.6
G2,Winter,Sunday,09:45,108.6
G2,Winter,Sunday,10:00,120.0
G2,Winter,Sunday,10:15,128.8
G2,Winter,Sunday,10:30,135.6
G2,Winter,Sunday,10:45,140.9
G2,Winter,Sunday,11:00,144.9
G2,Winter,Sunday,11:15,147.8
G2,Winter,Sunday,11:30,149.4
G2,Winter,Sunday,11:45,149.7
G2,Winter,Sunday,12:00,148.5
G2,Winter,Sunday,12:15,146.8
G2,Winter,Sunday,12:30,145.2
G2,Winter,Sunday,12:45,144.8
G2,Winter,Sunday,13:00,146.0
G2,Winter,Sunday,13:15,148.3
G2,Winter,Sunday,13:30,151.1
G2,Winter,Sunday,13:45,153.6
G2,Winter,Sunday,14:00,155.1
G2,Winter,Sunday,14:15,155.5
G2,Winter,Sunday,14:30,155.0
G2,Winter,Sunday,14:45,153.6
G2,Winter,Sunday,15:00,151.4
G2,Winter,Sunday,15:15,149.0
G2,Winter,Sunday,15:30,147.2
G2,Winter,Sunday,15:45,146.7
G2,Winter,Sunday,16:00,148.1
G2,Winter,Sunday,16:15,151.2
G2,Winter,Sunday,16:30,155.7
G2,Winter,Sunday,16:45,161.4
G2,Winter,Sunday,17:00,167.8
G2,Winter,Sunday,17:15,174.5
G2,Winter,Sunday,17:30,180.7
G2,Winter,Sunday,17:45,185.9
G2,Winter,Sunday,18:00,189.5
G2,Winter,Sunday,18:15,192.1
G2,Winter,Sunday,18:30,193.9
G2,Winter,Sunday,18:45,195.6
G2,Winter,Sunday,19:00,197.5
G2,Winter,Sunday,19:15,199.4
G2,Winter,Sunday,19:30,200.9
G2,Winter,Sunday,19:45,201.5
G2,Winter,Sunday,20:00,201.0
G2,Winter,Sunday,20:15,199.2
G2,Winter,Sunday,20:30,196.2
G2,Winter,Sunday,20:45,191.7
G2,Winter,Sunday,21:00,185.8
G2,Winter,Sunday,21:15,178.1
G2,Winter,Sunday,21:30,168.1
G2,Winter,Sunday,21:45,155.5
G2,Winter,Sunday,22:00,140.2
G2,Winter,Sunday,22:15,123.7
G2,Winter,Sunday,22:30,107.7
G2,Winter,Sunday,22:45,93.9
G2,Winter,Sunday,23:00,83.8
G2,Winter,Sunday,23:15,76.7
G2,Winter,Sunday,23:30,71.6
G2,Winter,Sunday,23:45,67.5
G2,Transition,Workday,00:00,70.5
G2,Transition,Workday,00:15,61.9
G2,Transition,Workday,00:30,54.4
G2,Transition,Workday,00:45,47.9
G2,Transition,Workday,01:00,42.5
G2,Transition,Workday,01:15,38.1
G2,Transition,Workday,01:30,34.7
G2,Transition,Workday,01:45,32.3
G2,Transition,Workday,02:00,30.8
G2,Transition,Workday,02:15,29.9
G2,Transition,Workday,02:30,29.5
G2,Transition,Workday,02:45,29.3
G2,Transition,Workday,03:00,29.2
G2,Transition,Workday,03:15,29.1
G2,Transition,Workday,03:30,29.1
G2,Transition,Workday,03:45,29.3
G2,Transition,Workday,04:00,29.9
G2,Transition,Workday,04:15,30.3
G2,Transition,Workday,04:30,30.3
G2,Transition,Workday,04:45,29.3
G2,Transition,Workday,05:00,27.5
G2,Transition,Workday,05:15,26.1
G2,Transition,Workday,05:30,26.8
G2,Transition,Workday,05:45,31.3
G2,Transition,Workday,06:00,40.6
G2,Transition,Workday,06:15,52.3
G2,Transition,Workday,06:30,63.3
G2,Transition,Workday,06:45,70.4
G2,Transition,Workday,07:00,71.5
G2,Transition,Workday,07:15,68.5
G2,Transition,Workday,07:30,64.2
G2,Transition,Workday,07:45,61.6
G2,Transition,Workday,08:00,62.9
G2,Transition,Workday,08:15,67.7
G2,Transition,Workday,08:30,75.1
G2,Transition,Workday,08:45,84.1
G2,Transition,Workday,09:00,93.8
G2,Transition,Workday,09:15,103.7
G2,Transition,Workday,09:30,113.3
G2,Transition,Workday,09:45,122.3
G2,Transition,Workday,10:00,130.2
G2,Transition,Workday,10:15,137.0
G2,Transition,Workday,10:30,142.5
G2,Transition,Workday,10:45,146.7
G2,Transition,Workday,11:00,149.6
G2,Transition,Workday,11:15,151.2
G2,Transition,Workday,11:30,151.5
G2,Transition,Workday,11:45,150.6
G2,Transition,Workday,12:00,148.8
G2,Transition,Workday,12:15,146.4
G2,Transition,Workday,12:30,143.9
G2,Transition,Workday,12:45,141.8
G2,Transition,Workday,13:00,140.6
G2,Transition,Workday,13:15,140.1
G2,Transition,Workday,13:30,140.0
G2,Transition,Workday,13:45,139.9
G2,Transition,Workday,14:00,139.7
G2,Transition,Workday,14:15,139.9
G2,Transition,Workday,14:30,141.1
G2,Transition,Workday,14:45,143.8
G2,Transition,Workday,15:00,148.4
G2,Transition,Workday,15:15,153.9
G2,Transition,Workday,15:30,159.3
G2,Transition,Workday,15:45,163.4
G2,Transition,Workday,16:00,165.3
G2,Transition,Workday,16:15,166.2
G2,Transition,Workday,16:30,167.4
G2,Transition,Workday,16:45,170.2
G2,Transition,Workday,17:00,175.7
G2,Transition,Workday,17:15,183.0
G2,Transition,Workday,17:30,190.7
G2,Transition,Workday,17:45,197.6
G2,Transition,Workday,18:00,202.6
G2,Transition,Workday,18:15,206.0
G2,Transition,Workday,18:30,208.0
G2,Transition,Workday,18:45,209.3
G2,Transition,Workday,19:00,210.2
G2,Transition,Workday,19:15,210.9
G2,Transition,Workday,19:30,211.6
G2,Transition,Workday,19:45,212.3
G2,Transition,Workday,20:00,213.1
G2,Transition,Workday,20:15,213.5
G2,Transition,Workday,20:30,213.1
G2,Transition,Workday,20:45,211.3
G2,Transition,Workday,21:00,207.6
G2,Transition,Workday,21:15,201.8
G2,Transition,Workday,21:30,194.0
G2,Transition,Workday,21:45,183.9
G2,Transition,Workday,22:00,171.7
G2,Transition,Workday,22:15,157.9
G2,Transition,Workday,22:30,143.5
G2,Transition,Workday,22:45,129.1
G2,Transition,Workday,23:00,115.5
G2,Transition,Workday,23:15,102.7
G2,Transition,Workday,23:30,91.0
G2,Transition,Workday,23:45,80.2
G2,Transition,Saturday,00:00,73.1
G2,Transition,Saturday,00:15,67.6
G2,Transition,Saturday,00:30,62.8
G2,Transition,Saturday,00:45,57.7
G2,Transition,Saturday,01:00,51.6
G2,Transition,Saturday,01:15,45.0
G2,Transition,Saturday,01:30,38.9
G2,Transition,Saturday,01:45,34.2
G2,Transition,Saturday,02:00,31.6
G2,Transition,Saturday,02:15,30.6
G2,Transition,Saturday,02:30,30.4
G2,Transition,Saturday,02:45,30.3
G2,Transition,Saturday,03:00,29.8
G2,Transition,Saturday,03:15,29.0
G2,Transition,Saturday,03:30,28.1
G2,Transition,Saturday,03:45,27.4
G2,Transition,Saturday,04:00,27.0
G2,Transition,Saturday,04:15,26.7
G2,Transition,Saturday,04:30,26.3
G2,Transition,Saturday,04:45,25.4
G2,Transition,Saturday,05:00,24.1
G2,Transition,Saturday,05:15,23.4
G2,Transition,Saturday,05:30,24.7
G2,Transition,Saturday,05:45,29.3
G2,Transition,Saturday,06:00,38.0
G2,Transition,Saturday,06:15,48.5
G2,Transition,Saturday,06:30,58.3
G2,Transition,Saturday,06:45,64.6
G2,Transition,Saturday,07:00,65.4
G2,Transition,Saturday,07:15,62.5
G2,Transition,Saturday,07:30,58.1
G2,Transition,Saturday,07:45,54.8
G2,Transition,Saturday,08:00,54.5
G2,Transition,Saturday,08:15,57.3
G2,Transition,Saturday,08:30,63.1
G2,Transition,Saturday,08:45,71.4
G2,Transition,Saturday,09:00,81.9
G2,Transition,Saturday,09:15,93.7
G2,Transition,Saturday,09:30,105.9
G2,Transition,Saturday,09:45,117.4
G2,Transition,Saturday,10:00,127.4
G2,Transition,Saturday,10:15,135.7
G2,Transition,Saturday,10:30,142.2
G2,Transition,Saturday,10:45,146.7
G2,Transition,Saturday,11:00,149.3
G2,Transition,Saturday,11:15,150.3
G2,Transition,Saturday,11:30,150.2
G2,Transition,Saturday,11:45,149.7
G2,Transition,Saturday,12:00,149.0
G2,Transition,Saturday,12:15,148.7
G2,Transition,Saturday,12:30,148.8
G2,Transition,Saturday,12:45,149.7
G2,Transition,Saturday,13:00,151.4
G2,Transition,Saturday,13:15,153.6
G2,Transition,Saturday,13:30,155.5
G2,Transition,Saturday,13:45,156.5
G2,Transition,Saturday,14:00,156.3
G2,Transition,Saturday,14:15,155.1
G2,Transition,Saturday,14:30,153.7
G2,Transition,Saturday,14:45,152.6
G2,Transition,Saturday,15:00,152.3
G2,Transition,Saturday,15:15,152.9
G2,Transition,Saturday,15:30,154.4
G2,Transition,Saturday,15:45,156.5
G2,Transition,Saturday,16:00,159.3
G2,Transition,Saturday,16:15,162.9
G2,Transition,Saturday,16:30,167.1
G2,Transition,Saturday,16:45,172.2
G2,Transition,Saturday,17:00,177.8
G2,Transition,Saturday,17:15,183.6
G2,Transition,Saturday,17:30,188.8
G2,Transition,Saturday,17:45,192.7
G2,Transition,Saturday,18:00,194.9
G2,Transition,Saturday,18:15,195.6
G2,Transition,Saturday,18:30,195.4
G2,Transition,Saturday,18:45,194.7
G2,Transition,Saturday,19:00,193.9
G2,Transition,Saturday,19:15,193.2
G2,Transition,Saturday,19:30,192.5
G2,Transition,Saturday,19:45,191.7
G2,Transition,Saturday,20:00,190.9
G2,Transition,Saturday,20:15,189.7
G2,Transition,Saturday,20:30,187.8
G2,Transition,Saturday,20:45,184.9
G2,Transition,Saturday,21:00,180.5
G2,Transition,Saturday,21:15,174.2
G2,Transition,Saturday,21:30,165.4
G2,Transition,Saturday,21:45,153.6
G2,Transition,Saturday,22:00,138.6
G2,Transition,Saturday,22:15,122.0
G2,Transition,Saturday,22:30,105.8
G2,Transition,Saturday,22:45,91.9
G2,Transition,Saturday,23:00,82.0
G2,Transition,Saturday,23:15,75.4
G2,Transition,Saturday,23:30,70.9
G2,Transition,Saturday,23:45,67.5
G2,Transition,Sunday,00:00,64.2
G2,Transition,Sunday,00:15,60.7
G2,Transition,Sunday,00:30,56.9
G2,Transition,Sunday,00:45,52.8
G2,Transition,Sunday,01:00,48.3
G2,Transition,Sunday,01:15,43.8
G2,Transition,Sunday,01:30,39.6
G2,Transition,Sunday,01:45,36.2
G2,Transition,Sunday,02:00,33.8
G2,Transition,Sunday,02:15,32.2
G2,Transition,Sunday,02:30,31.1
G2,Transition,Sunday,02:45,30.3
G2,Transition,Sunday,03:00,29.5
G2,Transition,Sunday,03:15,28.7
G2,Transition,Sunday,03:30,27.9
G2,Transition,Sunday,03:45,27.4
G2,Transition,Sunday,04:00,27.1
G2,Transition,Sunday,04:15,26.8
G2,Transition,Sunday,04:30,26.4
G2,Transition,Sunday,04:45,25.4
G2,Transition,Sunday,05:00,24.1
G2,Transition,Sunday,05:15,23.2
G2,Transition,Sunday,05:30,24.3
G2,Transition,Sunday,05:45,28.4
G2,Transition,Sunday,06:00,36.2
G2,Transition,Sunday,06:15,45.7
G2,Transition,Sunday,06:30,54.1
G2,Transition,Sunday,06:45,58.7
G2,Transition,Sunday,07:00,57.7
G2,Transition,Sunday,07:15,52.5
G2,Transition,Sunday,07:30,45.5
G2,Transition,Sunday,07:45,39.1
G2,Transition,Sunday,08:00,35.3
G2,Transition,Sunday,08:15,34.7
G2,Transition,Sunday,08:30,37.5
G2,Transition,Sunday,08:45,44.0
G2,Transition,Sunday,09:00,54.2
G2,Transition,Sunday,09:15,66.8
G2,Transition,Sunday,09:30,80.5
G2,Transition,Sunday,09:45,93.9
G2,Transition,Sunday,10:00,105.7
G2,Transition,Sunday,10:15,115.5
G2,Transition,Sunday,10:30,123.0
G2,Transition,Sunday,10:45,128.1
G2,Transition,Sunday,11:00,130.8
G2,Transition,Sunday,11:15,131.5
G2,Transition,Sunday,11:30,131.4
G2,Transition,Sunday,11:45,131.1
G2,Transition,Sunday,12:00,131.3
G2,Transition,Sunday,12:15,131.6
G2,Transition,Sunday,12:30,131.4
G2,Transition,Sunday,12:45,130.1
G2,Transition,Sunday,13:00,127.3
G2,Transition,Sunday,13:15,123.6
G2,Transition,Sunday,13:30,120.0
G2,Transition,Sunday,13:45,117.4
G2,Transition,Sunday,14:00,116.5
G2,Transition,Sunday,14:15,116.8
G2,Transition,Sunday,14:30,117.6
G2,Transition,Sunday,14:45,118.4
G2,Transition,Sunday,15:00,118.4
G2,Transition,Sunday,15:15,118.0
G2,Transition,Sunday,15:30,117.6
G2,Transition,Sunday,15:45,117.4
G2,Transition,Sunday,16:00,117.9
G2,Transition,Sunday,16:15,119.3
G2,Transition,Sunday,16:30,122.0
G2,Transition,Sunday,16:45,126.2
G2,Transition,Sunday,17:00,132.0
G2,Transition,Sunday,17:15,138.7
G2,Transition,Sunday,17:30,145.2
G2,Transition,Sunday,17:45,150.6
G2,Transition,Sunday,18:00,154.2
G2,Transition,Sunday,18:15,156.4
G2,Transition,Sunday,18:30,157.9
G2,Transition,Sunday,18:45,159.4
G2,Transition,Sunday,19:00,161.5
G2,Transition,Sunday,19:15,163.8
G2,Transition,Sunday,19:30,165.9
G2,Transition,Sunday,19:45,167.3
G2,Transition,Sunday,20:00,167.6
G2,Transition,Sunday,20:15,166.9
G2,Transition,Sunday,20:30,165.1
G2,Transition,Sunday,20:45,162.4
G2,Transition,Sunday,21:00,158.7
G2,Transition,Sunday,21:15,153.5
G2,Transition,Sunday,21:30,146.1
G2,Transition,Sunday,21:45,136.0
G2,Transition,Sunday,22:00,122.8
G2,Transition,Sunday,22:15,108.1
G2,Transition,Sunday,22:30,93.6
G2,Transition,Sunday,22:45,81.2
G2,Transition,Sunday,23:00,72.3
G2,Transition,Sunday,23:15,66.4
G2,Transition,Sunday,23:30,62.5
G2,Transition,Sunday,23:45,59.7
G3,Summer,Workday,00:00,98.5
G3,Summer,Workday,00:15,99.0
G3,Summer,Workday,00:30,99.4
G3,Summer,Workday,00:45,99.2
G3,Summer,Workday,01:00,98.1
G3,Summer,Workday,01:15,96.4
G3,Summer,Workday,01:30,94.8
G3,Summer,Workday,01:45,93.7
G3,Summer,Workday,02:00,93.6
G3,Summer,Workday,02:15,94.1
G3,Summer,Workday,02:30,94.7
G3,Summer,Workday,02:45,95.0
G3,Summer,Workday,03:00,94.4
G3,Summer,Workday,03:15,93.3
G3,Summer,Workday,03:30,92.2
G3,Summer,Workday,03:45,91.3
G3,Summer,Workday,04:00,91.0
G3,Summer,Workday,04:15,91.1
G3,Summer,Workday,04:30,91.1
G3,Summer,Workday,04:45,90.7
G3,Summer,Workday,05:00,89.8
G3,Summer,Workday,05:15,89.0
G3,Summer,Workday,05:30,89.2
G3,Summer,Workday,05:45,91.3
G3,Summer,Workday,06:00,95.9
G3,Summer,Workday,06:15,101.6
G3,Summer,Workday,06:30,106.9
G3,Summer,Workday,06:45,110.1
G3,Summer,Workday,07:00,110.1
G3,Summer,Workday,07:15,108.4
G3,Summer,Workday,07:30,107.1
G3,Summer,Workday,07:45,108.3
G3,Summer,Workday,08:00,113.3
G3,Summer,Workday,08:15,120.8
G3,Summer,Workday,08:30,128.9
G3,Summer,Workday,08:45,135.5
G3,Summer,Workday,09:00,139.1
G3,Summer,Workday,09:15,140.3
G3,Summer,Workday,09:30,140.3
G3,Summer,Workday,09:45,140.3
G3,Summer,Workday,10:00,141.1
G3,Summer,Workday,10:15,142.5
G3,Summer,Workday,10:30,144.0
G3,Summer,Workday,10:45,145.1
G3,Summer,Workday,11:00,145.7
G3,Summer,Workday,11:15,145.8
G3,Summer,Workday,11:30,145.9
G3,Summer,Workday,11:45,146.4
G3,Summer,Workday,12:00,147.4
G3,Summer,Workday,12:15,148.6
G3,Summer,Workday,12:30,149.1
G3,Summer,Workday,12:45,148.2
G3,Summer,Workday,13:00,145.4
G3,Summer,Workday,13:15,141.4
G3,Summer,Workday,13:30,137.2
G3,Summer,Workday,13:45,133.7
G3,Summer,Workday,14:00,131.5
G3,Summer,Workday,14:15,130.7
G3,Summer,Workday,14:30,130.9
G3,Summer,Workday,14:45,131.8
G3,Summer,Workday,15:00,133.3
G3,Summer,Workday,15:15,135.0
G3,Summer,Workday,15:30,136.6
G3,Summer,Workday,15:45,137.9
G3,Summer,Workday,16:00,138.6
G3,Summer,Workday,16:15,139.0
G3,Summer,Workday,16:30,139.2
G3,Summer,Workday,16:45,139.7
G3,Summer,Workday,17:00,140.6
G3,Summer,Workday,17:15,141.6
G3,Summer,Workday,17:30,142.4
G3,Summer,Workday,17:45,142.7
G3,Summer,Workday,18:00,142.3
G3,Summer,Workday,18:15,141.3
G3,Summer,Workday,18:30,139.9
G3,Summer,Workday,18:45,138.5
G3,Summer,Workday,19:00,137.2
G3,Summer,Workday,19:15,135.9
G3,Summer,Workday,19:30,134.3
G3,Summer,Workday,19:45,132.4
G3,Summer,Workday,20:00,130.0
G3,Summer,Workday,20:15,127.2
G3,Summer,Workday,20:30,124.1
G3,Summer,Workday,20:45,121.0
G3,Summer,Workday,21:00,117.8
G3,Summer,Workday,21:15,114.9
G3,Summer,Workday,21:30,112.2
G3,Summer,Workday,21:45,110.1
G3,Summer,Workday,22:00,108.5
G3,Summer,Workday,22:15,107.2
G3,Summer,Workday,22:30,106.0
G3,Summer,Workday,22:45,104.6
G3,Summer,Workday,23:00,102.9
G3,Summer,Workday,23:15,101.1
G3,Summer,Workday,23:30,99.5
G3,Summer,Workday,23:45,98.6
G3,Summer,Saturday,00:00,99.0
G3,Summer,Saturday,00:15,100.0
G3,Summer,Saturday,00:30,100.9
G3,Summer,Saturday,00:45,101.0
G3,Summer,Saturday,01:00,99.8
G3,Summer,Saturday,01:15,97.9
G3,Summer,Saturday,01:30,95.8
G3,Summer,Saturday,01:45,94.3
G3,Summer,Saturday,02:00,94.0
G3,Summer,Saturday,02:15,94.3
G3,Summer,Saturday,02:30,94.8
G3,Summer,Saturday,02:45,95.0
G3,Summer,Saturday,03:00,94.3
G3,Summer,Saturday,03:15,93.1
G3,Summer,Saturday,03:30,91.7
G3,Summer,Saturday,03:45,90.7
G3,Summer,Saturday,04:00,90.3
G3,Summer,Saturday,04:15,90.2
G3,Summer,Saturday,04:30,90.1
G3,Summer,Saturday,04:45,89.5
G3,Summer,Saturday,05:00,88.2
G3,Summer,Saturday,05:15,87.0
G3,Summer,Saturday,05:30,86.7
G3,Summer,Saturday,05:45,88.3
G3,Summer,Saturday,06:00,92.2
G3,Summer,Saturday,06:15,97.3
G3,Summer,Saturday,06:30,102.2
G3,Summer,Saturday,06:45,105.2
G3,Summer,Saturday,07:00,105.5
G3,Summer,Saturday,07:15,104.6
G3,Summer,Saturday,07:30,104.6
G3,Summer,Saturday,07:45,107.7
G3,Summer,Saturday,08:00,115.0
G3,Summer,Saturday,08:15,125.0
G3,Summer,Saturday,08:30,134.9
G3,Summer,Saturday,08:45,142.1
G3,Summer,Saturday,09:00,144.9
G3,Summer,Saturday,09:15,144.1
G3,Summer,Saturday,09:30,141.8
G3,Summer,Saturday,09:45,139.7
G3,Summer,Saturday,10:00,139.2
G3,Summer,Saturday,10:15,140.0
G3,Summer,Saturday,10:30,141.4
G3,Summer,Saturday,10:45,142.7
G3,Summer,Saturday,11:00,143.4
G3,Summer,Saturday,11:15,143.7
G3,Summer,Saturday,11:30,143.7
G3,Summer,Saturday,11:45,143.9
G3,Summer,Saturday,12:00,144.5
G3,Summer,Saturday,12:15,145.0
G3,Summer,Saturday,12:30,145.0
G3,Summer,Saturday,12:45,143.9
G3,Summer,Saturday,13:00,141.5
G3,Summer,Saturday,13:15,137.8
G3,Summer,Saturday,13:30,133.3
G3,Summer,Saturday,13:45,128.2
G3,Summer,Saturday,14:00,123.0
G3,Summer,Saturday,14:15,118.2
G3,Summer,Saturday,14:30,114.1
G3,Summer,Saturday,14:45,111.3
G3,Summer,Saturday,15:00,110.0
G3,Summer,Saturday,15:15,110.0
G3,Summer,Saturday,15:30,110.6
G3,Summer,Saturday,15:45,111.3
G3,Summer,Saturday,16:00,111.7
G3,Summer,Saturday,16:15,111.9
G3,Summer,Saturday,16:30,112.1
G3,Summer,Saturday,16:45,112.5
G3,Summer,Saturday,17:00,113.2
G3,Summer,Saturday,17:15,113.9
G3,Summer,Saturday,17:30,114.2
G3,Summer,Saturday,17:45,113.7
G3,Summer,Saturday,18:00,112.1
G3,Summer,Saturday,18:15,110.2
G3,Summer,Saturday,18:30,109.0
G3,Summer,Saturday,18:45,109.5
G3,Summer,Saturday,19:00,112.2
G3,Summer,Saturday,19:15,116.2
G3,Summer,Saturday,19:30,120.2
G3,Summer,Saturday,19:45,122.8
G3,Summer,Saturday,20:00,123.0
G3,Summer,Saturday,20:15,121.2
G3,Summer,Saturday,20:30,118.3
G3,Summer,Saturday,20:45,114.9
G3,Summer,Saturday,21:00,111.7
G3,Summer,Saturday,21:15,108.9
G3,Summer,Saturday,21:30,106.5
G3,Summer,Saturday,21:45,104.6
G3,Summer,Saturday,22:00,103.2
G3,Summer,Saturday,22:15,102.1
G3,Summer,Saturday,22:30,101.1
G3,Summer,Saturday,22:45,99.8
G3,Summer,Saturday,23:00,98.2
G3,Summer,Saturday,23:15,96.4
G3,Summer,Saturday,23:30,95.0
G3,Summer,Saturday,23:45,94.3
G3,Summer,Sunday,00:00,94.6
G3,Summer,Sunday,00:15,95.3
G3,Summer,Sunday,00:30,96.0
G3,Summer,Sunday,00:45,96.2
G3,Summer,Sunday,01:00,95.3
G3,Summer,Sunday,01:15,93.9
G3,Summer,Sunday,01:30,92.4
G3,Summer,Sunday,01:45,91.3
G3,Summer,Sunday,02:00,91.1
G3,Summer,Sunday,02:15,91.5
G3,Summer,Sunday,02:30,92.1
G3,Summer,Sunday,02:45,92.5
G3,Summer,Sunday,03:00,92.4
G3,Summer,Sunday,03:15,91.9
G3,Summer,Sunday,03:30,91.2
G3,Summer,Sunday,03:45,90.7
G3,Summer,Sunday,04:00,90.5
G3,Summer,Sunday,04:15,90.4
G3,Summer,Sunday,04:30,90.1
G3,Summer,Sunday,04:45,89.5
G3,Summer,Sunday,05:00,88.5
G3,Summer,Sunday,05:15,87.7
G3,Summer,Sunday,05:30,88.2
G3,Summer,Sunday,05:45,90.7
G3,Summer,Sunday,06:00,95.8
G3,Summer,Sunday,06:15,102.0
G3,Summer,Sunday,06:30,107.6
G3,Summer,Sunday,06:45,110.7
G3,Summer,Sunday,07:00,110.0
G3,Summer,Sunday,07:15,106.9
G3,Summer,Sunday,07:30,103.1
G3,Summer,Sunday,07:45,100.4
G3,Summer,Sunday,08:00,100.2
G3,Summer,Sunday,08:15,101.8
G3,Summer,Sunday,08:30,104.0
G3,Summer,Sunday,08:45,105.8
G3,Summer,Sunday,09:00,106.3
G3,Summer,Sunday,09:15,105.8
G3,Summer,Sunday,09:30,104.8
G3,Summer,Sunday,09:45,104.0
G3,Summer,Sunday,10:00,103.8
G3,Summer,Sunday,10:15,104.1
G3,Summer,Sunday,10:30,104.5
G3,Summer,Sunday,10:45,104.6
G3,Summer,Sunday,11:00,104.4
G3,Summer,Sunday,11:15,104.0
G3,Summer,Sunday,11:30,103.9
G3,Summer,Sunday,11:45,104.6
G3,Summer,Sunday,12:00,106.3
G3,Summer,Sunday,12:15,108.3
G3,Summer,Sunday,12:30,110.1
G3,Summer,Sunday,12:45,110.7
G3,Summer,Sunday,13:00,109.7
G3,Summer,Sunday,13:15,107.5
G3,Summer,Sunday,13:30,105.0
G3,Summer,Sunday,13:45,102.8
G3,Summer,Sunday,14:00,101.5
G3,Summer,Sunday,14:15,101.0
G3,Summer,Sunday,14:30,100.9
G3,Summer,Sunday,14:45,101.0
G3,Summer,Sunday,15:00,100.9
G3,Summer,Sunday,15:15,100.8
G3,Summer,Sunday,15:30,100.6
G3,Summer,Sunday,15:45,100.4
G3,Summer,Sunday,16:00,100.3
G3,Summer,Sunday,16:15,100.2
G3,Summer,Sunday,16:30,100.3
G3,Summer,Sunday,16:45,100.4
G3,Summer,Sunday,17:00,100.5
G3,Summer,Sunday,17:15,100.7
G3,Summer,Sunday,17:30,100.6
G3,Summer,Sunday,17:45,100.4
G3,Summer,Sunday,18:00,99.9
G3,Summer,Sunday,18:15,99.7
G3,Summer,Sunday,18:30,100.2
G3,Summer,Sunday,18:45,102.2
G3,Summer,Sunday,19:00,105.9
G3,Summer,Sunday,19:15,110.3
G3,Summer,Sunday,19:30,114.5
G3,Summer,Sunday,19:45,117.3
G3,Summer,Sunday,20:00,117.9
G3,Summer,Sunday,20:15,116.5
G3,Summer,Sunday,20:30,113.9
G3,Summer,Sunday,20:45,110.7
G3,Summer,Sunday,21:00,107.4
G3,Summer,Sunday,21:15,104.4
G3,Summer,Sunday,21:30,101.8
G3,Summer,Sunday,21:45,99.8
G3,Summer,Sunday,22:00,98.5
G3,Summer,Sunday,22:15,97.6
G3,Summer,Sunday,22:30,96.8
G3,Summer,Sunday,22:45,95.6
G3,Summer,Sunday,23:00,93.8
G3,Summer,Sunday,23:15,91.9
G3,Summer,Sunday,23:30,90.7
G3,Summer,Sunday,23:45,90.7
G3,Winter,Workday,00:00,94.7
G3,Winter,Workday,00:15,94.1
G3,Winter,Workday,00:30,94.1
G3,Winter,Workday,00:45,95.0
G3,Winter,Workday,01:00,96.6
G3,Winter,Workday,01:15,98.4
G3,Winter,Workday,01:30,99.8
G3,Winter,Workday,01:45,99.8
G3,Winter,Workday,02:00,98.0
G3,Winter,Workday,02:15,95.1
G3,Winter,Workday,02:30,91.9
G3,Winter,Workday,02:45,89.5
G3,Winter,Workday,03:00,88.4
G3,Winter,Workday,03:15,88.3
G3,Winter,Workday,03:30,88.3
G3,Winter,Workday,03:45,87.7
G3,Winter,Workday,04:00,86.1
G3,Winter,Workday,04:15,84.3
G3,Winter,Workday,04:30,83.5
G3,Winter,Workday,04:45,84.7
G3,Winter,Workday,05:00,88.5
G3,Winter,Workday,05:15,94.0
G3,Winter,Workday,05:30,99.5
G3,Winter,Workday,05:45,103.4
G3,Winter,Workday,06:00,104.7
G3,Winter,Workday,06:15,104.0
G3,Winter,Workday,06:30,102.4
G3,Winter,Workday,06:45,101.0
G3,Winter,Workday,07:00,100.8
G3,Winter,Workday,07:15,102.1
G3,Winter,Workday,07:30,105.3
G3,Winter,Workday,07:45,110.7
G3,Winter,Workday,08:00,118.2
G3,Winter,Workday,08:15,126.7
G3,Winter,Workday,08:30,134.7
G3,Winter,Workday,08:45,140.9
G3,Winter,Workday,09:00,144.2
G3,Winter,Workday,09:15,145.4
G3,Winter,Workday,09:30,145.5
G3,Winter,Workday,09:45,145.8
G3,Winter,Workday,10:00,147.0
G3,Winter,Workday,10:15,149.0
G3,Winter,Workday,10:30,151.2
G3,Winter,Workday,10:45,153.0
G3,Winter,Workday,11:00,154.0
G3,Winter,Workday,11:15,154.3
G3,Winter,Workday,11:30,154.3
G3,Winter,Workday,11:45,154.2
G3,Winter,Workday,12:00,154.3
G3,Winter,Workday,12:15,154.5
G3,Winter,Workday,12:30,154.3
G3,Winter,Workday,12:45,153.6
G3,Winter,Workday,13:00,152.2
G3,Winter,Workday,13:15,149.9
G3,Winter,Workday,13:30,147.0
G3,Winter,Workday,13:45,143.3
G3,Winter,Workday,14:00,139.2
G3,Winter,Workday,14:15,135.2
G3,Winter,Workday,14:30,132.1
G3,Winter,Workday,14:45,130.6
G3,Winter,Workday,15:00,131.3
G3,Winter,Workday,15:15,133.5
G3,Winter,Workday,15:30,136.2
G3,Winter,Workday,15:45,138.5
G3,Winter,Workday,16:00,139.8
G3,Winter,Workday,16:15,140.3
G3,Winter,Workday,16:30,140.5
G3,Winter,Workday,16:45,140.9
G3,Winter,Workday,17:00,142.0
G3,Winter,Workday,17:15,143.7
G3,Winter,Workday,17:30,145.8
G3,Winter,Workday,17:45,148.2
G3,Winter,Workday,18:00,150.6
G3,Winter,Workday,18:15,152.5
G3,Winter,Workday,18:30,153.3
G3,Winter,Workday,18:45,152.4
G3,Winter,Workday,19:00,149.3
G3,Winter,Workday,19:15,144.4
G3,Winter,Workday,19:30,138.4
G3,Winter,Workday,19:45,131.8
G3,Winter,Workday,20:00,125.3
G3,Winter,Workday,20:15,119.3
G3,Winter,Workday,20:30,114.3
G3,Winter,Workday,20:45,110.7
G3,Winter,Workday,21:00,108.8
G3,Winter,Workday,21:15,108.1
G3,Winter,Workday,21:30,108.0
G3,Winter,Workday,21:45,107.7
G3,Winter,Workday,22:00,106.6
G3,Winter,Workday,22:15,104.9
G3,Winter,Workday,22:30,103.0
G3,Winter,Workday,22:45,101.0
G3,Winter,Workday,23:00,99.3
G3,Winter,Workday,23:15,97.8
G3,Winter,Workday,23:30,96.6
G3,Winter,Workday,23:45,95.6
G3,Winter,Saturday,00:00,95.3
G3,Winter,Saturday,00:15,95.5
G3,Winter,Saturday,00:30,96.2
G3,Winter,Saturday,00:45,97.4
G3,Winter,Saturday,01:00,98.9
G3,Winter,Saturday,01:15,100.3
G3,Winter,Saturday,01:30,101.0
G3,Winter,Saturday,01:45,100.4
G3,Winter,Saturday,02:00,98.2
G3,Winter,Saturday,02:15,95.1
G3,Winter,Saturday,02:30,91.9
G3,Winter,Saturday,02:45,89.5
G3,Winter,Saturday,03:00,88.6
G3,Winter,Saturday,03:15,88.6
G3,Winter,Saturday,03:30,88.7
G3,Winter,Saturday,03:45,88.3
G3,Winter,Saturday,04:00,86.8
G3,Winter,Saturday,04:15,85.1
G3,Winter,Saturday,04:30,84.2
G3,Winter,Saturday,04:45,85.3
G3,Winter,Saturday,05:00,89.0
G3,Winter,Saturday,05:15,94.1
G3,Winter,Saturday,05:30,99.3
G3,Winter,Saturday,05:45,102.8
G3,Winter,Saturday,06:00,103.7
G3,Winter,Saturday,06:15,102.6
G3,Winter,Saturday,06:30,100.7
G3,Winter,Saturday,06:45,99.2
G3,Winter,Saturday,07:00,99.1
G3,Winter,Saturday,07:15,100.8
G3,Winter,Saturday,07:30,104.4
G3,Winter,Saturday,07:45,110.1
G3,Winter,Saturday,08:00,117.7
G3,Winter,Saturday,08:15,126.1
G3,Winter,Saturday,08:30,133.9
G3,Winter,Saturday,08:45,139.7
G3,Winter,Saturday,09:00,142.4
G3,Winter,Saturday,09:15,142.9
G3,Winter,Saturday,09:30,142.4
G3,Winter,Saturday,09:45,142.1
G3,Winter,Saturday,10:00,142.9
G3,Winter,Saturday,10:15,144.5
G3,Winter,Saturday,10:30,146.3
G3,Winter,Saturday,10:45,147.6
G3,Winter,Saturday,11:00,147.9
G3,Winter,Saturday,11:15,147.5
G3,Winter,Saturday,11:30,146.8
G3,Winter,Saturday,11:45,146.4
G3,Winter,Saturday,12:00,146.3
G3,Winter,Saturday,12:15,146.5
G3,Winter,Saturday,12:30,146.2
G3,Winter,Saturday,12:45,145.1
G3,Winter,Saturday,13:00,142.8
G3,Winter,Saturday,13:15,139.3
G3,Winter,Saturday,13:30,134.6
G3,Winter,Saturday,13:45,128.8
G3,Winter,Saturday,14:00,122.3
G3,Winter,Saturday,14:15,115.5
G3,Winter,Saturday,14:30,109.4
G3,Winter,Saturday,14:45,104.6
G3,Winter,Saturday,15:00,101.8
G3,Winter,Saturday,15:15,100.5
G3,Winter,Saturday,15:30,100.2
G3,Winter,Saturday,15:45,100.4
G3,Winter,Saturday,16:00,100.6
G3,Winter,Saturday,16:15,101.0
G3,Winter,Saturday,16:30,101.9
G3,Winter,Saturday,16:45,103.4
G3,Winter,Saturday,17:00,105.8
G3,Winter,Saturday,17:15,108.7
G3,Winter,Saturday,17:30,111.5
G3,Winter,Saturday,17:45,113.7
G3,Winter,Saturday,18:00,115.0
G3,Winter,Saturday,18:15,115.7
G3,Winter,Saturday,18:30,116.3
G3,Winter,Saturday,18:45,117.3
G3,Winter,Saturday,19:00,119.0
G3,Winter,Saturday,19:15,120.6
G3,Winter,Saturday,19:30,121.4
G3,Winter,Saturday,19:45,120.4
G3,Winter,Saturday,20:00,117.0
G3,Winter,Saturday,20:15,112.1
G3,Winter,Saturday,20:30,106.8
G3,Winter,Saturday,20:45,102.2
G3,Winter,Saturday,21:00,99.2
G3,Winter,Saturday,21:15,97.4
G3,Winter,Saturday,21:30,96.4
G3,Winter,Saturday,21:45,95.6
G3,Winter,Saturday,22:00,94.5
G3,Winter,Saturday,22:15,93.3
G3,Winter,Saturday,22:30,92.0
G3,Winter,Saturday,22:45,90.7
G3,Winter,Saturday,23:00,89.6
G3,Winter,Saturday,23:15,88.6
G3,Winter,Saturday,23:30,88.0
G3,Winter,Saturday,23:45,87.7
G3,Winter,Sunday,00:00,87.8
G3,Winter,Sunday,00:15,88.3
G3,Winter,Sunday,00:30,89.0
G3,Winter,Sunday,00:45,90.1
G3,Winter,Sunday,01:00,91.3
G3,Winter,Sunday,01:15,92.4
G3,Winter,Sunday,01:30,92.9
G3,Winter,Sunday,01:45,92.5
G3,Winter,Sunday,02:00,91.0
G3,Winter,Sunday,02:15,88.7
G3,Winter,Sunday,02:30,86.4
G3,Winter,Sunday,02:45,84.7
G3,Winter,Sunday,03:00,84.0
G3,Winter,Sunday,03:15,84.0
G3,Winter,Sunday,03:30,84.0
G3,Winter,Sunday,03:45,83.5
G3,Winter,Sunday,04:00,82.1
G3,Winter,Sunday,04:15,80.6
G3,Winter,Sunday,04:30,80.1
G3,Winter,Sunday,04:45,81.6
G3,Winter,Sunday,05:00,85.9
G3,Winter,Sunday,05:15,91.6
G3,Winter,Sunday,05:30,97.0
G3,Winter,Sunday,05:45,100.4
G3,Winter,Sunday,06:00,100.7
G3,Winter,Sunday,06:15,98.8
G3,Winter,Sunday,06:30,96.2
G3,Winter,Sunday,06:45,94.3
G3,Winter,Sunday,07:00,94.4
G3,Winter,Sunday,07:15,95.7
G3,Winter,Sunday,07:30,97.6
G3,Winter,Sunday,07:45,99.2
G3,Winter,Sunday,08:00,99.7
G3,Winter,Sunday,08:15,99.6
G3,Winter,Sunday,08:30,99.2
G3,Winter,Sunday,08:45,99.2
G3,Winter,Sunday,09:00,99.8
G3,Winter,Sunday,09:15,100.9
G3,Winter,Sunday,09:30,102.1
G3,Winter,Sunday,09:45,102.8
G3,Winter,Sunday,10:00,102.9
G3,Winter,Sunday,10:15,102.5
G3,Winter,Sunday,10:30,101.8
G3,Winter,Sunday,10:45,101.0
G3,Winter,Sunday,11:00,100.4
G3,Winter,Sunday,11:15,100.0
G3,Winter,Sunday,11:30,99.8
G3,Winter,Sunday,11:45,99.8
G3,Winter,Sunday,12:00,100.0
G3,Winter,Sunday,12:15,100.5
G3,Winter,Sunday,12:30,101.0
G3,Winter,Sunday,12:45,101.6
G3,Winter,Sunday,13:00,102.2
G3,Winter,Sunday,13:15,102.4
G3,Winter,Sunday,13:30,102.1
G3,Winter,Sunday,13:45,101.0
G3,Winter,Sunday,14:00,98.9
G3,Winter,Sunday,14:15,96.3
G3,Winter,Sunday,14:30,93.8
G3,Winter,Sunday,14:45,91.9
G3,Winter,Sunday,15:00,91.1
G3,Winter,Sunday,15:15,91.2
G3,Winter,Sunday,15:30,91.8
G3,Winter,Sunday,15:45,92.5
G3,Winter,Sunday,16:00,93.1
G3,Winter,Sunday,16:15,93.4
G3,Winter,Sunday,16:30,93.6
G3,Winter,Sunday,16:45,93.7
G3,Winter,Sunday,17:00,93.9
G3,Winter,Sunday,17:15,94.3
G3,Winter,Sunday,17:30,95.2
G3,Winter,Sunday,17:45,96.8
G3,Winter,Sunday,18:00,99.1
G3,Winter,Sunday,18:15,102.2
G3,Winter,Sunday,18:30,105.7
G3,Winter,Sunday,18:45,109.5
G3,Winter,Sunday,19:00,113.2
G3,Winter,Sunday,19:15,116.3
G3,Winter,Sunday,19:30,117.9
G3,Winter,Sunday,19:45,117.3
G3,Winter,Sunday,20:00,114.2
G3,Winter,Sunday,20:15,109.4
G3,Winter,Sunday,20:30,104.2
G3,Winter,Sunday,20:45,99.8
G3,Winter,Sunday,21:00,97.1
G3,Winter,Sunday,21:15,95.9
G3,Winter,Sunday,21:30,95.4
G3,Winter,Sunday,21:45,95.0
G3,Winter,Sunday,22:00,94.1
G3,Winter,Sunday,22:15,92.8
G3,Winter,Sunday,22:30,91.2
G3,Winter,Sunday,22:45,89.5
G3,Winter,Sunday,23:00,87.8
G3,Winter,Sunday,23:15,86.4
G3,Winter,Sunday,23:30,85.7
G3,Winter,Sunday,23:45,85.9
G3,Transition,Workday,00:00,91.2
G3,Transition,Workday,00:15,90.2
G3,Transition,Workday,00:30,89.4
G3,Transition,Workday,00:45,88.9
G3,Transition,Workday,01:00,88.7
G3,Transition,Workday,01:15,88.8
G3,Transition,Workday,01:30,89.1
G3,Transition,Workday,01:45,89.5
G3,Transition,Workday,02:00,90.0
G3,Transition,Workday,02:15,90.3
G3,Transition,Workday,02:30,90.2
G3,Transition,Workday,02:45,89.5
G3,Transition,Workday,03:00,88.0
G3,Transition,Workday,03:15,86.1
G3,Transition,Workday,03:30,84.0
G3,Transition,Workday,03:45,82.3
G3,Transition,Workday,04:00,81.1
G3,Transition,Workday,04:15,80.5
G3,Transition,Workday,04:30,80.4
G3,Transition,Workday,04:45,80.4
G3,Transition,Workday,05:00,80.7
G3,Transition,Workday,05:15,81.3
G3,Transition,Workday,05:30,82.5
G3,Transition,Workday,05:45,84.7
G3,Transition,Workday,06:00,87.9
G3,Transition,Workday,06:15,91.6
G3,Transition,Workday,06:30,95.2
G3,Transition,Workday,06:45,98.0
G3,Transition,Workday,07:00,99.6
G3,Transition,Workday,07:15,100.9
G3,Transition,Workday,07:30,102.8
G3,Transition,Workday,07:45,106.4
G3,Transition,Workday,08:00,112.4
G3,Transition,Workday,08:15,119.5
G3,Transition,Workday,08:30,126.3
G3,Transition,Workday,08:45,131.2
G3,Transition,Workday,09:00,133.3
G3,Transition,Workday,09:15,133.2
G3,Transition,Workday,09:30,132.1
G3,Transition,Workday,09:45,131.2
G3,Transition,Workday,10:00,131.5
G3,Transition,Workday,10:15,132.8
G3,Transition,Workday,10:30,134.7
G3,Transition,Workday,10:45,136.7
G3,Transition,Workday,11:00,138.4
G3,Transition,Workday,11:15,139.7
G3,Transition,Workday,11:30,140.6
G3,Transition,Workday,11:45,140.9
G3,Transition,Workday,12:00,140.7
G3,Transition,Workday,12:15,140.0
G3,Transition,Workday,12:30,139.0
G3,Transition,Workday,12:45,137.9
G3,Transition,Workday,13:00,136.8
G3,Transition,Workday,13:15,135.9
G3,Transition,Workday,13:30,135.0
G3,Transition,Workday,13:45,134.3
G3,Transition,Workday,14:00,133.7
G3,Transition,Workday,14:15,133.3
G3,Transition,Workday,14:30,133.1
G3,Transition,Workday,14:45,133.1
G3,Transition,Workday,15:00,133.2
G3,Transition,Workday,15:15,133.4
G3,Transition,Workday,15:30,133.6
G3,Transition,Workday,15:45,133.7
G3,Transition,Workday,16:00,133.4
G3,Transition,Workday,16:15,133.1
G3,Transition,Workday,16:30,132.9
G3,Transition,Workday,16:45,133.1
G3,Transition,Workday,17:00,133.6
G3,Transition,Workday,17:15,134.5
G3,Transition,Workday,17:30,135.6
G3,Transition,Workday,17:45,136.7
G3,Transition,Workday,18:00,137.6
G3,Transition,Workday,18:15,138.0
G3,Transition,Workday,18:30,137.6
G3,Transition,Workday,18:45,136.1
G3,Transition,Workday,19:00,133.2
G3,Transition,Workday,19:15,129.6
G3,Transition,Workday,19:30,126.1
G3,Transition,Workday,19:45,123.4
G3,Transition,Workday,20:00,122.1
G3,Transition,Workday,20:15,121.6
G3,Transition,Workday,20:30,121.1
G3,Transition,Workday,20:45,119.7
G3,Transition,Workday,21:00,117.0
G3,Transition,Workday,21:15,113.3
G3,Transition,Workday,21:30,109.4
G3,Transition,Workday,21:45,105.8
G3,Transition,Workday,22:00,103.2
G3,Transition,Workday,22:15,101.3
G3,Transition,Workday,22:30,99.9
G3,Transition,Workday,22:45,98.6
G3,Transition,Workday,23:00,97.1
G3,Transition,Workday,23:15,95.6
G3,Transition,Workday,23:30,94.0
G3,Transition,Workday,23:45,92.5
G3,Transition,Saturday,00:00,92.5
G3,Transition,Saturday,00:15,93.0
G3,Transition,Saturday,00:30,93.7
G3,Transition,Saturday,00:45,94.3
G3,Transition,Saturday,01:00,94.5
G3,Transition,Saturday,01:15,94.5
G3,Transition,Saturday,01:30,94.3
G3,Transition,Saturday,01:45,94.3
G3,Transition,Saturday,02:00,94.7
G3,Transition,Saturday,02:15,95.0
G3,Transition,Saturday,02:30,95.0
G3,Transition,Saturday,02:45,94.3
G3,Transition,Saturday,03:00,92.7
G3,Transition,Saturday,03:15,90.6
G3,Transition,Saturday,03:30,88.3
G3,Transition,Saturday,03:45,86.5
G3,Transition,Saturday,04:00,85.4
G3,Transition,Saturday,04:15,85.1
G3,Transition,Saturday,04:30,85.1
G3,Transition,Saturday,04:45,85.3
G3,Transition,Saturday,05:00,85.4
G3,Transition,Saturday,05:15,85.8
G3,Transition,Saturday,05:30,86.9
G3,Transition,Saturday,05:45,88.9
G3,Transition,Saturday,06:00,92.1
G3,Transition,Saturday,06:15,95.7
G3,Transition,Saturday,06:30,99.0
G3,Transition,Saturday,06:45,101.0
G3,Transition,Saturday,07:00,101.3
G3,Transition,Saturday,07:15,101.1
G3,Transition,Saturday,07:30,102.3
G3,Transition,Saturday,07:45,106.4
G3,Transition,Saturday,08:00,114.6
G3,Transition,Saturday,08:15,124.9
G3,Transition,Saturday,08:30,134.7
G3,Transition,Saturday,08:45,141.5
G3,Transition,Saturday,09:00,143.4
G3,Transition,Saturday,09:15,141.8
G3,Transition,Saturday,09:30,138.6
G3,Transition,Saturday,09:45,136.1
G3,Transition,Saturday,10:00,135.7
G3,Transition,Saturday,10:15,137.1
G3,Transition,Saturday,10:30,139.3
G3,Transition,Saturday,10:45,141.5
G3,Transition,Saturday,11:00,143.0
G3,Transition,Saturday,11:15,143.6
G3,Transition,Saturday,11:30,143.7
G3,Transition,Saturday,11:45,143.3
G3,Transition,Saturday,12:00,142.7
G3,Transition,Saturday,12:15,141.8
G3,Transition,Saturday,12:30,140.8
G3,Transition,Saturday,12:45,139.7
G3,Transition,Saturday,13:00,138.4
G3,Transition,Saturday,13:15,136.8
G3,Transition,Saturday,13:30,134.5
G3,Transition,Saturday,13:45,131.2
G3,Transition,Saturday,14:00,126.9
G3,Transition,Saturday,14:15,121.9
G3,Transition,Saturday,14:30,117.1
G3,Transition,Saturday,14:45,113.1
G3,Transition,Saturday,15:00,110.4
G3,Transition,Saturday,15:15,108.6
G3,Transition,Saturday,15:30,107.5
G3,Transition,Saturday,15:45,106.4
G3,Transition,Saturday,16:00,105.2
G3,Transition,Saturday,16:15,104.1
G3,Transition,Saturday,16:30,103.5
G3,Transition,Saturday,16:45,104.0
G3,Transition,Saturday,17:00,105.8
G3,Transition,Saturday,17:15,108.1
G3,Transition,Saturday,17:30,110.2
G3,Transition,Saturday,17:45,111.3
G3,Transition,Saturday,18:00,110.7
G3,Transition,Saturday,18:15,109.0
G3,Transition,Saturday,18:30,107.1
G3,Transition,Saturday,18:45,105.8
G3,Transition,Saturday,19:00,105.9
G3,Transition,Saturday,19:15,107.0
G3,Transition,Saturday,19:30,108.7
G3,Transition,Saturday,19:45,110.7
G3,Transition,Saturday,20:00,112.4
G3,Transition,Saturday,20:15,113.5
G3,Transition,Saturday,20:30,113.9
G3,Transition,Saturday,20:45,113.1
G3,Transition,Saturday,21:00,111.1
G3,Transition,Saturday,21:15,108.3
G3,Transition,Saturday,21:30,105.1
G3,Transition,Saturday,21:45,102.2
G3,Transition,Saturday,22:00,99.9
G3,Transition,Saturday,22:15,98.1
G3,Transition,Saturday,22:30,96.5
G3,Transition,Saturday,22:45,95.0
G3,Transition,Saturday,23:00,93.1
G3,Transition,Saturday,23:15,91.3
G3,Transition,Saturday,23:30,89.6
G3,Transition,Saturday,23:45,88.3
G3,Transition,Sunday,00:00,87.6
G3,Transition,Sunday,00:15,87.3
G3,Transition,Sunday,00:30,87.4
G3,Transition,Sunday,00:45,87.7
G3,Transition,Sunday,01:00,88.0
G3,Transition,Sunday,01:15,88.4
G3,Transition,Sunday,01:30,88.9
G3,Transition,Sunday,01:45,89.5
G3,Transition,Sunday,02:00,90.3
G3,Transition,Sunday,02:15,91.0
G3,Transition,Sunday,02:30,91.2
G3,Transition,Sunday,02:45,90.7
G3,Transition,Sunday,03:00,89.2
G3,Transition,Sunday,03:15,87.2
G3,Transition,Sunday,03:30,85.1
G3,Transition,Sunday,03:45,83.5
G3,Transition,Sunday,04:00,82.7
G3,Transition,Sunday,04:15,82.7
G3,Transition,Sunday,04:30,83.1
G3,Transition,Sunday,04:45,83.5
G3,Transition,Sunday,05:00,83.7
G3,Transition,Sunday,05:15,84.0
G3,Transition,Sunday,05:30,84.8
G3,Transition,Sunday,05:45,86.5
G3,Transition,Sunday,06:00,89.2
G3,Transition,Sunday,06:15,92.4
G3,Transition,Sunday,06:30,95.4
G3,Transition,Sunday,06:45,97.4
G3,Transition,Sunday,07:00,97.9
G3,Transition,Sunday,07:15,97.6
G3,Transition,Sunday,07:30,97.3
G3,Transition,Sunday,07:45,98.0
G3,Transition,Sunday,08:00,100.1
G3,Transition,Sunday,08:15,102.9
G3,Transition,Sunday,08:30,105.4
G3,Transition,Sunday,08:45,106.4
G3,Transition,Sunday,09:00,105.4
G3,Transition,Sunday,09:15,102.9
G3,Transition,Sunday,09:30,99.9
G3,Transition,Sunday,09:45,97.4
G3,Transition,Sunday,10:00,96.1
G3,Transition,Sunday,10:15,95.9
G3,Transition,Sunday,10:30,96.3
G3,Transition,Sunday,10:45,96.8
G3,Transition,Sunday,11:00,96.9
G3,Transition,Sunday,11:15,96.8
G3,Transition,Sunday,11:30,96.6
G3,Transition,Sunday,11:45,96.2
G3,Transition,Sunday,12:00,95.7
G3,Transition,Sunday,12:15,95.4
G3,Transition,Sunday,12:30,95.1
G3,Transition,Sunday,12:45,95.0
G3,Transition,Sunday,13:00,95.0
G3,Transition,Sunday,13:15,95.3
G3,Transition,Sunday,13:30,95.6
G3,Transition,Sunday,13:45,96.2
G3,Transition,Sunday,14:00,96.7
G3,Transition,Sunday,14:15,97.3
G3,Transition,Sunday,14:30,97.5
G3,Transition,Sunday,14:45,97.4
G3,Transition,Sunday,15:00,96.7
G3,Transition,Sunday,15:15,95.8
G3,Transition,Sunday,15:30,94.9
G3,Transition,Sunday,15:45,94.3
G3,Transition,Sunday,16:00,94.4
G3,Transition,Sunday,16:15,95.0
G3,Transition,Sunday,16:30,95.9
G3,Transition,Sunday,16:45,96.8
G3,Transition,Sunday,17:00,97.6
G3,Transition,Sunday,17:15,98.2
G3,Transition,Sunday,17:30,98.8
G3,Transition,Sunday,17:45,99.2
G3,Transition,Sunday,18:00,99.5
G3,Transition,Sunday,18:15,99.9
G3,Transition,Sunday,18:30,100.5
G3,Transition,Sunday,18:45,101.6
G3,Transition,Sunday,19:00,103.2
G3,Transition,Sunday,19:15,105.2
G3,Transition,Sunday,19:30,107.4
G3,Transition,Sunday,19:45,109.5
G3,Transition,Sunday,20:00,111.2
G3,Transition,Sunday,20:15,112.4
G3,Transition,Sunday,20:30,112.5
G3,Transition,Sunday,20:45,111.3
G3,Transition,Sunday,21:00,108.5
G3,Transition,Sunday,21:15,104.8
G3,Transition,Sunday,21:30,100.8
G3,Transition,Sunday,21:45,97.4
G3,Transition,Sunday,22:00,95.0
G3,Transition,Sunday,22:15,93.5
G3,Transition,Sunday,22:30,92.4
G3,Transition,Sunday,22:45,91.3
G3,Transition,Sunday,23:00,89.9
G3,Transition,Sunday,23:15,88.4
G3,Transition,Sunday,23:30,87.2
G3,Transition,Sunday,23:45,86.5
G4,Summer,Workday,00:00,74.5
G4,Summer,Workday,00:15,73.6
G4,Summer,Workday,00:30,72.8
G4,Summer,Workday,00:45,72.0
G4,Summer,Workday,01:00,71.0
G4,Summer,Workday,01:15,70.0
G4,Summer,Workday,01:30,69.1
G4,Summer,Workday,01:45,68.4
G4,Summer,Workday,02:00,68.0
G4,Summer,Workday,02:15,67.9
G4,Summer,Workday,02:30,67.7
G4,Summer,Workday,02:45,67.5
G4,Summer,Workday,03:00,67.0
G4,Summer,Workday,03:15,66.4
G4,Summer,Workday,03:30,65.9
G4,Summer,Workday,03:45,65.7
G4,Summer,Workday,04:00,65.8
G4,Summer,Workday,04:15,66.1
G4,Summer,Workday,04:30,66.5
G4,Summer,Workday,04:45,66.6
G4,Summer,Workday,05:00,66.4
G4,Summer,Workday,05:15,65.9
G4,Summer,Workday,05:30,65.3
G4,Summer,Workday,05:45,64.8
G4,Summer,Workday,06:00,64.6
G4,Summer,Workday,06:15,65.4
G4,Summer,Workday,06:30,67.9
G4,Summer,Workday,06:45,72.9
G4,Summer,Workday,07:00,80.9
G4,Summer,Workday,07:15,91.6
G4,Summer,Workday,07:30,104.4
G4,Summer,Workday,07:45,118.8
G4,Summer,Workday,08:00,133.9
G4,Summer,Workday,08:15,148.8
G4,Summer,Workday,08:30,162.2
G4,Summer,Workday,08:45,172.8
G4,Summer,Workday,09:00,179.8
G4,Summer,Workday,09:15,183.9
G4,Summer,Workday,09:30,186.3
G4,Summer,Workday,09:45,188.1
G4,Summer,Workday,10:00,190.1
G4,Summer,Workday,10:15,192.2
G4,Summer,Workday,10:30,194.0
G4,Summer,Workday,10:45,195.3
G4,Summer,Workday,11:00,195.6
G4,Summer,Workday,11:15,195.3
G4,Summer,Workday,11:30,194.5
G4,Summer,Workday,11:45,193.5
G4,Summer,Workday,12:00,192.3
G4,Summer,Workday,12:15,190.3
G4,Summer,Workday,12:30,186.5
G4,Summer,Workday,12:45,180.0
G4,Summer,Workday,13:00,170.4
G4,Summer,Workday,13:15,159.3
G4,Summer,Workday,13:30,148.9
G4,Summer,Workday,13:45,141.3
G4,Summer,Workday,14:00,138.1
G4,Summer,Workday,14:15,139.2
G4,Summer,Workday,14:30,143.7
G4,Summer,Workday,14:45,151.2
G4,Summer,Workday,15:00,160.6
G4,Summer,Workday,15:15,170.6
G4,Summer,Workday,15:30,179.7
G4,Summer,Workday,15:45,186.3
G4,Summer,Workday,16:00,189.2
G4,Summer,Workday,16:15,189.5
G4,Summer,Workday,16:30,188.3
G4,Summer,Workday,16:45,187.2
G4,Summer,Workday,17:00,186.9
G4,Summer,Workday,17:15,187.2
G4,Summer,Workday,17:30,186.9
G4,Summer,Workday,17:45,185.4
G4,Summer,Workday,18:00,181.7
G4,Summer,Workday,18:15,175.7
G4,Summer,Workday,18:30,167.1
G4,Summer,Workday,18:45,155.7
G4,Summer,Workday,19:00,141.7
G4,Summer,Workday,19:15,127.2
G4,Summer,Workday,19:30,114.2
G4,Summer,Workday,19:45,105.3
G4,Summer,Workday,20:00,101.8
G4,Summer,Workday,20:15,102.3
G4,Summer,Workday,20:30,104.2
G4,Summer,Workday,20:45,105.3
G4,Summer,Workday,21:00,103.7
G4,Summer,Workday,21:15,100.0
G4,Summer,Workday,21:30,95.3
G4,Summer,Workday,21:45,90.9
G4,Summer,Workday,22:00,87.5
G4,Summer,Workday,22:15,85.2
G4,Summer,Workday,22:30,83.4
G4,Summer,Workday,22:45,81.9
G4,Summer,Workday,23:00,80.2
G4,Summer,Workday,23:15,78.6
G4,Summer,Workday,23:30,77.0
G4,Summer,Workday,23:45,75.6
G4,Summer,Saturday,00:00,75.3
G4,Summer,Saturday,00:15,75.5
G4,Summer,Saturday,00:30,75.7
G4,Summer,Saturday,00:45,75.6
G4,Summer,Saturday,01:00,74.8
G4,Summer,Saturday,01:15,73.6
G4,Summer,Saturday,01:30,72.3
G4,Summer,Saturday,01:45,71.1
G4,Summer,Saturday,02:00,70.3
G4,Summer,Saturday,02:15,69.8
G4,Summer,Saturday,02:30,69.5
G4,Summer,Saturday,02:45,69.3
G4,Summer,Saturday,03:00,69.0
G4,Summer,Saturday,03:15,68.8
G4,Summer,Saturday,03:30,68.6
G4,Summer,Saturday,03:45,68.4
G4,Summer,Saturday,04:00,68.3
G4,Summer,Saturday,04:15,68.3
G4,Summer,Saturday,04:30,68.3
G4,Summer,Saturday,04:45,68.4
G4,Summer,Saturday,05:00,68.4
G4,Summer,Saturday,05:15,68.3
G4,Summer,Saturday,05:30,68.1
G4,Summer,Saturday,05:45,67.5
G4,Summer,Saturday,06:00,66.9
G4,Summer,Saturday,06:15,67.7
G4,Summer,Saturday,06:30,71.8
G4,Summer,Saturday,06:45,81.0
G4,Summer,Saturday,07:00,96.3
G4,Summer,Saturday,07:15,115.4
G4,Summer,Saturday,07:30,135.3
G4,Summer,Saturday,07:45,153.0
G4,Summer,Saturday,08:00,165.9
G4,Summer,Saturday,08:15,174.7
G4,Summer,Saturday,08:30,180.5
G4,Summer,Saturday,08:45,184.5
G4,Summer,Saturday,09:00,187.6
G4,Summer,Saturday,09:15,190.3
G4,Summer,Saturday,09:30,192.5
G4,Summer,Saturday,09:45,194.4
G4,Summer,Saturday,10:00,196.0
G4,Summer,Saturday,10:15,197.5
G4,Summer,Saturday,10:30,198.7
G4,Summer,Saturday,10:45,199.8
G4,Summer,Saturday,11:00,200.6
G4,Summer,Saturday,11:15,201.4
G4,Summer,Saturday,11:30,202.3
G4,Summer,Saturday,11:45,203.4
G4,Summer,Saturday,12:00,204.7
G4,Summer,Saturday,12:15,205.5
G4,Summer,Saturday,12:30,205.1
G4,Summer,Saturday,12:45,202.5
G4,Summer,Saturday,13:00,197.0
G4,Summer,Saturday,13:15,188.7
G4,Summer,Saturday,13:30,177.5
G4,Summer,Saturday,13:45,163.8
G4,Summer,Saturday,14:00,147.7
G4,Summer,Saturday,14:15,131.0
G4,Summer,Saturday,14:30,115.3
G4,Summer,Saturday,14:45,102.6
G4,Summer,Saturday,15:00,94.1
G4,Summer,Saturday,15:15,89.2
G4,Summer,Saturday,15:30,86.7
G4,Summer,Saturday,15:45,85.5
G4,Summer,Saturday,16:00,84.5
G4,Summer,Saturday,16:15,83.5
G4,Summer,Saturday,16:30,82.3
G4,Summer,Saturday,16:45,81.0
G4,Summer,Saturday,17:00,79.4
G4,Summer,Saturday,17:15,77.8
G4,Summer,Saturday,17:30,76.7
G4,Summer,Saturday,17:45,76.5
G4,Summer,Saturday,18:00,77.3
G4,Summer,Saturday,18:15,78.7
G4,Summer,Saturday,18:30,80.1
G4,Summer,Saturday,18:45,81.0
G4,Summer,Saturday,19:00,80.9
G4,Summer,Saturday,19:15,80.3
G4,Summer,Saturday,19:30,80.1
G4,Summer,Saturday,19:45,81.0
G4,Summer,Saturday,20:00,83.4
G4,Summer,Saturday,20:15,86.7
G4,Summer,Saturday,20:30,89.5
G4,Summer,Saturday,20:45,90.9
G4,Summer,Saturday,21:00,90.0
G4,Summer,Saturday,21:15,87.5
G4,Summer,Saturday,21:30,84.1
G4,Summer,Saturday,21:45,81.0
G4,Summer,Saturday,22:00,78.7
G4,Summer,Saturday,22:15,77.1
G4,Summer,Saturday,22:30,75.9
G4,Summer,Saturday,22:45,74.7
G4,Summer,Saturday,23:00,73.3
G4,Summer,Saturday,23:15,71.8
G4,Summer,Saturday,23:30,70.4
G4,Summer,Saturday,23:45,69.3
G4,Summer,Sunday,00:00,68.7
G4,Summer,Sunday,00:15,68.3
G4,Summer,Sunday,00:30,68.0
G4,Summer,Sunday,00:45,67.5
G4,Summer,Sunday,01:00,66.6
G4,Summer,Sunday,01:15,65.6
G4,Summer,Sunday,01:30,64.6
G4,Summer,Sunday,01:45,63.9
G4,Summer,Sunday,02:00,63.7
G4,Summer,Sunday,02:15,63.7
G4,Summer,Sunday,02:30,63.9
G4,Summer,Sunday,02:45,63.9
G4,Summer,Sunday,03:00,63.6
G4,Summer,Sunday,03:15,63.0
G4,Summer,Sunday,03:30,62.5
G4,Summer,Sunday,03:45,62.1
G4,Summer,Sunday,04:00,62.0
G4,Summer,Sunday,04:15,62.0
G4,Summer,Sunday,04:30,62.1
G4,Summer,Sunday,04:45,62.1
G4,Summer,Sunday,05:00,61.8
G4,Summer,Sunday,05:15,61.5
G4,Summer,Sunday,05:30,61.2
G4,Summer,Sunday,05:45,61.2
G4,Summer,Sunday,06:00,61.6
G4,Summer,Sunday,06:15,62.5
G4,Summer,Sunday,06:30,63.8
G4,Summer,Sunday,06:45,65.7
G4,Summer,Sunday,07:00,68.0
G4,Summer,Sunday,07:15,70.4
G4,Summer,Sunday,07:30,72.2
G4,Summer,Sunday,07:45,72.9
G4,Summer,Sunday,08:00,72.2
G4,Summer,Sunday,08:15,70.5
G4,Summer,Sunday,08:30,68.4
G4,Summer,Sunday,08:45,66.6
G4,Summer,Sunday,09:00,65.5
G4,Summer,Sunday,09:15,65.1
G4,Summer,Sunday,09:30,65.2
G4,Summer,Sunday,09:45,65.7
G4,Summer,Sunday,10:00,66.4
G4,Summer,Sunday,10:15,67.3
G4,Summer,Sunday,10:30,68.3
G4,Summer,Sunday,10:45,69.3
G4,Summer,Sunday,11:00,70.2
G4,Summer,Sunday,11:15,71.1
G4,Summer,Sunday,11:30,71.7
G4,Summer,Sunday,11:45,72.0
G4,Summer,Sunday,12:00,71.9
G4,Summer,Sunday,12:15,71.6
G4,Summer,Sunday,12:30,71.0
G4,Summer,Sunday,12:45,70.2
G4,Summer,Sunday,13:00,69.3
G4,Summer,Sunday,13:15,68.5
G4,Summer,Sunday,13:30,67.8
G4,Summer,Sunday,13:45,67.5
G4,Summer,Sunday,14:00,67.6
G4,Summer,Sunday,14:15,67.9
G4,Summer,Sunday,14:30,68.2
G4,Summer,Sunday,14:45,68.4
G4,Summer,Sunday,15:00,68.2
G4,Summer,Sunday,15:15,67.8
G4,Summer,Sunday,15:30,67.5
G4,Summer,Sunday,15:45,67.5
G4,Summer,Sunday,16:00,67.9
G4,Summer,Sunday,16:15,68.5
G4,Summer,Sunday,16:30,69.0
G4,Summer,Sunday,16:45,69.3
G4,Summer,Sunday,17:00,69.1
G4,Summer,Sunday,17:15,68.7
G4,Summer,Sunday,17:30,68.6
G4,Summer,Sunday,17:45,69.3
G4,Summer,Sunday,18:00,70.9
G4,Summer,Sunday,18:15,73.0
G4,Summer,Sunday,18:30,75.1
G4,Summer,Sunday,18:45,76.5
G4,Summer,Sunday,19:00,76.8
G4,Summer,Sunday,19:15,76.5
G4,Summer,Sunday,19:30,76.5
G4,Summer,Sunday,19:45,77.4
G4,Summer,Sunday,20:00,79.7
G4,Summer,Sunday,20:15,82.7
G4,Summer,Sunday,20:30,85.3
G4,Summer,Sunday,20:45,86.4
G4,Summer,Sunday,21:00,85.4
G4,Summer,Sunday,21:15,82.7
G4,Summer,Sunday,21:30,79.5
G4,Summer,Sunday,21:45,76.5
G4,Summer,Sunday,22:00,74.5
G4,Summer,Sunday,22:15,73.2
G4,Summer,Sunday,22:30,72.2
G4,Summer,Sunday,22:45,71.1
G4,Summer,Sunday,23:00,69.6
G4,Summer,Sunday,23:15,68.0
G4,Summer,Sunday,23:30,66.8
G4,Summer,Sunday,23:45,66.6
G4,Winter,Workday,00:00,62.1
G4,Winter,Workday,00:15,60.8
G4,Winter,Workday,00:30,59.5
G4,Winter,Workday,00:45,58.5
G4,Winter,Workday,01:00,58.0
G4,Winter,Workday,01:15,57.8
G4,Winter,Workday,01:30,57.7
G4,Winter,Workday,01:45,57.6
G4,Winter,Workday,02:00,57.2
G4,Winter,Workday,02:15,56.6
G4,Winter,Workday,02:30,56.1
G4,Winter,Workday,02:45,55.8
G4,Winter,Workday,03:00,55.9
G4,Winter,Workday,03:15,56.2
G4,Winter,Workday,03:30,56.6
G4,Winter,Workday,03:45,56.7
G4,Winter,Workday,04:00,56.5
G4,Winter,Workday,04:15,56.2
G4,Winter,Workday,04:30,56.2
G4,Winter,Workday,04:45,56.7
G4,Winter,Workday,05:00,58.0
G4,Winter,Workday,05:15,59.8
G4,Winter,Workday,05:30,61.9
G4,Winter,Workday,05:45,63.9
G4,Winter,Workday,06:00,65.6
G4,Winter,Workday,06:15,67.8
G4,Winter,Workday,06:30,71.4
G4,Winter,Workday,06:45,77.4
G4,Winter,Workday,07:00,86.4
G4,Winter,Workday,07:15,98.4
G4,Winter,Workday,07:30,113.2
G4,Winter,Workday,07:45,130.5
G4,Winter,Workday,08:00,149.7
G4,Winter,Workday,08:15,169.1
G4,Winter,Workday,08:30,186.8
G4,Winter,Workday,08:45,200.7
G4,Winter,Workday,09:00,209.3
G4,Winter,Workday,09:15,213.7
G4,Winter,Workday,09:30,215.4
G4,Winter,Workday,09:45,216.0
G4,Winter,Workday,10:00,216.6
G4,Winter,Workday,10:15,217.4
G4,Winter,Workday,10:30,218.2
G4,Winter,Workday,10:45,218.7
G4,Winter,Workday,11:00,218.7
G4,Winter,Workday,11:15,218.2
G4,Winter,Workday,11:30,217.0
G4,Winter,Workday,11:45,215.1
G4,Winter,Workday,12:00,212.1
G4,Winter,Workday,12:15,207.8
G4,Winter,Workday,12:30,201.4
G4,Winter,Workday,12:45,192.6
G4,Winter,Workday,13:00,181.1
G4,Winter,Workday,13:15,168.7
G4,Winter,Workday,13:30,157.7
G4,Winter,Workday,13:45,150.3
G4,Winter,Workday,14:00,148.1
G4,Winter,Workday,14:15,151.0
G4,Winter,Workday,14:30,157.9
G4,Winter,Workday,14:45,168.3
G4,Winter,Workday,15:00,180.9
G4,Winter,Workday,15:15,194.1
G4,Winter,Workday,15:30,205.9
G4,Winter,Workday,15:45,214.2
G4,Winter,Workday,16:00,217.7
G4,Winter,Workday,16:15,218.2
G4,Winter,Workday,16:30,217.7
G4,Winter,Workday,16:45,218.7
G4,Winter,Workday,17:00,222.5
G4,Winter,Workday,17:15,227.3
G4,Winter,Workday,17:30,230.5
G4,Winter,Workday,17:45,229.5
G4,Winter,Workday,18:00,222.2
G4,Winter,Workday,18:15,209.9
G4,Winter,Workday,18:30,194.6
G4,Winter,Workday,18:45,178.2
G4,Winter,Workday,19:00,162.3
G4,Winter,Workday,19:15,147.6
G4,Winter,Workday,19:30,134.5
G4,Winter,Workday,19:45,123.3
G4,Winter,Workday,20:00,114.2
G4,Winter,Workday,20:15,107.0
G4,Winter,Workday,20:30,101.2
G4,Winter,Workday,20:45,96.3
G4,Winter,Workday,21:00,92.0
G4,Winter,Workday,21:15,88.0
G4,Winter,Workday,21:30,84.1
G4,Winter,Workday,21:45,80.1
G4,Winter,Workday,22:00,75.9
G4,Winter,Workday,22:15,71.8
G4,Winter,Workday,22:30,68.3
G4,Winter,Workday,22:45,65.7
G4,Winter,Workday,23:00,64.3
G4,Winter,Workday,23:15,63.7
G4,Winter,Workday,23:30,63.4
G4,Winter,Workday,23:45,63.0
G4,Winter,Saturday,00:00,62.2
G4,Winter,Saturday,00:15,61.2
G4,Winter,Saturday,00:30,60.1
G4,Winter,Saturday,00:45,59.4
G4,Winter,Saturday,01:00,59.1
G4,Winter,Saturday,01:15,59.2
G4,Winter,Saturday,01:30,59.4
G4,Winter,Saturday,01:45,59.4
G4,Winter,Saturday,02:00,59.1
G4,Winter,Saturday,02:15,58.6
G4,Winter,Saturday,02:30,58.0
G4,Winter,Saturday,02:45,57.6
G4,Winter,Saturday,03:00,57.5
G4,Winter,Saturday,03:15,57.5
G4,Winter,Saturday,03:30,57.6
G4,Winter,Saturday,03:45,57.6
G4,Winter,Saturday,04:00,57.4
G4,Winter,Saturday,04:15,57.2
G4,Winter,Saturday,04:30,57.1
G4,Winter,Saturday,04:45,57.6
G4,Winter,Saturday,05:00,58.7
G4,Winter,Saturday,05:15,60.2
G4,Winter,Saturday,05:30,62.0
G4,Winter,Saturday,05:45,63.9
G4,Winter,Saturday,06:00,65.9
G4,Winter,Saturday,06:15,69.3
G4,Winter,Saturday,06:30,75.6
G4,Winter,Saturday,06:45,86.4
G4,Winter,Saturday,07:00,102.5
G4,Winter,Saturday,07:15,121.9
G4,Winter,Saturday,07:30,142.0
G4,Winter,Saturday,07:45,160.2
G4,Winter,Saturday,08:00,174.4
G4,Winter,Saturday,08:15,185.0
G4,Winter,Saturday,08:30,193.2
G4,Winter,Saturday,08:45,199.8
G4,Winter,Saturday,09:00,205.7
G4,Winter,Saturday,09:15,210.9
G4,Winter,Saturday,09:30,215.3
G4,Winter,Saturday,09:45,218.7
G4,Winter,Saturday,10:00,220.8
G4,Winter,Saturday,10:15,222.0
G4,Winter,Saturday,10:30,222.4
G4,Winter,Saturday,10:45,222.3
G4,Winter,Saturday,11:00,221.9
G4,Winter,Saturday,11:15,221.4
G4,Winter,Saturday,11:30,220.9
G4,Winter,Saturday,11:45,220.5
G4,Winter,Saturday,12:00,220.1
G4,Winter,Saturday,12:15,219.4
G4,Winter,Saturday,12:30,217.6
G4,Winter,Saturday,12:45,214.2
G4,Winter,Saturday,13:00,208.4
G4,Winter,Saturday,13:15,200.2
G4,Winter,Saturday,13:30,189.3
G4,Winter,Saturday,13:45,175.5
G4,Winter,Saturday,14:00,158.9
G4,Winter,Saturday,14:15,141.2
G4,Winter,Saturday,14:30,124.2
G4,Winter,Saturday,14:45,109.8
G4,Winter,Saturday,15:00,99.4
G4,Winter,Saturday,15:15,92.5
G4,Winter,Saturday,15:30,88.2
G4,Winter,Saturday,15:45,85.5
G4,Winter,Saturday,16:00,83.6
G4,Winter,Saturday,16:15,82.5
G4,Winter,Saturday,16:30,82.4
G4,Winter,Saturday,16:45,83.7
G4,Winter,Saturday,17:00,86.2
G4,Winter,Saturday,17:15,89.3
G4,Winter,Saturday,17:30,92.1
G4,Winter,Saturday,17:45,93.6
G4,Winter,Saturday,18:00,93.2
G4,Winter,Saturday,18:15,91.8
G4,Winter,Saturday,18:30,90.4
G4,Winter,Saturday,18:45,90.0
G4,Winter,Saturday,19:00,91.4
G4,Winter,Saturday,19:15,93.7
G4,Winter,Saturday,19:30,95.8
G4,Winter,Saturday,19:45,96.3
G4,Winter,Saturday,20:00,94.4
G4,Winter,Saturday,20:15,90.8
G4,Winter,Saturday,20:30,86.3
G4,Winter,Saturday,20:45,81.9
G4,Winter,Saturday,21:00,78.3
G4,Winter,Saturday,21:15,75.5
G4,Winter,Saturday,21:30,72.9
G4,Winter,Saturday,21:45,70.2
G4,Winter,Saturday,22:00,67.1
G4,Winter,Saturday,22:15,64.0
G4,Winter,Saturday,22:30,61.3
G4,Winter,Saturday,22:45,59.4
G4,Winter,Saturday,23:00,58.6
G4,Winter,Saturday,23:15,58.5
G4,Winter,Saturday,23:30,58.7
G4,Winter,Saturday,23:45,58.5
G4,Winter,Sunday,00:00,57.7
G4,Winter,Sunday,00:15,56.4
G4,Winter,Sunday,00:30,55.0
G4,Winter,Sunday,00:45,54.0
G4,Winter,Sunday,01:00,53.6
G4,Winter,Sunday,01:15,53.6
G4,Winter,Sunday,01:30,53.8
G4,Winter,Sunday,01:45,54.0
G4,Winter,Sunday,02:00,54.0
G4,Winter,Sunday,02:15,53.7
G4,Winter,Sunday,02:30,53.4
G4,Winter,Sunday,02:45,53.1
G4,Winter,Sunday,03:00,52.9
G4,Winter,Sunday,03:15,52.7
G4,Winter,Sunday,03:30,52.5
G4,Winter,Sunday,03:45,52.2
G4,Winter,Sunday,04:00,51.8
G4,Winter,Sunday,04:15,51.6
G4,Winter,Sunday,04:30,51.6
G4,Winter,Sunday,04:45,52.2
G4,Winter,Sunday,05:00,53.4
G4,Winter,Sunday,05:15,55.2
G4,Winter,Sunday,05:30,57.2
G4,Winter,Sunday,05:45,59.4
G4,Winter,Sunday,06:00,61.5
G4,Winter,Sunday,06:15,63.3
G4,Winter,Sunday,06:30,64.8
G4,Winter,Sunday,06:45,65.7
G4,Winter,Sunday,07:00,66.0
G4,Winter,Sunday,07:15,65.7
G4,Winter,Sunday,07:30,65.0
G4,Winter,Sunday,07:45,63.9
G4,Winter,Sunday,08:00,62.5
G4,Winter,Sunday,08:15,61.1
G4,Winter,Sunday,08:30,59.7
G4,Winter,Sunday,08:45,58.5
G4,Winter,Sunday,09:00,57.7
G4,Winter,Sunday,09:15,57.3
G4,Winter,Sunday,09:30,57.3
G4,Winter,Sunday,09:45,57.6
G4,Winter,Sunday,10:00,58.2
G4,Winter,Sunday,10:15,59.2
G4,Winter,Sunday,10:30,60.5
G4,Winter,Sunday,10:45,62.1
G4,Winter,Sunday,11:00,63.9
G4,Winter,Sunday,11:15,65.7
G4,Winter,Sunday,11:30,67.0
G4,Winter,Sunday,11:45,67.5
G4,Winter,Sunday,12:00,66.9
G4,Winter,Sunday,12:15,65.4
G4,Winter,Sunday,12:30,63.7
G4,Winter,Sunday,12:45,62.1
G4,Winter,Sunday,13:00,61.0
G4,Winter,Sunday,13:15,60.3
G4,Winter,Sunday,13:30,60.1
G4,Winter,Sunday,13:45,60.3
G4,Winter,Sunday,14:00,60.7
G4,Winter,Sunday,14:15,61.4
G4,Winter,Sunday,14:30,62.1
G4,Winter,Sunday,14:45,63.0
G4,Winter,Sunday,15:00,63.8
G4,Winter,Sunday,15:15,64.6
G4,Winter,Sunday,15:30,65.2
G4,Winter,Sunday,15:45,65.7
G4,Winter,Sunday,16:00,66.0
G4,Winter,Sunday,16:15,66.5
G4,Winter,Sunday,16:30,67.7
G4,Winter,Sunday,16:45,70.2
G4,Winter,Sunday,17:00,74.1
G4,Winter,Sunday,17:15,78.8
G4,Winter,Sunday,17:30,83.2
G4,Winter,Sunday,17:45,86.4
G4,Winter,Sunday,18:00,87.6
G4,Winter,Sunday,18:15,87.5
G4,Winter,Sunday,18:30,87.1
G4,Winter,Sunday,18:45,87.3
G4,Winter,Sunday,19:00,88.8
G4,Winter,Sunday,19:15,90.9
G4,Winter,Sunday,19:30,92.6
G4,Winter,Sunday,19:45,92.7
G4,Winter,Sunday,20:00,90.6
G4,Winter,Sunday,20:15,86.8
G4,Winter,Sunday,20:30,82.4
G4,Winter,Sunday,20:45,78.3
G4,Winter,Sunday,21:00,75.1
G4,Winter,Sunday,21:15,72.7
G4,Winter,Sunday,21:30,70.6
G4,Winter,Sunday,21:45,68.4
G4,Winter,Sunday,22:00,65.8
G4,Winter,Sunday,22:15,63.0
G4,Winter,Sunday,22:30,60.4
G4,Winter,Sunday,22:45,58.5
G4,Winter,Sunday,23:00,57.4
G4,Winter,Sunday,23:15,57.1
G4,Winter,Sunday,23:30,57.2
G4,Winter,Sunday,23:45,57.6
G4,Transition,Workday,00:00,67.2
G4,Transition,Workday,00:15,66.1
G4,Transition,Workday,00:30,64.9
G4,Transition,Workday,00:45,63.9
G4,Transition,Workday,01:00,63.0
G4,Transition,Workday,01:15,62.2
G4,Transition,Workday,01:30,61.6
G4,Transition,Workday,01:45,61.2
G4,Transition,Workday,02:00,61.1
G4,Transition,Workday,02:15,61.1
G4,Transition,Workday,02:30,61.2
G4,Transition,Workday,02:45,61.2
G4,Transition,Workday,03:00,61.1
G4,Transition,Workday,03:15,60.9
G4,Transition,Workday,03:30,60.6
G4,Transition,Workday,03:45,60.3
G4,Transition,Workday,04:00,60.0
G4,Transition,Workday,04:15,59.8
G4,Transition,Workday,04:30,59.9
G4,Transition,Workday,04:45,60.3
G4,Transition,Workday,05:00,61.1
G4,Transition,Workday,05:15,62.1
G4,Transition,Workday,05:30,62.8
G4,Transition,Workday,05:45,63.0
G4,Transition,Workday,06:00,62.5
G4,Transition,Workday,06:15,62.2
G4,Transition,Workday,06:30,63.2
G4,Transition,Workday,06:45,66.6
G4,Transition,Workday,07:00,73.2
G4,Transition,Workday,07:15,83.3
G4,Transition,Workday,07:30,96.7
G4,Transition,Workday,07:45,113.4
G4,Transition,Workday,08:00,132.9
G4,Transition,Workday,08:15,153.2
G4,Transition,Workday,08:30,171.8
G4,Transition,Workday,08:45,186.3
G4,Transition,Workday,09:00,194.8
G4,Transition,Workday,09:15,198.7
G4,Transition,Workday,09:30,199.7
G4,Transition,Workday,09:45,199.8
G4,Transition,Workday,10:00,200.4
G4,Transition,Workday,10:15,201.5
G4,Transition,Workday,10:30,202.7
G4,Transition,Workday,10:45,203.4
G4,Transition,Workday,11:00,203.2
G4,Transition,Workday,11:15,202.3
G4,Transition,Workday,11:30,200.8
G4,Transition,Workday,11:45,198.9
G4,Transition,Workday,12:00,196.6
G4,Transition,Workday,12:15,193.3
G4,Transition,Workday,12:30,188.3
G4,Transition,Workday,12:45,180.9
G4,Transition,Workday,13:00,170.7
G4,Transition,Workday,13:15,159.4
G4,Transition,Workday,13:30,149.2
G4,Transition,Workday,13:45,142.2
G4,Transition,Workday,14:00,139.9
G4,Transition,Workday,14:15,142.2
G4,Transition,Workday,14:30,148.0
G4,Transition,Workday,14:45,156.6
G4,Transition,Workday,15:00,166.9
G4,Transition,Workday,15:15,177.6
G4,Transition,Workday,15:30,186.9
G4,Transition,Workday,15:45,193.5
G4,Transition,Workday,16:00,196.1
G4,Transition,Workday,16:15,196.0
G4,Transition,Workday,16:30,194.9
G4,Transition,Workday,16:45,194.4
G4,Transition,Workday,17:00,195.6
G4,Transition,Workday,17:15,197.4
G4,Transition,Workday,17:30,197.9
G4,Transition,Workday,17:45,195.3
G4,Transition,Workday,18:00,188.3
G4,Transition,Workday,18:15,177.7
G4,Transition,Workday,18:30,164.9
G4,Transition,Workday,18:45,151.2
G4,Transition,Workday,19:00,137.8
G4,Transition,Workday,19:15,125.5
G4,Transition,Workday,19:30,115.3
G4,Transition,Workday,19:45,108.0
G4,Transition,Workday,20:00,103.9
G4,Transition,Workday,20:15,102.1
G4,Transition,Workday,20:30,101.2
G4,Transition,Workday,20:45,99.9
G4,Transition,Workday,21:00,97.1
G4,Transition,Workday,21:15,93.2
G4,Transition,Workday,21:30,88.8
G4,Transition,Workday,21:45,84.6
G4,Transition,Workday,22:00,81.0
G4,Transition,Workday,22:15,78.1
G4,Transition,Workday,22:30,75.7
G4,Transition,Workday,22:45,73.8
G4,Transition,Workday,23:00,72.2
G4,Transition,Workday,23:15,70.8
G4,Transition,Workday,23:30,69.6
G4,Transition,Workday,23:45,68.4
G4,Transition,Saturday,00:00,67.2
G4,Transition,Saturday,00:15,65.9
G4,Transition,Saturday,00:30,64.8
G4,Transition,Saturday,00:45,63.9
G4,Transition,Saturday,01:00,63.2
G4,Transition,Saturday,01:15,62.7
G4,Transition,Saturday,01:30,62.4
G4,Transition,Saturday,01:45,62.1
G4,Transition,Saturday,02:00,61.8
G4,Transition,Saturday,02:15,61.6
G4,Transition,Saturday,02:30,61.3
G4,Transition,Saturday,02:45,61.2
G4,Transition,Saturday,03:00,61.1
G4,Transition,Saturday,03:15,61.1
G4,Transition,Saturday,03:30,61.1
G4,Transition,Saturday,03:45,61.2
G4,Transition,Saturday,04:00,61.3
G4,Transition,Saturday,04:15,61.4
G4,Transition,Saturday,04:30,61.6
G4,Transition,Saturday,04:45,62.1
G4,Transition,Saturday,05:00,62.7
G4,Transition,Saturday,05:15,63.3
G4,Transition,Saturday,05:30,63.5
G4,Transition,Saturday,05:45,63.0
G4,Transition,Saturday,06:00,61.9
G4,Transition,Saturday,06:15,62.0
G4,Transition,Saturday,06:30,65.2
G4,Transition,Saturday,06:45,73.8
G4,Transition,Saturday,07:00,88.9
G4,Transition,Saturday,07:15,108.6
G4,Transition,Saturday,07:30,129.7
G4,Transition,Saturday,07:45,149.4
G4,Transition,Saturday,08:00,165.2
G4,Transition,Saturday,08:15,177.2
G4,Transition,Saturday,08:30,185.8
G4,Transition,Saturday,08:45,191.7
G4,Transition,Saturday,09:00,195.3
G4,Transition,Saturday,09:15,197.3
G4,Transition,Saturday,09:30,198.3
G4,Transition,Saturday,09:45,198.9
G4,Transition,Saturday,10:00,199.5
G4,Transition,Saturday,10:15,200.2
G4,Transition,Saturday,10:30,200.9
G4,Transition,Saturday,10:45,201.6
G4,Transition,Saturday,11:00,202.1
G4,Transition,Saturday,11:15,202.7
G4,Transition,Saturday,11:30,203.3
G4,Transition,Saturday,11:45,204.3
G4,Transition,Saturday,12:00,205.4
G4,Transition,Saturday,12:15,206.1
G4,Transition,Saturday,12:30,205.4
G4,Transition,Saturday,12:45,202.5
G4,Transition,Saturday,13:00,196.5
G4,Transition,Saturday,13:15,187.7
G4,Transition,Saturday,13:30,176.1
G4,Transition,Saturday,13:45,162.0
G4,Transition,Saturday,14:00,145.8
G4,Transition,Saturday,14:15,129.0
G4,Transition,Saturday,14:30,113.1
G4,Transition,Saturday,14:45,99.9
G4,Transition,Saturday,15:00,90.4
G4,Transition,Saturday,15:15,84.1
G4,Transition,Saturday,15:30,80.1
G4,Transition,Saturday,15:45,77.4
G4,Transition,Saturday,16:00,75.1
G4,Transition,Saturday,16:15,73.3
G4,Transition,Saturday,16:30,72.2
G4,Transition,Saturday,16:45,72.0
G4,Transition,Saturday,17:00,72.8
G4,Transition,Saturday,17:15,74.0
G4,Transition,Saturday,17:30,75.2
G4,Transition,Saturday,17:45,75.6
G4,Transition,Saturday,18:00,74.9
G4,Transition,Saturday,18:15,73.7
G4,Transition,Saturday,18:30,72.7
G4,Transition,Saturday,18:45,72.9
G4,Transition,Saturday,19:00,74.7
G4,Transition,Saturday,19:15,77.6
G4,Transition,Saturday,19:30,80.9
G4,Transition,Saturday,19:45,83.7
G4,Transition,Saturday,20:00,85.5
G4,Transition,Saturday,20:15,86.1
G4,Transition,Saturday,20:30,85.8
G4,Transition,Saturday,20:45,84.6
G4,Transition,Saturday,21:00,82.6
G4,Transition,Saturday,21:15,80.2
G4,Transition,Saturday,21:30,77.4
G4,Transition,Saturday,21:45,74.7
G4,Transition,Saturday,22:00,72.1
G4,Transition,Saturday,22:15,69.9
G4,Transition,Saturday,22:30,68.0
G4,Transition,Saturday,22:45,66.6
G4,Transition,Saturday,23:00,65.6
G4,Transition,Saturday,23:15,65.0
G4,Transition,Saturday,23:30,64.4
G4,Transition,Saturday,23:45,63.9
G4,Transition,Sunday,00:00,63.1
G4,Transition,Sunday,00:15,62.2
G4,Transition,Sunday,00:30,61.3
G4,Transition,Sunday,00:45,60.3
G4,Transition,Sunday,01:00,59.4
G4,Transition,Sunday,01:15,58.6
G4,Transition,Sunday,01:30,58.0
G4,Transition,Sunday,01:45,57.6
G4,Transition,Sunday,02:00,57.4
G4,Transition,Sunday,02:15,57.4
G4,Transition,Sunday,02:30,57.5
G4,Transition,Sunday,02:45,57.6
G4,Transition,Sunday,03:00,57.7
G4,Transition,Sunday,03:15,57.7
G4,Transition,Sunday,03:30,57.7
G4,Transition,Sunday,03:45,57.6
G4,Transition,Sunday,04:00,57.4
G4,Transition,Sunday,04:15,57.3
G4,Transition,Sunday,04:30,57.3
G4,Transition,Sunday,04:45,57.6
G4,Transition,Sunday,05:00,58.2
G4,Transition,Sunday,05:15,58.9
G4,Transition,Sunday,05:30,59.4
G4,Transition,Sunday,05:45,59.4
G4,Transition,Sunday,06:00,58.7
G4,Transition,Sunday,06:15,57.7
G4,Transition,Sunday,06:30,57.2
G4,Transition,Sunday,06:45,57.6
G4,Transition,Sunday,07:00,59.4
G4,Transition,Sunday,07:15,62.0
G4,Transition,Sunday,07:30,64.6
G4,Transition,Sunday,07:45,66.6
G4,Transition,Sunday,08:00,67.3
G4,Transition,Sunday,08:15,67.0
G4,Transition,Sunday,08:30,66.0
G4,Transition,Sunday,08:45,64.8
G4,Transition,Sunday,09:00,63.7
G4,Transition,Sunday,09:15,62.8
G4,Transition,Sunday,09:30,62.3
G4,Transition,Sunday,09:45,62.1
G4,Transition,Sunday,10:00,62.3
G4,Transition,Sunday,10:15,62.9
G4,Transition,Sunday,10:30,63.8
G4,Transition,Sunday,10:45,64.8
G4,Transition,Sunday,11:00,65.8
G4,Transition,Sunday,11:15,66.7
G4,Transition,Sunday,11:30,67.3
G4,Transition,Sunday,11:45,67.5
G4,Transition,Sunday,12:00,67.1
G4,Transition,Sunday,12:15,66.2
G4,Transition,Sunday,12:30,65.1
G4,Transition,Sunday,12:45,63.9
G4,Transition,Sunday,13:00,62.8
G4,Transition,Sunday,13:15,62.0
G4,Transition,Sunday,13:30,61.4
G4,Transition,Sunday,13:45,61.2
G4,Transition,Sunday,14:00,61.4
G4,Transition,Sunday,14:15,61.9
G4,Transition,Sunday,14:30,62.5
G4,Transition,Sunday,14:45,63.0
G4,Transition,Sunday,15:00,63.3
G4,Transition,Sunday,15:15,63.4
G4,Transition,Sunday,15:30,63.3
G4,Transition,Sunday,15:45,63.0
G4,Transition,Sunday,16:00,62.6
G4,Transition,Sunday,16:15,62.3
G4,Transition,Sunday,16:30,62.4
G4,Transition,Sunday,16:45,63.0
G4,Transition,Sunday,17:00,64.3
G4,Transition,Sunday,17:15,65.9
G4,Transition,Sunday,17:30,67.5
G4,Transition,Sunday,17:45,68.4
G4,Transition,Sunday,18:00,68.4
G4,Transition,Sunday,18:15,68.0
G4,Transition,Sunday,18:30,67.8
G4,Transition,Sunday,18:45,68.4
G4,Transition,Sunday,19:00,70.2
G4,Transition,Sunday,19:15,72.8
G4,Transition,Sunday,19:30,75.7
G4,Transition,Sunday,19:45,78.3
G4,Transition,Sunday,20:00,80.2
G4,Transition,Sunday,20:15,81.3
G4,Transition,Sunday,20:30,81.5
G4,Transition,Sunday,20:45,81.0
G4,Transition,Sunday,21:00,79.6
G4,Transition,Sunday,21:15,77.7
G4,Transition,Sunday,21:30,75.4
G4,Transition,Sunday,21:45,72.9
G4,Transition,Sunday,22:00,70.4
G4,Transition,Sunday,22:15,68.1
G4,Transition,Sunday,22:30,65.9
G4,Transition,Sunday,22:45,63.9
G4,Transition,Sunday,23:00,62.2
G4,Transition,Sunday,23:15,61.0
G4,Transition,Sunday,23:30,60.3
G4,Transition,Sunday,23:45,60.3
G5,Summer,Workday,00:00,67.4
G5,Summer,Workday,00:15,61.2
G5,Summer,Workday,00:30,54.6
G5,Summer,Workday,00:45,49.4
G5,Summer,Workday,01:00,46.7
G5,Summer,Workday,01:15,46.0
G5,Summer,Workday,01:30,45.9
G5,Summer,Workday,01:45,45.3
G5,Summer,Workday,02:00,43.9
G5,Summer,Workday,02:15,44.3
G5,Summer,Workday,02:30,50.0
G5,Summer,Workday,02:45,64.5
G5,Summer,Workday,03:00,89.7
G5,Summer,Workday,03:15,121.1
G5,Summer,Workday,03:30,152.6
G5,Summer,Workday,03:45,178.3
G5,Summer,Workday,04:00,193.7
G5,Summer,Workday,04:15,200.6
G5,Summer,Workday,04:30,202.4
G5,Summer,Workday,04:45,202.5
G5,Summer,Workday,05:00,203.8
G5,Summer,Workday,05:15,206.0
G5,Summer,Workday,05:30,208.6
G5,Summer,Workday,05:45,210.6
G5,Summer,Workday,06:00,211.5
G5,Summer,Workday,06:15,211.5
G5,Summer,Workday,06:30,211.1
G5,Summer,Workday,06:45,210.6
G5,Summer,Workday,07:00,210.3
G5,Summer,Workday,07:15,210.3
G5,Summer,Workday,07:30,210.4
G5,Summer,Workday,07:45,210.6
G5,Summer,Workday,08:00,210.8
G5,Summer,Workday,08:15,210.8
G5,Summer,Workday,08:30,210.4
G5,Summer,Workday,08:45,209.6
G5,Summer,Workday,09:00,208.1
G5,Summer,Workday,09:15,205.8
G5,Summer,Workday,09:30,202.6
G5,Summer,Workday,09:45,198.5
G5,Summer,Workday,10:00,193.4
G5,Summer,Workday,10:15,187.8
G5,Summer,Workday,10:30,182.3
G5,Summer,Workday,10:45,177.3
G5,Summer,Workday,11:00,173.3
G5,Summer,Workday,11:15,169.7
G5,Summer,Workday,11:30,165.6
G5,Summer,Workday,11:45,160.2
G5,Summer,Workday,12:00,153.0
G5,Summer,Workday,12:15,144.7
G5,Summer,Workday,12:30,136.0
G5,Summer,Workday,12:45,128.0
G5,Summer,Workday,13:00,121.3
G5,Summer,Workday,13:15,116.6
G5,Summer,Workday,13:30,114.0
G5,Summer,Workday,13:45,113.9
G5,Summer,Workday,14:00,116.3
G5,Summer,Workday,14:15,120.1
G5,Summer,Workday,14:30,123.8
G5,Summer,Workday,14:45,125.9
G5,Summer,Workday,15:00,125.5
G5,Summer,Workday,15:15,123.0
G5,Summer,Workday,15:30,119.5
G5,Summer,Workday,15:45,115.9
G5,Summer,Workday,16:00,113.0
G5,Summer,Workday,16:15,110.9
G5,Summer,Workday,16:30,109.5
G5,Summer,Workday,16:45,108.8
G5,Summer,Workday,17:00,108.5
G5,Summer,Workday,17:15,108.2
G5,Summer,Workday,17:30,107.1
G5,Summer,Workday,17:45,104.8
G5,Summer,Workday,18:00,100.7
G5,Summer,Workday,18:15,95.2
G5,Summer,Workday,18:30,89.0
G5,Summer,Workday,18:45,82.6
G5,Summer,Workday,19:00,76.6
G5,Summer,Workday,19:15,71.2
G5,Summer,Workday,19:30,66.7
G5,Summer,Workday,19:45,63.5
G5,Summer,Workday,20:00,61.6
G5,Summer,Workday,20:15,60.6
G5,Summer,Workday,20:30,60.1
G5,Summer,Workday,20:45,59.4
G5,Summer,Workday,21:00,58.3
G5,Summer,Workday,21:15,57.0
G5,Summer,Workday,21:30,55.8
G5,Summer,Workday,21:45,55.4
G5,Summer,Workday,22:00,56.0
G5,Summer,Workday,22:15,57.7
G5,Summer,Workday,22:30,60.2
G5,Summer,Workday,22:45,63.5
G5,Summer,Workday,23:00,67.3
G5,Summer,Workday,23:15,70.6
G5,Summer,Workday,23:30,72.4
G5,Summer,Workday,23:45,71.5
G5,Summer,Saturday,00:00,91.8
G5,Summer,Saturday,00:15,118.3
G5,Summer,Saturday,00:30,145.6
G5,Summer,Saturday,00:45,168.3
G5,Summer,Saturday,01:00,182.2
G5,Summer,Saturday,01:15,188.4
G5,Summer,Saturday,01:30,189.4
G5,Summer,Saturday,01:45,187.4
G5,Summer,Saturday,02:00,184.6
G5,Summer,Saturday,02:15,182.2
G5,Summer,Saturday,02:30,181.2
G5,Summer,Saturday,02:45,182.4
G5,Summer,Saturday,03:00,186.5
G5,Summer,Saturday,03:15,192.6
G5,Summer,Saturday,03:30,199.7
G5,Summer,Saturday,03:45,206.5
G5,Summer,Saturday,04:00,212.3
G5,Summer,Saturday,04:15,217.0
G5,Summer,Saturday,04:30,221.0
G5,Summer,Saturday,04:45,224.7
G5,Summer,Saturday,05:00,228.3
G5,Summer,Saturday,05:15,231.5
G5,Summer,Saturday,05:30,234.1
G5,Summer,Saturday,05:45,235.8
G5,Summer,Saturday,06:00,236.2
G5,Summer,Saturday,06:15,235.8
G5,Summer,Saturday,06:30,234.8
G5,Summer,Saturday,06:45,233.8
G5,Summer,Saturday,07:00,232.6
G5,Summer,Saturday,07:15,230.4
G5,Summer,Saturday,07:30,225.9
G5,Summer,Saturday,07:45,217.6
G5,Summer,Saturday,08:00,204.9
G5,Summer,Saturday,08:15,189.4
G5,Summer,Saturday,08:30,173.1
G5,Summer,Saturday,08:45,158.2
G5,Summer,Saturday,09:00,146.4
G5,Summer,Saturday,09:15,137.7
G5,Summer,Saturday,09:30,131.7
G5,Summer,Saturday,09:45,128.0
G5,Summer,Saturday,10:00,126.0
G5,Summer,Saturday,10:15,125.3
G5,Summer,Saturday,10:30,125.2
G5,Summer,Saturday,10:45,124.9
G5,Summer,Saturday,11:00,124.1
G5,Summer,Saturday,11:15,123.2
G5,Summer,Saturday,11:30,122.6
G5,Summer,Saturday,11:45,122.9
G5,Summer,Saturday,12:00,124.4
G5,Summer,Saturday,12:15,125.9
G5,Summer,Saturday,12:30,125.9
G5,Summer,Saturday,12:45,122.9
G5,Summer,Saturday,13:00,116.0
G5,Summer,Saturday,13:15,106.4
G5,Summer,Saturday,13:30,96.0
G5,Summer,Saturday,13:45,86.6
G5,Summer,Saturday,14:00,79.8
G5,Summer,Saturday,14:15,75.6
G5,Summer,Saturday,14:30,73.6
G5,Summer,Saturday,14:45,73.6
G5,Summer,Saturday,15:00,75.0
G5,Summer,Saturday,15:15,77.2
G5,Summer,Saturday,15:30,79.4
G5,Summer,Saturday,15:45,80.6
G5,Summer,Saturday,16:00,80.3
G5,Summer,Saturday,16:15,78.8
G5,Summer,Saturday,16:30,76.7
G5,Summer,Saturday,16:45,74.6
G5,Summer,Saturday,17:00,72.8
G5,Summer,Saturday,17:15,71.2
G5,Summer,Saturday,17:30,69.5
G5,Summer,Saturday,17:45,67.5
G5,Summer,Saturday,18:00,65.0
G5,Summer,Saturday,18:15,62.3
G5,Summer,Saturday,18:30,59.9
G5,Summer,Saturday,18:45,58.4
G5,Summer,Saturday,19:00,58.1
G5,Summer,Saturday,19:15,58.5
G5,Summer,Saturday,19:30,59.2
G5,Summer,Saturday,19:45,59.4
G5,Summer,Saturday,20:00,59.0
G5,Summer,Saturday,20:15,57.8
G5,Summer,Saturday,20:30,56.2
G5,Summer,Saturday,20:45,54.4
G5,Summer,Saturday,21:00,52.6
G5,Summer,Saturday,21:15,51.0
G5,Summer,Saturday,21:30,49.5
G5,Summer,Saturday,21:45,48.4
G5,Summer,Saturday,22:00,47.6
G5,Summer,Saturday,22:15,47.1
G5,Summer,Saturday,22:30,47.1
G5,Summer,Saturday,22:45,47.4
G5,Summer,Saturday,23:00,48.0
G5,Summer,Saturday,23:15,48.7
G5,Summer,Saturday,23:30,49.3
G5,Summer,Saturday,23:45,49.4
G5,Summer,Sunday,00:00,48.8
G5,Summer,Sunday,00:15,47.8
G5,Summer,Sunday,00:30,46.6
G5,Summer,Sunday,00:45,45.3
G5,Summer,Sunday,01:00,44.3
G5,Summer,Sunday,01:15,43.4
G5,Summer,Sunday,01:30,42.8
G5,Summer,Sunday,01:45,42.3
G5,Summer,Sunday,02:00,42.0
G5,Summer,Sunday,02:15,41.9
G5,Summer,Sunday,02:30,42.0
G5,Summer,Sunday,02:45,42.3
G5,Summer,Sunday,03:00,42.8
G5,Summer,Sunday,03:15,43.3
G5,Summer,Sunday,03:30,43.9
G5,Summer,Sunday,03:45,44.3
G5,Summer,Sunday,04:00,44.6
G5,Summer,Sunday,04:15,44.8
G5,Summer,Sunday,04:30,45.0
G5,Summer,Sunday,04:45,45.3
G5,Summer,Sunday,05:00,46.0
G5,Summer,Sunday,05:15,46.8
G5,Summer,Sunday,05:30,48.0
G5,Summer,Sunday,05:45,49.4
G5,Summer,Sunday,06:00,51.0
G5,Summer,Sunday,06:15,52.7
G5,Summer,Sunday,06:30,54.2
G5,Summer,Sunday,06:45,55.4
G5,Summer,Sunday,07:00,56.2
G5,Summer,Sunday,07:15,56.5
G5,Summer,Sunday,07:30,56.6
G5,Summer,Sunday,07:45,56.4
G5,Summer,Sunday,08:00,56.2
G5,Summer,Sunday,08:15,55.9
G5,Summer,Sunday,08:30,55.6
G5,Summer,Sunday,08:45,55.4
G5,Summer,Sunday,09:00,55.4
G5,Summer,Sunday,09:15,55.7
G5,Summer,Sunday,09:30,56.7
G5,Summer,Sunday,09:45,58.4
G5,Summer,Sunday,10:00,61.2
G5,Summer,Sunday,10:15,64.5
G5,Summer,Sunday,10:30,68.1
G5,Summer,Sunday,10:45,71.5
G5,Summer,Sunday,11:00,74.4
G5,Summer,Sunday,11:15,76.7
G5,Summer,Sunday,11:30,78.4
G5,Summer,Sunday,11:45,79.6
G5,Summer,Sunday,12:00,80.2
G5,Summer,Sunday,12:15,80.1
G5,Summer,Sunday,12:30,79.2
G5,Summer,Sunday,12:45,77.6
G5,Summer,Sunday,13:00,75.1
G5,Summer,Sunday,13:15,72.1
G5,Summer,Sunday,13:30,69.1
G5,Summer,Sunday,13:45,66.5
G5,Summer,Sunday,14:00,64.6
G5,Summer,Sunday,14:15,63.5
G5,Summer,Sunday,14:30,63.1
G5,Summer,Sunday,14:45,63.5
G5,Summer,Sunday,15:00,64.4
G5,Summer,Sunday,15:15,65.7
G5,Summer,Sunday,15:30,66.8
G5,Summer,Sunday,15:45,67.5
G5,Summer,Sunday,16:00,67.4
G5,Summer,Sunday,16:15,66.8
G5,Summer,Sunday,16:30,66.0
G5,Summer,Sunday,16:45,65.5
G5,Summer,Sunday,17:00,65.4
G5,Summer,Sunday,17:15,65.5
G5,Summer,Sunday,17:30,65.3
G5,Summer,Sunday,17:45,64.5
G5,Summer,Sunday,18:00,62.7
G5,Summer,Sunday,18:15,60.3
G5,Summer,Sunday,18:30,57.8
G5,Summer,Sunday,18:45,55.4
G5,Summer,Sunday,19:00,53.7
G5,Summer,Sunday,19:15,52.5
G5,Summer,Sunday,19:30,51.8
G5,Summer,Sunday,19:45,51.4
G5,Summer,Sunday,20:00,51.2
G5,Summer,Sunday,20:15,51.1
G5,Summer,Sunday,20:30,50.9
G5,Summer,Sunday,20:45,50.4
G5,Summer,Sunday,21:00,49.4
G5,Summer,Sunday,21:15,48.2
G5,Summer,Sunday,21:30,47.1
G5,Summer,Sunday,21:45,46.3
G5,Summer,Sunday,22:00,46.2
G5,Summer,Sunday,22:15,46.4
G5,Summer,Sunday,22:30,46.9
G5,Summer,Sunday,22:45,47.4
G5,Summer,Sunday,23:00,47.7
G5,Summer,Sunday,23:15,47.9
G5,Summer,Sunday,23:30,48.1
G5,Summer,Sunday,23:45,48.4
G5,Winter,Workday,00:00,50.1
G5,Winter,Workday,00:15,47.4
G5,Winter,Workday,00:30,44.9
G5,Winter,Workday,00:45,43.3
G5,Winter,Workday,01:00,43.0
G5,Winter,Workday,01:15,43.8
G5,Winter,Workday,01:30,45.0
G5,Winter,Workday,01:45,46.3
G5,Winter,Workday,02:00,47.5
G5,Winter,Workday,02:15,49.2
G5,Winter,Workday,02:30,52.2
G5,Winter,Workday,02:45,57.4
G5,Winter,Workday,03:00,65.9
G5,Winter,Workday,03:15,78.5
G5,Winter,Workday,03:30,96.5
G5,Winter,Workday,03:45,120.9
G5,Winter,Workday,04:00,151.7
G5,Winter,Workday,04:15,184.7
G5,Winter,Workday,04:30,214.5
G5,Winter,Workday,04:45,235.8
G5,Winter,Workday,05:00,244.7
G5,Winter,Workday,05:15,244.2
G5,Winter,Workday,05:30,238.7
G5,Winter,Workday,05:45,232.7
G5,Winter,Workday,06:00,229.8
G5,Winter,Workday,06:15,229.8
G5,Winter,Workday,06:30,231.4
G5,Winter,Workday,06:45,233.8
G5,Winter,Workday,07:00,235.7
G5,Winter,Workday,07:15,237.1
G5,Winter,Workday,07:30,237.9
G5,Winter,Workday,07:45,237.8
G5,Winter,Workday,08:00,236.9
G5,Winter,Workday,08:15,235.4
G5,Winter,Workday,08:30,233.6
G5,Winter,Workday,08:45,231.7
G5,Winter,Workday,09:00,230.0
G5,Winter,Workday,09:15,228.1
G5,Winter,Workday,09:30,225.4
G5,Winter,Workday,09:45,221.7
G5,Winter,Workday,10:00,216.4
G5,Winter,Workday,10:15,210.2
G5,Winter,Workday,10:30,203.7
G5,Winter,Workday,10:45,197.5
G5,Winter,Workday,11:00,192.0
G5,Winter,Workday,11:15,186.8
G5,Winter,Workday,11:30,181.1
G5,Winter,Workday,11:45,174.3
G5,Winter,Workday,12:00,165.9
G5,Winter,Workday,12:15,156.2
G5,Winter,Workday,12:30,146.1
G5,Winter,Workday,12:45,136.0
G5,Winter,Workday,13:00,126.7
G5,Winter,Workday,13:15,118.7
G5,Winter,Workday,13:30,112.6
G5,Winter,Workday,13:45,108.8
G5,Winter,Workday,14:00,107.7
G5,Winter,Workday,14:15,108.4
G5,Winter,Workday,14:30,109.8
G5,Winter,Workday,14:45,110.8
G5,Winter,Workday,15:00,110.7
G5,Winter,Workday,15:15,109.5
G5,Winter,Workday,15:30,107.7
G5,Winter,Workday,15:45,105.8
G5,Winter,Workday,16:00,104.1
G5,Winter,Workday,16:15,103.1
G5,Winter,Workday,16:30,103.1
G5,Winter,Workday,16:45,104.8
G5,Winter,Workday,17:00,108.1
G5,Winter,Workday,17:15,112.2
G5,Winter,Workday,17:30,115.9
G5,Winter,Workday,17:45,117.9
G5,Winter,Workday,18:00,117.3
G5,Winter,Workday,18:15,114.2
G5,Winter,Workday,18:30,109.2
G5,Winter,Workday,18:45,102.8
G5,Winter,Workday,19:00,95.3
G5,Winter,Workday,19:15,87.7
G5,Winter,Workday,19:30,80.5
G5,Winter,Workday,19:45,74.6
G5,Winter,Workday,20:00,70.4
G5,Winter,Workday,20:15,67.6
G5,Winter,Workday,20:30,65.5
G5,Winter,Workday,20:45,63.5
G5,Winter,Workday,21:00,61.1
G5,Winter,Workday,21:15,58.5
G5,Winter,Workday,21:30,56.1
G5,Winter,Workday,21:45,54.4
G5,Winter,Workday,22:00,53.6
G5,Winter,Workday,22:15,53.6
G5,Winter,Workday,22:30,53.9
G5,Winter,Workday,22:45,54.4
G5,Winter,Workday,23:00,54.7
G5,Winter,Workday,23:15,54.6
G5,Winter,Workday,23:30,53.9
G5,Winter,Workday,23:45,52.4
G5,Winter,Saturday,00:00,66.6
G5,Winter,Saturday,00:15,87.3
G5,Winter,Saturday,00:30,111.7
G5,Winter,Saturday,00:45,137.0
G5,Winter,Saturday,01:00,160.7
G5,Winter,Saturday,01:15,180.8
G5,Winter,Saturday,01:30,195.6
G5,Winter,Saturday,01:45,203.5
G5,Winter,Saturday,02:00,203.7
G5,Winter,Saturday,02:15,198.9
G5,Winter,Saturday,02:30,192.6
G5,Winter,Saturday,02:45,188.4
G5,Winter,Saturday,03:00,189.1
G5,Winter,Saturday,03:15,194.0
G5,Winter,Saturday,03:30,201.6
G5,Winter,Saturday,03:45,210.6
G5,Winter,Saturday,04:00,219.6
G5,Winter,Saturday,04:15,228.2
G5,Winter,Saturday,04:30,236.0
G5,Winter,Saturday,04:45,242.8
G5,Winter,Saturday,05:00,248.4
G5,Winter,Saturday,05:15,252.5
G5,Winter,Saturday,05:30,255.0
G5,Winter,Saturday,05:45,255.9
G5,Winter,Saturday,06:00,255.1
G5,Winter,Saturday,06:15,253.2
G5,Winter,Saturday,06:30,250.5
G5,Winter,Saturday,06:45,247.9
G5,Winter,Saturday,07:00,245.4
G5,Winter,Saturday,07:15,242.0
G5,Winter,Saturday,07:30,236.2
G5,Winter,Saturday,07:45,226.7
G5,Winter,Saturday,08:00,212.7
G5,Winter,Saturday,08:15,196.2
G5,Winter,Saturday,08:30,180.2
G5,Winter,Saturday,08:45,167.3
G5,Winter,Saturday,09:00,159.5
G5,Winter,Saturday,09:15,155.5
G5,Winter,Saturday,09:30,153.4
G5,Winter,Saturday,09:45,151.1
G5,Winter,Saturday,10:00,147.0
G5,Winter,Saturday,10:15,141.5
G5,Winter,Saturday,10:30,135.6
G5,Winter,Saturday,10:45,130.0
G5,Winter,Saturday,11:00,125.6
G5,Winter,Saturday,11:15,122.7
G5,Winter,Saturday,11:30,121.4
G5,Winter,Saturday,11:45,121.9
G5,Winter,Saturday,12:00,124.1
G5,Winter,Saturday,12:15,126.4
G5,Winter,Saturday,12:30,127.0
G5,Winter,Saturday,12:45,123.9
G5,Winter,Saturday,13:00,116.1
G5,Winter,Saturday,13:15,105.0
G5,Winter,Saturday,13:30,93.1
G5,Winter,Saturday,13:45,82.6
G5,Winter,Saturday,14:00,75.3
G5,Winter,Saturday,14:15,70.8
G5,Winter,Saturday,14:30,68.2
G5,Winter,Saturday,14:45,66.5
G5,Winter,Saturday,15:00,64.9
G5,Winter,Saturday,15:15,63.5
G5,Winter,Saturday,15:30,62.3
G5,Winter,Saturday,15:45,61.5
G5,Winter,Saturday,16:00,61.1
G5,Winter,Saturday,16:15,61.5
G5,Winter,Saturday,16:30,62.5
G5,Winter,Saturday,16:45,64.5
G5,Winter,Saturday,17:00,67.3
G5,Winter,Saturday,17:15,70.5
G5,Winter,Saturday,17:30,73.5
G5,Winter,Saturday,17:45,75.6
G5,Winter,Saturday,18:00,76.3
G5,Winter,Saturday,18:15,75.9
G5,Winter,Saturday,18:30,74.6
G5,Winter,Saturday,18:45,72.5
G5,Winter,Saturday,19:00,70.1
G5,Winter,Saturday,19:15,67.5
G5,Winter,Saturday,19:30,64.9
G5,Winter,Saturday,19:45,62.5
G5,Winter,Saturday,20:00,60.4
G5,Winter,Saturday,20:15,58.6
G5,Winter,Saturday,20:30,57.0
G5,Winter,Saturday,20:45,55.4
G5,Winter,Saturday,21:00,53.9
G5,Winter,Saturday,21:15,52.2
G5,Winter,Saturday,21:30,50.4
G5,Winter,Saturday,21:45,48.4
G5,Winter,Saturday,22:00,46.1
G5,Winter,Saturday,22:15,43.8
G5,Winter,Saturday,22:30,41.8
G5,Winter,Saturday,22:45,40.3
G5,Winter,Saturday,23:00,39.6
G5,Winter,Saturday,23:15,39.4
G5,Winter,Saturday,23:30,39.4
G5,Winter,Saturday,23:45,39.3
G5,Winter,Sunday,00:00,38.9
G5,Winter,Sunday,00:15,38.4
G5,Winter,Sunday,00:30,38.1
G5,Winter,Sunday,00:45,38.3
G5,Winter,Sunday,01:00,39.2
G5,Winter,Sunday,01:15,40.5
G5,Winter,Sunday,01:30,41.7
G5,Winter,Sunday,01:45,42.3
G5,Winter,Sunday,02:00,42.0
G5,Winter,Sunday,02:15,40.9
G5,Winter,Sunday,02:30,39.6
G5,Winter,Sunday,02:45,38.3
G5,Winter,Sunday,03:00,37.4
G5,Winter,Sunday,03:15,36.9
G5,Winter,Sunday,03:30,36.9
G5,Winter,Sunday,03:45,37.3
G5,Winter,Sunday,04:00,38.0
G5,Winter,Sunday,04:15,39.0
G5,Winter,Sunday,04:30,40.2
G5,Winter,Sunday,04:45,41.3
G5,Winter,Sunday,05:00,42.3
G5,Winter,Sunday,05:15,43.4
G5,Winter,Sunday,05:30,44.7
G5,Winter,Sunday,05:45,46.3
G5,Winter,Sunday,06:00,48.5
G5,Winter,Sunday,06:15,51.0
G5,Winter,Sunday,06:30,53.4
G5,Winter,Sunday,06:45,55.4
G5,Winter,Sunday,07:00,56.8
G5,Winter,Sunday,07:15,57.6
G5,Winter,Sunday,07:30,57.8
G5,Winter,Sunday,07:45,57.4
G5,Winter,Sunday,08:00,56.6
G5,Winter,Sunday,08:15,55.7
G5,Winter,Sunday,08:30,54.8
G5,Winter,Sunday,08:45,54.4
G5,Winter,Sunday,09:00,54.6
G5,Winter,Sunday,09:15,55.4
G5,Winter,Sunday,09:30,56.7
G5,Winter,Sunday,09:45,58.4
G5,Winter,Sunday,10:00,60.4
G5,Winter,Sunday,10:15,62.5
G5,Winter,Sunday,10:30,64.6
G5,Winter,Sunday,10:45,66.5
G5,Winter,Sunday,11:00,68.2
G5,Winter,Sunday,11:15,69.6
G5,Winter,Sunday,11:30,70.7
G5,Winter,Sunday,11:45,71.5
G5,Winter,Sunday,12:00,72.0
G5,Winter,Sunday,12:15,72.1
G5,Winter,Sunday,12:30,71.7
G5,Winter,Sunday,12:45,70.5
G5,Winter,Sunday,13:00,68.7
G5,Winter,Sunday,13:15,66.3
G5,Winter,Sunday,13:30,63.8
G5,Winter,Sunday,13:45,61.5
G5,Winter,Sunday,14:00,59.5
G5,Winter,Sunday,14:15,58.0
G5,Winter,Sunday,14:30,57.0
G5,Winter,Sunday,14:45,56.4
G5,Winter,Sunday,15:00,56.3
G5,Winter,Sunday,15:15,56.5
G5,Winter,Sunday,15:30,56.9
G5,Winter,Sunday,15:45,57.4
G5,Winter,Sunday,16:00,57.9
G5,Winter,Sunday,16:15,58.6
G5,Winter,Sunday,16:30,59.7
G5,Winter,Sunday,16:45,61.5
G5,Winter,Sunday,17:00,64.1
G5,Winter,Sunday,17:15,67.1
G5,Winter,Sunday,17:30,70.1
G5,Winter,Sunday,17:45,72.5
G5,Winter,Sunday,18:00,74.0
G5,Winter,Sunday,18:15,74.4
G5,Winter,Sunday,18:30,73.6
G5,Winter,Sunday,18:45,71.5
G5,Winter,Sunday,19:00,68.3
G5,Winter,Sunday,19:15,64.4
G5,Winter,Sunday,19:30,60.5
G5,Winter,Sunday,19:45,57.4
G5,Winter,Sunday,20:00,55.6
G5,Winter,Sunday,20:15,54.6
G5,Winter,Sunday,20:30,54.1
G5,Winter,Sunday,20:45,53.4
G5,Winter,Sunday,21:00,52.2
G5,Winter,Sunday,21:15,50.5
G5,Winter,Sunday,21:30,48.5
G5,Winter,Sunday,21:45,46.3
G5,Winter,Sunday,22:00,44.1
G5,Winter,Sunday,22:15,42.0
G5,Winter,Sunday,22:30,40.0
G5,Winter,Sunday,22:45,38.3
G5,Winter,Sunday,23:00,36.9
G5,Winter,Sunday,23:15,36.0
G5,Winter,Sunday,23:30,35.8
G5,Winter,Sunday,23:45,36.3
G5,Transition,Workday,00:00,56.0
G5,Transition,Workday,00:15,51.3
G5,Transition,Workday,00:30,46.6
G5,Transition,Workday,00:45,43.3
G5,Transition,Workday,01:00,42.4
G5,Transition,Workday,01:15,42.9
G5,Transition,Workday,01:30,43.7
G5,Transition,Workday,01:45,43.3
G5,Transition,Workday,02:00,41.4
G5,Transition,Workday,02:15,40.1
G5,Transition,Workday,02:30,42.8
G5,Transition,Workday,02:45,52.4
G5,Transition,Workday,03:00,71.0
G5,Transition,Workday,03:15,95.9
G5,Transition,Workday,03:30,123.5
G5,Transition,Workday,03:45,150.1
G5,Transition,Workday,04:00,172.6
G5,Transition,Workday,04:15,190.3
G5,Transition,Workday,04:30,203.3
G5,Transition,Workday,04:45,211.6
G5,Transition,Workday,05:00,215.4
G5,Transition,Workday,05:15,216.2
G5,Transition,Workday,05:30,215.7
G5,Transition,Workday,05:45,215.6
G5,Transition,Workday,06:00,217.2
G5,Transition,Workday,06:15,220.0
G5,Transition,Workday,06:30,223.1
G5,Transition,Workday,06:45,225.7
G5,Transition,Workday,07:00,227.0
G5,Transition,Workday,07:15,226.9
G5,Transition,Workday,07:30,225.8
G5,Transition,Workday,07:45,223.7
G5,Transition,Workday,08:00,220.8
G5,Transition,Workday,08:15,217.7
G5,Transition,Workday,08:30,214.8
G5,Transition,Workday,08:45,212.6
G5,Transition,Workday,09:00,211.3
G5,Transition,Workday,09:15,210.5
G5,Transition,Workday,09:30,209.1
G5,Transition,Workday,09:45,206.5
G5,Transition,Workday,10:00,202.2
G5,Transition,Workday,10:15,196.5
G5,Transition,Workday,10:30,190.3
G5,Transition,Workday,10:45,184.4
G5,Transition,Workday,11:00,179.2
G5,Transition,Workday,11:15,174.3
G5,Transition,Workday,11:30,168.9
G5,Transition,Workday,11:45,162.2
G5,Transition,Workday,12:00,153.7
G5,Transition,Workday,12:15,144.2
G5,Transition,Workday,12:30,134.6
G5,Transition,Workday,12:45,125.9
G5,Transition,Workday,13:00,119.1
G5,Transition,Workday,13:15,114.2
G5,Transition,Workday,13:30,111.1
G5,Transition,Workday,13:45,109.8
G5,Transition,Workday,14:00,110.1
G5,Transition,Workday,14:15,111.4
G5,Transition,Workday,14:30,112.9
G5,Transition,Workday,14:45,113.9
G5,Transition,Workday,15:00,113.8
G5,Transition,Workday,15:15,112.9
G5,Transition,Workday,15:30,111.4
G5,Transition,Workday,15:45,109.8
G5,Transition,Workday,16:00,108.3
G5,Transition,Workday,16:15,107.1
G5,Transition,Workday,16:30,106.2
G5,Transition,Workday,16:45,105.8
G5,Transition,Workday,17:00,105.8
G5,Transition,Workday,17:15,105.8
G5,Transition,Workday,17:30,105.3
G5,Transition,Workday,17:45,103.8
G5,Transition,Workday,18:00,100.8
G5,Transition,Workday,18:15,96.7
G5,Transition,Workday,18:30,91.9
G5,Transition,Workday,18:45,86.6
G5,Transition,Workday,19:00,81.5
G5,Transition,Workday,19:15,76.5
G5,Transition,Workday,19:30,72.2
G5,Transition,Workday,19:45,68.5
G5,Transition,Workday,20:00,65.8
G5,Transition,Workday,20:15,63.8
G5,Transition,Workday,20:30,62.5
G5,Transition,Workday,20:45,61.5
G5,Transition,Workday,21:00,60.6
G5,Transition,Workday,21:15,59.9
G5,Transition,Workday,21:30,59.2
G5,Transition,Workday,21:45,58.4
G5,Transition,Workday,22:00,57.7
G5,Transition,Workday,22:15,57.1
G5,Transition,Workday,22:30,56.9
G5,Transition,Workday,22:45,57.4
G5,Transition,Workday,23:00,58.7
G5,Transition,Workday,23:15,60.1
G5,Transition,Workday,23:30,60.6
G5,Transition,Workday,23:45,59.4
G5,Transition,Saturday,00:00,75.6
G5,Transition,Saturday,00:15,97.6
G5,Transition,Saturday,00:30,121.4
G5,Transition,Saturday,00:45,143.1
G5,Transition,Saturday,01:00,159.4
G5,Transition,Saturday,01:15,170.6
G5,Transition,Saturday,01:30,177.6
G5,Transition,Saturday,01:45,181.4
G5,Transition,Saturday,02:00,182.9
G5,Transition,Saturday,02:15,183.1
G5,Transition,Saturday,02:30,182.9
G5,Transition,Saturday,02:45,183.4
G5,Transition,Saturday,03:00,185.2
G5,Transition,Saturday,03:15,188.7
G5,Transition,Saturday,03:30,193.7
G5,Transition,Saturday,03:45,200.5
G5,Transition,Saturday,04:00,208.8
G5,Transition,Saturday,04:15,217.5
G5,Transition,Saturday,04:30,225.2
G5,Transition,Saturday,04:45,230.7
G5,Transition,Saturday,05:00,233.1
G5,Transition,Saturday,05:15,232.9
G5,Transition,Saturday,05:30,231.4
G5,Transition,Saturday,05:45,229.7
G5,Transition,Saturday,06:00,228.7
G5,Transition,Saturday,06:15,228.4
G5,Transition,Saturday,06:30,228.8
G5,Transition,Saturday,06:45,229.7
G5,Transition,Saturday,07:00,230.9
G5,Transition,Saturday,07:15,230.9
G5,Transition,Saturday,07:30,228.0
G5,Transition,Saturday,07:45,220.7
G5,Transition,Saturday,08:00,207.9
G5,Transition,Saturday,08:15,191.8
G5,Transition,Saturday,08:30,175.3
G5,Transition,Saturday,08:45,161.2
G5,Transition,Saturday,09:00,151.7
G5,Transition,Saturday,09:15,145.9
G5,Transition,Saturday,09:30,142.2
G5,Transition,Saturday,09:45,139.0
G5,Transition,Saturday,10:00,135.1
G5,Transition,Saturday,10:15,130.6
G5,Transition,Saturday,10:30,126.0
G5,Transition,Saturday,10:45,121.9
G5,Transition,Saturday,11:00,118.8
G5,Transition,Saturday,11:15,116.9
G5,Transition,Saturday,11:30,116.5
G5,Transition,Saturday,11:45,117.9
G5,Transition,Saturday,12:00,120.8
G5,Transition,Saturday,12:15,123.8
G5,Transition,Saturday,12:30,124.8
G5,Transition,Saturday,12:45,121.9
G5,Transition,Saturday,13:00,113.9
G5,Transition,Saturday,13:15,102.6
G5,Transition,Saturday,13:30,90.3
G5,Transition,Saturday,13:45,79.6
G5,Transition,Saturday,14:00,72.3
G5,Transition,Saturday,14:15,68.1
G5,Transition,Saturday,14:30,66.1
G5,Transition,Saturday,14:45,65.5
G5,Transition,Saturday,15:00,65.5
G5,Transition,Saturday,15:15,65.7
G5,Transition,Saturday,15:30,65.8
G5,Transition,Saturday,15:45,65.5
G5,Transition,Saturday,16:00,64.6
G5,Transition,Saturday,16:15,63.6
G5,Transition,Saturday,16:30,63.0
G5,Transition,Saturday,16:45,63.5
G5,Transition,Saturday,17:00,65.4
G5,Transition,Saturday,17:15,68.2
G5,Transition,Saturday,17:30,71.2
G5,Transition,Saturday,17:45,73.6
G5,Transition,Saturday,18:00,74.8
G5,Transition,Saturday,18:15,74.8
G5,Transition,Saturday,18:30,73.7
G5,Transition,Saturday,18:45,71.5
G5,Transition,Saturday,19:00,68.6
G5,Transition,Saturday,19:15,65.3
G5,Transition,Saturday,19:30,62.0
G5,Transition,Saturday,19:45,59.4
G5,Transition,Saturday,20:00,57.8
G5,Transition,Saturday,20:15,56.9
G5,Transition,Saturday,20:30,56.3
G5,Transition,Saturday,20:45,55.4
G5,Transition,Saturday,21:00,54.1
G5,Transition,Saturday,21:15,52.4
G5,Transition,Saturday,21:30,50.7
G5,Transition,Saturday,21:45,49.4
G5,Transition,Saturday,22:00,48.6
G5,Transition,Saturday,22:15,48.1
G5,Transition,Saturday,22:30,47.8
G5,Transition,Saturday,22:45,47.4
G5,Transition,Saturday,23:00,46.5
G5,Transition,Saturday,23:15,45.5
G5,Transition,Saturday,23:30,44.3
G5,Transition,Saturday,23:45,43.3
G5,Transition,Sunday,00:00,42.5
G5,Transition,Sunday,00:15,42.0
G5,Transition,Sunday,00:30,41.6
G5,Transition,Sunday,00:45,41.3
G5,Transition,Sunday,01:00,41.1
G5,Transition,Sunday,01:15,40.9
G5,Transition,Sunday,01:30,41.0
G5,Transition,Sunday,01:45,41.3
G5,Transition,Sunday,02:00,41.9
G5,Transition,Sunday,02:15,42.6
G5,Transition,Sunday,02:30,43.1
G5,Transition,Sunday,02:45,43.3
G5,Transition,Sunday,03:00,43.0
G5,Transition,Sunday,03:15,42.2
G5,Transition,Sunday,03:30,41.3
G5,Transition,Sunday,03:45,40.3
G5,Transition,Sunday,04:00,39.5
G5,Transition,Sunday,04:15,39.0
G5,Transition,Sunday,04:30,38.9
G5,Transition,Sunday,04:45,39.3
G5,Transition,Sunday,05:00,40.4
G5,Transition,Sunday,05:15,42.0
G5,Transition,Sunday,05:30,44.0
G5,Transition,Sunday,05:45,46.3
G5,Transition,Sunday,06:00,48.8
G5,Transition,Sunday,06:15,51.2
G5,Transition,Sunday,06:30,53.2
G5,Transition,Sunday,06:45,54.4
G5,Transition,Sunday,07:00,54.8
G5,Transition,Sunday,07:15,54.4
G5,Transition,Sunday,07:30,53.5
G5,Transition,Sunday,07:45,52.4
G5,Transition,Sunday,08:00,51.3
G5,Transition,Sunday,08:15,50.4
G5,Transition,Sunday,08:30,50.1
G5,Transition,Sunday,08:45,50.4
G5,Transition,Sunday,09:00,51.6
G5,Transition,Sunday,09:15,53.5
G5,Transition,Sunday,09:30,55.8
G5,Transition,Sunday,09:45,58.4
G5,Transition,Sunday,10:00,61.1
G5,Transition,Sunday,10:15,63.7
G5,Transition,Sunday,10:30,66.2
G5,Transition,Sunday,10:45,68.5
G5,Transition,Sunday,11:00,70.6
G5,Transition,Sunday,11:15,72.4
G5,Transition,Sunday,11:30,73.7
G5,Transition,Sunday,11:45,74.6
G5,Transition,Sunday,12:00,74.8
G5,Transition,Sunday,12:15,74.4
G5,Transition,Sunday,12:30,73.3
G5,Transition,Sunday,12:45,71.5
G5,Transition,Sunday,13:00,69.1
G5,Transition,Sunday,13:15,66.3
G5,Transition,Sunday,13:30,63.7
G5,Transition,Sunday,13:45,61.5
G5,Transition,Sunday,14:00,60.0
G5,Transition,Sunday,14:15,59.3
G5,Transition,Sunday,14:30,59.2
G5,Transition,Sunday,14:45,59.4
G5,Transition,Sunday,15:00,59.9
G5,Transition,Sunday,15:15,60.4
G5,Transition,Sunday,15:30,60.6
G5,Transition,Sunday,15:45,60.5
G5,Transition,Sunday,16:00,59.7
G5,Transition,Sunday,16:15,58.9
G5,Transition,Sunday,16:30,58.3
G5,Transition,Sunday,16:45,58.4
G5,Transition,Sunday,17:00,59.7
G5,Transition,Sunday,17:15,61.5
G5,Transition,Sunday,17:30,63.3
G5,Transition,Sunday,17:45,64.5
G5,Transition,Sunday,18:00,64.6
G5,Transition,Sunday,18:15,63.7
G5,Transition,Sunday,18:30,62.2
G5,Transition,Sunday,18:45,60.5
G5,Transition,Sunday,19:00,58.6
G5,Transition,Sunday,19:15,56.8
G5,Transition,Sunday,19:30,55.1
G5,Transition,Sunday,19:45,53.4
G5,Transition,Sunday,20:00,51.8
G5,Transition,Sunday,20:15,50.5
G5,Transition,Sunday,20:30,49.3
G5,Transition,Sunday,20:45,48.4
G5,Transition,Sunday,21:00,47.7
G5,Transition,Sunday,21:15,47.3
G5,Transition,Sunday,21:30,46.9
G5,Transition,Sunday,21:45,46.3
G5,Transition,Sunday,22:00,45.6
G5,Transition,Sunday,22:15,44.6
G5,Transition,Sunday,22:30,43.5
G5,Transition,Sunday,22:45,42.3
G5,Transition,Sunday,23:00,41.1
G5,Transition,Sunday,23:15,40.1
G5,Transition,Sunday,23:30,39.4
G5,Transition,Sunday,23:45,39.3
G6,Summer,Workday,00:00,56.8
G6,Summer,Workday,00:15,52.0
G6,Summer,Workday,00:30,48.0
G6,Summer,Workday,00:45,45.0
G6,Summer,Workday,01:00,43.0
G6,Summer,Workday,01:15,41.8
G6,Summer,Workday,01:30,41.0
G6,Summer,Workday,01:45,40.4
G6,Summer,Workday,02:00,39.7
G6,Summer,Workday,02:15,39.1
G6,Summer,Workday,02:30,38.5
G6,Summer,Workday,02:45,38.1
G6,Summer,Workday,03:00,38.0
G6,Summer,Workday,03:15,38.1
G6,Summer,Workday,03:30,38.2
G6,Summer,Workday,03:45,38.1
G6,Summer,Workday,04:00,37.7
G6,Summer,Workday,04:15,37.2
G6,Summer,Workday,04:30,36.9
G6,Summer,Workday,04:45,37.0
G6,Summer,Workday,05:00,37.6
G6,Summer,Workday,05:15,38.6
G6,Summer,Workday,05:30,39.6
G6,Summer,Workday,05:45,40.4
G6,Summer,Workday,06:00,40.8
G6,Summer,Workday,06:15,41.0
G6,Summer,Workday,06:30,41.5
G6,Summer,Workday,06:45,42.7
G6,Summer,Workday,07:00,45.0
G6,Summer,Workday,07:15,48.3
G6,Summer,Workday,07:30,52.6
G6,Summer,Workday,07:45,57.7
G6,Summer,Workday,08:00,63.6
G6,Summer,Workday,08:15,69.6
G6,Summer,Workday,08:30,75.2
G6,Summer,Workday,08:45,79.7
G6,Summer,Workday,09:00,82.8
G6,Summer,Workday,09:15,85.2
G6,Summer,Workday,09:30,87.7
G6,Summer,Workday,09:45,91.2
G6,Summer,Workday,10:00,96.5
G6,Summer,Workday,10:15,103.5
G6,Summer,Workday,10:30,111.8
G6,Summer,Workday,10:45,121.3
G6,Summer,Workday,11:00,131.4
G6,Summer,Workday,11:15,141.2
G6,Summer,Workday,11:30,149.8
G6,Summer,Workday,11:45,155.9
G6,Summer,Workday,12:00,158.9
G6,Summer,Workday,12:15,159.2
G6,Summer,Workday,12:30,157.5
G6,Summer,Workday,12:45,154.7
G6,Summer,Workday,13:00,151.3
G6,Summer,Workday,13:15,147.2
G6,Summer,Workday,13:30,141.9
G6,Summer,Workday,13:45,135.1
G6,Summer,Workday,14:00,126.7
G6,Summer,Workday,14:15,117.8
G6,Summer,Workday,14:30,109.4
G6,Summer,Workday,14:45,102.8
G6,Summer,Workday,15:00,98.9
G6,Summer,Workday,15:15,97.3
G6,Summer,Workday,15:30,97.3
G6,Summer,Workday,15:45,98.2
G6,Summer,Workday,16:00,99.3
G6,Summer,Workday,16:15,100.8
G6,Summer,Workday,16:30,103.0
G6,Summer,Workday,16:45,106.2
G6,Summer,Workday,17:00,110.6
G6,Summer,Workday,17:15,115.8
G6,Summer,Workday,17:30,121.4
G6,Summer,Workday,17:45,127.0
G6,Summer,Workday,18:00,132.3
G6,Summer,Workday,18:15,137.1
G6,Summer,Workday,18:30,141.5
G6,Summer,Workday,18:45,145.5
G6,Summer,Workday,19:00,149.1
G6,Summer,Workday,19:15,152.2
G6,Summer,Workday,19:30,154.5
G6,Summer,Workday,19:45,155.9
G6,Summer,Workday,20:00,156.3
G6,Summer,Workday,20:15,155.8
G6,Summer,Workday,20:30,154.8
G6,Summer,Workday,20:45,153.6
G6,Summer,Workday,21:00,152.2
G6,Summer,Workday,21:15,150.0
G6,Summer,Workday,21:30,146.1
G6,Summer,Workday,21:45,139.7
G6,Summer,Workday,22:00,130.3
G6,Summer,Workday,22:15,118.7
G6,Summer,Workday,22:30,106.4
G6,Summer,Workday,22:45,94.7
G6,Summer,Workday,23:00,84.5
G6,Summer,Workday,23:15,76.0
G6,Summer,Workday,23:30,68.7
G6,Summer,Workday,23:45,62.4
G6,Summer,Saturday,00:00,60.0
G6,Summer,Saturday,00:15,59.4
G6,Summer,Saturday,00:30,59.4
G6,Summer,Saturday,00:45,58.9
G6,Summer,Saturday,01:00,57.1
G6,Summer,Saturday,01:15,54.3
G6,Summer,Saturday,01:30,51.3
G6,Summer,Saturday,01:45,48.5
G6,Summer,Saturday,02:00,46.5
G6,Summer,Saturday,02:15,45.2
G6,Summer,Saturday,02:30,44.4
G6,Summer,Saturday,02:45,43.9
G6,Summer,Saturday,03:00,43.4
G6,Summer,Saturday,03:15,43.0
G6,Summer,Saturday,03:30,42.4
G6,Summer,Saturday,03:45,41.6
G6,Summer,Saturday,04:00,40.6
G6,Summer,Saturday,04:15,39.5
G6,Summer,Saturday,04:30,38.6
G6,Summer,Saturday,04:45,38.1
G6,Summer,Saturday,05:00,38.2
G6,Summer,Saturday,05:15,38.7
G6,Summer,Saturday,05:30,39.5
G6,Summer,Saturday,05:45,40.4
G6,Summer,Saturday,06:00,41.3
G6,Summer,Saturday,06:15,42.3
G6,Summer,Saturday,06:30,43.9
G6,Summer,Saturday,06:45,46.2
G6,Summer,Saturday,07:00,49.5
G6,Summer,Saturday,07:15,53.4
G6,Summer,Saturday,07:30,57.5
G6,Summer,Saturday,07:45,61.2
G6,Summer,Saturday,08:00,64.3
G6,Summer,Saturday,08:15,67.2
G6,Summer,Saturday,08:30,70.2
G6,Summer,Saturday,08:45,73.9
G6,Summer,Saturday,09:00,78.7
G6,Summer,Saturday,09:15,84.7
G6,Summer,Saturday,09:30,91.9
G6,Summer,Saturday,09:45,100.5
G6,Summer,Saturday,10:00,110.2
G6,Summer,Saturday,10:15,120.3
G6,Summer,Saturday,10:30,129.7
G6,Summer,Saturday,10:45,137.4
G6,Summer,Saturday,11:00,142.7
G6,Summer,Saturday,11:15,145.9
G6,Summer,Saturday,11:30,147.4
G6,Summer,Saturday,11:45,147.8
G6,Summer,Saturday,12:00,147.5
G6,Summer,Saturday,12:15,146.8
G6,Summer,Saturday,12:30,145.7
G6,Summer,Saturday,12:45,144.3
G6,Summer,Saturday,13:00,143.0
G6,Summer,Saturday,13:15,142.1
G6,Summer,Saturday,13:30,142.4
G6,Summer,Saturday,13:45,144.3
G6,Summer,Saturday,14:00,148.4
G6,Summer,Saturday,14:15,154.0
G6,Summer,Saturday,14:30,160.6
G6,Summer,Saturday,14:45,167.4
G6,Summer,Saturday,15:00,173.8
G6,Summer,Saturday,15:15,179.2
G6,Summer,Saturday,15:30,183.1
G6,Summer,Saturday,15:45,184.8
G6,Summer,Saturday,16:00,184.1
G6,Summer,Saturday,16:15,182.1
G6,Summer,Saturday,16:30,179.9
G6,Summer,Saturday,16:45,179.0
G6,Summer,Saturday,17:00,180.3
G6,Summer,Saturday,17:15,183.8
G6,Summer,Saturday,17:30,189.2
G6,Summer,Saturday,17:45,196.3
G6,Summer,Saturday,18:00,204.6
G6,Summer,Saturday,18:15,213.4
G6,Summer,Saturday,18:30,221.7
G6,Summer,Saturday,18:45,228.6
G6,Summer,Saturday,19:00,233.6
G6,Summer,Saturday,19:15,236.4
G6,Summer,Saturday,19:30,237.4
G6,Summer,Saturday,19:45,236.7
G6,Summer,Saturday,20:00,234.5
G6,Summer,Saturday,20:15,231.0
G6,Summer,Saturday,20:30,226.3
G6,Summer,Saturday,20:45,220.6
G6,Summer,Saturday,21:00,213.9
G6,Summer,Saturday,21:15,206.1
G6,Summer,Saturday,21:30,197.2
G6,Summer,Saturday,21:45,187.1
G6,Summer,Saturday,22:00,175.6
G6,Summer,Saturday,22:15,163.1
G6,Summer,Saturday,22:30,150.3
G6,Summer,Saturday,22:45,137.4
G6,Summer,Saturday,23:00,125.1
G6,Summer,Saturday,23:15,113.5
G6,Summer,Saturday,23:30,102.9
G6,Summer,Saturday,23:45,93.5
G6,Summer,Sunday,00:00,85.6
G6,Summer,Sunday,00:15,79.0
G6,Summer,Sunday,00:30,73.6
G6,Summer,Sunday,00:45,69.3
G6,Summer,Sunday,01:00,65.8
G6,Summer,Sunday,01:15,63.0
G6,Summer,Sunday,01:30,60.4
G6,Summer,Sunday,01:45,57.7
G6,Summer,Sunday,02:00,54.8
G6,Summer,Sunday,02:15,51.7
G6,Summer,Sunday,02:30,48.7
G6,Summer,Sunday,02:45,46.2
G6,Summer,Sunday,03:00,44.3
G6,Summer,Sunday,03:15,42.8
G6,Summer,Sunday,03:30,41.6
G6,Summer,Sunday,03:45,40.4
G6,Summer,Sunday,04:00,39.2
G6,Summer,Sunday,04:15,38.0
G6,Summer,Sunday,04:30,37.2
G6,Summer,Sunday,04:45,37.0
G6,Summer,Sunday,05:00,37.5
G6,Summer,Sunday,05:15,38.3
G6,Summer,Sunday,05:30,39.1
G6,Summer,Sunday,05:45,39.3
G6,Summer,Sunday,06:00,38.6
G6,Summer,Sunday,06:15,37.7
G6,Summer,Sunday,06:30,37.7
G6,Summer,Sunday,06:45,39.3
G6,Summer,Sunday,07:00,43.2
G6,Summer,Sunday,07:15,49.1
G6,Summer,Sunday,07:30,56.1
G6,Summer,Sunday,07:45,63.5
G6,Summer,Sunday,08:00,70.9
G6,Summer,Sunday,08:15,78.3
G6,Summer,Sunday,08:30,86.1
G6,Summer,Sunday,08:45,94.7
G6,Summer,Sunday,09:00,104.4
G6,Summer,Sunday,09:15,115.4
G6,Summer,Sunday,09:30,127.9
G6,Summer,Sunday,09:45,142.0
G6,Summer,Sunday,10:00,157.7
G6,Summer,Sunday,10:15,173.7
G6,Summer,Sunday,10:30,188.2
G6,Summer,Sunday,10:45,199.8
G6,Summer,Sunday,11:00,207.2
G6,Summer,Sunday,11:15,211.0
G6,Summer,Sunday,11:30,212.5
G6,Summer,Sunday,11:45,212.5
G6,Summer,Sunday,12:00,212.0
G6,Summer,Sunday,12:15,211.5
G6,Summer,Sunday,12:30,211.2
G6,Summer,Sunday,12:45,211.3
G6,Summer,Sunday,13:00,211.8
G6,Summer,Sunday,13:15,211.7
G6,Summer,Sunday,13:30,209.7
G6,Summer,Sunday,13:45,204.4
G6,Summer,Sunday,14:00,195.1
G6,Summer,Sunday,14:15,183.1
G6,Summer,Sunday,14:30,170.2
G6,Summer,Sunday,14:45,158.2
G6,Summer,Sunday,15:00,148.6
G6,Summer,Sunday,15:15,141.2
G6,Summer,Sunday,15:30,135.3
G6,Summer,Sunday,15:45,130.5
G6,Summer,Sunday,16:00,126.4
G6,Summer,Sunday,16:15,123.6
G6,Summer,Sunday,16:30,123.1
G6,Summer,Sunday,16:45,125.9
G6,Summer,Sunday,17:00,132.5
G6,Summer,Sunday,17:15,142.1
G6,Summer,Sunday,17:30,153.8
G6,Summer,Sunday,17:45,166.3
G6,Summer,Sunday,18:00,178.7
G6,Summer,Sunday,18:15,190.1
G6,Summer,Sunday,18:30,199.7
G6,Summer,Sunday,18:45,206.7
G6,Summer,Sunday,19:00,210.6
G6,Summer,Sunday,19:15,212.0
G6,Summer,Sunday,19:30,211.6
G6,Summer,Sunday,19:45,210.2
G6,Summer,Sunday,20:00,208.4
G6,Summer,Sunday,20:15,206.0
G6,Summer,Sunday,20:30,202.5
G6,Summer,Sunday,20:45,197.5
G6,Summer,Sunday,21:00,190.5
G6,Summer,Sunday,21:15,182.0
G6,Summer,Sunday,21:30,172.2
G6,Summer,Sunday,21:45,161.7
G6,Summer,Sunday,22:00,150.7
G6,Summer,Sunday,22:15,139.2
G6,Summer,Sunday,22:30,127.1
G6,Summer,Sunday,22:45,114.3
G6,Summer,Sunday,23:00,100.9
G6,Summer,Sunday,23:15,87.5
G6,Summer,Sunday,23:30,75.1
G6,Summer,Sunday,23:45,64.7
G6,Winter,Workday,00:00,62.1
G6,Winter,Workday,00:15,55.6
G6,Winter,Workday,00:30,50.1
G6,Winter,Workday,00:45,46.2
G6,Winter,Workday,01:00,44.0
G6,Winter,Workday,01:15,43.0
G6,Winter,Workday,01:30,42.8
G6,Winter,Workday,01:45,42.7
G6,Winter,Workday,02:00,42.3
G6,Winter,Workday,02:15,41.7
G6,Winter,Workday,02:30,40.9
G6,Winter,Workday,02:45,40.4
G6,Winter,Workday,03:00,40.2
G6,Winter,Workday,03:15,40.2
G6,Winter,Workday,03:30,40.3
G6,Winter,Workday,03:45,40.4
G6,Winter,Workday,04:00,40.3
G6,Winter,Workday,04:15,40.2
G6,Winter,Workday,04:30,40.2
G6,Winter,Workday,04:45,40.4
G6,Winter,Workday,05:00,40.9
G6,Winter,Workday,05:15,41.6
G6,Winter,Workday,05:30,42.3
G6,Winter,Workday,05:45,42.7
G6,Winter,Workday,06:00,42.9
G6,Winter,Workday,06:15,43.0
G6,Winter,Workday,06:30,43.6
G6,Winter,Workday,06:45,45.0
G6,Winter,Workday,07:00,47.7
G6,Winter,Workday,07:15,51.7
G6,Winter,Workday,07:30,57.0
G6,Winter,Workday,07:45,63.5
G6,Winter,Workday,08:00,71.1
G6,Winter,Workday,08:15,79.2
G6,Winter,Workday,08:30,86.9
G6,Winter,Workday,08:45,93.5
G6,Winter,Workday,09:00,98.6
G6,Winter,Workday,09:15,102.6
G6,Winter,Workday,09:30,106.4
G6,Winter,Workday,09:45,110.9
G6,Winter,Workday,10:00,116.8
G6,Winter,Workday,10:15,124.4
G6,Winter,Workday,10:30,133.9
G6,Winter,Workday,10:45,145.5
G6,Winter,Workday,11:00,159.0
G6,Winter,Workday,11:15,172.7
G6,Winter,Workday,11:30,184.3
G6,Winter,Workday,11:45,191.7
G6,Winter,Workday,12:00,193.5
G6,Winter,Workday,12:15,191.1
G6,Winter,Workday,12:30,186.7
G6,Winter,Workday,12:45,182.5
G6,Winter,Workday,13:00,179.8
G6,Winter,Workday,13:15,177.6
G6,Winter,Workday,13:30,174.1
G6,Winter,Workday,13:45,167.4
G6,Winter,Workday,14:00,156.5
G6,Winter,Workday,14:15,143.2
G6,Winter,Workday,14:30,130.2
G6,Winter,Workday,14:45,120.1
G6,Winter,Workday,15:00,114.8
G6,Winter,Workday,15:15,113.5
G6,Winter,Workday,15:30,114.2
G6,Winter,Workday,15:45,115.5
G6,Winter,Workday,16:00,116.0
G6,Winter,Workday,16:15,116.6
G6,Winter,Workday,16:30,118.7
G6,Winter,Workday,16:45,123.6
G6,Winter,Workday,17:00,132.1
G6,Winter,Workday,17:15,143.0
G6,Winter,Workday,17:30,154.6
G6,Winter,Workday,17:45,165.1
G6,Winter,Workday,18:00,173.3
G6,Winter,Workday,18:15,179.3
G6,Winter,Workday,18:30,183.7
G6,Winter,Workday,18:45,187.1
G6,Winter,Workday,19:00,189.8
G6,Winter,Workday,19:15,192.1
G6,Winter,Workday,19:30,193.9
G6,Winter,Workday,19:45,195.2
G6,Winter,Workday,20:00,195.9
G6,Winter,Workday,20:15,195.8
G6,Winter,Workday,20:30,194.5
G6,Winter,Workday,20:45,191.7
G6,Winter,Workday,21:00,187.0
G6,Winter,Workday,21:15,180.2
G6,Winter,Workday,21:30,171.4
G6,Winter,Workday,21:45,160.5
G6,Winter,Workday,22:00,147.6
G6,Winter,Workday,22:15,133.5
G6,Winter,Workday,22:30,119.4
G6,Winter,Workday,22:45,106.2
G6,Winter,Workday,23:00,95.0
G6,Winter,Workday,23:15,85.4
G6,Winter,Workday,23:30,76.9
G6,Winter,Workday,23:45,69.3
G6,Winter,Saturday,00:00,67.5
G6,Winter,Saturday,00:15,67.8
G6,Winter,Saturday,00:30,68.5
G6,Winter,Saturday,00:45,68.1
G6,Winter,Saturday,01:00,65.4
G6,Winter,Saturday,01:15,61.0
G6,Winter,Saturday,01:30,56.1
G6,Winter,Saturday,01:45,52.0
G6,Winter,Saturday,02:00,49.4
G6,Winter,Saturday,02:15,48.1
G6,Winter,Saturday,02:30,47.6
G6,Winter,Saturday,02:45,47.3
G6,Winter,Saturday,03:00,46.9
G6,Winter,Saturday,03:15,46.4
G6,Winter,Saturday,03:30,45.7
G6,Winter,Saturday,03:45,45.0
G6,Winter,Saturday,04:00,44.5
G6,Winter,Saturday,04:15,44.0
G6,Winter,Saturday,04:30,43.8
G6,Winter,Saturday,04:45,43.9
G6,Winter,Saturday,05:00,44.2
G6,Winter,Saturday,05:15,44.7
G6,Winter,Saturday,05:30,45.1
G6,Winter,Saturday,05:45,45.0
G6,Winter,Saturday,06:00,44.6
G6,Winter,Saturday,06:15,44.0
G6,Winter,Saturday,06:30,44.0
G6,Winter,Saturday,06:45,45.0
G6,Winter,Saturday,07:00,47.5
G6,Winter,Saturday,07:15,51.1
G6,Winter,Saturday,07:30,55.5
G6,Winter,Saturday,07:45,60.0
G6,Winter,Saturday,08:00,64.5
G6,Winter,Saturday,08:15,68.6
G6,Winter,Saturday,08:30,72.1
G6,Winter,Saturday,08:45,75.1
G6,Winter,Saturday,09:00,77.5
G6,Winter,Saturday,09:15,80.8
G6,Winter,Saturday,09:30,86.8
G6,Winter,Saturday,09:45,97.0
G6,Winter,Saturday,10:00,112.5
G6,Winter,Saturday,10:15,131.1
G6,Winter,Saturday,10:30,150.0
G6,Winter,Saturday,10:45,166.3
G6,Winter,Saturday,11:00,177.7
G6,Winter,Saturday,11:15,184.6
G6,Winter,Saturday,11:30,187.8
G6,Winter,Saturday,11:45,188.2
G6,Winter,Saturday,12:00,186.8
G6,Winter,Saturday,12:15,184.3
G6,Winter,Saturday,12:30,181.4
G6,Winter,Saturday,12:45,179.0
G6,Winter,Saturday,13:00,177.5
G6,Winter,Saturday,13:15,177.0
G6,Winter,Saturday,13:30,177.2
G6,Winter,Saturday,13:45,177.8
G6,Winter,Saturday,14:00,178.8
G6,Winter,Saturday,14:15,179.9
G6,Winter,Saturday,14:30,181.2
G6,Winter,Saturday,14:45,182.5
G6,Winter,Saturday,15:00,183.7
G6,Winter,Saturday,15:15,184.8
G6,Winter,Saturday,15:30,185.5
G6,Winter,Saturday,15:45,185.9
G6,Winter,Saturday,16:00,186.0
G6,Winter,Saturday,16:15,186.9
G6,Winter,Saturday,16:30,189.9
G6,Winter,Saturday,16:45,196.3
G6,Winter,Saturday,17:00,207.0
G6,Winter,Saturday,17:15,220.8
G6,Winter,Saturday,17:30,236.3
G6,Winter,Saturday,17:45,251.7
G6,Winter,Saturday,18:00,265.8
G6,Winter,Saturday,18:15,277.9
G6,Winter,Saturday,18:30,287.6
G6,Winter,Saturday,18:45,294.5
G6,Winter,Saturday,19:00,298.1
G6,Winter,Saturday,19:15,298.7
G6,Winter,Saturday,19:30,296.3
G6,Winter,Saturday,19:45,291.0
G6,Winter,Saturday,20:00,283.1
G6,Winter,Saturday,20:15,273.4
G6,Winter,Saturday,20:30,262.6
G6,Winter,Saturday,20:45,251.7
G6,Winter,Saturday,21:00,241.3
G6,Winter,Saturday,21:15,231.2
G6,Winter,Saturday,21:30,220.9
G6,Winter,Saturday,21:45,210.2
G6,Winter,Saturday,22:00,198.6
G6,Winter,Saturday,22:15,186.3
G6,Winter,Saturday,22:30,173.5
G6,Winter,Saturday,22:45,160.5
G6,Winter,Saturday,23:00,147.5
G6,Winter,Saturday,23:15,134.7
G6,Winter,Saturday,23:30,122.4
G6,Winter,Saturday,23:45,110.9
G6,Winter,Sunday,00:00,100.3
G6,Winter,Sunday,00:15,91.1
G6,Winter,Sunday,00:30,83.4
G6,Winter,Sunday,00:45,77.4
G6,Winter,Sunday,01:00,73.2
G6,Winter,Sunday,01:15,70.5
G6,Winter,Sunday,01:30,68.6
G6,Winter,Sunday,01:45,67.0
G6,Winter,Sunday,02:00,65.1
G6,Winter,Sunday,02:15,63.0
G6,Winter,Sunday,02:30,60.9
G6,Winter,Sunday,02:45,58.9
G6,Winter,Sunday,03:00,57.1
G6,Winter,Sunday,03:15,55.4
G6,Winter,Sunday,03:30,53.8
G6,Winter,Sunday,03:45,52.0
G6,Winter,Sunday,04:00,50.0
G6,Winter,Sunday,04:15,48.0
G6,Winter,Sunday,04:30,46.3
G6,Winter,Sunday,04:45,45.0
G6,Winter,Sunday,05:00,44.4
G6,Winter,Sunday,05:15,44.3
G6,Winter,Sunday,05:30,44.2
G6,Winter,Sunday,05:45,43.9
G6,Winter,Sunday,06:00,43.2
G6,Winter,Sunday,06:15,42.5
G6,Winter,Sunday,06:30,42.6
G6,Winter,Sunday,06:45,43.9
G6,Winter,Sunday,07:00,46.9
G6,Winter,Sunday,07:15,51.1
G6,Winter,Sunday,07:30,55.7
G6,Winter,Sunday,07:45,60.0
G6,Winter,Sunday,08:00,63.8
G6,Winter,Sunday,08:15,68.3
G6,Winter,Sunday,08:30,75.4
G6,Winter,Sunday,08:45,86.6
G6,Winter,Sunday,09:00,103.2
G6,Winter,Sunday,09:15,123.6
G6,Winter,Sunday,09:30,145.8
G6,Winter,Sunday,09:45,167.4
G6,Winter,Sunday,10:00,186.9
G6,Winter,Sunday,10:15,203.9
G6,Winter,Sunday,10:30,218.5
G6,Winter,Sunday,10:45,231.0
G6,Winter,Sunday,11:00,241.2
G6,Winter,Sunday,11:15,249.2
G6,Winter,Sunday,11:30,254.7
G6,Winter,Sunday,11:45,257.5
G6,Winter,Sunday,12:00,257.7
G6,Winter,Sunday,12:15,256.1
G6,Winter,Sunday,12:30,253.8
G6,Winter,Sunday,12:45,251.7
G6,Winter,Sunday,13:00,250.6
G6,Winter,Sunday,13:15,249.1
G6,Winter,Sunday,13:30,245.5
G6,Winter,Sunday,13:45,237.9
G6,Winter,Sunday,14:00,225.3
G6,Winter,Sunday,14:15,209.3
G6,Winter,Sunday,14:30,192.3
G6,Winter,Sunday,14:45,176.7
G6,Winter,Sunday,15:00,164.2
G6,Winter,Sunday,15:15,154.7
G6,Winter,Sunday,15:30,147.5
G6,Winter,Sunday,15:45,142.0
G6,Winter,Sunday,16:00,137.9
G6,Winter,Sunday,16:15,136.1
G6,Winter,Sunday,16:30,138.2
G6,Winter,Sunday,16:45,145.5
G6,Winter,Sunday,17:00,158.9
G6,Winter,Sunday,17:15,176.8
G6,Winter,Sunday,17:30,196.9
G6,Winter,Sunday,17:45,217.1
G6,Winter,Sunday,18:00,235.2
G6,Winter,Sunday,18:15,249.8
G6,Winter,Sunday,18:30,259.6
G6,Winter,Sunday,18:45,263.3
G6,Winter,Sunday,19:00,260.3
G6,Winter,Sunday,19:15,252.5
G6,Winter,Sunday,19:30,242.6
G6,Winter,Sunday,19:45,233.3
G6,Winter,Sunday,20:00,226.5
G6,Winter,Sunday,20:15,221.6
G6,Winter,Sunday,20:30,217.3
G6,Winter,Sunday,20:45,212.5
G6,Winter,Sunday,21:00,205.9
G6,Winter,Sunday,21:15,197.3
G6,Winter,Sunday,21:30,186.5
G6,Winter,Sunday,21:45,173.2
G6,Winter,Sunday,22:00,157.6
G6,Winter,Sunday,22:15,140.7
G6,Winter,Sunday,22:30,123.9
G6,Winter,Sunday,22:45,108.5
G6,Winter,Sunday,23:00,95.6
G6,Winter,Sunday,23:15,84.9
G6,Winter,Sunday,23:30,76.0
G6,Winter,Sunday,23:45,68.1
G6,Transition,Workday,00:00,61.0
G6,Transition,Workday,00:15,54.9
G6,Transition,Workday,00:30,49.9
G6,Transition,Workday,00:45,46.2
G6,Transition,Workday,01:00,43.7
G6,Transition,Workday,01:15,42.1
G6,Transition,Workday,01:30,41.1
G6,Transition,Workday,01:45,40.4
G6,Transition,Workday,02:00,39.7
G6,Transition,Workday,02:15,39.0
G6,Transition,Workday,02:30,38.5
G6,Transition,Workday,02:45,38.1
G6,Transition,Workday,03:00,38.0
G6,Transition,Workday,03:15,38.1
G6,Transition,Workday,03:30,38.2
G6,Transition,Workday,03:45,38.1
G6,Transition,Workday,04:00,37.8
G6,Transition,Workday,04:15,37.4
G6,Transition,Workday,04:30,37.0
G6,Transition,Workday,04:45,37.0
G6,Transition,Workday,05:00,37.3
G6,Transition,Workday,05:15,37.9
G6,Transition,Workday,05:30,38.6
G6,Transition,Workday,05:45,39.3
G6,Transition,Workday,06:00,39.8
G6,Transition,Workday,06:15,40.4
G6,Transition,Workday,06:30,41.2
G6,Transition,Workday,06:45,42.7
G6,Transition,Workday,07:00,45.0
G6,Transition,Workday,07:15,48.1
G6,Transition,Workday,07:30,52.0
G6,Transition,Workday,07:45,56.6
G6,Transition,Workday,08:00,61.8
G6,Transition,Workday,08:15,67.5
G6,Transition,Workday,08:30,73.1
G6,Transition,Workday,08:45,78.5
G6,Transition,Workday,09:00,83.4
G6,Transition,Workday,09:15,88.1
G6,Transition,Workday,09:30,92.9
G6,Transition,Workday,09:45,98.2
G6,Transition,Workday,10:00,104.3
G6,Transition,Workday,10:15,111.6
G6,Transition,Workday,10:30,120.6
G6,Transition,Workday,10:45,131.6
G6,Transition,Workday,11:00,144.7
G6,Transition,Workday,11:15,158.3
G6,Transition,Workday,11:30,170.4
G6,Transition,Workday,11:45,179.0
G6,Transition,Workday,12:00,182.7
G6,Transition,Workday,12:15,182.6
G6,Transition,Workday,12:30,180.1
G6,Transition,Workday,12:45,176.7
G6,Transition,Workday,13:00,173.6
G6,Transition,Workday,13:15,170.1
G6,Transition,Workday,13:30,165.3
G6,Transition,Workday,13:45,158.2
G6,Transition,Workday,14:00,148.2
G6,Transition,Workday,14:15,136.6
G6,Transition,Workday,14:30,125.1
G6,Transition,Workday,14:45,115.5
G6,Transition,Workday,15:00,109.0
G6,Transition,Workday,15:15,105.2
G6,Transition,Workday,15:30,103.4
G6,Transition,Workday,15:45,102.8
G6,Transition,Workday,16:00,102.7
G6,Transition,Workday,16:15,103.7
G6,Transition,Workday,16:30,106.2
G6,Transition,Workday,16:45,110.9
G6,Transition,Workday,17:00,118.1
G6,Transition,Workday,17:15,127.2
G6,Transition,Workday,17:30,137.4
G6,Transition,Workday,17:45,147.8
G6,Transition,Workday,18:00,157.6
G6,Transition,Workday,18:15,166.3
G6,Transition,Workday,18:30,173.6
G6,Transition,Workday,18:45,179.0
G6,Transition,Workday,19:00,182.4
G6,Transition,Workday,19:15,184.2
G6,Transition,Workday,19:30,185.1
G6,Transition,Workday,19:45,185.9
G6,Transition,Workday,20:00,187.0
G6,Transition,Workday,20:15,188.0
G6,Transition,Workday,20:30,188.2
G6,Transition,Workday,20:45,187.1
G6,Transition,Workday,21:00,184.0
G6,Transition,Workday,21:15,178.9
G6,Transition,Workday,21:30,171.4
G6,Transition,Workday,21:45,161.7
G6,Transition,Workday,22:00,149.6
G6,Transition,Workday,22:15,136.0
G6,Transition,Workday,22:30,122.0
G6,Transition,Workday,22:45,108.5
G6,Transition,Workday,23:00,96.4
G6,Transition,Workday,23:15,85.8
G6,Transition,Workday,23:30,76.4
G6,Transition,Workday,23:45,68.1
G6,Transition,Saturday,00:00,64.7
G6,Transition,Saturday,00:15,63.4
G6,Transition,Saturday,00:30,63.0
G6,Transition,Saturday,00:45,62.4
G6,Transition,Saturday,01:00,60.4
G6,Transition,Saturday,01:15,57.5
G6,Transition,Saturday,01:30,54.1
G6,Transition,Saturday,01:45,50.8
G6,Transition,Saturday,02:00,48.1
G6,Transition,Saturday,02:15,45.9
G6,Transition,Saturday,02:30,44.1
G6,Transition,Saturday,02:45,42.7
G6,Transition,Saturday,03:00,41.6
G6,Transition,Saturday,03:15,40.6
G6,Transition,Saturday,03:30,39.8
G6,Transition,Saturday,03:45,39.3
G6,Transition,Saturday,04:00,38.8
G6,Transition,Saturday,04:15,38.5
G6,Transition,Saturday,04:30,38.3
G6,Transition,Saturday,04:45,38.1
G6,Transition,Saturday,05:00,37.9
G6,Transition,Saturday,05:15,37.7
G6,Transition,Saturday,05:30,37.4
G6,Transition,Saturday,05:45,37.0
G6,Transition,Saturday,06:00,36.4
G6,Transition,Saturday,06:15,36.3
G6,Transition,Saturday,06:30,37.0
G6,Transition,Saturday,06:45,39.3
G6,Transition,Saturday,07:00,43.3
G6,Transition,Saturday,07:15,48.5
G6,Transition,Saturday,07:30,54.0
G6,Transition,Saturday,07:45,58.9
G6,Transition,Saturday,08:00,62.6
G6,Transition,Saturday,08:15,65.6
G6,Transition,Saturday,08:30,68.7
G6,Transition,Saturday,08:45,72.8
G6,Transition,Saturday,09:00,78.3
G6,Transition,Saturday,09:15,85.5
G6,Transition,Saturday,09:30,94.1
G6,Transition,Saturday,09:45,103.9
G6,Transition,Saturday,10:00,114.8
G6,Transition,Saturday,10:15,126.0
G6,Transition,Saturday,10:30,136.5
G6,Transition,Saturday,10:45,145.5
G6,Transition,Saturday,11:00,152.3
G6,Transition,Saturday,11:15,157.1
G6,Transition,Saturday,11:30,160.1
G6,Transition,Saturday,11:45,161.7
G6,Transition,Saturday,12:00,162.1
G6,Transition,Saturday,12:15,161.8
G6,Transition,Saturday,12:30,161.1
G6,Transition,Saturday,12:45,160.5
G6,Transition,Saturday,13:00,160.3
G6,Transition,Saturday,13:15,160.7
G6,Transition,Saturday,13:30,161.8
G6,Transition,Saturday,13:45,164.0
G6,Transition,Saturday,14:00,167.1
G6,Transition,Saturday,14:15,170.9
G6,Transition,Saturday,14:30,174.7
G6,Transition,Saturday,14:45,177.8
G6,Transition,Saturday,15:00,180.0
G6,Transition,Saturday,15:15,181.2
G6,Transition,Saturday,15:30,181.6
G6,Transition,Saturday,15:45,181.3
G6,Transition,Saturday,16:00,180.7
G6,Transition,Saturday,16:15,180.5
G6,Transition,Saturday,16:30,181.6
G6,Transition,Saturday,16:45,184.8
G6,Transition,Saturday,17:00,190.7
G6,Transition,Saturday,17:15,198.9
G6,Transition,Saturday,17:30,208.8
G6,Transition,Saturday,17:45,219.4
G6,Transition,Saturday,18:00,230.2
G6,Transition,Saturday,18:15,240.7
G6,Transition,Saturday,18:30,250.3
G6,Transition,Saturday,18:45,258.7
G6,Transition,Saturday,19:00,265.2
G6,Transition,Saturday,19:15,269.8
G6,Transition,Saturday,19:30,271.9
G6,Transition,Saturday,19:45,271.4
G6,Transition,Saturday,20:00,268.1
G6,Transition,Saturday,20:15,262.6
G6,Transition,Saturday,20:30,255.8
G6,Transition,Saturday,20:45,248.3
G6,Transition,Saturday,21:00,240.7
G6,Transition,Saturday,21:15,232.6
G6,Transition,Saturday,21:30,223.4
G6,Transition,Saturday,21:45,212.5
G6,Transition,Saturday,22:00,199.4
G6,Transition,Saturday,22:15,184.8
G6,Transition,Saturday,22:30,169.6
G6,Transition,Saturday,22:45,154.7
G6,Transition,Saturday,23:00,141.0
G6,Transition,Saturday,23:15,128.5
G6,Transition,Saturday,23:30,117.3
G6,Transition,Saturday,23:45,107.4
G6,Transition,Sunday,00:00,98.7
G6,Transition,Sunday,00:15,91.2
G6,Transition,Sunday,00:30,84.5
G6,Transition,Sunday,00:45,78.5
G6,Transition,Sunday,01:00,73.1
G6,Transition,Sunday,01:15,68.1
G6,Transition,Sunday,01:30,63.8
G6,Transition,Sunday,01:45,60.0
G6,Transition,Sunday,02:00,57.0
G6,Transition,Sunday,02:15,54.3
G6,Transition,Sunday,02:30,52.0
G6,Transition,Sunday,02:45,49.7
G6,Transition,Sunday,03:00,47.2
G6,Transition,Sunday,03:15,44.7
G6,Transition,Sunday,03:30,42.4
G6,Transition,Sunday,03:45,40.4
G6,Transition,Sunday,04:00,38.9
G6,Transition,Sunday,04:15,37.8
G6,Transition,Sunday,04:30,37.1
G6,Transition,Sunday,04:45,37.0
G6,Transition,Sunday,05:00,37.2
G6,Transition,Sunday,05:15,37.5
G6,Transition,Sunday,05:30,37.5
G6,Transition,Sunday,05:45,37.0
G6,Transition,Sunday,06:00,35.7
G6,Transition,Sunday,06:15,34.5
G6,Transition,Sunday,06:30,34.6
G6,Transition,Sunday,06:45,37.0
G6,Transition,Sunday,07:00,42.3
G6,Transition,Sunday,07:15,49.8
G6,Transition,Sunday,07:30,58.0
G6,Transition,Sunday,07:45,65.8
G6,Transition,Sunday,08:00,72.3
G6,Transition,Sunday,08:15,78.7
G6,Transition,Sunday,08:30,86.4
G6,Transition,Sunday,08:45,97.0
G6,Transition,Sunday,09:00,111.6
G6,Transition,Sunday,09:15,129.1
G6,Transition,Sunday,09:30,147.9
G6,Transition,Sunday,09:45,166.3
G6,Transition,Sunday,10:00,183.1
G6,Transition,Sunday,10:15,198.4
G6,Transition,Sunday,10:30,213.1
G6,Transition,Sunday,10:45,227.5
G6,Transition,Sunday,11:00,242.0
G6,Transition,Sunday,11:15,255.2
G6,Transition,Sunday,11:30,265.6
G6,Transition,Sunday,11:45,271.4
G6,Transition,Sunday,12:00,271.6
G6,Transition,Sunday,12:15,267.8
G6,Transition,Sunday,12:30,262.4
G6,Transition,Sunday,12:45,257.5
G6,Transition,Sunday,13:00,254.9
G6,Transition,Sunday,13:15,253.3
G6,Transition,Sunday,13:30,250.9
G6,Transition,Sunday,13:45,246.0
G6,Transition,Sunday,14:00,237.1
G6,Transition,Sunday,14:15,225.2
G6,Transition,Sunday,14:30,211.5
G6,Transition,Sunday,14:45,197.5
G6,Transition,Sunday,15:00,184.2
G6,Transition,Sunday,15:15,171.9
G6,Transition,Sunday,15:30,160.6
G6,Transition,Sunday,15:45,150.1
G6,Transition,Sunday,16:00,140.8
G6,Transition,Sunday,16:15,133.8
G6,Transition,Sunday,16:30,130.7
G6,Transition,Sunday,16:45,132.8
G6,Transition,Sunday,17:00,141.1
G6,Transition,Sunday,17:15,154.4
G6,Transition,Sunday,17:30,170.7
G6,Transition,Sunday,17:45,188.2
G6,Transition,Sunday,18:00,205.2
G6,Transition,Sunday,18:15,220.5
G6,Transition,Sunday,18:30,232.9
G6,Transition,Sunday,18:45,241.3
G6,Transition,Sunday,19:00,245.2
G6,Transition,Sunday,19:15,245.3
G6,Transition,Sunday,19:30,242.8
G6,Transition,Sunday,19:45,239.0
G6,Transition,Sunday,20:00,234.9
G6,Transition,Sunday,20:15,230.1
G6,Transition,Sunday,20:30,224.3
G6,Transition,Sunday,20:45,217.1
G6,Transition,Sunday,21:00,208.0
G6,Transition,Sunday,21:15,197.2
G6,Transition,Sunday,21:30,184.8
G6,Transition,Sunday,21:45,170.9
G6,Transition,Sunday,22:00,155.9
G6,Transition,Sunday,22:15,140.2
G6,Transition,Sunday,22:30,124.6
G6,Transition,Sunday,22:45,109.7
G6,Transition,Sunday,23:00,96.0
G6,Transition,Sunday,23:15,83.9
G6,Transition,Sunday,23:30,73.4
G6,Transition,Sunday,23:45,64.7
L0,Summer,Workday,00:00,66.1
L0,Summer,Workday,00:15,63.1
L0,Summer,Workday,00:30,60.5
L0,Summer,Workday,00:45,58.4
L0,Summer,Workday,01:00,56.7
L0,Summer,Workday,01:15,55.4
L0,Summer,Workday,01:30,54.4
L0,Summer,Workday,01:45,53.7
L0,Summer,Workday,02:00,53.2
L0,Summer,Workday,02:15,52.7
L0,Summer,Workday,02:30,52.3
L0,Summer,Workday,02:45,51.9
L0,Summer,Workday,03:00,51.4
L0,Summer,Workday,03:15,51.0
L0,Summer,Workday,03:30,50.5
L0,Summer,Workday,03:45,50.0
L0,Summer,Workday,04:00,49.6
L0,Summer,Workday,04:15,49.4
L0,Summer,Workday,04:30,49.5
L0,Summer,Workday,04:45,50.0
L0,Summer,Workday,05:00,51.2
L0,Summer,Workday,05:15,52.9
L0,Summer,Workday,05:30,55.3
L0,Summer,Workday,05:45,58.4
L0,Summer,Workday,06:00,62.2
L0,Summer,Workday,06:15,67.4
L0,Summer,Workday,06:30,74.8
L0,Summer,Workday,06:45,85.2
L0,Summer,Workday,07:00,98.9
L0,Summer,Workday,07:15,114.9
L0,Summer,Workday,07:30,131.8
L0,Summer,Workday,07:45,148.2
L0,Summer,Workday,08:00,162.6
L0,Summer,Workday,08:15,173.9
L0,Summer,Workday,08:30,180.6
L0,Summer,Workday,08:45,181.6
L0,Summer,Workday,09:00,176.1
L0,Summer,Workday,09:15,166.1
L0,Summer,Workday,09:30,154.1
L0,Summer,Workday,09:45,142.6
L0,Summer,Workday,10:00,133.8
L0,Summer,Workday,10:15,128.2
L0,Summer,Workday,10:30,125.8
L0,Summer,Workday,10:45,126.9
L0,Summer,Workday,11:00,131.2
L0,Summer,Workday,11:15,136.6
L0,Summer,Workday,11:30,140.9
L0,Summer,Workday,11:45,141.7
L0,Summer,Workday,12:00,137.4
L0,Summer,Workday,12:15,129.4
L0,Summer,Workday,12:30,119.9
L0,Summer,Workday,12:45,111.2
L0,Summer,Workday,13:00,104.8
L0,Summer,Workday,13:15,100.8
L0,Summer,Workday,13:30,98.5
L0,Summer,Workday,13:45,97.3
L0,Summer,Workday,14:00,96.5
L0,Summer,Workday,14:15,96.2
L0,Summer,Workday,14:30,96.2
L0,Summer,Workday,14:45,96.3
L0,Summer,Workday,15:00,96.7
L0,Summer,Workday,15:15,97.0
L0,Summer,Workday,15:30,97.2
L0,Summer,Workday,15:45,97.3
L0,Summer,Workday,16:00,97.0
L0,Summer,Workday,16:15,96.8
L0,Summer,Workday,16:30,97.1
L0,Summer,Workday,16:45,98.2
L0,Summer,Workday,17:00,100.6
L0,Summer,Workday,17:15,104.8
L0,Summer,Workday,17:30,111.5
L0,Summer,Workday,17:45,121.3
L0,Summer,Workday,18:00,134.4
L0,Summer,Workday,18:15,148.9
L0,Summer,Workday,18:30,162.6
L0,Summer,Workday,18:45,173.2
L0,Summer,Workday,19:00,178.9
L0,Summer,Workday,19:15,179.8
L0,Summer,Workday,19:30,176.5
L0,Summer,Workday,19:45,169.5
L0,Summer,Workday,20:00,159.6
L0,Summer,Workday,20:15,148.1
L0,Summer,Workday,20:30,136.4
L0,Summer,Workday,20:45,126.0
L0,Summer,Workday,21:00,117.9
L0,Summer,Workday,21:15,111.9
L0,Summer,Workday,21:30,107.1
L0,Summer,Workday,21:45,102.8
L0,Summer,Workday,22:00,98.5
L0,Summer,Workday,22:15,94.1
L0,Summer,Workday,22:30,89.6
L0,Summer,Workday,22:45,85.2
L0,Summer,Workday,23:00,81.0
L0,Summer,Workday,23:15,76.9
L0,Summer,Workday,23:30,73.1
L0,Summer,Workday,23:45,69.5
L0,Summer,Saturday,00:00,67.2
L0,Summer,Saturday,00:15,65.6
L0,Summer,Saturday,00:30,64.3
L0,Summer,Saturday,00:45,63.0
L0,Summer,Saturday,01:00,61.4
L0,Summer,Saturday,01:15,59.7
L0,Summer,Saturday,01:30,58.0
L0,Summer,Saturday,01:45,56.5
L0,Summer,Saturday,02:00,55.2
L0,Summer,Saturday,02:15,54.2
L0,Summer,Saturday,02:30,53.4
L0,Summer,Saturday,02:45,52.8
L0,Summer,Saturday,03:00,52.3
L0,Summer,Saturday,03:15,51.8
L0,Summer,Saturday,03:30,51.4
L0,Summer,Saturday,03:45,50.9
L0,Summer,Saturday,04:00,50.5
L0,Summer,Saturday,04:15,50.2
L0,Summer,Saturday,04:30,50.0
L0,Summer,Saturday,04:45,50.0
L0,Summer,Saturday,05:00,50.3
L0,Summer,Saturday,05:15,50.9
L0,Summer,Saturday,05:30,51.7
L0,Summer,Saturday,05:45,52.8
L0,Summer,Saturday,06:00,54.4
L0,Summer,Saturday,06:15,57.2
L0,Summer,Saturday,06:30,62.2
L0,Summer,Saturday,06:45,70.4
L0,Summer,Saturday,07:00,82.4
L0,Summer,Saturday,07:15,97.4
L0,Summer,Saturday,07:30,114.2
L0,Summer,Saturday,07:45,131.5
L0,Summer,Saturday,08:00,148.2
L0,Summer,Saturday,08:15,162.8
L0,Summer,Saturday,08:30,173.8
L0,Summer,Saturday,08:45,179.7
L0,Summer,Saturday,09:00,179.6
L0,Summer,Saturday,09:15,174.9
L0,Summer,Saturday,09:30,167.2
L0,Summer,Saturday,09:45,158.4
L0,Summer,Saturday,10:00,150.1
L0,Summer,Saturday,10:15,143.4
L0,Summer,Saturday,10:30,139.1
L0,Summer,Saturday,10:45,138.0
L0,Summer,Saturday,11:00,140.4
L0,Summer,Saturday,11:15,144.4
L0,Summer,Saturday,11:30,147.5
L0,Summer,Saturday,11:45,147.3
L0,Summer,Saturday,12:00,142.0
L0,Summer,Saturday,12:15,133.1
L0,Summer,Saturday,12:30,122.7
L0,Summer,Saturday,12:45,113.0
L0,Summer,Saturday,13:00,105.7
L0,Summer,Saturday,13:15,100.6
L0,Summer,Saturday,13:30,96.8
L0,Summer,Saturday,13:45,93.6
L0,Summer,Saturday,14:00,90.3
L0,Summer,Saturday,14:15,87.1
L0,Summer,Saturday,14:30,84.4
L0,Summer,Saturday,14:45,82.4
L0,Summer,Saturday,15:00,81.5
L0,Summer,Saturday,15:15,81.3
L0,Summer,Saturday,15:30,81.4
L0,Summer,Saturday,15:45,81.5
L0,Summer,Saturday,16:00,81.3
L0,Summer,Saturday,16:15,81.3
L0,Summer,Saturday,16:30,81.8
L0,Summer,Saturday,16:45,83.4
L0,Summer,Saturday,17:00,86.6
L0,Summer,Saturday,17:15,91.7
L0,Summer,Saturday,17:30,99.2
L0,Summer,Saturday,17:45,109.3
L0,Summer,Saturday,18:00,122.1
L0,Summer,Saturday,18:15,135.8
L0,Summer,Saturday,18:30,148.6
L0,Summer,Saturday,18:45,158.4
L0,Summer,Saturday,19:00,163.6
L0,Summer,Saturday,19:15,164.4
L0,Summer,Saturday,19:30,161.5
L0,Summer,Saturday,19:45,155.6
L0,Summer,Saturday,20:00,147.4
L0,Summer,Saturday,20:15,137.8
L0,Summer,Saturday,20:30,127.9
L0,Summer,Saturday,20:45,118.6
L0,Summer,Saturday,21:00,110.7
L0,Summer,Saturday,21:15,104.1
L0,Summer,Saturday,21:30,98.5
L0,Summer,Saturday,21:45,93.6
L0,Summer,Saturday,22:00,88.9
L0,Summer,Saturday,22:15,84.6
L0,Summer,Saturday,22:30,80.6
L0,Summer,Saturday,22:45,76.9
L0,Summer,Saturday,23:00,73.4
L0,Summer,Saturday,23:15,70.3
L0,Summer,Saturday,23:30,67.4
L0,Summer,Saturday,23:45,64.8
L0,Summer,Sunday,00:00,62.6
L0,Summer,Sunday,00:15,60.6
L0,Summer,Sunday,00:30,58.9
L0,Summer,Sunday,00:45,57.4
L0,Summer,Sunday,01:00,56.2
L0,Summer,Sunday,01:15,55.2
L0,Summer,Sunday,01:30,54.4
L0,Summer,Sunday,01:45,53.7
L0,Summer,Sunday,02:00,53.2
L0,Summer,Sunday,02:15,52.7
L0,Summer,Sunday,02:30,52.3
L0,Summer,Sunday,02:45,51.9
L0,Summer,Sunday,03:00,51.4
L0,Summer,Sunday,03:15,50.9
L0,Summer,Sunday,03:30,50.5
L0,Summer,Sunday,03:45,50.0
L0,Summer,Sunday,04:00,49.6
L0,Summer,Sunday,04:15,49.4
L0,Summer,Sunday,04:30,49.5
L0,Summer,Sunday,04:45,50.0
L0,Summer,Sunday,05:00,51.2
L0,Summer,Sunday,05:15,53.1
L0,Summer,Sunday,05:30,56.0
L0,Summer,Sunday,05:45,60.2
L0,Summer,Sunday,06:00,65.8
L0,Summer,Sunday,06:15,73.2
L0,Summer,Sunday,06:30,82.6
L0,Summer,Sunday,06:45,94.5
L0,Summer,Sunday,07:00,108.8
L0,Summer,Sunday,07:15,124.7
L0,Summer,Sunday,07:30,141.0
L0,Summer,Sunday,07:45,156.5
L0,Summer,Sunday,08:00,170.1
L0,Summer,Sunday,08:15,180.5
L0,Summer,Sunday,08:30,186.6
L0,Summer,Sunday,08:45,187.1
L0,Summer,Sunday,09:00,181.6
L0,Summer,Sunday,09:15,171.8
L0,Summer,Sunday,09:30,160.1
L0,Summer,Sunday,09:45,149.1
L0,Summer,Sunday,10:00,140.8
L0,Summer,Sunday,10:15,135.6
L0,Summer,Sunday,10:30,133.7
L0,Summer,Sunday,10:45,135.2
L0,Summer,Sunday,11:00,139.9
L0,Summer,Sunday,11:15,145.6
L0,Summer,Sunday,11:30,149.8
L0,Summer,Sunday,11:45,150.1
L0,Summer,Sunday,12:00,144.6
L0,Summer,Sunday,12:15,135.3
L0,Summer,Sunday,12:30,124.5
L0,Summer,Sunday,12:45,114.9
L0,Summer,Sunday,13:00,108.4
L0,Summer,Sunday,13:15,104.7
L0,Summer,Sunday,13:30,102.8
L0,Summer,Sunday,13:45,101.9
L0,Summer,Sunday,14:00,101.1
L0,Summer,Sunday,14:15,100.4
L0,Summer,Sunday,14:30,99.7
L0,Summer,Sunday,14:45,99.1
L0,Summer,Sunday,15:00,98.6
L0,Summer,Sunday,15:15,98.1
L0,Summer,Sunday,15:30,97.7
L0,Summer,Sunday,15:45,97.3
L0,Summer,Sunday,16:00,96.9
L0,Summer,Sunday,16:15,96.9
L0,Summer,Sunday,16:30,97.5
L0,Summer,Sunday,16:45,99.1
L0,Summer,Sunday,17:00,102.1
L0,Summer,Sunday,17:15,106.8
L0,Summer,Sunday,17:30,113.7
L0,Summer,Sunday,17:45,123.2
L0,Summer,Sunday,18:00,135.4
L0,Summer,Sunday,18:15,148.9
L0,Summer,Sunday,18:30,161.8
L0,Summer,Sunday,18:45,172.3
L0,Summer,Sunday,19:00,178.8
L0,Summer,Sunday,19:15,181.1
L0,Summer,Sunday,19:30,179.2
L0,Summer,Sunday,19:45,173.2
L0,Summer,Sunday,20:00,163.4
L0,Summer,Sunday,20:15,151.4
L0,Summer,Sunday,20:30,138.9
L0,Summer,Sunday,20:45,127.8
L0,Summer,Sunday,21:00,119.5
L0,Summer,Sunday,21:15,113.5
L0,Summer,Sunday,21:30,108.8
L0,Summer,Sunday,21:45,104.7
L0,Summer,Sunday,22:00,100.2
L0,Summer,Sunday,22:15,95.4
L0,Summer,Sunday,22:30,90.4
L0,Summer,Sunday,22:45,85.2
L0,Summer,Sunday,23:00,80.0
L0,Summer,Sunday,23:15,75.0
L0,Summer,Sunday,23:30,70.5
L0,Summer,Sunday,23:45,66.7
L0,Winter,Workday,00:00,72.4
L0,Winter,Workday,00:15,69.4
L0,Winter,Workday,00:30,66.9
L0,Winter,Workday,00:45,64.8
L0,Winter,Workday,01:00,63.2
L0,Winter,Workday,01:15,61.9
L0,Winter,Workday,01:30,61.0
L0,Winter,Workday,01:45,60.2
L0,Winter,Workday,02:00,59.6
L0,Winter,Workday,02:15,59.2
L0,Winter,Workday,02:30,58.8
L0,Winter,Workday,02:45,58.4
L0,Winter,Workday,03:00,57.9
L0,Winter,Workday,03:15,57.4
L0,Winter,Workday,03:30,56.9
L0,Winter,Workday,03:45,56.5
L0,Winter,Workday,04:00,56.3
L0,Winter,Workday,04:15,56.3
L0,Winter,Workday,04:30,56.6
L0,Winter,Workday,04:45,57.4
L0,Winter,Workday,05:00,58.8
L0,Winter,Workday,05:15,60.9
L0,Winter,Workday,05:30,63.8
L0,Winter,Workday,05:45,67.6
L0,Winter,Workday,06:00,72.5
L0,Winter,Workday,06:15,79.0
L0,Winter,Workday,06:30,87.7
L0,Winter,Workday,06:45,99.1
L0,Winter,Workday,07:00,113.6
L0,Winter,Workday,07:15,130.5
L0,Winter,Workday,07:30,148.9
L0,Winter,Workday,07:45,167.7
L0,Winter,Workday,08:00,185.8
L0,Winter,Workday,08:15,201.7
L0,Winter,Workday,08:30,213.6
L0,Winter,Workday,08:45,219.5
L0,Winter,Workday,09:00,218.5
L0,Winter,Workday,09:15,211.6
L0,Winter,Workday,09:30,200.8
L0,Winter,Workday,09:45,188.0
L0,Winter,Workday,10:00,175.0
L0,Winter,Workday,10:15,163.4
L0,Winter,Workday,10:30,154.5
L0,Winter,Workday,10:45,150.1
L0,Winter,Workday,11:00,150.7
L0,Winter,Workday,11:15,154.1
L0,Winter,Workday,11:30,157.4
L0,Winter,Workday,11:45,157.5
L0,Winter,Workday,12:00,152.2
L0,Winter,Workday,12:15,143.2
L0,Winter,Workday,12:30,132.7
L0,Winter,Workday,12:45,123.2
L0,Winter,Workday,13:00,116.5
L0,Winter,Workday,13:15,112.5
L0,Winter,Workday,13:30,110.3
L0,Winter,Workday,13:45,109.3
L0,Winter,Workday,14:00,108.8
L0,Winter,Workday,14:15,108.5
L0,Winter,Workday,14:30,108.4
L0,Winter,Workday,14:45,108.4
L0,Winter,Workday,15:00,108.3
L0,Winter,Workday,15:15,108.3
L0,Winter,Workday,15:30,108.6
L0,Winter,Workday,15:45,109.3
L0,Winter,Workday,16:00,110.6
L0,Winter,Workday,16:15,113.1
L0,Winter,Workday,16:30,117.4
L0,Winter,Workday,16:45,124.1
L0,Winter,Workday,17:00,133.7
L0,Winter,Workday,17:15,146.0
L0,Winter,Workday,17:30,160.5
L0,Winter,Workday,17:45,176.9
L0,Winter,Workday,18:00,194.5
L0,Winter,Workday,18:15,211.5
L0,Winter,Workday,18:30,226.1
L0,Winter,Workday,18:45,236.2
L0,Winter,Workday,19:00,240.4
L0,Winter,Workday,19:15,238.7
L0,Winter,Workday,19:30,231.5
L0,Winter,Workday,19:45,219.5
L0,Winter,Workday,20:00,203.4
L0,Winter,Workday,20:15,184.9
L0,Winter,Workday,20:30,166.1
L0,Winter,Workday,20:45,149.1
L0,Winter,Workday,21:00,135.6
L0,Winter,Workday,21:15,125.2
L0,Winter,Workday,21:30,117.3
L0,Winter,Workday,21:45,111.2
L0,Winter,Workday,22:00,106.1
L0,Winter,Workday,22:15,101.7
L0,Winter,Workday,22:30,97.7
L0,Winter,Workday,22:45,93.6
L0,Winter,Workday,23:00,89.1
L0,Winter,Workday,23:15,84.6
L0,Winter,Workday,23:30,80.1
L0,Winter,Workday,23:45,76.0
L0,Winter,Saturday,00:00,73.9
L0,Winter,Saturday,00:15,73.0
L0,Winter,Saturday,00:30,72.6
L0,Winter,Saturday,00:45,72.3
L0,Winter,Saturday,01:00,71.5
L0,Winter,Saturday,01:15,70.4
L0,Winter,Saturday,01:30,69.1
L0,Winter,Saturday,01:45,67.6
L0,Winter,Saturday,02:00,66.2
L0,Winter,Saturday,02:15,64.8
L0,Winter,Saturday,02:30,63.4
L0,Winter,Saturday,02:45,62.1
L0,Winter,Saturday,03:00,60.7
L0,Winter,Saturday,03:15,59.4
L0,Winter,Saturday,03:30,58.3
L0,Winter,Saturday,03:45,57.4
L0,Winter,Saturday,04:00,56.9
L0,Winter,Saturday,04:15,56.8
L0,Winter,Saturday,04:30,57.0
L0,Winter,Saturday,04:45,57.4
L0,Winter,Saturday,05:00,58.2
L0,Winter,Saturday,05:15,59.2
L0,Winter,Saturday,05:30,60.5
L0,Winter,Saturday,05:45,62.1
L0,Winter,Saturday,06:00,64.1
L0,Winter,Saturday,06:15,67.4
L0,Winter,Saturday,06:30,72.9
L0,Winter,Saturday,06:45,81.5
L0,Winter,Saturday,07:00,93.9
L0,Winter,Saturday,07:15,109.4
L0,Winter,Saturday,07:30,126.9
L0,Winter,Saturday,07:45,145.4
L0,Winter,Saturday,08:00,163.8
L0,Winter,Saturday,08:15,181.0
L0,Winter,Saturday,08:30,195.6
L0,Winter,Saturday,08:45,206.6
L0,Winter,Saturday,09:00,212.9
L0,Winter,Saturday,09:15,214.6
L0,Winter,Saturday,09:30,212.1
L0,Winter,Saturday,09:45,205.6
L0,Winter,Saturday,10:00,195.9
L0,Winter,Saturday,10:15,185.0
L0,Winter,Saturday,10:30,175.4
L0,Winter,Saturday,10:45,169.5
L0,Winter,Saturday,11:00,168.9
L0,Winter,Saturday,11:15,171.3
L0,Winter,Saturday,11:30,173.5
L0,Winter,Saturday,11:45,172.3
L0,Winter,Saturday,12:00,165.4
L0,Winter,Saturday,12:15,154.5
L0,Winter,Saturday,12:30,142.0
L0,Winter,Saturday,12:45,130.6
L0,Winter,Saturday,13:00,122.1
L0,Winter,Saturday,13:15,116.1
L0,Winter,Saturday,13:30,111.6
L0,Winter,Saturday,13:45,107.4
L0,Winter,Saturday,14:00,102.9
L0,Winter,Saturday,14:15,98.2
L0,Winter,Saturday,14:30,94.0
L0,Winter,Saturday,14:45,90.8
L0,Winter,Saturday,15:00,88.9
L0,Winter,Saturday,15:15,88.2
L0,Winter,Saturday,15:30,88.0
L0,Winter,Saturday,15:45,88.0
L0,Winter,Saturday,16:00,87.9
L0,Winter,Saturday,16:15,88.5
L0,Winter,Saturday,16:30,90.9
L0,Winter,Saturday,16:45,96.3
L0,Winter,Saturday,17:00,105.5
L0,Winter,Saturday,17:15,117.8
L0,Winter,Saturday,17:30,132.7
L0,Winter,Saturday,17:45,149.1
L0,Winter,Saturday,18:00,166.4
L0,Winter,Saturday,18:15,183.4
L0,Winter,Saturday,18:30,199.0
L0,Winter,Saturday,18:45,212.1
L0,Winter,Saturday,19:00,221.5
L0,Winter,Saturday,19:15,226.2
L0,Winter,Saturday,19:30,224.9
L0,Winter,Saturday,19:45,216.8
L0,Winter,Saturday,20:00,201.3
L0,Winter,Saturday,20:15,181.3
L0,Winter,Saturday,20:30,160.3
L0,Winter,Saturday,20:45,141.7
L0,Winter,Saturday,21:00,128.3
L0,Winter,Saturday,21:15,119.3
L0,Winter,Saturday,21:30,113.2
L0,Winter,Saturday,21:45,108.4
L0,Winter,Saturday,22:00,103.7
L0,Winter,Saturday,22:15,98.8
L0,Winter,Saturday,22:30,93.9
L0,Winter,Saturday,22:45,88.9
L0,Winter,Saturday,23:00,84.0
L0,Winter,Saturday,23:15,79.3
L0,Winter,Saturday,23:30,75.0
L0,Winter,Saturday,23:45,71.3
L0,Winter,Sunday,00:00,68.3
L0,Winter,Sunday,00:15,66.0
L0,Winter,Sunday,00:30,64.3
L0,Winter,Sunday,00:45,63.0
L0,Winter,Sunday,01:00,62.1
L0,Winter,Sunday,01:15,61.4
L0,Winter,Sunday,01:30,60.8
L0,Winter,Sunday,01:45,60.2
L0,Winter,Sunday,02:00,59.5
L0,Winter,Sunday,02:15,58.8
L0,Winter,Sunday,02:30,58.0
L0,Winter,Sunday,02:45,57.4
L0,Winter,Sunday,03:00,57.0
L0,Winter,Sunday,03:15,56.7
L0,Winter,Sunday,03:30,56.6
L0,Winter,Sunday,03:45,56.5
L0,Winter,Sunday,04:00,56.4
L0,Winter,Sunday,04:15,56.5
L0,Winter,Sunday,04:30,56.8
L0,Winter,Sunday,04:45,57.4
L0,Winter,Sunday,05:00,58.5
L0,Winter,Sunday,05:15,60.5
L0,Winter,Sunday,05:30,63.7
L0,Winter,Sunday,05:45,68.5
L0,Winter,Sunday,06:00,75.3
L0,Winter,Sunday,06:15,84.1
L0,Winter,Sunday,06:30,94.8
L0,Winter,Sunday,06:45,107.4
L0,Winter,Sunday,07:00,121.9
L0,Winter,Sunday,07:15,137.8
L0,Winter,Sunday,07:30,155.0
L0,Winter,Sunday,07:45,173.2
L0,Winter,Sunday,08:00,191.7
L0,Winter,Sunday,08:15,208.6
L0,Winter,Sunday,08:30,221.4
L0,Winter,Sunday,08:45,227.9
L0,Winter,Sunday,09:00,226.4
L0,Winter,Sunday,09:15,218.6
L0,Winter,Sunday,09:30,206.6
L0,Winter,Sunday,09:45,192.7
L0,Winter,Sunday,10:00,178.9
L0,Winter,Sunday,10:15,167.0
L0,Winter,Sunday,10:30,158.1
L0,Winter,Sunday,10:45,153.8
L0,Winter,Sunday,11:00,154.6
L0,Winter,Sunday,11:15,158.2
L0,Winter,Sunday,11:30,161.5
L0,Winter,Sunday,11:45,161.2
L0,Winter,Sunday,12:00,155.2
L0,Winter,Sunday,12:15,145.4
L0,Winter,Sunday,12:30,134.4
L0,Winter,Sunday,12:45,125.0
L0,Winter,Sunday,13:00,119.4
L0,Winter,Sunday,13:15,116.9
L0,Winter,Sunday,13:30,116.1
L0,Winter,Sunday,13:45,115.8
L0,Winter,Sunday,14:00,114.8
L0,Winter,Sunday,14:15,113.2
L0,Winter,Sunday,14:30,111.3
L0,Winter,Sunday,14:45,109.3
L0,Winter,Sunday,15:00,107.5
L0,Winter,Sunday,15:15,106.1
L0,Winter,Sunday,15:30,105.4
L0,Winter,Sunday,15:45,105.6
L0,Winter,Sunday,16:00,106.9
L0,Winter,Sunday,16:15,109.8
L0,Winter,Sunday,16:30,114.4
L0,Winter,Sunday,16:45,121.3
L0,Winter,Sunday,17:00,130.7
L0,Winter,Sunday,17:15,142.4
L0,Winter,Sunday,17:30,156.1
L0,Winter,Sunday,17:45,171.4
L0,Winter,Sunday,18:00,187.8
L0,Winter,Sunday,18:15,204.1
L0,Winter,Sunday,18:30,218.5
L0,Winter,Sunday,18:45,229.7
L0,Winter,Sunday,19:00,236.2
L0,Winter,Sunday,19:15,237.4
L0,Winter,Sunday,19:30,232.9
L0,Winter,Sunday,19:45,222.3
L0,Winter,Sunday,20:00,205.7
L0,Winter,Sunday,20:15,185.5
L0,Winter,Sunday,20:30,164.7
L0,Winter,Sunday,20:45,146.4
L0,Winter,Sunday,21:00,132.6
L0,Winter,Sunday,21:15,123.0
L0,Winter,Sunday,21:30,116.3
L0,Winter,Sunday,21:45,111.2
L0,Winter,Sunday,22:00,106.6
L0,Winter,Sunday,22:15,102.1
L0,Winter,Sunday,22:30,97.6
L0,Winter,Sunday,22:45,92.6
L0,Winter,Sunday,23:00,87.2
L0,Winter,Sunday,23:15,81.6
L0,Winter,Sunday,23:30,76.5
L0,Winter,Sunday,23:45,72.3
L0,Transition,Workday,00:00,70.3
L0,Transition,Workday,00:15,67.1
L0,Transition,Workday,00:30,64.3
L0,Transition,Workday,00:45,62.1
L0,Transition,Workday,01:00,60.3
L0,Transition,Workday,01:15,59.1
L0,Transition,Workday,01:30,58.1
L0,Transition,Workday,01:45,57.4
L0,Transition,Workday,02:00,56.9
L0,Transition,Workday,02:15,56.4
L0,Transition,Workday,02:30,56.0
L0,Transition,Workday,02:45,55.6
L0,Transition,Workday,03:00,55.1
L0,Transition,Workday,03:15,54.5
L0,Transition,Workday,03:30,54.1
L0,Transition,Workday,03:45,53.7
L0,Transition,Workday,04:00,53.6
L0,Transition,Workday,04:15,53.7
L0,Transition,Workday,04:30,54.0
L0,Transition,Workday,04:45,54.7
L0,Transition,Workday,05:00,55.6
L0,Transition,Workday,05:15,57.2
L0,Transition,Workday,05:30,59.8
L0,Transition,Workday,05:45,63.9
L0,Transition,Workday,06:00,69.8
L0,Transition,Workday,06:15,77.6
L0,Transition,Workday,06:30,87.6
L0,Transition,Workday,06:45,100.0
L0,Transition,Workday,07:00,114.8
L0,Transition,Workday,07:15,131.3
L0,Transition,Workday,07:30,148.6
L0,Transition,Workday,07:45,165.8
L0,Transition,Workday,08:00,181.9
L0,Transition,Workday,08:15,195.1
L0,Transition,Workday,08:30,203.4
L0,Transition,Workday,08:45,204.7
L0,Transition,Workday,09:00,198.0
L0,Transition,Workday,09:15,185.5
L0,Transition,Workday,09:30,170.6
L0,Transition,Workday,09:45,156.5
L0,Transition,Workday,10:00,145.9
L0,Transition,Workday,10:15,139.0
L0,Transition,Workday,10:30,135.5
L0,Transition,Workday,10:45,135.2
L0,Transition,Workday,11:00,137.5
L0,Transition,Workday,11:15,140.7
L0,Transition,Workday,11:30,143.1
L0,Transition,Workday,11:45,142.6
L0,Transition,Workday,12:00,138.2
L0,Transition,Workday,12:15,130.9
L0,Transition,Workday,12:30,122.5
L0,Transition,Workday,12:45,114.9
L0,Transition,Workday,13:00,109.4
L0,Transition,Workday,13:15,105.9
L0,Transition,Workday,13:30,103.9
L0,Transition,Workday,13:45,102.8
L0,Transition,Workday,14:00,102.1
L0,Transition,Workday,14:15,101.7
L0,Transition,Workday,14:30,101.4
L0,Transition,Workday,14:45,101.0
L0,Transition,Workday,15:00,100.4
L0,Transition,Workday,15:15,99.9
L0,Transition,Workday,15:30,99.4
L0,Transition,Workday,15:45,99.1
L0,Transition,Workday,16:00,99.2
L0,Transition,Workday,16:15,99.9
L0,Transition,Workday,16:30,101.6
L0,Transition,Workday,16:45,104.7
L0,Transition,Workday,17:00,109.4
L0,Transition,Workday,17:15,116.2
L0,Transition,Workday,17:30,125.6
L0,Transition,Workday,17:45,138.0
L0,Transition,Workday,18:00,153.5
L0,Transition,Workday,18:15,170.2
L0,Transition,Workday,18:30,185.8
L0,Transition,Workday,18:45,198.2
L0,Transition,Workday,19:00,205.5
L0,Transition,Workday,19:15,207.5
L0,Transition,Workday,19:30,204.7
L0,Transition,Workday,19:45,197.3
L0,Transition,Workday,20:00,185.9
L0,Transition,Workday,20:15,172.1
L0,Transition,Workday,20:30,157.7
L0,Transition,Workday,20:45,144.5
L0,Transition,Workday,21:00,133.8
L0,Transition,Workday,21:15,125.5
L0,Transition,Workday,21:30,118.8
L0,Transition,Workday,21:45,113.0
L0,Transition,Workday,22:00,107.7
L0,Transition,Workday,22:15,102.5
L0,Transition,Workday,22:30,97.6
L0,Transition,Workday,22:45,92.6
L0,Transition,Workday,23:00,87.7
L0,Transition,Workday,23:15,82.9
L0,Transition,Workday,23:30,78.3
L0,Transition,Workday,23:45,74.1
L0,Transition,Saturday,00:00,71.4
L0,Transition,Saturday,00:15,69.4
L0,Transition,Saturday,00:30,68.0
L0,Transition,Saturday,00:45,66.7
L0,Transition,Saturday,01:00,65.3
L0,Transition,Saturday,01:15,63.9
L0,Transition,Saturday,01:30,62.4
L0,Transition,Saturday,01:45,61.1
L0,Transition,Saturday,02:00,60.0
L0,Transition,Saturday,02:15,59.1
L0,Transition,Saturday,02:30,58.3
L0,Transition,Saturday,02:45,57.4
L0,Transition,Saturday,03:00,56.6
L0,Transition,Saturday,03:15,55.7
L0,Transition,Saturday,03:30,55.1
L0,Transition,Saturday,03:45,54.7
L0,Transition,Saturday,04:00,54.6
L0,Transition,Saturday,04:15,54.7
L0,Transition,Saturday,04:30,55.1
L0,Transition,Saturday,04:45,55.6
L0,Transition,Saturday,05:00,56.1
L0,Transition,Saturday,05:15,56.6
L0,Transition,Saturday,05:30,57.4
L0,Transition,Saturday,05:45,58.4
L0,Transition,Saturday,06:00,59.9
L0,Transition,Saturday,06:15,62.9
L0,Transition,Saturday,06:30,68.8
L0,Transition,Saturday,06:45,78.7
L0,Transition,Saturday,07:00,93.4
L0,Transition,Saturday,07:15,111.6
L0,Transition,Saturday,07:30,131.4
L0,Transition,Saturday,07:45,151.0
L0,Transition,Saturday,08:00,168.6
L0,Transition,Saturday,08:15,183.2
L0,Transition,Saturday,08:30,193.7
L0,Transition,Saturday,08:45,199.2
L0,Transition,Saturday,09:00,198.9
L0,Transition,Saturday,09:15,194.1
L0,Transition,Saturday,09:30,186.2
L0,Transition,Saturday,09:45,176.9
L0,Transition,Saturday,10:00,167.6
L0,Transition,Saturday,10:15,159.6
L0,Transition,Saturday,10:30,154.0
L0,Transition,Saturday,10:45,151.9
L0,Transition,Saturday,11:00,153.9
L0,Transition,Saturday,11:15,157.9
L0,Transition,Saturday,11:30,161.3
L0,Transition,Saturday,11:45,161.2
L0,Transition,Saturday,12:00,155.8
L0,Transition,Saturday,12:15,146.7
L0,Transition,Saturday,12:30,135.9
L0,Transition,Saturday,12:45,126.0
L0,Transition,Saturday,13:00,118.5
L0,Transition,Saturday,13:15,113.1
L0,Transition,Saturday,13:30,108.8
L0,Transition,Saturday,13:45,104.7
L0,Transition,Saturday,14:00,100.0
L0,Transition,Saturday,14:15,95.3
L0,Transition,Saturday,14:30,91.1
L0,Transition,Saturday,14:45,88.0
L0,Transition,Saturday,15:00,86.6
L0,Transition,Saturday,15:15,86.3
L0,Transition,Saturday,15:30,86.7
L0,Transition,Saturday,15:45,87.1
L0,Transition,Saturday,16:00,87.1
L0,Transition,Saturday,16:15,87.3
L0,Transition,Saturday,16:30,88.5
L0,Transition,Saturday,16:45,91.7
L0,Transition,Saturday,17:00,97.4
L0,Transition,Saturday,17:15,105.7
L0,Transition,Saturday,17:30,116.2
L0,Transition,Saturday,17:45,128.8
L0,Transition,Saturday,18:00,142.9
L0,Transition,Saturday,18:15,157.3
L0,Transition,Saturday,18:30,170.7
L0,Transition,Saturday,18:45,181.6
L0,Transition,Saturday,19:00,188.7
L0,Transition,Saturday,19:15,191.7
L0,Transition,Saturday,19:30,190.6
L0,Transition,Saturday,19:45,185.3
L0,Transition,Saturday,20:00,175.8
L0,Transition,Saturday,20:15,163.7
L0,Transition,Saturday,20:30,150.5
L0,Transition,Saturday,20:45,138.0
L0,Transition,Saturday,21:00,127.4
L0,Transition,Saturday,21:15,118.8
L0,Transition,Saturday,21:30,111.6
L0,Transition,Saturday,21:45,105.6
L0,Transition,Saturday,22:00,100.3
L0,Transition,Saturday,22:15,95.5
L0,Transition,Saturday,22:30,90.9
L0,Transition,Saturday,22:45,86.1
L0,Transition,Saturday,23:00,81.1
L0,Transition,Saturday,23:15,76.1
L0,Transition,Saturday,23:30,71.5
L0,Transition,Saturday,23:45,67.6
L0,Transition,Sunday,00:00,64.8
L0,Transition,Sunday,00:15,62.7
L0,Transition,Sunday,00:30,61.3
L0,Transition,Sunday,00:45,60.2
L0,Transition,Sunday,01:00,59.2
L0,Transition,Sunday,01:15,58.2
L0,Transition,Sunday,01:30,57.3
L0,Transition,Sunday,01:45,56.5
L0,Transition,Sunday,02:00,55.8
L0,Transition,Sunday,02:15,55.3
L0,Transition,Sunday,02:30,54.9
L0,Transition,Sunday,02:45,54.7
L0,Transition,Sunday,03:00,54.6
L0,Transition,Sunday,03:15,54.6
L0,Transition,Sunday,03:30,54.7
L0,Transition,Sunday,03:45,54.7
L0,Transition,Sunday,04:00,54.5
L0,Transition,Sunday,04:15,54.3
L0,Transition,Sunday,04:30,54.3
L0,Transition,Sunday,04:45,54.7
L0,Transition,Sunday,05:00,55.5
L0,Transition,Sunday,05:15,57.3
L0,Transition,Sunday,05:30,60.3
L0,Transition,Sunday,05:45,64.8
L0,Transition,Sunday,06:00,71.3
L0,Transition,Sunday,06:15,79.8
L0,Transition,Sunday,06:30,90.6
L0,Transition,Sunday,06:45,103.7
L0,Transition,Sunday,07:00,119.3
L0,Transition,Sunday,07:15,136.3
L0,Transition,Sunday,07:30,153.8
L0,Transition,Sunday,07:45,170.4
L0,Transition,Sunday,08:00,185.3
L0,Transition,Sunday,08:15,197.0
L0,Transition,Sunday,08:30,204.6
L0,Transition,Sunday,08:45,206.6
L0,Transition,Sunday,09:00,202.4
L0,Transition,Sunday,09:15,193.4
L0,Transition,Sunday,09:30,181.5
L0,Transition,Sunday,09:45,168.6
L0,Transition,Sunday,10:00,156.5
L0,Transition,Sunday,10:15,146.4
L0,Transition,Sunday,10:30,139.6
L0,Transition,Sunday,10:45,137.1
L0,Transition,Sunday,11:00,139.4
L0,Transition,Sunday,11:15,144.3
L0,Transition,Sunday,11:30,148.8
L0,Transition,Sunday,11:45,150.1
L0,Transition,Sunday,12:00,146.0
L0,Transition,Sunday,12:15,138.1
L0,Transition,Sunday,12:30,128.5
L0,Transition,Sunday,12:45,119.5
L0,Transition,Sunday,13:00,112.9
L0,Transition,Sunday,13:15,108.6
L0,Transition,Sunday,13:30,105.7
L0,Transition,Sunday,13:45,103.7
L0,Transition,Sunday,14:00,102.0
L0,Transition,Sunday,14:15,100.5
L0,Transition,Sunday,14:30,99.2
L0,Transition,Sunday,14:45,98.2
L0,Transition,Sunday,15:00,97.4
L0,Transition,Sunday,15:15,96.7
L0,Transition,Sunday,15:30,96.1
L0,Transition,Sunday,15:45,95.4
L0,Transition,Sunday,16:00,94.7
L0,Transition,Sunday,16:15,94.5
L0,Transition,Sunday,16:30,95.8
L0,Transition,Sunday,16:45,99.1
L0,Transition,Sunday,17:00,105.2
L0,Transition,Sunday,17:15,114.0
L0,Transition,Sunday,17:30,125.3
L0,Transition,Sunday,17:45,138.9
L0,Transition,Sunday,18:00,154.5
L0,Transition,Sunday,18:15,170.3
L0,Transition,Sunday,18:30,184.6
L0,Transition,Sunday,18:45,195.4
L0,Transition,Sunday,19:00,201.4
L0,Transition,Sunday,19:15,202.7
L0,Transition,Sunday,19:30,199.9
L0,Transition,Sunday,19:45,193.6
L0,Transition,Sunday,20:00,184.4
L0,Transition,Sunday,20:15,173.4
L0,Transition,Sunday,20:30,161.6
L0,Transition,Sunday,20:45,150.1
L0,Transition,Sunday,21:00,139.6
L0,Transition,Sunday,21:15,130.3
L0,Transition,Sunday,21:30,122.1
L0,Transition,Sunday,21:45,114.9
L0,Transition,Sunday,22:00,108.4
L0,Transition,Sunday,22:15,102.5
L0,Transition,Sunday,22:30,97.0
L0,Transition,Sunday,22:45,91.7
L0,Transition,Sunday,23:00,86.4
L0,Transition,Sunday,23:15,81.2
L0,Transition,Sunday,23:30,76.4
L0,Transition,Sunday,23:45,72.3
L1,Summer,Workday,00:00,57.7
L1,Summer,Workday,00:15,56.2
L1,Summer,Workday,00:30,54.9
L1,Summer,Workday,00:45,53.7
L1,Summer,Workday,01:00,52.6
L1,Summer,Workday,01:15,51.6
L1,Summer,Workday,01:30,50.8
L1,Summer,Workday,01:45,50.2
L1,Summer,Workday,02:00,50.1
L1,Summer,Workday,02:15,50.2
L1,Summer,Workday,02:30,50.3
L1,Summer,Workday,02:45,50.2
L1,Summer,Workday,03:00,49.9
L1,Summer,Workday,03:15,49.2
L1,Summer,Workday,03:30,48.5
L1,Summer,Workday,03:45,47.9
L1,Summer,Workday,04:00,47.4
L1,Summer,Workday,04:15,47.2
L1,Summer,Workday,04:30,47.4
L1,Summer,Workday,04:45,47.9
L1,Summer,Workday,05:00,48.9
L1,Summer,Workday,05:15,50.7
L1,Summer,Workday,05:30,53.4
L1,Summer,Workday,05:45,57.2
L1,Summer,Workday,06:00,62.8
L1,Summer,Workday,06:15,71.2
L1,Summer,Workday,06:30,84.0
L1,Summer,Workday,06:45,102.8
L1,Summer,Workday,07:00,128.1
L1,Summer,Workday,07:15,156.9
L1,Summer,Workday,07:30,185.2
L1,Summer,Workday,07:45,209.1
L1,Summer,Workday,08:00,225.3
L1,Summer,Workday,08:15,232.6
L1,Summer,Workday,08:30,230.9
L1,Summer,Workday,08:45,219.6
L1,Summer,Workday,09:00,199.4
L1,Summer,Workday,09:15,174.1
L1,Summer,Workday,09:30,148.5
L1,Summer,Workday,09:45,127.3
L1,Summer,Workday,10:00,114.4
L1,Summer,Workday,10:15,108.7
L1,Summer,Workday,10:30,108.3
L1,Summer,Workday,10:45,111.0
L1,Summer,Workday,11:00,115.0
L1,Summer,Workday,11:15,118.7
L1,Summer,Workday,11:30,121.0
L1,Summer,Workday,11:45,120.3
L1,Summer,Workday,12:00,116.0
L1,Summer,Workday,12:15,109.0
L1,Summer,Workday,12:30,100.9
L1,Summer,Workday,12:45,93.5
L1,Summer,Workday,13:00,87.9
L1,Summer,Workday,13:15,84.2
L1,Summer,Workday,13:30,82.2
L1,Summer,Workday,13:45,81.8
L1,Summer,Workday,14:00,82.5
L1,Summer,Workday,14:15,83.9
L1,Summer,Workday,14:30,85.5
L1,Summer,Workday,14:45,86.5
L1,Summer,Workday,15:00,86.5
L1,Summer,Workday,15:15,85.9
L1,Summer,Workday,15:30,85.0
L1,Summer,Workday,15:45,84.1
L1,Summer,Workday,16:00,83.7
L1,Summer,Workday,16:15,83.5
L1,Summer,Workday,16:30,83.3
L1,Summer,Workday,16:45,83.0
L1,Summer,Workday,17:00,82.8
L1,Summer,Workday,17:15,85.7
L1,Summer,Workday,17:30,95.1
L1,Summer,Workday,17:45,114.5
L1,Summer,Workday,18:00,145.3
L1,Summer,Workday,18:15,181.1
L1,Summer,Workday,18:30,213.8
L1,Summer,Workday,18:45,234.8
L1,Summer,Workday,19:00,238.4
L1,Summer,Workday,19:15,227.6
L1,Summer,Workday,19:30,208.2
L1,Summer,Workday,19:45,185.8
L1,Summer,Workday,20:00,164.9
L1,Summer,Workday,20:15,146.5
L1,Summer,Workday,20:30,130.5
L1,Summer,Workday,20:45,116.8
L1,Summer,Workday,21:00,105.4
L1,Summer,Workday,21:15,96.1
L1,Summer,Workday,21:30,88.7
L1,Summer,Workday,21:45,83.0
L1,Summer,Workday,22:00,78.6
L1,Summer,Workday,22:15,75.3
L1,Summer,Workday,22:30,72.6
L1,Summer,Workday,22:45,70.1
L1,Summer,Workday,23:00,67.4
L1,Summer,Workday,23:15,64.6
L1,Summer,Workday,23:30,61.9
L1,Summer,Workday,23:45,59.6
L1,Summer,Saturday,00:00,58.2
L1,Summer,Saturday,00:15,57.3
L1,Summer,Saturday,00:30,56.7
L1,Summer,Saturday,00:45,56.1
L1,Summer,Saturday,01:00,55.2
L1,Summer,Saturday,01:15,54.2
L1,Summer,Saturday,01:30,53.3
L1,Summer,Saturday,01:45,52.6
L1,Summer,Saturday,02:00,52.2
L1,Summer,Saturday,02:15,52.0
L1,Summer,Saturday,02:30,51.8
L1,Summer,Saturday,02:45,51.4
L1,Summer,Saturday,03:00,50.7
L1,Summer,Saturday,03:15,49.7
L1,Summer,Saturday,03:30,48.7
L1,Summer,Saturday,03:45,47.9
L1,Summer,Saturday,04:00,47.4
L1,Summer,Saturday,04:15,47.3
L1,Summer,Saturday,04:30,47.5
L1,Summer,Saturday,04:45,47.9
L1,Summer,Saturday,05:00,48.5
L1,Summer,Saturday,05:15,49.3
L1,Summer,Saturday,05:30,50.3
L1,Summer,Saturday,05:45,51.4
L1,Summer,Saturday,06:00,53.1
L1,Summer,Saturday,06:15,57.1
L1,Summer,Saturday,06:30,66.0
L1,Summer,Saturday,06:45,81.8
L1,Summer,Saturday,07:00,105.9
L1,Summer,Saturday,07:15,135.6
L1,Summer,Saturday,07:30,167.0
L1,Summer,Saturday,07:45,196.3
L1,Summer,Saturday,08:00,220.0
L1,Summer,Saturday,08:15,235.9
L1,Summer,Saturday,08:30,241.9
L1,Summer,Saturday,08:45,236.0
L1,Summer,Saturday,09:00,217.4
L1,Summer,Saturday,09:15,190.6
L1,Summer,Saturday,09:30,161.4
L1,Summer,Saturday,09:45,135.5
L1,Summer,Saturday,10:00,117.5
L1,Summer,Saturday,10:15,107.1
L1,Summer,Saturday,10:30,102.7
L1,Summer,Saturday,10:45,102.8
L1,Summer,Saturday,11:00,105.9
L1,Summer,Saturday,11:15,109.8
L1,Summer,Saturday,11:30,112.6
L1,Summer,Saturday,11:45,112.2
L1,Summer,Saturday,12:00,107.1
L1,Summer,Saturday,12:15,98.8
L1,Summer,Saturday,12:30,89.7
L1,Summer,Saturday,12:45,81.8
L1,Summer,Saturday,13:00,76.8
L1,Summer,Saturday,13:15,74.3
L1,Summer,Saturday,13:30,73.2
L1,Summer,Saturday,13:45,72.4
L1,Summer,Saturday,14:00,71.2
L1,Summer,Saturday,14:15,69.7
L1,Summer,Saturday,14:30,68.0
L1,Summer,Saturday,14:45,66.6
L1,Summer,Saturday,15:00,65.6
L1,Summer,Saturday,15:15,65.0
L1,Summer,Saturday,15:30,64.6
L1,Summer,Saturday,15:45,64.3
L1,Summer,Saturday,16:00,63.9
L1,Summer,Saturday,16:15,63.8
L1,Summer,Saturday,16:30,64.2
L1,Summer,Saturday,16:45,65.4
L1,Summer,Saturday,17:00,68.1
L1,Summer,Saturday,17:15,74.2
L1,Summer,Saturday,17:30,85.8
L1,Summer,Saturday,17:45,105.1
L1,Summer,Saturday,18:00,133.1
L1,Summer,Saturday,18:15,164.7
L1,Summer,Saturday,18:30,193.7
L1,Summer,Saturday,18:45,213.8
L1,Summer,Saturday,19:00,220.4
L1,Summer,Saturday,19:15,215.3
L1,Summer,Saturday,19:30,201.8
L1,Summer,Saturday,19:45,183.4
L1,Summer,Saturday,20:00,163.1
L1,Summer,Saturday,20:15,142.7
L1,Summer,Saturday,20:30,123.7
L1,Summer,Saturday,20:45,107.5
L1,Summer,Saturday,21:00,95.2
L1,Summer,Saturday,21:15,86.4
L1,Summer,Saturday,21:30,80.2
L1,Summer,Saturday,21:45,75.9
L1,Summer,Saturday,22:00,72.7
L1,Summer,Saturday,22:15,70.2
L1,Summer,Saturday,22:30,67.9
L1,Summer,Saturday,22:45,65.4
L1,Summer,Saturday,23:00,62.6
L1,Summer,Saturday,23:15,59.6
L1,Summer,Saturday,23:30,57.0
L1,Summer,Saturday,23:45,54.9
L1,Summer,Sunday,00:00,53.8
L1,Summer,Sunday,00:15,53.3
L1,Summer,Sunday,00:30,53.0
L1,Summer,Sunday,00:45,52.6
L1,Summer,Sunday,01:00,51.7
L1,Summer,Sunday,01:15,50.6
L1,Summer,Sunday,01:30,49.6
L1,Summer,Sunday,01:45,49.1
L1,Summer,Sunday,02:00,49.1
L1,Summer,Sunday,02:15,49.6
L1,Summer,Sunday,02:30,50.1
L1,Summer,Sunday,02:45,50.2
L1,Summer,Sunday,03:00,49.8
L1,Summer,Sunday,03:15,48.9
L1,Summer,Sunday,03:30,47.8
L1,Summer,Sunday,03:45,46.7
L1,Summer,Sunday,04:00,46.0
L1,Summer,Sunday,04:15,45.6
L1,Summer,Sunday,04:30,45.8
L1,Summer,Sunday,04:45,46.7
L1,Summer,Sunday,05:00,48.5
L1,Summer,Sunday,05:15,51.1
L1,Summer,Sunday,05:30,54.8
L1,Summer,Sunday,05:45,59.6
L1,Summer,Sunday,06:00,65.8
L1,Summer,Sunday,06:15,75.1
L1,Summer,Sunday,06:30,89.1
L1,Summer,Sunday,06:45,109.8
L1,Summer,Sunday,07:00,137.8
L1,Summer,Sunday,07:15,169.2
L1,Summer,Sunday,07:30,198.9
L1,Summer,Sunday,07:45,222.0
L1,Summer,Sunday,08:00,234.3
L1,Summer,Sunday,08:15,236.2
L1,Summer,Sunday,08:30,229.0
L1,Summer,Sunday,08:45,213.8
L1,Summer,Sunday,09:00,192.5
L1,Summer,Sunday,09:15,168.3
L1,Summer,Sunday,09:30,144.9
L1,Summer,Sunday,09:45,126.2
L1,Summer,Sunday,10:00,114.8
L1,Summer,Sunday,10:15,109.9
L1,Summer,Sunday,10:30,109.6
L1,Summer,Sunday,10:45,112.2
L1,Summer,Sunday,11:00,115.9
L1,Summer,Sunday,11:15,119.3
L1,Summer,Sunday,11:30,121.2
L1,Summer,Sunday,11:45,120.3
L1,Summer,Sunday,12:00,115.9
L1,Summer,Sunday,12:15,108.9
L1,Summer,Sunday,12:30,100.9
L1,Summer,Sunday,12:45,93.5
L1,Summer,Sunday,13:00,87.9
L1,Summer,Sunday,13:15,84.2
L1,Summer,Sunday,13:30,82.3
L1,Summer,Sunday,13:45,81.8
L1,Summer,Sunday,14:00,82.5
L1,Summer,Sunday,14:15,84.0
L1,Summer,Sunday,14:30,85.5
L1,Summer,Sunday,14:45,86.5
L1,Summer,Sunday,15:00,86.5
L1,Summer,Sunday,15:15,85.8
L1,Summer,Sunday,15:30,84.8
L1,Summer,Sunday,15:45,84.1
L1,Summer,Sunday,16:00,83.9
L1,Summer,Sunday,16:15,84.1
L1,Summer,Sunday,16:30,84.2
L1,Summer,Sunday,16:45,84.1
L1,Summer,Sunday,17:00,84.0
L1,Summer,Sunday,17:15,86.4
L1,Summer,Sunday,17:30,94.8
L1,Summer,Sunday,17:45,112.2
L1,Summer,Sunday,18:00,140.2
L1,Summer,Sunday,18:15,173.4
L1,Summer,Sunday,18:30,205.0
L1,Summer,Sunday,18:45,227.8
L1,Summer,Sunday,19:00,236.6
L1,Summer,Sunday,19:15,232.9
L1,Summer,Sunday,19:30,219.9
L1,Summer,Sunday,19:45,201.0
L1,Summer,Sunday,20:00,179.1
L1,Summer,Sunday,20:15,156.5
L1,Summer,Sunday,20:30,135.1
L1,Summer,Sunday,20:45,116.8
L1,Summer,Sunday,21:00,103.2
L1,Summer,Sunday,21:15,93.5
L1,Summer,Sunday,21:30,86.7
L1,Summer,Sunday,21:45,81.8
L1,Summer,Sunday,22:00,77.7
L1,Summer,Sunday,22:15,74.1
L1,Summer,Sunday,22:30,70.9
L1,Summer,Sunday,22:45,67.8
L1,Summer,Sunday,23:00,64.7
L1,Summer,Sunday,23:15,61.8
L1,Summer,Sunday,23:30,59.2
L1,Summer,Sunday,23:45,57.2
L1,Winter,Workday,00:00,66.7
L1,Winter,Workday,00:15,64.8
L1,Winter,Workday,00:30,63.2
L1,Winter,Workday,00:45,61.9
L1,Winter,Workday,01:00,60.8
L1,Winter,Workday,01:15,59.8
L1,Winter,Workday,01:30,59.0
L1,Winter,Workday,01:45,58.4
L1,Winter,Workday,02:00,58.0
L1,Winter,Workday,02:15,57.7
L1,Winter,Workday,02:30,57.5
L1,Winter,Workday,02:45,57.2
L1,Winter,Workday,03:00,57.0
L1,Winter,Workday,03:15,56.7
L1,Winter,Workday,03:30,56.4
L1,Winter,Workday,03:45,56.1
L1,Winter,Workday,04:00,55.7
L1,Winter,Workday,04:15,55.5
L1,Winter,Workday,04:30,55.6
L1,Winter,Workday,04:45,56.1
L1,Winter,Workday,05:00,57.2
L1,Winter,Workday,05:15,59.4
L1,Winter,Workday,05:30,62.7
L1,Winter,Workday,05:45,67.8
L1,Winter,Workday,06:00,74.8
L1,Winter,Workday,06:15,84.9
L1,Winter,Workday,06:30,98.9
L1,Winter,Workday,06:45,118.0
L1,Winter,Workday,07:00,142.5
L1,Winter,Workday,07:15,170.9
L1,Winter,Workday,07:30,200.8
L1,Winter,Workday,07:45,230.2
L1,Winter,Workday,08:00,256.4
L1,Winter,Workday,08:15,276.3
L1,Winter,Workday,08:30,286.3
L1,Winter,Workday,08:45,282.7
L1,Winter,Workday,09:00,263.8
L1,Winter,Workday,09:15,234.4
L1,Winter,Workday,09:30,201.1
L1,Winter,Workday,09:45,170.6
L1,Winter,Workday,10:00,148.1
L1,Winter,Workday,10:15,133.7
L1,Winter,Workday,10:30,126.0
L1,Winter,Workday,10:45,123.8
L1,Winter,Workday,11:00,125.7
L1,Winter,Workday,11:15,129.3
L1,Winter,Workday,11:30,132.2
L1,Winter,Workday,11:45,132.0
L1,Winter,Workday,12:00,127.0
L1,Winter,Workday,12:15,118.8
L1,Winter,Workday,12:30,109.6
L1,Winter,Workday,12:45,101.6
L1,Winter,Workday,13:00,96.8
L1,Winter,Workday,13:15,94.6
L1,Winter,Workday,13:30,94.2
L1,Winter,Workday,13:45,94.6
L1,Winter,Workday,14:00,95.1
L1,Winter,Workday,14:15,95.5
L1,Winter,Workday,14:30,95.7
L1,Winter,Workday,14:45,95.8
L1,Winter,Workday,15:00,95.8
L1,Winter,Workday,15:15,95.8
L1,Winter,Workday,15:30,96.1
L1,Winter,Workday,15:45,97.0
L1,Winter,Workday,16:00,98.5
L1,Winter,Workday,16:15,101.2
L1,Winter,Workday,16:30,105.2
L1,Winter,Workday,16:45,111.0
L1,Winter,Workday,17:00,119.1
L1,Winter,Workday,17:15,131.1
L1,Winter,Workday,17:30,148.8
L1,Winter,Workday,17:45,174.1
L1,Winter,Workday,18:00,207.3
L1,Winter,Workday,18:15,243.1
L1,Winter,Workday,18:30,274.4
L1,Winter,Workday,18:45,294.4
L1,Winter,Workday,19:00,298.0
L1,Winter,Workday,19:15,287.5
L1,Winter,Workday,19:30,267.1
L1,Winter,Workday,19:45,240.7
L1,Winter,Workday,20:00,212.2
L1,Winter,Workday,20:15,183.8
L1,Winter,Workday,20:30,157.6
L1,Winter,Workday,20:45,135.5
L1,Winter,Workday,21:00,118.9
L1,Winter,Workday,21:15,107.2
L1,Winter,Workday,21:30,99.1
L1,Winter,Workday,21:45,93.5
L1,Winter,Workday,22:00,89.3
L1,Winter,Workday,22:15,86.1
L1,Winter,Workday,22:30,83.3
L1,Winter,Workday,22:45,80.6
L1,Winter,Workday,23:00,77.7
L1,Winter,Workday,23:15,74.6
L1,Winter,Workday,23:30,71.6
L1,Winter,Workday,23:45,68.9
L1,Winter,Saturday,00:00,67.9
L1,Winter,Saturday,00:15,67.6
L1,Winter,Saturday,00:30,67.8
L1,Winter,Saturday,00:45,67.8
L1,Winter,Saturday,01:00,67.3
L1,Winter,Saturday,01:15,66.5
L1,Winter,Saturday,01:30,65.4
L1,Winter,Saturday,01:45,64.3
L1,Winter,Saturday,02:00,63.2
L1,Winter,Saturday,02:15,62.3
L1,Winter,Saturday,02:30,61.5
L1,Winter,Saturday,02:45,60.8
L1,Winter,Saturday,03:00,60.1
L1,Winter,Saturday,03:15,59.5
L1,Winter,Saturday,03:30,59.0
L1,Winter,Saturday,03:45,58.4
L1,Winter,Saturday,04:00,57.8
L1,Winter,Saturday,04:15,57.3
L1,Winter,Saturday,04:30,57.1
L1,Winter,Saturday,04:45,57.2
L1,Winter,Saturday,05:00,58.0
L1,Winter,Saturday,05:15,59.3
L1,Winter,Saturday,05:30,61.4
L1,Winter,Saturday,05:45,64.3
L1,Winter,Saturday,06:00,68.2
L1,Winter,Saturday,06:15,74.7
L1,Winter,Saturday,06:30,85.3
L1,Winter,Saturday,06:45,101.6
L1,Winter,Saturday,07:00,124.9
L1,Winter,Saturday,07:15,153.4
L1,Winter,Saturday,07:30,185.3
L1,Winter,Saturday,07:45,218.5
L1,Winter,Saturday,08:00,250.4
L1,Winter,Saturday,08:15,276.9
L1,Winter,Saturday,08:30,293.5
L1,Winter,Saturday,08:45,295.6
L1,Winter,Saturday,09:00,280.5
L1,Winter,Saturday,09:15,252.9
L1,Winter,Saturday,09:30,219.2
L1,Winter,Saturday,09:45,185.8
L1,Winter,Saturday,10:00,158.0
L1,Winter,Saturday,10:15,137.3
L1,Winter,Saturday,10:30,123.9
L1,Winter,Saturday,10:45,118.0
L1,Winter,Saturday,11:00,119.2
L1,Winter,Saturday,11:15,124.5
L1,Winter,Saturday,11:30,130.0
L1,Winter,Saturday,11:45,132.0
L1,Winter,Saturday,12:00,127.8
L1,Winter,Saturday,12:15,119.2
L1,Winter,Saturday,12:30,109.1
L1,Winter,Saturday,12:45,100.5
L1,Winter,Saturday,13:00,95.5
L1,Winter,Saturday,13:15,93.4
L1,Winter,Saturday,13:30,92.8
L1,Winter,Saturday,13:45,92.3
L1,Winter,Saturday,14:00,90.7
L1,Winter,Saturday,14:15,88.2
L1,Winter,Saturday,14:30,85.5
L1,Winter,Saturday,14:45,83.0
L1,Winter,Saturday,15:00,81.1
L1,Winter,Saturday,15:15,79.9
L1,Winter,Saturday,15:30,79.4
L1,Winter,Saturday,15:45,79.4
L1,Winter,Saturday,16:00,80.1
L1,Winter,Saturday,16:15,81.5
L1,Winter,Saturday,16:30,84.3
L1,Winter,Saturday,16:45,88.8
L1,Winter,Saturday,17:00,95.7
L1,Winter,Saturday,17:15,106.9
L1,Winter,Saturday,17:30,124.9
L1,Winter,Saturday,17:45,151.9
L1,Winter,Saturday,18:00,188.6
L1,Winter,Saturday,18:15,229.1
L1,Winter,Saturday,18:30,266.1
L1,Winter,Saturday,18:45,292.1
L1,Winter,Saturday,19:00,301.4
L1,Winter,Saturday,19:15,295.6
L1,Winter,Saturday,19:30,278.1
L1,Winter,Saturday,19:45,252.4
L1,Winter,Saturday,20:00,221.6
L1,Winter,Saturday,20:15,189.2
L1,Winter,Saturday,20:30,158.2
L1,Winter,Saturday,20:45,132.0
L1,Winter,Saturday,21:00,113.0
L1,Winter,Saturday,21:15,100.3
L1,Winter,Saturday,21:30,92.4
L1,Winter,Saturday,21:45,87.6
L1,Winter,Saturday,22:00,84.6
L1,Winter,Saturday,22:15,82.4
L1,Winter,Saturday,22:30,80.5
L1,Winter,Saturday,22:45,78.3
L1,Winter,Saturday,23:00,75.3
L1,Winter,Saturday,23:15,71.8
L1,Winter,Saturday,23:30,68.3
L1,Winter,Saturday,23:45,65.4
L1,Winter,Sunday,00:00,63.5
L1,Winter,Sunday,00:15,62.2
L1,Winter,Sunday,00:30,61.4
L1,Winter,Sunday,00:45,60.8
L1,Winter,Sunday,01:00,59.9
L1,Winter,Sunday,01:15,59.0
L1,Winter,Sunday,01:30,58.1
L1,Winter,Sunday,01:45,57.2
L1,Winter,Sunday,02:00,56.7
L1,Winter,Sunday,02:15,56.3
L1,Winter,Sunday,02:30,56.1
L1,Winter,Sunday,02:45,56.1
L1,Winter,Sunday,03:00,56.2
L1,Winter,Sunday,03:15,56.3
L1,Winter,Sunday,03:30,56.3
L1,Winter,Sunday,03:45,56.1
L1,Winter,Sunday,04:00,55.5
L1,Winter,Sunday,04:15,54.9
L1,Winter,Sunday,04:30,54.6
L1,Winter,Sunday,04:45,54.9
L1,Winter,Sunday,05:00,56.1
L1,Winter,Sunday,05:15,58.6
L1,Winter,Sunday,05:30,62.8
L1,Winter,Sunday,05:45,68.9
L1,Winter,Sunday,06:00,77.5
L1,Winter,Sunday,06:15,89.2
L1,Winter,Sunday,06:30,104.8
L1,Winter,Sunday,06:45,125.0
L1,Winter,Sunday,07:00,150.1
L1,Winter,Sunday,07:15,178.5
L1,Winter,Sunday,07:30,208.2
L1,Winter,Sunday,07:45,237.2
L1,Winter,Sunday,08:00,263.0
L1,Winter,Sunday,08:15,282.1
L1,Winter,Sunday,08:30,290.8
L1,Winter,Sunday,08:45,285.1
L1,Winter,Sunday,09:00,263.1
L1,Winter,Sunday,09:15,230.4
L1,Winter,Sunday,09:30,194.8
L1,Winter,Sunday,09:45,163.6
L1,Winter,Sunday,10:00,142.8
L1,Winter,Sunday,10:15,131.8
L1,Winter,Sunday,10:30,128.2
L1,Winter,Sunday,10:45,129.7
L1,Winter,Sunday,11:00,134.0
L1,Winter,Sunday,11:15,138.9
L1,Winter,Sunday,11:30,142.1
L1,Winter,Sunday,11:45,141.4
L1,Winter,Sunday,12:00,135.2
L1,Winter,Sunday,12:15,125.4
L1,Winter,Sunday,12:30,114.6
L1,Winter,Sunday,12:45,105.1
L1,Winter,Sunday,13:00,99.2
L1,Winter,Sunday,13:15,96.4
L1,Winter,Sunday,13:30,95.9
L1,Winter,Sunday,13:45,97.0
L1,Winter,Sunday,14:00,98.7
L1,Winter,Sunday,14:15,100.7
L1,Winter,Sunday,14:30,102.6
L1,Winter,Sunday,14:45,104.0
L1,Winter,Sunday,15:00,104.6
L1,Winter,Sunday,15:15,104.8
L1,Winter,Sunday,15:30,104.9
L1,Winter,Sunday,15:45,105.1
L1,Winter,Sunday,16:00,106.1
L1,Winter,Sunday,16:15,107.9
L1,Winter,Sunday,16:30,111.0
L1,Winter,Sunday,16:45,115.7
L1,Winter,Sunday,17:00,122.5
L1,Winter,Sunday,17:15,133.2
L1,Winter,Sunday,17:30,149.7
L1,Winter,Sunday,17:45,174.1
L1,Winter,Sunday,18:00,206.9
L1,Winter,Sunday,18:15,242.9
L1,Winter,Sunday,18:30,275.4
L1,Winter,Sunday,18:45,297.9
L1,Winter,Sunday,19:00,305.2
L1,Winter,Sunday,19:15,298.6
L1,Winter,Sunday,19:30,280.8
L1,Winter,Sunday,19:45,254.7
L1,Winter,Sunday,20:00,223.1
L1,Winter,Sunday,20:15,189.7
L1,Winter,Sunday,20:30,158.1
L1,Winter,Sunday,20:45,132.0
L1,Winter,Sunday,21:00,114.3
L1,Winter,Sunday,21:15,103.5
L1,Winter,Sunday,21:30,97.3
L1,Winter,Sunday,21:45,93.5
L1,Winter,Sunday,22:00,90.0
L1,Winter,Sunday,22:15,86.6
L1,Winter,Sunday,22:30,83.0
L1,Winter,Sunday,22:45,79.4
L1,Winter,Sunday,23:00,75.8
L1,Winter,Sunday,23:15,72.3
L1,Winter,Sunday,23:30,69.1
L1,Winter,Sunday,23:45,66.6
L1,Transition,Workday,00:00,64.4
L1,Transition,Workday,00:15,62.6
L1,Transition,Workday,00:30,61.0
L1,Transition,Workday,00:45,59.6
L1,Transition,Workday,01:00,58.2
L1,Transition,Workday,01:15,57.0
L1,Transition,Workday,01:30,56.2
L1,Transition,Workday,01:45,56.1
L1,Transition,Workday,02:00,56.7
L1,Transition,Workday,02:15,57.6
L1,Transition,Workday,02:30,58.3
L1,Transition,Workday,02:45,58.4
L1,Transition,Workday,03:00,57.5
L1,Transition,Workday,03:15,55.9
L1,Transition,Workday,03:30,54.1
L1,Transition,Workday,03:45,52.6
L1,Transition,Workday,04:00,51.7
L1,Transition,Workday,04:15,51.5
L1,Transition,Workday,04:30,51.8
L1,Transition,Workday,04:45,52.6
L1,Transition,Workday,05:00,53.8
L1,Transition,Workday,05:15,55.9
L1,Transition,Workday,05:30,59.2
L1,Transition,Workday,05:45,64.3
L1,Transition,Workday,06:00,71.5
L1,Transition,Workday,06:15,81.9
L1,Transition,Workday,06:30,96.3
L1,Transition,Workday,06:45,115.7
L1,Transition,Workday,07:00,140.3
L1,Transition,Workday,07:15,168.1
L1,Transition,Workday,07:30,196.6
L1,Transition,Workday,07:45,223.1
L1,Transition,Workday,08:00,245.1
L1,Transition,Workday,08:15,259.7
L1,Transition,Workday,08:30,264.2
L1,Transition,Workday,08:45,255.9
L1,Transition,Workday,09:00,233.6
L1,Transition,Workday,09:15,202.5
L1,Transition,Workday,09:30,169.5
L1,Transition,Workday,09:45,141.4
L1,Transition,Workday,10:00,123.3
L1,Transition,Workday,10:15,114.3
L1,Transition,Workday,10:30,111.8
L1,Transition,Workday,10:45,113.3
L1,Transition,Workday,11:00,116.5
L1,Transition,Workday,11:15,119.6
L1,Transition,Workday,11:30,121.4
L1,Transition,Workday,11:45,120.3
L1,Transition,Workday,12:00,115.6
L1,Transition,Workday,12:15,108.4
L1,Transition,Workday,12:30,100.4
L1,Transition,Workday,12:45,93.5
L1,Transition,Workday,13:00,88.9
L1,Transition,Workday,13:15,86.4
L1,Transition,Workday,13:30,85.4
L1,Transition,Workday,13:45,85.3
L1,Transition,Workday,14:00,85.5
L1,Transition,Workday,14:15,85.9
L1,Transition,Workday,14:30,86.3
L1,Transition,Workday,14:45,86.5
L1,Transition,Workday,15:00,86.3
L1,Transition,Workday,15:15,86.0
L1,Transition,Workday,15:30,85.6
L1,Transition,Workday,15:45,85.3
L1,Transition,Workday,16:00,85.2
L1,Transition,Workday,16:15,85.4
L1,Transition,Workday,16:30,86.2
L1,Transition,Workday,16:45,87.6
L1,Transition,Workday,17:00,90.3
L1,Transition,Workday,17:15,96.6
L1,Transition,Workday,17:30,109.2
L1,Transition,Workday,17:45,130.9
L1,Transition,Workday,18:00,162.7
L1,Transition,Workday,18:15,198.8
L1,Transition,Workday,18:30,232.0
L1,Transition,Workday,18:45,254.7
L1,Transition,Workday,19:00,261.4
L1,Transition,Workday,19:15,254.4
L1,Transition,Workday,19:30,237.9
L1,Transition,Workday,19:45,216.1
L1,Transition,Workday,20:00,192.7
L1,Transition,Workday,20:15,169.6
L1,Transition,Workday,20:30,148.1
L1,Transition,Workday,20:45,129.7
L1,Transition,Workday,21:00,115.3
L1,Transition,Workday,21:15,104.6
L1,Transition,Workday,21:30,96.8
L1,Transition,Workday,21:45,91.1
L1,Transition,Workday,22:00,86.9
L1,Transition,Workday,22:15,83.7
L1,Transition,Workday,22:30,80.9
L1,Transition,Workday,22:45,78.3
L1,Transition,Workday,23:00,75.3
L1,Transition,Workday,23:15,72.3
L1,Transition,Workday,23:30,69.3
L1,Transition,Workday,23:45,66.6
L1,Transition,Saturday,00:00,64.9
L1,Transition,Saturday,00:15,63.8
L1,Transition,Saturday,00:30,62.9
L1,Transition,Saturday,00:45,61.9
L1,Transition,Saturday,01:00,60.6
L1,Transition,Saturday,01:15,59.1
L1,Transition,Saturday,01:30,57.9
L1,Transition,Saturday,01:45,57.2
L1,Transition,Saturday,02:00,57.4
L1,Transition,Saturday,02:15,58.0
L1,Transition,Saturday,02:30,58.5
L1,Transition,Saturday,02:45,58.4
L1,Transition,Saturday,03:00,57.5
L1,Transition,Saturday,03:15,55.9
L1,Transition,Saturday,03:30,54.1
L1,Transition,Saturday,03:45,52.6
L1,Transition,Saturday,04:00,51.6
L1,Transition,Saturday,04:15,51.1
L1,Transition,Saturday,04:30,51.1
L1,Transition,Saturday,04:45,51.4
L1,Transition,Saturday,05:00,52.1
L1,Transition,Saturday,05:15,53.1
L1,Transition,Saturday,05:30,54.8
L1,Transition,Saturday,05:45,57.2
L1,Transition,Saturday,06:00,60.8
L1,Transition,Saturday,06:15,67.0
L1,Transition,Saturday,06:30,77.3
L1,Transition,Saturday,06:45,93.5
L1,Transition,Saturday,07:00,116.4
L1,Transition,Saturday,07:15,144.2
L1,Transition,Saturday,07:30,174.4
L1,Transition,Saturday,07:45,204.5
L1,Transition,Saturday,08:00,231.5
L1,Transition,Saturday,08:15,252.2
L1,Transition,Saturday,08:30,262.7
L1,Transition,Saturday,08:45,259.4
L1,Transition,Saturday,09:00,240.3
L1,Transition,Saturday,09:15,210.7
L1,Transition,Saturday,09:30,177.8
L1,Transition,Saturday,09:45,148.4
L1,Transition,Saturday,10:00,128.2
L1,Transition,Saturday,10:15,116.7
L1,Transition,Saturday,10:30,112.0
L1,Transition,Saturday,10:45,112.2
L1,Transition,Saturday,11:00,115.3
L1,Transition,Saturday,11:15,119.2
L1,Transition,Saturday,11:30,122.0
L1,Transition,Saturday,11:45,121.5
L1,Transition,Saturday,12:00,116.4
L1,Transition,Saturday,12:15,108.1
L1,Transition,Saturday,12:30,98.9
L1,Transition,Saturday,12:45,91.1
L1,Transition,Saturday,13:00,86.4
L1,Transition,Saturday,13:15,84.0
L1,Transition,Saturday,13:30,82.9
L1,Transition,Saturday,13:45,81.8
L1,Transition,Saturday,14:00,79.8
L1,Transition,Saturday,14:15,77.4
L1,Transition,Saturday,14:30,75.1
L1,Transition,Saturday,14:45,73.6
L1,Transition,Saturday,15:00,73.4
L1,Transition,Saturday,15:15,74.1
L1,Transition,Saturday,15:30,75.2
L1,Transition,Saturday,15:45,75.9
L1,Transition,Saturday,16:00,76.1
L1,Transition,Saturday,16:15,76.1
L1,Transition,Saturday,16:30,77.0
L1,Transition,Saturday,16:45,79.4
L1,Transition,Saturday,17:00,84.5
L1,Transition,Saturday,17:15,93.6
L1,Transition,Saturday,17:30,108.5
L1,Transition,Saturday,17:45,130.9
L1,Transition,Saturday,18:00,161.0
L1,Transition,Saturday,18:15,194.2
L1,Transition,Saturday,18:30,224.4
L1,Transition,Saturday,18:45,245.3
L1,Transition,Saturday,19:00,252.6
L1,Transition,Saturday,19:15,247.7
L1,Transition,Saturday,19:30,233.7
L1,Transition,Saturday,19:45,213.8
L1,Transition,Saturday,20:00,190.8
L1,Transition,Saturday,20:15,167.0
L1,Transition,Saturday,20:30,144.4
L1,Transition,Saturday,20:45,125.0
L1,Transition,Saturday,21:00,110.4
L1,Transition,Saturday,21:15,99.9
L1,Transition,Saturday,21:30,92.7
L1,Transition,Saturday,21:45,87.6
L1,Transition,Saturday,22:00,83.8
L1,Transition,Saturday,22:15,80.6
L1,Transition,Saturday,22:30,77.8
L1,Transition,Saturday,22:45,74.8
L1,Transition,Saturday,23:00,71.3
L1,Transition,Saturday,23:15,67.8
L1,Transition,Saturday,23:30,64.5
L1,Transition,Saturday,23:45,61.9
L1,Transition,Sunday,00:00,60.4
L1,Transition,Sunday,00:15,59.6
L1,Transition,Sunday,00:30,59.1
L1,Transition,Sunday,00:45,58.4
L1,Transition,Sunday,01:00,57.3
L1,Transition,Sunday,01:15,56.1
L1,Transition,Sunday,01:30,55.1
L1,Transition,Sunday,01:45,54.9
L1,Transition,Sunday,02:00,55.7
L1,Transition,Sunday,02:15,57.0
L1,Transition,Sunday,02:30,58.1
L1,Transition,Sunday,02:45,58.4
L1,Transition,Sunday,03:00,57.4
L1,Transition,Sunday,03:15,55.5
L1,Transition,Sunday,03:30,53.3
L1,Transition,Sunday,03:45,51.4
L1,Transition,Sunday,04:00,50.4
L1,Transition,Sunday,04:15,50.3
L1,Transition,Sunday,04:30,51.0
L1,Transition,Sunday,04:45,52.6
L1,Transition,Sunday,05:00,54.9
L1,Transition,Sunday,05:15,58.1
L1,Transition,Sunday,05:30,62.4
L1,Transition,Sunday,05:45,67.8
L1,Transition,Sunday,06:00,74.7
L1,Transition,Sunday,06:15,84.4
L1,Transition,Sunday,06:30,98.3
L1,Transition,Sunday,06:45,118.0
L1,Transition,Sunday,07:00,144.0
L1,Transition,Sunday,07:15,173.6
L1,Transition,Sunday,07:30,203.1
L1,Transition,Sunday,07:45,229.0
L1,Transition,Sunday,08:00,248.0
L1,Transition,Sunday,08:15,258.5
L1,Transition,Sunday,08:30,259.2
L1,Transition,Sunday,08:45,248.9
L1,Transition,Sunday,09:00,227.3
L1,Transition,Sunday,09:15,198.8
L1,Transition,Sunday,09:30,169.1
L1,Transition,Sunday,09:45,143.7
L1,Transition,Sunday,10:00,126.8
L1,Transition,Sunday,10:15,117.8
L1,Transition,Sunday,10:30,114.7
L1,Transition,Sunday,10:45,115.7
L1,Transition,Sunday,11:00,118.7
L1,Transition,Sunday,11:15,122.2
L1,Transition,Sunday,11:30,124.5
L1,Transition,Sunday,11:45,123.8
L1,Transition,Sunday,12:00,119.2
L1,Transition,Sunday,12:15,111.8
L1,Transition,Sunday,12:30,103.4
L1,Transition,Sunday,12:45,95.8
L1,Transition,Sunday,13:00,90.5
L1,Transition,Sunday,13:15,87.3
L1,Transition,Sunday,13:30,85.8
L1,Transition,Sunday,13:45,85.3
L1,Transition,Sunday,14:00,85.4
L1,Transition,Sunday,14:15,85.8
L1,Transition,Sunday,14:30,86.2
L1,Transition,Sunday,14:45,86.5
L1,Transition,Sunday,15:00,86.3
L1,Transition,Sunday,15:15,85.8
L1,Transition,Sunday,15:30,85.0
L1,Transition,Sunday,15:45,84.1
L1,Transition,Sunday,16:00,83.2
L1,Transition,Sunday,16:15,82.6
L1,Transition,Sunday,16:30,82.8
L1,Transition,Sunday,16:45,84.1
L1,Transition,Sunday,17:00,87.4
L1,Transition,Sunday,17:15,94.7
L1,Transition,Sunday,17:30,108.4
L1,Transition,Sunday,17:45,130.9
L1,Transition,Sunday,18:00,162.9
L1,Transition,Sunday,18:15,198.9
L1,Transition,Sunday,18:30,231.9
L1,Transition,Sunday,18:45,254.7
L1,Transition,Sunday,19:00,262.0
L1,Transition,Sunday,19:15,256.0
L1,Transition,Sunday,19:30,240.6
L1,Transition,Sunday,19:45,219.6
L1,Transition,Sunday,20:00,196.8
L1,Transition,Sunday,20:15,173.8
L1,Transition,Sunday,20:30,152.2
L1,Transition,Sunday,20:45,133.2
L1,Transition,Sunday,21:00,118.0
L1,Transition,Sunday,21:15,106.3
L1,Transition,Sunday,21:30,97.5
L1,Transition,Sunday,21:45,91.1
L1,Transition,Sunday,22:00,86.5
L1,Transition,Sunday,22:15,83.0
L1,Transition,Sunday,22:30,80.0
L1,Transition,Sunday,22:45,77.1
L1,Transition,Sunday,23:00,73.8
L1,Transition,Sunday,23:15,70.3
L1,Transition,Sunday,23:30,67.0
L1,Transition,Sunday,23:45,64.3
L2,Summer,Workday,00:00,69.7
L2,Summer,Workday,00:15,66.6
L2,Summer,Workday,00:30,63.9
L2,Summer,Workday,00:45,61.8
L2,Summer,Workday,01:00,60.2
L2,Summer,Workday,01:15,58.9
L2,Summer,Workday,01:30,57.8
L2,Summer,Workday,01:45,56.9
L2,Summer,Workday,02:00,56.0
L2,Summer,Workday,02:15,55.1
L2,Summer,Workday,02:30,54.3
L2,Summer,Workday,02:45,53.6
L2,Summer,Workday,03:00,53.1
L2,Summer,Workday,03:15,52.7
L2,Summer,Workday,03:30,52.3
L2,Summer,Workday,03:45,51.9
L2,Summer,Workday,04:00,51.5
L2,Summer,Workday,04:15,51.3
L2,Summer,Workday,04:30,51.3
L2,Summer,Workday,04:45,51.9
L2,Summer,Workday,05:00,53.2
L2,Summer,Workday,05:15,55.2
L2,Summer,Workday,05:30,57.8
L2,Summer,Workday,05:45,61.0
L2,Summer,Workday,06:00,64.8
L2,Summer,Workday,06:15,69.4
L2,Summer,Workday,06:30,75.2
L2,Summer,Workday,06:45,82.4
L2,Summer,Workday,07:00,91.3
L2,Summer,Workday,07:15,101.6
L2,Summer,Workday,07:30,112.8
L2,Summer,Workday,07:45,124.5
L2,Summer,Workday,08:00,136.1
L2,Summer,Workday,08:15,146.7
L2,Summer,Workday,08:30,155.0
L2,Summer,Workday,08:45,159.9
L2,Summer,Workday,09:00,160.6
L2,Summer,Workday,09:15,157.8
L2,Summer,Workday,09:30,152.8
L2,Summer,Workday,09:45,146.7
L2,Summer,Workday,10:00,140.7
L2,Summer,Workday,10:15,135.9
L2,Summer,Workday,10:30,133.5
L2,Summer,Workday,10:45,134.4
L2,Summer,Workday,11:00,139.1
L2,Summer,Workday,11:15,145.6
L2,Summer,Workday,11:30,151.0
L2,Summer,Workday,11:45,152.5
L2,Summer,Workday,12:00,148.2
L2,Summer,Workday,12:15,139.8
L2,Summer,Workday,12:30,129.6
L2,Summer,Workday,12:45,120.4
L2,Summer,Workday,13:00,113.9
L2,Summer,Workday,13:15,109.9
L2,Summer,Workday,13:30,107.7
L2,Summer,Workday,13:45,106.3
L2,Summer,Workday,14:00,105.3
L2,Summer,Workday,14:15,104.5
L2,Summer,Workday,14:30,104.0
L2,Summer,Workday,14:45,103.9
L2,Summer,Workday,15:00,104.3
L2,Summer,Workday,15:15,104.9
L2,Summer,Workday,15:30,105.4
L2,Summer,Workday,15:45,105.5
L2,Summer,Workday,16:00,105.1
L2,Summer,Workday,16:15,104.7
L2,Summer,Workday,16:30,104.9
L2,Summer,Workday,16:45,106.3
L2,Summer,Workday,17:00,109.6
L2,Summer,Workday,17:15,114.3
L2,Summer,Workday,17:30,120.0
L2,Summer,Workday,17:45,126.1
L2,Summer,Workday,18:00,132.3
L2,Summer,Workday,18:15,138.3
L2,Summer,Workday,18:30,144.3
L2,Summer,Workday,18:45,150.0
L2,Summer,Workday,19:00,155.4
L2,Summer,Workday,19:15,159.5
L2,Summer,Workday,19:30,161.4
L2,Summer,Workday,19:45,159.9
L2,Summer,Workday,20:00,154.6
L2,Summer,Workday,20:15,146.6
L2,Summer,Workday,20:30,137.6
L2,Summer,Workday,20:45,129.4
L2,Summer,Workday,21:00,123.2
L2,Summer,Workday,21:15,118.6
L2,Summer,Workday,21:30,114.9
L2,Summer,Workday,21:45,111.3
L2,Summer,Workday,22:00,107.1
L2,Summer,Workday,22:15,102.5
L2,Summer,Workday,22:30,97.5
L2,Summer,Workday,22:45,92.3
L2,Summer,Workday,23:00,87.2
L2,Summer,Workday,23:15,82.3
L2,Summer,Workday,23:30,77.6
L2,Summer,Workday,23:45,73.4
L2,Summer,Saturday,00:00,70.9
L2,Summer,Saturday,00:15,69.3
L2,Summer,Saturday,00:30,68.0
L2,Summer,Saturday,00:45,66.8
L2,Summer,Saturday,01:00,65.1
L2,Summer,Saturday,01:15,63.1
L2,Summer,Saturday,01:30,61.2
L2,Summer,Saturday,01:45,59.4
L2,Summer,Saturday,02:00,57.9
L2,Summer,Saturday,02:15,56.8
L2,Summer,Saturday,02:30,56.0
L2,Summer,Saturday,02:45,55.2
L2,Summer,Saturday,03:00,54.5
L2,Summer,Saturday,03:15,53.9
L2,Summer,Saturday,03:30,53.3
L2,Summer,Saturday,03:45,52.8
L2,Summer,Saturday,04:00,52.4
L2,Summer,Saturday,04:15,52.1
L2,Summer,Saturday,04:30,51.9
L2,Summer,Saturday,04:45,51.9
L2,Summer,Saturday,05:00,52.1
L2,Summer,Saturday,05:15,52.6
L2,Summer,Saturday,05:30,53.3
L2,Summer,Saturday,05:45,54.4
L2,Summer,Saturday,06:00,56.0
L2,Summer,Saturday,06:15,58.4
L2,Summer,Saturday,06:30,62.2
L2,Summer,Saturday,06:45,67.6
L2,Summer,Saturday,07:00,75.1
L2,Summer,Saturday,07:15,84.4
L2,Summer,Saturday,07:30,95.2
L2,Summer,Saturday,07:45,107.2
L2,Summer,Saturday,08:00,119.9
L2,Summer,Saturday,08:15,132.7
L2,Summer,Saturday,08:30,144.4
L2,Summer,Saturday,08:45,154.2
L2,Summer,Saturday,09:00,161.2
L2,Summer,Saturday,09:15,165.5
L2,Summer,Saturday,09:30,167.0
L2,Summer,Saturday,09:45,165.7
L2,Summer,Saturday,10:00,162.0
L2,Summer,Saturday,10:15,157.3
L2,Summer,Saturday,10:30,153.6
L2,Summer,Saturday,10:45,152.5
L2,Summer,Saturday,11:00,155.2
L2,Summer,Saturday,11:15,159.6
L2,Summer,Saturday,11:30,163.2
L2,Summer,Saturday,11:45,163.2
L2,Summer,Saturday,12:00,157.8
L2,Summer,Saturday,12:15,148.5
L2,Summer,Saturday,12:30,137.4
L2,Summer,Saturday,12:45,127.0
L2,Summer,Saturday,13:00,118.8
L2,Summer,Saturday,13:15,112.8
L2,Summer,Saturday,13:30,108.0
L2,Summer,Saturday,13:45,103.9
L2,Summer,Saturday,14:00,99.7
L2,Summer,Saturday,14:15,95.8
L2,Summer,Saturday,14:30,92.4
L2,Summer,Saturday,14:45,89.9
L2,Summer,Saturday,15:00,88.5
L2,Summer,Saturday,15:15,88.0
L2,Summer,Saturday,15:30,88.1
L2,Summer,Saturday,15:45,88.2
L2,Summer,Saturday,16:00,88.2
L2,Summer,Saturday,16:15,88.3
L2,Summer,Saturday,16:30,89.0
L2,Summer,Saturday,16:45,90.7
L2,Summer,Saturday,17:00,93.7
L2,Summer,Saturday,17:15,98.0
L2,Summer,Saturday,17:30,103.3
L2,Summer,Saturday,17:45,109.6
L2,Summer,Saturday,18:00,116.7
L2,Summer,Saturday,18:15,123.8
L2,Summer,Saturday,18:30,130.5
L2,Summer,Saturday,18:45,136.0
L2,Summer,Saturday,19:00,139.9
L2,Summer,Saturday,19:15,142.0
L2,Summer,Saturday,19:30,142.3
L2,Summer,Saturday,19:45,141.0
L2,Summer,Saturday,20:00,138.0
L2,Summer,Saturday,20:15,133.7
L2,Summer,Saturday,20:30,128.5
L2,Summer,Saturday,20:45,122.8
L2,Summer,Saturday,21:00,116.9
L2,Summer,Saturday,21:15,111.0
L2,Summer,Saturday,21:30,105.2
L2,Summer,Saturday,21:45,99.7
L2,Summer,Saturday,22:00,94.7
L2,Summer,Saturday,22:15,90.0
L2,Summer,Saturday,22:30,85.6
L2,Summer,Saturday,22:45,81.6
L2,Summer,Saturday,23:00,77.9
L2,Summer,Saturday,23:15,74.4
L2,Summer,Saturday,23:30,71.3
L2,Summer,Saturday,23:45,68.4
L2,Summer,Sunday,00:00,65.9
L2,Summer,Sunday,00:15,63.7
L2,Summer,Sunday,00:30,61.8
L2,Summer,Sunday,00:45,60.2
L2,Summer,Sunday,01:00,58.8
L2,Summer,Sunday,01:15,57.7
L2,Summer,Sunday,01:30,56.7
L2,Summer,Sunday,01:45,56.1
L2,Summer,Sunday,02:00,55.6
L2,Summer,Sunday,02:15,55.2
L2,Summer,Sunday,02:30,54.9
L2,Summer,Sunday,02:45,54.4
L2,Summer,Sunday,03:00,53.8
L2,Summer,Sunday,03:15,53.1
L2,Summer,Sunday,03:30,52.5
L2,Summer,Sunday,03:45,51.9
L2,Summer,Sunday,04:00,51.6
L2,Summer,Sunday,04:15,51.6
L2,Summer,Sunday,04:30,52.0
L2,Summer,Sunday,04:45,52.8
L2,Summer,Sunday,05:00,54.1
L2,Summer,Sunday,05:15,56.1
L2,Summer,Sunday,05:30,59.1
L2,Summer,Sunday,05:45,63.5
L2,Summer,Sunday,06:00,69.3
L2,Summer,Sunday,06:15,76.3
L2,Summer,Sunday,06:30,84.4
L2,Summer,Sunday,06:45,93.2
L2,Summer,Sunday,07:00,102.5
L2,Summer,Sunday,07:15,112.3
L2,Summer,Sunday,07:30,122.6
L2,Summer,Sunday,07:45,133.5
L2,Summer,Sunday,08:00,144.9
L2,Summer,Sunday,08:15,155.5
L2,Summer,Sunday,08:30,164.0
L2,Summer,Sunday,08:45,169.0
L2,Summer,Sunday,09:00,169.6
L2,Summer,Sunday,09:15,166.7
L2,Summer,Sunday,09:30,161.4
L2,Summer,Sunday,09:45,155.0
L2,Summer,Sunday,10:00,148.7
L2,Summer,Sunday,10:15,143.8
L2,Summer,Sunday,10:30,141.3
L2,Summer,Sunday,10:45,142.6
L2,Summer,Sunday,11:00,148.1
L2,Summer,Sunday,11:15,155.2
L2,Summer,Sunday,11:30,161.1
L2,Summer,Sunday,11:45,162.4
L2,Summer,Sunday,12:00,157.1
L2,Summer,Sunday,12:15,147.2
L2,Summer,Sunday,12:30,135.6
L2,Summer,Sunday,12:45,125.3
L2,Summer,Sunday,13:00,118.6
L2,Summer,Sunday,13:15,114.9
L2,Summer,Sunday,13:30,113.1
L2,Summer,Sunday,13:45,112.1
L2,Summer,Sunday,14:00,110.9
L2,Summer,Sunday,14:15,109.5
L2,Summer,Sunday,14:30,108.2
L2,Summer,Sunday,14:45,107.2
L2,Summer,Sunday,15:00,106.6
L2,Summer,Sunday,15:15,106.3
L2,Summer,Sunday,15:30,106.0
L2,Summer,Sunday,15:45,105.5
L2,Summer,Sunday,16:00,104.6
L2,Summer,Sunday,16:15,104.0
L2,Summer,Sunday,16:30,104.3
L2,Summer,Sunday,16:45,106.3
L2,Summer,Sunday,17:00,110.6
L2,Summer,Sunday,17:15,116.5
L2,Summer,Sunday,17:30,123.3
L2,Summer,Sunday,17:45,130.3
L2,Summer,Sunday,18:00,136.6
L2,Summer,Sunday,18:15,142.4
L2,Summer,Sunday,18:30,147.6
L2,Summer,Sunday,18:45,152.5
L2,Summer,Sunday,19:00,156.9
L2,Summer,Sunday,19:15,160.2
L2,Summer,Sunday,19:30,161.5
L2,Summer,Sunday,19:45,159.9
L2,Summer,Sunday,20:00,155.1
L2,Summer,Sunday,20:15,148.0
L2,Summer,Sunday,20:30,140.1
L2,Summer,Sunday,20:45,132.7
L2,Summer,Sunday,21:00,127.0
L2,Summer,Sunday,21:15,122.6
L2,Summer,Sunday,21:30,118.7
L2,Summer,Sunday,21:45,114.6
L2,Summer,Sunday,22:00,109.6
L2,Summer,Sunday,22:15,103.9
L2,Summer,Sunday,22:30,97.8
L2,Summer,Sunday,22:45,91.5
L2,Summer,Sunday,23:00,85.3
L2,Summer,Sunday,23:15,79.5
L2,Summer,Sunday,23:30,74.3
L2,Summer,Sunday,23:45,70.1
L2,Winter,Workday,00:00,75.2
L2,Winter,Workday,00:15,71.9
L2,Winter,Workday,00:30,69.1
L2,Winter,Workday,00:45,66.8
L2,Winter,Workday,01:00,64.8
L2,Winter,Workday,01:15,63.2
L2,Winter,Workday,01:30,61.9
L2,Winter,Workday,01:45,61.0
L2,Winter,Workday,02:00,60.4
L2,Winter,Workday,02:15,59.9
L2,Winter,Workday,02:30,59.6
L2,Winter,Workday,02:45,59.4
L2,Winter,Workday,03:00,59.0
L2,Winter,Workday,03:15,58.7
L2,Winter,Workday,03:30,58.2
L2,Winter,Workday,03:45,57.7
L2,Winter,Workday,04:00,57.1
L2,Winter,Workday,04:15,56.7
L2,Winter,Workday,04:30,56.8
L2,Winter,Workday,04:45,57.7
L2,Winter,Workday,05:00,59.6
L2,Winter,Workday,05:15,62.3
L2,Winter,Workday,05:30,65.9
L2,Winter,Workday,05:45,70.1
L2,Winter,Workday,06:00,74.8
L2,Winter,Workday,06:15,80.4
L2,Winter,Workday,06:30,87.2
L2,Winter,Workday,06:45,95.6
L2,Winter,Workday,07:00,105.8
L2,Winter,Workday,07:15,117.4
L2,Winter,Workday,07:30,129.8
L2,Winter,Workday,07:45,142.6
L2,Winter,Workday,08:00,155.2
L2,Winter,Workday,08:15,167.0
L2,Winter,Workday,08:30,177.3
L2,Winter,Workday,08:45,185.5
L2,Winter,Workday,09:00,191.0
L2,Winter,Workday,09:15,193.5
L2,Winter,Workday,09:30,192.6
L2,Winter,Workday,09:45,188.0
L2,Winter,Workday,10:00,179.8
L2,Winter,Workday,10:15,170.3
L2,Winter,Workday,10:30,161.9
L2,Winter,Workday,10:45,157.5
L2,Winter,Workday,11:00,158.4
L2,Winter,Workday,11:15,162.6
L2,Winter,Workday,11:30,166.7
L2,Winter,Workday,11:45,167.3
L2,Winter,Workday,12:00,162.3
L2,Winter,Workday,12:15,153.2
L2,Winter,Workday,12:30,142.5
L2,Winter,Workday,12:45,132.7
L2,Winter,Workday,13:00,125.9
L2,Winter,Workday,13:15,121.6
L2,Winter,Workday,13:30,119.3
L2,Winter,Workday,13:45,117.9
L2,Winter,Workday,14:00,116.9
L2,Winter,Workday,14:15,116.1
L2,Winter,Workday,14:30,115.6
L2,Winter,Workday,14:45,115.4
L2,Winter,Workday,15:00,115.6
L2,Winter,Workday,15:15,116.0
L2,Winter,Workday,15:30,116.5
L2,Winter,Workday,15:45,117.1
L2,Winter,Workday,16:00,117.6
L2,Winter,Workday,16:15,119.1
L2,Winter,Workday,16:30,122.4
L2,Winter,Workday,16:45,128.6
L2,Winter,Workday,17:00,138.3
L2,Winter,Workday,17:15,150.4
L2,Winter,Workday,17:30,163.6
L2,Winter,Workday,17:45,176.4
L2,Winter,Workday,18:00,187.8
L2,Winter,Workday,18:15,197.2
L2,Winter,Workday,18:30,204.8
L2,Winter,Workday,18:45,210.2
L2,Winter,Workday,19:00,213.4
L2,Winter,Workday,19:15,213.8
L2,Winter,Workday,19:30,211.0
L2,Winter,Workday,19:45,204.4
L2,Winter,Workday,20:00,193.9
L2,Winter,Workday,20:15,180.8
L2,Winter,Workday,20:30,166.7
L2,Winter,Workday,20:45,153.3
L2,Winter,Workday,21:00,142.0
L2,Winter,Workday,21:15,132.7
L2,Winter,Workday,21:30,125.1
L2,Winter,Workday,21:45,118.7
L2,Winter,Workday,22:00,113.2
L2,Winter,Workday,22:15,108.3
L2,Winter,Workday,22:30,103.7
L2,Winter,Workday,22:45,98.9
L2,Winter,Workday,23:00,93.9
L2,Winter,Workday,23:15,88.7
L2,Winter,Workday,23:30,83.7
L2,Winter,Workday,23:45,79.1
L2,Winter,Saturday,00:00,77.1
L2,Winter,Saturday,00:15,76.3
L2,Winter,Saturday,00:30,76.1
L2,Winter,Saturday,00:45,75.8
L2,Winter,Saturday,01:00,75.0
L2,Winter,Saturday,01:15,73.7
L2,Winter,Saturday,01:30,72.0
L2,Winter,Saturday,01:45,70.1
L2,Winter,Saturday,02:00,68.1
L2,Winter,Saturday,02:15,66.2
L2,Winter,Saturday,02:30,64.3
L2,Winter,Saturday,02:45,62.7
L2,Winter,Saturday,03:00,61.2
L2,Winter,Saturday,03:15,60.0
L2,Winter,Saturday,03:30,59.1
L2,Winter,Saturday,03:45,58.5
L2,Winter,Saturday,04:00,58.3
L2,Winter,Saturday,04:15,58.3
L2,Winter,Saturday,04:30,58.7
L2,Winter,Saturday,04:45,59.4
L2,Winter,Saturday,05:00,60.3
L2,Winter,Saturday,05:15,61.3
L2,Winter,Saturday,05:30,62.4
L2,Winter,Saturday,05:45,63.5
L2,Winter,Saturday,06:00,64.5
L2,Winter,Saturday,06:15,66.2
L2,Winter,Saturday,06:30,69.1
L2,Winter,Saturday,06:45,74.2
L2,Winter,Saturday,07:00,81.9
L2,Winter,Saturday,07:15,91.7
L2,Winter,Saturday,07:30,103.1
L2,Winter,Saturday,07:45,115.4
L2,Winter,Saturday,08:00,128.1
L2,Winter,Saturday,08:15,141.0
L2,Winter,Saturday,08:30,154.1
L2,Winter,Saturday,08:45,167.3
L2,Winter,Saturday,09:00,180.5
L2,Winter,Saturday,09:15,192.1
L2,Winter,Saturday,09:30,200.6
L2,Winter,Saturday,09:45,204.4
L2,Winter,Saturday,10:00,202.7
L2,Winter,Saturday,10:15,197.5
L2,Winter,Saturday,10:30,191.6
L2,Winter,Saturday,10:45,188.0
L2,Winter,Saturday,11:00,188.4
L2,Winter,Saturday,11:15,191.0
L2,Winter,Saturday,11:30,192.6
L2,Winter,Saturday,11:45,190.4
L2,Winter,Saturday,12:00,182.3
L2,Winter,Saturday,12:15,170.0
L2,Winter,Saturday,12:30,156.2
L2,Winter,Saturday,12:45,143.4
L2,Winter,Saturday,13:00,133.8
L2,Winter,Saturday,13:15,126.8
L2,Winter,Saturday,13:30,121.3
L2,Winter,Saturday,13:45,116.2
L2,Winter,Saturday,14:00,110.8
L2,Winter,Saturday,14:15,105.3
L2,Winter,Saturday,14:30,100.3
L2,Winter,Saturday,14:45,96.5
L2,Winter,Saturday,15:00,94.1
L2,Winter,Saturday,15:15,92.9
L2,Winter,Saturday,15:30,92.5
L2,Winter,Saturday,15:45,92.3
L2,Winter,Saturday,16:00,92.2
L2,Winter,Saturday,16:15,92.8
L2,Winter,Saturday,16:30,95.3
L2,Winter,Saturday,16:45,100.6
L2,Winter,Saturday,17:00,109.4
L2,Winter,Saturday,17:15,120.6
L2,Winter,Saturday,17:30,132.7
L2,Winter,Saturday,17:45,144.3
L2,Winter,Saturday,18:00,154.1
L2,Winter,Saturday,18:15,162.7
L2,Winter,Saturday,18:30,170.7
L2,Winter,Saturday,18:45,178.9
L2,Winter,Saturday,19:00,187.5
L2,Winter,Saturday,19:15,194.8
L2,Winter,Saturday,19:30,198.7
L2,Winter,Saturday,19:45,197.0
L2,Winter,Saturday,20:00,188.4
L2,Winter,Saturday,20:15,175.1
L2,Winter,Saturday,20:30,159.9
L2,Winter,Saturday,20:45,145.9
L2,Winter,Saturday,21:00,135.4
L2,Winter,Saturday,21:15,127.9
L2,Winter,Saturday,21:30,122.1
L2,Winter,Saturday,21:45,117.1
L2,Winter,Saturday,22:00,111.7
L2,Winter,Saturday,22:15,105.9
L2,Winter,Saturday,22:30,100.0
L2,Winter,Saturday,22:45,94.0
L2,Winter,Saturday,23:00,88.1
L2,Winter,Saturday,23:15,82.6
L2,Winter,Saturday,23:30,77.6
L2,Winter,Saturday,23:45,73.4
L2,Winter,Sunday,00:00,70.0
L2,Winter,Sunday,00:15,67.4
L2,Winter,Sunday,00:30,65.6
L2,Winter,Sunday,00:45,64.3
L2,Winter,Sunday,01:00,63.5
L2,Winter,Sunday,01:15,62.9
L2,Winter,Sunday,01:30,62.4
L2,Winter,Sunday,01:45,61.8
L2,Winter,Sunday,02:00,61.0
L2,Winter,Sunday,02:15,60.1
L2,Winter,Sunday,02:30,59.2
L2,Winter,Sunday,02:45,58.5
L2,Winter,Sunday,03:00,58.1
L2,Winter,Sunday,03:15,57.9
L2,Winter,Sunday,03:30,57.8
L2,Winter,Sunday,03:45,57.7
L2,Winter,Sunday,04:00,57.5
L2,Winter,Sunday,04:15,57.3
L2,Winter,Sunday,04:30,57.6
L2,Winter,Sunday,04:45,58.5
L2,Winter,Sunday,05:00,60.4
L2,Winter,Sunday,05:15,63.3
L2,Winter,Sunday,05:30,67.4
L2,Winter,Sunday,05:45,72.5
L2,Winter,Sunday,06:00,78.9
L2,Winter,Sunday,06:15,86.5
L2,Winter,Sunday,06:30,95.1
L2,Winter,Sunday,06:45,104.7
L2,Winter,Sunday,07:00,115.2
L2,Winter,Sunday,07:15,126.5
L2,Winter,Sunday,07:30,138.4
L2,Winter,Sunday,07:45,150.9
L2,Winter,Sunday,08:00,163.6
L2,Winter,Sunday,08:15,175.8
L2,Winter,Sunday,08:30,186.7
L2,Winter,Sunday,08:45,195.4
L2,Winter,Sunday,09:00,201.1
L2,Winter,Sunday,09:15,203.4
L2,Winter,Sunday,09:30,202.2
L2,Winter,Sunday,09:45,197.0
L2,Winter,Sunday,10:00,188.2
L2,Winter,Sunday,10:15,177.8
L2,Winter,Sunday,10:30,168.6
L2,Winter,Sunday,10:45,163.2
L2,Winter,Sunday,11:00,163.3
L2,Winter,Sunday,11:15,166.6
L2,Winter,Sunday,11:30,169.8
L2,Winter,Sunday,11:45,169.8
L2,Winter,Sunday,12:00,164.3
L2,Winter,Sunday,12:15,154.8
L2,Winter,Sunday,12:30,144.3
L2,Winter,Sunday,12:45,135.2
L2,Winter,Sunday,13:00,129.7
L2,Winter,Sunday,13:15,126.9
L2,Winter,Sunday,13:30,125.7
L2,Winter,Sunday,13:45,124.5
L2,Winter,Sunday,14:00,122.3
L2,Winter,Sunday,14:15,119.3
L2,Winter,Sunday,14:30,116.1
L2,Winter,Sunday,14:45,112.9
L2,Winter,Sunday,15:00,110.4
L2,Winter,Sunday,15:15,108.7
L2,Winter,Sunday,15:30,107.8
L2,Winter,Sunday,15:45,108.0
L2,Winter,Sunday,16:00,109.4
L2,Winter,Sunday,16:15,112.3
L2,Winter,Sunday,16:30,117.2
L2,Winter,Sunday,16:45,124.5
L2,Winter,Sunday,17:00,134.2
L2,Winter,Sunday,17:15,145.6
L2,Winter,Sunday,17:30,157.5
L2,Winter,Sunday,17:45,169.0
L2,Winter,Sunday,18:00,179.1
L2,Winter,Sunday,18:15,187.9
L2,Winter,Sunday,18:30,195.5
L2,Winter,Sunday,18:45,202.0
L2,Winter,Sunday,19:00,207.3
L2,Winter,Sunday,19:15,210.5
L2,Winter,Sunday,19:30,210.3
L2,Winter,Sunday,19:45,205.3
L2,Winter,Sunday,20:00,194.8
L2,Winter,Sunday,20:15,180.7
L2,Winter,Sunday,20:30,165.3
L2,Winter,Sunday,20:45,150.9
L2,Winter,Sunday,21:00,139.3
L2,Winter,Sunday,21:15,130.4
L2,Winter,Sunday,21:30,123.5
L2,Winter,Sunday,21:45,117.9
L2,Winter,Sunday,22:00,113.0
L2,Winter,Sunday,22:15,108.3
L2,Winter,Sunday,22:30,103.4
L2,Winter,Sunday,22:45,98.1
L2,Winter,Sunday,23:00,92.0
L2,Winter,Sunday,23:15,85.8
L2,Winter,Sunday,23:30,79.9
L2,Winter,Sunday,23:45,75.0
L2,Transition,Workday,00:00,73.1
L2,Transition,Workday,00:15,69.3
L2,Transition,Workday,00:30,66.0
L2,Transition,Workday,00:45,63.5
L2,Transition,Workday,01:00,61.8
L2,Transition,Workday,01:15,60.7
L2,Transition,Workday,01:30,60.0
L2,Transition,Workday,01:45,59.4
L2,Transition,Workday,02:00,58.6
L2,Transition,Workday,02:15,57.7
L2,Transition,Workday,02:30,56.9
L2,Transition,Workday,02:45,56.1
L2,Transition,Workday,03:00,55.4
L2,Transition,Workday,03:15,54.9
L2,Transition,Workday,03:30,54.6
L2,Transition,Workday,03:45,54.4
L2,Transition,Workday,04:00,54.5
L2,Transition,Workday,04:15,54.7
L2,Transition,Workday,04:30,55.3
L2,Transition,Workday,04:45,56.1
L2,Transition,Workday,05:00,57.2
L2,Transition,Workday,05:15,59.0
L2,Transition,Workday,05:30,61.8
L2,Transition,Workday,05:45,65.9
L2,Transition,Workday,06:00,71.7
L2,Transition,Workday,06:15,78.9
L2,Transition,Workday,06:30,87.5
L2,Transition,Workday,06:45,97.3
L2,Transition,Workday,07:00,108.0
L2,Transition,Workday,07:15,119.3
L2,Transition,Workday,07:30,131.0
L2,Transition,Workday,07:45,142.6
L2,Transition,Workday,08:00,153.7
L2,Transition,Workday,08:15,163.5
L2,Transition,Workday,08:30,170.8
L2,Transition,Workday,08:45,174.8
L2,Transition,Workday,09:00,174.7
L2,Transition,Workday,09:15,171.3
L2,Transition,Workday,09:30,165.7
L2,Transition,Workday,09:45,159.1
L2,Transition,Workday,10:00,152.5
L2,Transition,Workday,10:15,146.9
L2,Transition,Workday,10:30,143.3
L2,Transition,Workday,10:45,142.6
L2,Transition,Workday,11:00,145.3
L2,Transition,Workday,11:15,149.5
L2,Transition,Workday,11:30,152.9
L2,Transition,Workday,11:45,153.3
L2,Transition,Workday,12:00,149.1
L2,Transition,Workday,12:15,141.5
L2,Transition,Workday,12:30,132.6
L2,Transition,Workday,12:45,124.5
L2,Transition,Workday,13:00,118.6
L2,Transition,Workday,13:15,114.9
L2,Transition,Workday,13:30,112.7
L2,Transition,Workday,13:45,111.3
L2,Transition,Workday,14:00,110.2
L2,Transition,Workday,14:15,109.2
L2,Transition,Workday,14:30,108.5
L2,Transition,Workday,14:45,108.0
L2,Transition,Workday,15:00,107.7
L2,Transition,Workday,15:15,107.5
L2,Transition,Workday,15:30,107.3
L2,Transition,Workday,15:45,107.2
L2,Transition,Workday,16:00,107.0
L2,Transition,Workday,16:15,107.4
L2,Transition,Workday,16:30,108.9
L2,Transition,Workday,16:45,112.1
L2,Transition,Workday,17:00,117.6
L2,Transition,Workday,17:15,124.7
L2,Transition,Workday,17:30,133.0
L2,Transition,Workday,17:45,141.8
L2,Transition,Workday,18:00,150.4
L2,Transition,Workday,18:15,158.8
L2,Transition,Workday,18:30,166.6
L2,Transition,Workday,18:45,173.9
L2,Transition,Workday,19:00,180.4
L2,Transition,Workday,19:15,185.0
L2,Transition,Workday,19:30,186.8
L2,Transition,Workday,19:45,184.7
L2,Transition,Workday,20:00,178.0
L2,Transition,Workday,20:15,168.2
L2,Transition,Workday,20:30,157.1
L2,Transition,Workday,20:45,146.7
L2,Transition,Workday,21:00,138.4
L2,Transition,Workday,21:15,131.9
L2,Transition,Workday,21:30,126.4
L2,Transition,Workday,21:45,121.2
L2,Transition,Workday,22:00,115.7
L2,Transition,Workday,22:15,109.8
L2,Transition,Workday,22:30,103.9
L2,Transition,Workday,22:45,98.1
L2,Transition,Workday,23:00,92.5
L2,Transition,Workday,23:15,87.2
L2,Transition,Workday,23:30,82.2
L2,Transition,Workday,23:45,77.5
L2,Transition,Saturday,00:00,74.5
L2,Transition,Saturday,00:15,72.3
L2,Transition,Saturday,00:30,70.7
L2,Transition,Saturday,00:45,69.2
L2,Transition,Saturday,01:00,67.8
L2,Transition,Saturday,01:15,66.2
L2,Transition,Saturday,01:30,64.8
L2,Transition,Saturday,01:45,63.5
L2,Transition,Saturday,02:00,62.4
L2,Transition,Saturday,02:15,61.4
L2,Transition,Saturday,02:30,60.4
L2,Transition,Saturday,02:45,59.4
L2,Transition,Saturday,03:00,58.1
L2,Transition,Saturday,03:15,56.9
L2,Transition,Saturday,03:30,55.8
L2,Transition,Saturday,03:45,55.2
L2,Transition,Saturday,04:00,55.2
L2,Transition,Saturday,04:15,55.6
L2,Transition,Saturday,04:30,56.2
L2,Transition,Saturday,04:45,56.9
L2,Transition,Saturday,05:00,57.4
L2,Transition,Saturday,05:15,57.9
L2,Transition,Saturday,05:30,58.5
L2,Transition,Saturday,05:45,59.4
L2,Transition,Saturday,06:00,60.7
L2,Transition,Saturday,06:15,63.2
L2,Transition,Saturday,06:30,67.7
L2,Transition,Saturday,06:45,75.0
L2,Transition,Saturday,07:00,85.7
L2,Transition,Saturday,07:15,98.7
L2,Transition,Saturday,07:30,112.9
L2,Transition,Saturday,07:45,127.0
L2,Transition,Saturday,08:00,139.9
L2,Transition,Saturday,08:15,151.3
L2,Transition,Saturday,08:30,161.4
L2,Transition,Saturday,08:45,169.8
L2,Transition,Saturday,09:00,176.6
L2,Transition,Saturday,09:15,181.3
L2,Transition,Saturday,09:30,183.3
L2,Transition,Saturday,09:45,182.2
L2,Transition,Saturday,10:00,177.9
L2,Transition,Saturday,10:15,172.1
L2,Transition,Saturday,10:30,167.3
L2,Transition,Saturday,10:45,165.7
L2,Transition,Saturday,11:00,168.6
L2,Transition,Saturday,11:15,173.9
L2,Transition,Saturday,11:30,178.4
L2,Transition,Saturday,11:45,178.9
L2,Transition,Saturday,12:00,173.3
L2,Transition,Saturday,12:15,163.2
L2,Transition,Saturday,12:30,151.2
L2,Transition,Saturday,12:45,140.1
L2,Transition,Saturday,13:00,131.9
L2,Transition,Saturday,13:15,125.9
L2,Transition,Saturday,13:30,121.1
L2,Transition,Saturday,13:45,116.2
L2,Transition,Saturday,14:00,110.5
L2,Transition,Saturday,14:15,104.5
L2,Transition,Saturday,14:30,98.9
L2,Transition,Saturday,14:45,94.8
L2,Transition,Saturday,15:00,92.7
L2,Transition,Saturday,15:15,92.0
L2,Transition,Saturday,15:30,92.2
L2,Transition,Saturday,15:45,92.3
L2,Transition,Saturday,16:00,92.0
L2,Transition,Saturday,16:15,91.9
L2,Transition,Saturday,16:30,92.8
L2,Transition,Saturday,16:45,95.6
L2,Transition,Saturday,17:00,100.9
L2,Transition,Saturday,17:15,108.2
L2,Transition,Saturday,17:30,116.6
L2,Transition,Saturday,17:45,125.3
L2,Transition,Saturday,18:00,133.7
L2,Transition,Saturday,18:15,141.6
L2,Transition,Saturday,18:30,149.0
L2,Transition,Saturday,18:45,155.8
L2,Transition,Saturday,19:00,161.9
L2,Transition,Saturday,19:15,166.6
L2,Transition,Saturday,19:30,169.0
L2,Transition,Saturday,19:45,168.2
L2,Transition,Saturday,20:00,163.6
L2,Transition,Saturday,20:15,156.2
L2,Transition,Saturday,20:30,147.4
L2,Transition,Saturday,20:45,138.5
L2,Transition,Saturday,21:00,130.5
L2,Transition,Saturday,21:15,123.4
L2,Transition,Saturday,21:30,117.1
L2,Transition,Saturday,21:45,111.3
L2,Transition,Saturday,22:00,105.8
L2,Transition,Saturday,22:15,100.4
L2,Transition,Saturday,22:30,95.2
L2,Transition,Saturday,22:45,89.9
L2,Transition,Saturday,23:00,84.4
L2,Transition,Saturday,23:15,79.2
L2,Transition,Saturday,23:30,74.3
L2,Transition,Saturday,23:45,70.1
L2,Transition,Sunday,00:00,66.8
L2,Transition,Sunday,00:15,64.3
L2,Transition,Sunday,00:30,62.4
L2,Transition,Sunday,00:45,61.0
L2,Transition,Sunday,01:00,60.0
L2,Transition,Sunday,01:15,59.1
L2,Transition,Sunday,01:30,58.4
L2,Transition,Sunday,01:45,57.7
L2,Transition,Sunday,02:00,57.0
L2,Transition,Sunday,02:15,56.2
L2,Transition,Sunday,02:30,55.6
L2,Transition,Sunday,02:45,55.2
L2,Transition,Sunday,03:00,55.1
L2,Transition,Sunday,03:15,55.2
L2,Transition,Sunday,03:30,55.3
L2,Transition,Sunday,03:45,55.2
L2,Transition,Sunday,04:00,54.9
L2,Transition,Sunday,04:15,54.7
L2,Transition,Sunday,04:30,54.7
L2,Transition,Sunday,04:45,55.2
L2,Transition,Sunday,05:00,56.7
L2,Transition,Sunday,05:15,59.1
L2,Transition,Sunday,05:30,62.7
L2,Transition,Sunday,05:45,67.6
L2,Transition,Sunday,06:00,73.9
L2,Transition,Sunday,06:15,81.5
L2,Transition,Sunday,06:30,90.4
L2,Transition,Sunday,06:45,100.6
L2,Transition,Sunday,07:00,111.8
L2,Transition,Sunday,07:15,123.7
L2,Transition,Sunday,07:30,135.8
L2,Transition,Sunday,07:45,147.6
L2,Transition,Sunday,08:00,158.5
L2,Transition,Sunday,08:15,168.0
L2,Transition,Sunday,08:30,175.6
L2,Transition,Sunday,08:45,180.5
L2,Transition,Sunday,09:00,182.4
L2,Transition,Sunday,09:15,181.3
L2,Transition,Sunday,09:30,177.3
L2,Transition,Sunday,09:45,170.6
L2,Transition,Sunday,10:00,161.9
L2,Transition,Sunday,10:15,152.9
L2,Transition,Sunday,10:30,146.0
L2,Transition,Sunday,10:45,143.4
L2,Transition,Sunday,11:00,146.6
L2,Transition,Sunday,11:15,153.0
L2,Transition,Sunday,11:30,159.2
L2,Transition,Sunday,11:45,161.6
L2,Transition,Sunday,12:00,157.8
L2,Transition,Sunday,12:15,149.4
L2,Transition,Sunday,12:30,139.1
L2,Transition,Sunday,12:45,129.4
L2,Transition,Sunday,13:00,122.5
L2,Transition,Sunday,13:15,118.1
L2,Transition,Sunday,13:30,115.2
L2,Transition,Sunday,13:45,112.9
L2,Transition,Sunday,14:00,110.7
L2,Transition,Sunday,14:15,108.4
L2,Transition,Sunday,14:30,106.3
L2,Transition,Sunday,14:45,104.7
L2,Transition,Sunday,15:00,103.6
L2,Transition,Sunday,15:15,102.8
L2,Transition,Sunday,15:30,102.2
L2,Transition,Sunday,15:45,101.4
L2,Transition,Sunday,16:00,100.4
L2,Transition,Sunday,16:15,99.9
L2,Transition,Sunday,16:30,101.0
L2,Transition,Sunday,16:45,104.7
L2,Transition,Sunday,17:00,111.5
L2,Transition,Sunday,17:15,120.6
L2,Transition,Sunday,17:30,130.8
L2,Transition,Sunday,17:45,141.0
L2,Transition,Sunday,18:00,150.0
L2,Transition,Sunday,18:15,157.9
L2,Transition,Sunday,18:30,164.7
L2,Transition,Sunday,18:45,170.6
L2,Transition,Sunday,19:00,175.7
L2,Transition,Sunday,19:15,179.4
L2,Transition,Sunday,19:30,180.9
L2,Transition,Sunday,19:45,179.7
L2,Transition,Sunday,20:00,175.3
L2,Transition,Sunday,20:15,168.5
L2,Transition,Sunday,20:30,160.3
L2,Transition,Sunday,20:45,151.7
L2,Transition,Sunday,21:00,143.5
L2,Transition,Sunday,21:15,135.9
L2,Transition,Sunday,21:30,128.7
L2,Transition,Sunday,21:45,122.0
L2,Transition,Sunday,22:00,115.6
L2,Transition,Sunday,22:15,109.4
L2,Transition,Sunday,22:30,103.3
L2,Transition,Sunday,22:45,97.3
L2,Transition,Sunday,23:00,91.2
L2,Transition,Sunday,23:15,85.3
L2,Transition,Sunday,23:30,79.8
L2,Transition,Sunday,23:45,75.0
H25,Jan,Workday,00:00,80.504
H25,Jan,Workday,00:15,75.66
H25,Jan,Workday,00:30,71.836
H25,Jan,Workday,00:45,68.808
H25,Jan,Workday,01:00,66.448
H25,Jan,Workday,01:15,64.308
H25,Jan,Workday,01:30,63.184
H25,Jan,Workday,01:45,61.2
H25,Jan,Workday,02:00,61.148
H25,Jan,Workday,02:15,60.572
H25,Jan,Workday,02:30,60.1
H25,Jan,Workday,02:45,59.736
H25,Jan,Workday,03:00,60.072
H25,Jan,Workday,03:15,59.752
H25,Jan,Workday,03:30,59.772
H25,Jan,Workday,03:45,59.832
H25,Jan,Workday,04:00,60.864
H25,Jan,Workday,04:15,61.472
H25,Jan,Workday,04:30,62.696
H25,Jan,Workday,04:45,64.884
H25,Jan,Workday,05:00,67.28
H25,Jan,Workday,05:15,68.64
H25,Jan,Workday,05:30,72.156
H25,Jan,Workday,05:45,76.356
H25,Jan,Workday,06:00,83.884
H25,Jan,Workday,06:15,90.436
H25,Jan,Workday,06:30,95.264
H25,Jan,Workday,06:45,98.292
H25,Jan,Workday,07:00,100.168
H25,Jan,Workday,07:15,100.964
H25,Jan,Workday,07:30,100.312
H25,Jan,Workday,07:45,98.52
H25,Jan,Workday,08:00,95.904
H25,Jan,Workday,08:15,95.392
H25,Jan,Workday,08:30,92.952
H25,Jan,Workday,08:45,91.776
H25,Jan,Workday,09:00,90.692
H25,Jan,Workday,09:15,91.068
H25,Jan,Workday,09:30,90.728
H25,Jan,Workday,09:45,90.632
H25,Jan,Workday,10:00,90.232
H25,Jan,Workday,10:15,90.76
H25,Jan,Workday,10:30,91.856
H25,Jan,Workday,10:45,93.68
H25,Jan,Workday,11:00,96.244
H25,Jan,Workday,11:15,99.452
H25,Jan,Workday,11:30,102.304
H25,Jan,Workday,11:45,103.992
H25,Jan,Workday,12:00,104.696
H25,Jan,Workday,12:15,104.916
H25,Jan,Workday,12:30,105.252
H25,Jan,Workday,12:45,105.02
H25,Jan,Workday,13:00,104.552
H25,Jan,Workday,13:15,104.024
H25,Jan,Workday,13:30,104.376
H25,Jan,Workday,13:45,103.284
H25,Jan,Workday,14:00,101.82
H25,Jan,Workday,14:15,101.772
H25,Jan,Workday,14:30,101.244
H25,Jan,Workday,14:45,101.632
H25,Jan,Workday,15:00,103.432
H25,Jan,Workday,15:15,103.9
H25,Jan,Workday,15:30,105.14
H25,Jan,Workday,15:45,107.46
H25,Jan,Workday,16:00,112.26
H25,Jan,Workday,16:15,116.792
H25,Jan,Workday,16:30,122.036
H25,Jan,Workday,16:45,128.624
H25,Jan,Workday,17:00,139.076
H25,Jan,Workday,17:15,147.116
H25,Jan,Workday,17:30,153.528
H25,Jan,Workday,17:45,159.596
H25,Jan,Workday,18:00,163.84
H25,Jan,Workday,18:15,166.168
H25,Jan,Workday,18:30,167.672
H25,Jan,Workday,18:45,168.48
H25,Jan,Workday,19:00,167.828
H25,Jan,Workday,19:15,166.172
H25,Jan,Workday,19:30,164.028
H25,Jan,Workday,19:45,161.528
H25,Jan,Workday,20:00,158.128
H25,Jan,Workday,20:15,153.276
H25,Jan,Workday,20:30,147.456
H25,Jan,Workday,20:45,142.984
H25,Jan,Workday,21:00,139.616
H25,Jan,Workday,21:15,135.916
H25,Jan,Workday,21:30,131.628
H25,Jan,Workday,21:45,130.156
H25,Jan,Workday,22:00,128.272
H25,Jan,Workday,22:15,121.74
H25,Jan,Workday,22:30,115.58
H25,Jan,Workday,22:45,109.552
H25,Jan,Workday,23:00,104.024
H25,Jan,Workday,23:15,97.908
H25,Jan,Workday,23:30,92.46
H25,Jan,Workday,23:45,87.056
H25,Jan,Saturday,00:00,88.608
H25,Jan,Saturday,00:15,83.236
H25,Jan,Saturday,00:30,79.028
H25,Jan,Saturday,00:45,75.556
H25,Jan,Saturday,01:00,72.868
H25,Jan,Saturday,01:15,70.12
H25,Jan,Saturday,01:30,67.952
H25,Jan,Saturday,01:45,65.596
H25,Jan,Saturday,02:00,64.796
H25,Jan,Saturday,02:15,63.572
H25,Jan,Saturday,02:30,62.64
H25,Jan,Saturday,02:45,61.768
H25,Jan,Saturday,03:00,61.592
H25,Jan,Saturday,03:15,60.876
H25,Jan,Saturday,03:30,60.408
H25,Jan,Saturday,03:45,60.116
H25,Jan,Saturday,04:00,60.76
H25,Jan,Saturday,04:15,60.264
H25,Jan,Saturday,04:30,60.388
H25,Jan,Saturday,04:45,61.248
H25,Jan,Saturday,05:00,61.464
H25,Jan,Saturday,05:15,60.768
H25,Jan,Saturday,05:30,61.352
H25,Jan,Saturday,05:45,63.276
H25,Jan,Saturday,06:00,67.224
H25,Jan,Saturday,06:15,70.528
H25,Jan,Saturday,06:30,74.328
H25,Jan,Saturday,06:45,77.908
H25,Jan,Saturday,07:00,84.06
H25,Jan,Saturday,07:15,89.36
H25,Jan,Saturday,07:30,95.788
H25,Jan,Saturday,07:45,101.964
H25,Jan,Saturday,08:00,107.348
H25,Jan,Saturday,08:15,113.268
H25,Jan,Saturday,08:30,116.716
H25,Jan,Saturday,08:45,120.152
H25,Jan,Saturday,09:00,123.336
H25,Jan,Saturday,09:15,126.948
H25,Jan,Saturday,09:30,129.204
H25,Jan,Saturday,09:45,131.084
H25,Jan,Saturday,10:00,133.804
H25,Jan,Saturday,10:15,136.688
H25,Jan,Saturday,10:30,138.884
H25,Jan,Saturday,10:45,141.888
H25,Jan,Saturday,11:00,146.552
H25,Jan,Saturday,11:15,150.408
H25,Jan,Saturday,11:30,153.852
H25,Jan,Saturday,11:45,155.532
H25,Jan,Saturday,12:00,153.576
H25,Jan,Saturday,12:15,151.924
H25,Jan,Saturday,12:30,150.196
H25,Jan,Saturday,12:45,148.776
H25,Jan,Saturday,13:00,147.036
H25,Jan,Saturday,13:15,145.196
H25,Jan,Saturday,13:30,144.38
H25,Jan,Saturday,13:45,142.744
H25,Jan,Saturday,14:00,141.3
H25,Jan,Saturday,14:15,141.324
H25,Jan,Saturday,14:30,141.22
H25,Jan,Saturday,14:45,140.528
H25,Jan,Saturday,15:00,140.632
H25,Jan,Saturday,15:15,140.716
H25,Jan,Saturday,15:30,140.812
H25,Jan,Saturday,15:45,141.8
H25,Jan,Saturday,16:00,144.464
H25,Jan,Saturday,16:15,147.608
H25,Jan,Saturday,16:30,151.044
H25,Jan,Saturday,16:45,155.708
H25,Jan,Saturday,17:00,162.584
H25,Jan,Saturday,17:15,168.44
H25,Jan,Saturday,17:30,172.476
H25,Jan,Saturday,17:45,175.82
H25,Jan,Saturday,18:00,177.676
H25,Jan,Saturday,18:15,177.772
H25,Jan,Saturday,18:30,176.34
H25,Jan,Saturday,18:45,174.096
H25,Jan,Saturday,19:00,171.712
H25,Jan,Saturday,19:15,168.24
H25,Jan,Saturday,19:30,164.692
H25,Jan,Saturday,19:45,160.656
H25,Jan,Saturday,20:00,156.728
H25,Jan,Saturday,20:15,151.124
H25,Jan,Saturday,20:30,145.128
H25,Jan,Saturday,20:45,141.524
H25,Jan,Saturday,21:00,138.768
H25,Jan,Saturday,21:15,135.26
H25,Jan,Saturday,21:30,131.348
H25,Jan,Saturday,21:45,131.072
H25,Jan,Saturday,22:00,130.712
H25,Jan,Saturday,22:15,125.472
H25,Jan,Saturday,22:30,121.12
H25,Jan,Saturday,22:45,115.808
H25,Jan,Saturday,23:00,110.216
H25,Jan,Saturday,23:15,105.024
H25,Jan,Saturday,23:30,100.208
H25,Jan,Saturday,23:45,95.768
H25,Jan,Sunday,00:00,92.592
H25,Jan,Sunday,00:15,87.94
H25,Jan,Sunday,00:30,84.588
H25,Jan,Sunday,00:45,81.54
H25,Jan,Sunday,01:00,78.6
H25,Jan,Sunday,01:15,75.992
H25,Jan,Sunday,01:30,73.464
H25,Jan,Sunday,01:45,70.668
H25,Jan,Sunday,02:00,69.832
H25,Jan,Sunday,02:15,68.036
H25,Jan,Sunday,02:30,66.712
H25,Jan,Sunday,02:45,65.452
H25,Jan,Sunday,03:00,65.092
H25,Jan,Sunday,03:15,64.216
H25,Jan,Sunday,03:30,63.344
H25,Jan,Sunday,03:45,62.532
H25,Jan,Sunday,04:00,62.348
H25,Jan,Sunday,04:15,61.64
H25,Jan,Sunday,04:30,61.804
H25,Jan,Sunday,04:45,62.844
H25,Jan,Sunday,05:00,62.936
H25,Jan,Sunday,05:15,61.952
H25,Jan,Sunday,05:30,62.344
H25,Jan,Sunday,05:45,63.316
H25,Jan,Sunday,06:00,65.916
H25,Jan,Sunday,06:15,68.384
H25,Jan,Sunday,06:30,70.9
H25,Jan,Sunday,06:45,73.272
H25,Jan,Sunday,07:00,78.096
H25,Jan,Sunday,07:15,81.908
H25,Jan,Sunday,07:30,87.228
H25,Jan,Sunday,07:45,93.512
H25,Jan,Sunday,08:00,99.38
H25,Jan,Sunday,08:15,106.04
H25,Jan,Sunday,08:30,110.844
H25,Jan,Sunday,08:45,116.388
H25,Jan,Sunday,09:00,121.644
H25,Jan,Sunday,09:15,127.324
H25,Jan,Sunday,09:30,132.22
H25,Jan,Sunday,09:45,136.552
H25,Jan,Sunday,10:00,141.08
H25,Jan,Sunday,10:15,145.644
H25,Jan,Sunday,10:30,150.036
H25,Jan,Sunday,10:45,154.556
H25,Jan,Sunday,11:00,160.916
H25,Jan,Sunday,11:15,167.824
H25,Jan,Sunday,11:30,172.408
H25,Jan,Sunday,11:45,173.068
H25,Jan,Sunday,12:00,169.648
H25,Jan,Sunday,12:15,166.516
H25,Jan,Sunday,12:30,163.716
H25,Jan,Sunday,12:45,160.936
H25,Jan,Sunday,13:00,157.14
H25,Jan,Sunday,13:15,153.816
H25,Jan,Sunday,13:30,151.664
H25,Jan,Sunday,13:45,149.024
H25,Jan,Sunday,14:00,146.48
H25,Jan,Sunday,14:15,144.992
H25,Jan,Sunday,14:30,143.9
H25,Jan,Sunday,14:45,142.968
H25,Jan,Sunday,15:00,142.644
H25,Jan,Sunday,15:15,142.14
H25,Jan,Sunday,15:30,141.772
H25,Jan,Sunday,15:45,142.04
H25,Jan,Sunday,16:00,143.884
H25,Jan,Sunday,16:15,146.404
H25,Jan,Sunday,16:30,150.976
H25,Jan,Sunday,16:45,156.72
H25,Jan,Sunday,17:00,164.196
H25,Jan,Sunday,17:15,170.98
H25,Jan,Sunday,17:30,175.296
H25,Jan,Sunday,17:45,179.088
H25,Jan,Sunday,18:00,181.7
H25,Jan,Sunday,18:15,181.632
H25,Jan,Sunday,18:30,179.984
H25,Jan,Sunday,18:45,178.064
H25,Jan,Sunday,19:00,175.632
H25,Jan,Sunday,19:15,172.116
H25,Jan,Sunday,19:30,168.416
H25,Jan,Sunday,19:45,165.136
H25,Jan,Sunday,20:00,161.304
H25,Jan,Sunday,20:15,155.12
H25,Jan,Sunday,20:30,148.468
H25,Jan,Sunday,20:45,143.464
H25,Jan,Sunday,21:00,139.688
H25,Jan,Sunday,21:15,135.088
H25,Jan,Sunday,21:30,130.888
H25,Jan,Sunday,21:45,130.056
H25,Jan,Sunday,22:00,127.808
H25,Jan,Sunday,22:15,120.872
H25,Jan,Sunday,22:30,114.896
H25,Jan,Sunday,22:45,109.16
H25,Jan,Sunday,23:00,103.784
H25,Jan,Sunday,23:15,97.94
H25,Jan,Sunday,23:30,92.372
H25,Jan,Sunday,23:45,86.68
H25,Feb,Workday,00:00,81.116
H25,Feb,Workday,00:15,76.388
H25,Feb,Workday,00:30,72.88
H25,Feb,Workday,00:45,70.016
H25,Feb,Workday,01:00,67.728
H25,Feb,Workday,01:15,65.688
H25,Feb,Workday,01:30,64.764
H25,Feb,Workday,01:45,62.872
H25,Feb,Workday,02:00,63.04
H25,Feb,Workday,02:15,62.496
H25,Feb,Workday,02:30,62.14
H25,Feb,Workday,02:45,61.884
H25,Feb,Workday,03:00,62.212
H25,Feb,Workday,03:15,61.988
H25,Feb,Workday,03:30,62.088
H25,Feb,Workday,03:45,62.232
H25,Feb,Workday,04:00,63.38
H25,Feb,Workday,04:15,64.128
H25,Feb,Workday,04:30,65.368
H25,Feb,Workday,04:45,67.804
H25,Feb,Workday,05:00,70.244
H25,Feb,Workday,05:15,71.688
H25,Feb,Workday,05:30,75.28
H25,Feb,Workday,05:45,79.72
H25,Feb,Workday,06:00,87.508
H25,Feb,Workday,06:15,94.284
H25,Feb,Workday,06:30,99.416
H25,Feb,Workday,06:45,102.448
H25,Feb,Workday,07:00,103.452
H25,Feb,Workday,07:15,103.376
H25,Feb,Workday,07:30,101.676
H25,Feb,Workday,07:45,99.732
H25,Feb,Workday,08:00,97.264
H25,Feb,Workday,08:15,96.444
H25,Feb,Workday,08:30,93.992
H25,Feb,Workday,08:45,92.332
H25,Feb,Workday,09:00,91.24
H25,Feb,Workday,09:15,91.272
H25,Feb,Workday,09:30,90.828
H25,Feb,Workday,09:45,90.432
H25,Feb,Workday,10:00,89.552
H25,Feb,Workday,10:15,89.344
H25,Feb,Workday,10:30,90.288
H25,Feb,Workday,10:45,91.548
H25,Feb,Workday,11:00,94.608
H25,Feb,Workday,11:15,97.284
H25,Feb,Workday,11:30,99.86
H25,Feb,Workday,11:45,101.304
H25,Feb,Workday,12:00,101.44
H25,Feb,Workday,12:15,101.276
H25,Feb,Workday,12:30,100.9
H25,Feb,Workday,12:45,100.292
H25,Feb,Workday,13:00,99.424
H25,Feb,Workday,13:15,99.096
H25,Feb,Workday,13:30,98.928
H25,Feb,Workday,13:45,97.7
H25,Feb,Workday,14:00,95.92
H25,Feb,Workday,14:15,95.568
H25,Feb,Workday,14:30,95.108
H25,Feb,Workday,14:45,95.544
H25,Feb,Workday,15:00,97.032
H25,Feb,Workday,15:15,97.248
H25,Feb,Workday,15:30,97.972
H25,Feb,Workday,15:45,99.504
H25,Feb,Workday,16:00,103.2
H25,Feb,Workday,16:15,106.26
H25,Feb,Workday,16:30,109.88
H25,Feb,Workday,16:45,114.608
H25,Feb,Workday,17:00,122.48
H25,Feb,Workday,17:15,129.952
H25,Feb,Workday,17:30,137.908
H25,Feb,Workday,17:45,148.18
H25,Feb,Workday,18:00,157.4
H25,Feb,Workday,18:15,164.176
H25,Feb,Workday,18:30,168.116
H25,Feb,Workday,18:45,170.344
H25,Feb,Workday,19:00,170.212
H25,Feb,Workday,19:15,168.936
H25,Feb,Workday,19:30,166.628
H25,Feb,Workday,19:45,164.436
H25,Feb,Workday,20:00,160.672
H25,Feb,Workday,20:15,155.54
H25,Feb,Workday,20:30,149.672
H25,Feb,Workday,20:45,144.836
H25,Feb,Workday,21:00,140.976
H25,Feb,Workday,21:15,136.988
H25,Feb,Workday,21:30,132.7
H25,Feb,Workday,21:45,130.956
H25,Feb,Workday,22:00,128.448
H25,Feb,Workday,22:15,121.856
H25,Feb,Workday,22:30,115.752
H25,Feb,Workday,22:45,109.652
H25,Feb,Workday,23:00,104.648
H25,Feb,Workday,23:15,98.404
H25,Feb,Workday,23:30,92.952
H25,Feb,Workday,23:45,87.716
H25,Feb,Saturday,00:00,88.988
H25,Feb,Saturday,00:15,83.652
H25,Feb,Saturday,00:30,80.056
H25,Feb,Saturday,00:45,76.92
H25,Feb,Saturday,01:00,74.188
H25,Feb,Saturday,01:15,71.64
H25,Feb,Saturday,01:30,69.828
H25,Feb,Saturday,01:45,67.516
H25,Feb,Saturday,02:00,66.892
H25,Feb,Saturday,02:15,65.844
H25,Feb,Saturday,02:30,65.168
H25,Feb,Saturday,02:45,64.496
H25,Feb,Saturday,03:00,64.524
H25,Feb,Saturday,03:15,64.004
H25,Feb,Saturday,03:30,63.82
H25,Feb,Saturday,03:45,63.584
H25,Feb,Saturday,04:00,64.22
H25,Feb,Saturday,04:15,64.0
H25,Feb,Saturday,04:30,64.116
H25,Feb,Saturday,04:45,65.276
H25,Feb,Saturday,05:00,65.264
H25,Feb,Saturday,05:15,64.756
H25,Feb,Saturday,05:30,65.272
H25,Feb,Saturday,05:45,67.32
H25,Feb,Saturday,06:00,71.412
H25,Feb,Saturday,06:15,74.784
H25,Feb,Saturday,06:30,79.372
H25,Feb,Saturday,06:45,83.116
H25,Feb,Saturday,07:00,89.636
H25,Feb,Saturday,07:15,95.732
H25,Feb,Saturday,07:30,102.356
H25,Feb,Saturday,07:45,109.22
H25,Feb,Saturday,08:00,115.672
H25,Feb,Saturday,08:15,120.996
H25,Feb,Saturday,08:30,123.808
H25,Feb,Saturday,08:45,126.084
H25,Feb,Saturday,09:00,128.356
H25,Feb,Saturday,09:15,131.376
H25,Feb,Saturday,09:30,133.16
H25,Feb,Saturday,09:45,135.284
H25,Feb,Saturday,10:00,136.976
H25,Feb,Saturday,10:15,139.024
H25,Feb,Saturday,10:30,140.716
H25,Feb,Saturday,10:45,142.728
H25,Feb,Saturday,11:00,146.532
H25,Feb,Saturday,11:15,149.76
H25,Feb,Saturday,11:30,153.04
H25,Feb,Saturday,11:45,153.8
H25,Feb,Saturday,12:00,151.02
H25,Feb,Saturday,12:15,148.648
H25,Feb,Saturday,12:30,146.024
H25,Feb,Saturday,12:45,143.992
H25,Feb,Saturday,13:00,141.936
H25,Feb,Saturday,13:15,140.58
H25,Feb,Saturday,13:30,139.74
H25,Feb,Saturday,13:45,137.204
H25,Feb,Saturday,14:00,135.78
H25,Feb,Saturday,14:15,134.856
H25,Feb,Saturday,14:30,134.508
H25,Feb,Saturday,14:45,134.212
H25,Feb,Saturday,15:00,134.284
H25,Feb,Saturday,15:15,134.676
H25,Feb,Saturday,15:30,134.352
H25,Feb,Saturday,15:45,134.14
H25,Feb,Saturday,16:00,135.316
H25,Feb,Saturday,16:15,137.112
H25,Feb,Saturday,16:30,139.144
H25,Feb,Saturday,16:45,142.148
H25,Feb,Saturday,17:00,147.448
H25,Feb,Saturday,17:15,153.088
H25,Feb,Saturday,17:30,159.932
H25,Feb,Saturday,17:45,167.776
H25,Feb,Saturday,18:00,173.516
H25,Feb,Saturday,18:15,177.476
H25,Feb,Saturday,18:30,177.708
H25,Feb,Saturday,18:45,175.972
H25,Feb,Saturday,19:00,173.968
H25,Feb,Saturday,19:15,170.464
H25,Feb,Saturday,19:30,166.82
H25,Feb,Saturday,19:45,162.808
H25,Feb,Saturday,20:00,158.784
H25,Feb,Saturday,20:15,153.416
H25,Feb,Saturday,20:30,147.324
H25,Feb,Saturday,20:45,143.42
H25,Feb,Saturday,21:00,140.468
H25,Feb,Saturday,21:15,136.968
H25,Feb,Saturday,21:30,133.072
H25,Feb,Saturday,21:45,132.292
H25,Feb,Saturday,22:00,131.856
H25,Feb,Saturday,22:15,126.552
H25,Feb,Saturday,22:30,122.136
H25,Feb,Saturday,22:45,116.488
H25,Feb,Saturday,23:00,111.012
H25,Feb,Saturday,23:15,105.844
H25,Feb,Saturday,23:30,101.008
H25,Feb,Saturday,23:45,96.696
H25,Feb,Sunday,00:00,92.12
H25,Feb,Sunday,00:15,86.752
H25,Feb,Sunday,00:30,83.284
H25,Feb,Sunday,00:45,80.24
H25,Feb,Sunday,01:00,77.424
H25,Feb,Sunday,01:15,74.832
H25,Feb,Sunday,01:30,72.448
H25,Feb,Sunday,01:45,69.896
H25,Feb,Sunday,02:00,69.652
H25,Feb,Sunday,02:15,68.352
H25,Feb,Sunday,02:30,67.316
H25,Feb,Sunday,02:45,66.592
H25,Feb,Sunday,03:00,66.452
H25,Feb,Sunday,03:15,65.948
H25,Feb,Sunday,03:30,65.312
H25,Feb,Sunday,03:45,64.856
H25,Feb,Sunday,04:00,64.924
H25,Feb,Sunday,04:15,64.32
H25,Feb,Sunday,04:30,64.644
H25,Feb,Sunday,04:45,66.224
H25,Feb,Sunday,05:00,66.464
H25,Feb,Sunday,05:15,65.612
H25,Feb,Sunday,05:30,66.216
H25,Feb,Sunday,05:45,67.512
H25,Feb,Sunday,06:00,70.336
H25,Feb,Sunday,06:15,73.296
H25,Feb,Sunday,06:30,76.696
H25,Feb,Sunday,06:45,79.804
H25,Feb,Sunday,07:00,85.588
H25,Feb,Sunday,07:15,90.804
H25,Feb,Sunday,07:30,98.716
H25,Feb,Sunday,07:45,106.64
H25,Feb,Sunday,08:00,114.256
H25,Feb,Sunday,08:15,121.568
H25,Feb,Sunday,08:30,126.424
H25,Feb,Sunday,08:45,131.528
H25,Feb,Sunday,09:00,136.016
H25,Feb,Sunday,09:15,141.544
H25,Feb,Sunday,09:30,146.108
H25,Feb,Sunday,09:45,150.048
H25,Feb,Sunday,10:00,153.436
H25,Feb,Sunday,10:15,157.528
H25,Feb,Sunday,10:30,160.972
H25,Feb,Sunday,10:45,165.024
H25,Feb,Sunday,11:00,170.976
H25,Feb,Sunday,11:15,176.488
H25,Feb,Sunday,11:30,179.84
H25,Feb,Sunday,11:45,179.188
H25,Feb,Sunday,12:00,173.592
H25,Feb,Sunday,12:15,169.464
H25,Feb,Sunday,12:30,164.352
H25,Feb,Sunday,12:45,159.712
H25,Feb,Sunday,13:00,154.496
H25,Feb,Sunday,13:15,150.976
H25,Feb,Sunday,13:30,148.236
H25,Feb,Sunday,13:45,144.988
H25,Feb,Sunday,14:00,142.176
H25,Feb,Sunday,14:15,140.132
H25,Feb,Sunday,14:30,138.796
H25,Feb,Sunday,14:45,137.18
H25,Feb,Sunday,15:00,136.252
H25,Feb,Sunday,15:15,135.14
H25,Feb,Sunday,15:30,134.188
H25,Feb,Sunday,15:45,133.828
H25,Feb,Sunday,16:00,134.356
H25,Feb,Sunday,16:15,135.72
H25,Feb,Sunday,16:30,138.42
H25,Feb,Sunday,16:45,142.332
H25,Feb,Sunday,17:00,147.936
H25,Feb,Sunday,17:15,155.056
H25,Feb,Sunday,17:30,162.124
H25,Feb,Sunday,17:45,170.312
H25,Feb,Sunday,18:00,178.008
H25,Feb,Sunday,18:15,182.24
H25,Feb,Sunday,18:30,183.172
H25,Feb,Sunday,18:45,182.812
H25,Feb,Sunday,19:00,179.896
H25,Feb,Sunday,19:15,176.344
H25,Feb,Sunday,19:30,172.372
H25,Feb,Sunday,19:45,168.764
H25,Feb,Sunday,20:00,164.88
H25,Feb,Sunday,20:15,158.092
H25,Feb,Sunday,20:30,151.032
H25,Feb,Sunday,20:45,145.368
H25,Feb,Sunday,21:00,141.42
H25,Feb,Sunday,21:15,136.744
H25,Feb,Sunday,21:30,132.172
H25,Feb,Sunday,21:45,131.064
H25,Feb,Sunday,22:00,128.152
H25,Feb,Sunday,22:15,121.092
H25,Feb,Sunday,22:30,114.668
H25,Feb,Sunday,22:45,108.768
H25,Feb,Sunday,23:00,103.756
H25,Feb,Sunday,23:15,97.74
H25,Feb,Sunday,23:30,92.324
H25,Feb,Sunday,23:45,87.052
H25,Mar,Workday,00:00,78.408
H25,Mar,Workday,00:15,73.672
H25,Mar,Workday,00:30,71.396
H25,Mar,Workday,00:45,68.5
H25,Mar,Workday,01:00,66.336
H25,Mar,Workday,01:15,64.52
H25,Mar,Workday,01:30,63.532
H25,Mar,Workday,01:45,61.904
H25,Mar,Workday,02:00,61.856
H25,Mar,Workday,02:15,61.368
H25,Mar,Workday,02:30,60.976
H25,Mar,Workday,02:45,60.68
H25,Mar,Workday,03:00,61.124
H25,Mar,Workday,03:15,61.052
H25,Mar,Workday,03:30,61.264
H25,Mar,Workday,03:45,61.504
H25,Mar,Workday,04:00,62.884
H25,Mar,Workday,04:15,63.656
H25,Mar,Workday,04:30,65.0
H25,Mar,Workday,04:45,67.912
H25,Mar,Workday,05:00,70.848
H25,Mar,Workday,05:15,72.496
H25,Mar,Workday,05:30,76.04
H25,Mar,Workday,05:45,79.896
H25,Mar,Workday,06:00,87.004
H25,Mar,Workday,06:15,93.064
H25,Mar,Workday,06:30,96.288
H25,Mar,Workday,06:45,98.196
H25,Mar,Workday,07:00,98.964
H25,Mar,Workday,07:15,98.544
H25,Mar,Workday,07:30,97.72
H25,Mar,Workday,07:45,95.972
H25,Mar,Workday,08:00,93.82
H25,Mar,Workday,08:15,92.716
H25,Mar,Workday,08:30,90.44
H25,Mar,Workday,08:45,88.852
H25,Mar,Workday,09:00,88.328
H25,Mar,Workday,09:15,88.308
H25,Mar,Workday,09:30,88.348
H25,Mar,Workday,09:45,88.008
H25,Mar,Workday,10:00,87.224
H25,Mar,Workday,10:15,87.72
H25,Mar,Workday,10:30,88.696
H25,Mar,Workday,10:45,90.376
H25,Mar,Workday,11:00,92.752
H25,Mar,Workday,11:15,96.148
H25,Mar,Workday,11:30,98.724
H25,Mar,Workday,11:45,100.208
H25,Mar,Workday,12:00,100.52
H25,Mar,Workday,12:15,100.5
H25,Mar,Workday,12:30,100.476
H25,Mar,Workday,12:45,100.708
H25,Mar,Workday,13:00,99.732
H25,Mar,Workday,13:15,99.568
H25,Mar,Workday,13:30,99.504
H25,Mar,Workday,13:45,98.22
H25,Mar,Workday,14:00,96.952
H25,Mar,Workday,14:15,96.652
H25,Mar,Workday,14:30,96.528
H25,Mar,Workday,14:45,96.668
H25,Mar,Workday,15:00,98.496
H25,Mar,Workday,15:15,98.276
H25,Mar,Workday,15:30,99.024
H25,Mar,Workday,15:45,100.268
H25,Mar,Workday,16:00,103.588
H25,Mar,Workday,16:15,105.612
H25,Mar,Workday,16:30,108.324
H25,Mar,Workday,16:45,111.848
H25,Mar,Workday,17:00,117.708
H25,Mar,Workday,17:15,123.164
H25,Mar,Workday,17:30,128.64
H25,Mar,Workday,17:45,135.76
H25,Mar,Workday,18:00,143.452
H25,Mar,Workday,18:15,150.724
H25,Mar,Workday,18:30,157.452
H25,Mar,Workday,18:45,163.144
H25,Mar,Workday,19:00,166.264
H25,Mar,Workday,19:15,166.768
H25,Mar,Workday,19:30,165.536
H25,Mar,Workday,19:45,162.716
H25,Mar,Workday,20:00,159.416
H25,Mar,Workday,20:15,154.384
H25,Mar,Workday,20:30,148.476
H25,Mar,Workday,20:45,143.384
H25,Mar,Workday,21:00,139.716
H25,Mar,Workday,21:15,135.244
H25,Mar,Workday,21:30,130.784
H25,Mar,Workday,21:45,129.336
H25,Mar,Workday,22:00,127.064
H25,Mar,Workday,22:15,120.228
H25,Mar,Workday,22:30,114.436
H25,Mar,Workday,22:45,107.152
H25,Mar,Workday,23:00,101.192
H25,Mar,Workday,23:15,94.868
H25,Mar,Workday,23:30,89.524
H25,Mar,Workday,23:45,84.3
H25,Mar,Saturday,00:00,87.428
H25,Mar,Saturday,00:15,81.912
H25,Mar,Saturday,00:30,79.292
H25,Mar,Saturday,00:45,76.18
H25,Mar,Saturday,01:00,73.308
H25,Mar,Saturday,01:15,71.024
H25,Mar,Saturday,01:30,69.38
H25,Mar,Saturday,01:45,67.116
H25,Mar,Saturday,02:00,66.664
H25,Mar,Saturday,02:15,65.912
H25,Mar,Saturday,02:30,65.192
H25,Mar,Saturday,02:45,64.672
H25,Mar,Saturday,03:00,64.364
H25,Mar,Saturday,03:15,63.928
H25,Mar,Saturday,03:30,63.82
H25,Mar,Saturday,03:45,63.824
H25,Mar,Saturday,04:00,64.76
H25,Mar,Saturday,04:15,64.552
H25,Mar,Saturday,04:30,64.788
H25,Mar,Saturday,04:45,66.272
H25,Mar,Saturday,05:00,66.884
H25,Mar,Saturday,05:15,66.488
H25,Mar,Saturday,05:30,67.048
H25,Mar,Saturday,05:45,68.664
H25,Mar,Saturday,06:00,71.8
H25,Mar,Saturday,06:15,75.24
H25,Mar,Saturday,06:30,79.336
H25,Mar,Saturday,06:45,83.956
H25,Mar,Saturday,07:00,90.508
H25,Mar,Saturday,07:15,96.988
H25,Mar,Saturday,07:30,104.016
H25,Mar,Saturday,07:45,110.16
H25,Mar,Saturday,08:00,115.292
H25,Mar,Saturday,08:15,120.496
H25,Mar,Saturday,08:30,122.78
H25,Mar,Saturday,08:45,125.144
H25,Mar,Saturday,09:00,127.16
H25,Mar,Saturday,09:15,130.56
H25,Mar,Saturday,09:30,132.356
H25,Mar,Saturday,09:45,133.152
H25,Mar,Saturday,10:00,134.82
H25,Mar,Saturday,10:15,136.228
H25,Mar,Saturday,10:30,137.768
H25,Mar,Saturday,10:45,139.404
H25,Mar,Saturday,11:00,142.916
H25,Mar,Saturday,11:15,146.348
H25,Mar,Saturday,11:30,148.856
H25,Mar,Saturday,11:45,149.34
H25,Mar,Saturday,12:00,146.612
H25,Mar,Saturday,12:15,144.888
H25,Mar,Saturday,12:30,142.668
H25,Mar,Saturday,12:45,140.784
H25,Mar,Saturday,13:00,138.468
H25,Mar,Saturday,13:15,136.976
H25,Mar,Saturday,13:30,135.816
H25,Mar,Saturday,13:45,134.296
H25,Mar,Saturday,14:00,132.896
H25,Mar,Saturday,14:15,132.52
H25,Mar,Saturday,14:30,131.864
H25,Mar,Saturday,14:45,131.428
H25,Mar,Saturday,15:00,130.756
H25,Mar,Saturday,15:15,130.968
H25,Mar,Saturday,15:30,130.324
H25,Mar,Saturday,15:45,129.816
H25,Mar,Saturday,16:00,130.772
H25,Mar,Saturday,16:15,131.916
H25,Mar,Saturday,16:30,133.204
H25,Mar,Saturday,16:45,134.592
H25,Mar,Saturday,17:00,137.96
H25,Mar,Saturday,17:15,141.348
H25,Mar,Saturday,17:30,145.744
H25,Mar,Saturday,17:45,150.944
H25,Mar,Saturday,18:00,155.736
H25,Mar,Saturday,18:15,161.016
H25,Mar,Saturday,18:30,164.816
H25,Mar,Saturday,18:45,167.56
H25,Mar,Saturday,19:00,168.956
H25,Mar,Saturday,19:15,168.112
H25,Mar,Saturday,19:30,165.76
H25,Mar,Saturday,19:45,161.748
H25,Mar,Saturday,20:00,158.252
H25,Mar,Saturday,20:15,153.412
H25,Mar,Saturday,20:30,147.62
H25,Mar,Saturday,20:45,142.516
H25,Mar,Saturday,21:00,139.68
H25,Mar,Saturday,21:15,135.912
H25,Mar,Saturday,21:30,132.112
H25,Mar,Saturday,21:45,130.968
H25,Mar,Saturday,22:00,130.704
H25,Mar,Saturday,22:15,125.404
H25,Mar,Saturday,22:30,120.408
H25,Mar,Saturday,22:45,114.64
H25,Mar,Saturday,23:00,109.436
H25,Mar,Saturday,23:15,104.42
H25,Mar,Saturday,23:30,99.872
H25,Mar,Saturday,23:45,94.792
H25,Mar,Sunday,00:00,90.836
H25,Mar,Sunday,00:15,85.704
H25,Mar,Sunday,00:30,82.04
H25,Mar,Sunday,00:45,78.928
H25,Mar,Sunday,01:00,76.016
H25,Mar,Sunday,01:15,73.48
H25,Mar,Sunday,01:30,72.724
H25,Mar,Sunday,01:45,70.492
H25,Mar,Sunday,02:00,70.12
H25,Mar,Sunday,02:15,68.792
H25,Mar,Sunday,02:30,67.86
H25,Mar,Sunday,02:45,66.676
H25,Mar,Sunday,03:00,67.092
H25,Mar,Sunday,03:15,66.38
H25,Mar,Sunday,03:30,65.704
H25,Mar,Sunday,03:45,65.228
H25,Mar,Sunday,04:00,65.228
H25,Mar,Sunday,04:15,64.964
H25,Mar,Sunday,04:30,65.396
H25,Mar,Sunday,04:45,66.884
H25,Mar,Sunday,05:00,67.608
H25,Mar,Sunday,05:15,66.812
H25,Mar,Sunday,05:30,67.568
H25,Mar,Sunday,05:45,69.248
H25,Mar,Sunday,06:00,70.904
H25,Mar,Sunday,06:15,73.336
H25,Mar,Sunday,06:30,76.104
H25,Mar,Sunday,06:45,79.532
H25,Mar,Sunday,07:00,85.392
H25,Mar,Sunday,07:15,91.028
H25,Mar,Sunday,07:30,97.652
H25,Mar,Sunday,07:45,104.808
H25,Mar,Sunday,08:00,112.348
H25,Mar,Sunday,08:15,119.276
H25,Mar,Sunday,08:30,124.008
H25,Mar,Sunday,08:45,129.008
H25,Mar,Sunday,09:00,134.02
H25,Mar,Sunday,09:15,139.184
H25,Mar,Sunday,09:30,143.308
H25,Mar,Sunday,09:45,146.76
H25,Mar,Sunday,10:00,150.212
H25,Mar,Sunday,10:15,154.028
H25,Mar,Sunday,10:30,157.38
H25,Mar,Sunday,10:45,161.272
H25,Mar,Sunday,11:00,166.44
H25,Mar,Sunday,11:15,171.72
H25,Mar,Sunday,11:30,174.992
H25,Mar,Sunday,11:45,174.448
H25,Mar,Sunday,12:00,169.496
H25,Mar,Sunday,12:15,165.108
H25,Mar,Sunday,12:30,160.656
H25,Mar,Sunday,12:45,156.248
H25,Mar,Sunday,13:00,151.496
H25,Mar,Sunday,13:15,147.888
H25,Mar,Sunday,13:30,144.876
H25,Mar,Sunday,13:45,141.516
H25,Mar,Sunday,14:00,137.764
H25,Mar,Sunday,14:15,135.908
H25,Mar,Sunday,14:30,134.6
H25,Mar,Sunday,14:45,132.456
H25,Mar,Sunday,15:00,131.376
H25,Mar,Sunday,15:15,130.172
H25,Mar,Sunday,15:30,129.16
H25,Mar,Sunday,15:45,128.284
H25,Mar,Sunday,16:00,128.136
H25,Mar,Sunday,16:15,128.836
H25,Mar,Sunday,16:30,130.94
H25,Mar,Sunday,16:45,133.42
H25,Mar,Sunday,17:00,137.312
H25,Mar,Sunday,17:15,141.948
H25,Mar,Sunday,17:30,146.94
H25,Mar,Sunday,17:45,152.272
H25,Mar,Sunday,18:00,157.96
H25,Mar,Sunday,18:15,163.032
H25,Mar,Sunday,18:30,166.84
H25,Mar,Sunday,18:45,169.832
H25,Mar,Sunday,19:00,170.084
H25,Mar,Sunday,19:15,168.936
H25,Mar,Sunday,19:30,167.092
H25,Mar,Sunday,19:45,164.424
H25,Mar,Sunday,20:00,162.472
H25,Mar,Sunday,20:15,157.632
H25,Mar,Sunday,20:30,151.24
H25,Mar,Sunday,20:45,145.616
H25,Mar,Sunday,21:00,141.524
H25,Mar,Sunday,21:15,136.432
H25,Mar,Sunday,21:30,131.912
H25,Mar,Sunday,21:45,130.612
H25,Mar,Sunday,22:00,128.172
H25,Mar,Sunday,22:15,120.72
H25,Mar,Sunday,22:30,114.824
H25,Mar,Sunday,22:45,108.016
H25,Mar,Sunday,23:00,101.7
H25,Mar,Sunday,23:15,95.824
H25,Mar,Sunday,23:30,90.176
H25,Mar,Sunday,23:45,84.912
H25,Apr,Workday,00:00,84.94
H25,Apr,Workday,00:15,79.72
H25,Apr,Workday,00:30,76.832
H25,Apr,Workday,00:45,73.4
H25,Apr,Workday,01:00,70.632
H25,Apr,Workday,01:15,68.252
H25,Apr,Workday,01:30,66.252
H25,Apr,Workday,01:45,64.624
H25,Apr,Workday,02:00,64.092
H25,Apr,Workday,02:15,63.656
H25,Apr,Workday,02:30,63.308
H25,Apr,Workday,02:45,63.016
H25,Apr,Workday,03:00,63.584
H25,Apr,Workday,03:15,63.36
H25,Apr,Workday,03:30,63.68
H25,Apr,Workday,03:45,64.02
H25,Apr,Workday,04:00,65.684
H25,Apr,Workday,04:15,66.868
H25,Apr,Workday,04:30,68.66
H25,Apr,Workday,04:45,72.02
H25,Apr,Workday,05:00,76.328
H25,Apr,Workday,05:15,78.848
H25,Apr,Workday,05:30,82.88
H25,Apr,Workday,05:45,86.892
H25,Apr,Workday,06:00,94.456
H25,Apr,Workday,06:15,99.784
H25,Apr,Workday,06:30,103.1
H25,Apr,Workday,06:45,105.724
H25,Apr,Workday,07:00,107.728
H25,Apr,Workday,07:15,107.656
H25,Apr,Workday,07:30,106.468
H25,Apr,Workday,07:45,104.244
H25,Apr,Workday,08:00,102.544
H25,Apr,Workday,08:15,101.272
H25,Apr,Workday,08:30,99.328
H25,Apr,Workday,08:45,97.964
H25,Apr,Workday,09:00,97.844
H25,Apr,Workday,09:15,98.036
H25,Apr,Workday,09:30,97.38
H25,Apr,Workday,09:45,97.012
H25,Apr,Workday,10:00,96.344
H25,Apr,Workday,10:15,96.212
H25,Apr,Workday,10:30,97.372
H25,Apr,Workday,10:45,98.5
H25,Apr,Workday,11:00,100.656
H25,Apr,Workday,11:15,103.968
H25,Apr,Workday,11:30,106.348
H25,Apr,Workday,11:45,108.276
H25,Apr,Workday,12:00,109.356
H25,Apr,Workday,12:15,109.644
H25,Apr,Workday,12:30,108.896
H25,Apr,Workday,12:45,108.248
H25,Apr,Workday,13:00,107.596
H25,Apr,Workday,13:15,107.224
H25,Apr,Workday,13:30,106.128
H25,Apr,Workday,13:45,104.108
H25,Apr,Workday,14:00,102.708
H25,Apr,Workday,14:15,101.952
H25,Apr,Workday,14:30,100.856
H25,Apr,Workday,14:45,101.028
H25,Apr,Workday,15:00,102.344
H25,Apr,Workday,15:15,102.404
H25,Apr,Workday,15:30,102.956
H25,Apr,Workday,15:45,104.228
H25,Apr,Workday,16:00,107.032
H25,Apr,Workday,16:15,109.2
H25,Apr,Workday,16:30,112.156
H25,Apr,Workday,16:45,115.66
H25,Apr,Workday,17:00,121.3
H25,Apr,Workday,17:15,126.164
H25,Apr,Workday,17:30,131.86
H25,Apr,Workday,17:45,138.04
H25,Apr,Workday,18:00,143.764
H25,Apr,Workday,18:15,148.72
H25,Apr,Workday,18:30,153.052
H25,Apr,Workday,18:45,156.776
H25,Apr,Workday,19:00,158.856
H25,Apr,Workday,19:15,160.908
H25,Apr,Workday,19:30,162.296
H25,Apr,Workday,19:45,162.084
H25,Apr,Workday,20:00,164.068
H25,Apr,Workday,20:15,165.112
H25,Apr,Workday,20:30,165.048
H25,Apr,Workday,20:45,163.7
H25,Apr,Workday,21:00,161.228
H25,Apr,Workday,21:15,156.668
H25,Apr,Workday,21:30,151.096
H25,Apr,Workday,21:45,148.116
H25,Apr,Workday,22:00,143.904
H25,Apr,Workday,22:15,135.016
H25,Apr,Workday,22:30,127.988
H25,Apr,Workday,22:45,120.144
H25,Apr,Workday,23:00,112.744
H25,Apr,Workday,23:15,105.428
H25,Apr,Workday,23:30,99.24
H25,Apr,Workday,23:45,93.0
H25,Apr,Saturday,00:00,95.656
H25,Apr,Saturday,00:15,89.704
H25,Apr,Saturday,00:30,85.972
H25,Apr,Saturday,00:45,81.844
H25,Apr,Saturday,01:00,78.644
H25,Apr,Saturday,01:15,75.556
H25,Apr,Saturday,01:30,73.252
H25,Apr,Saturday,01:45,71.032
H25,Apr,Saturday,02:00,70.0
H25,Apr,Saturday,02:15,69.032
H25,Apr,Saturday,02:30,68.304
H25,Apr,Saturday,02:45,67.728
H25,Apr,Saturday,03:00,67.656
H25,Apr,Saturday,03:15,67.236
H25,Apr,Saturday,03:30,67.0
H25,Apr,Saturday,03:45,67.012
H25,Apr,Saturday,04:00,67.936
H25,Apr,Saturday,04:15,67.964
H25,Apr,Saturday,04:30,68.632
H25,Apr,Saturday,04:45,70.368
H25,Apr,Saturday,05:00,71.296
H25,Apr,Saturday,05:15,71.7
H25,Apr,Saturday,05:30,72.832
H25,Apr,Saturday,05:45,74.568
H25,Apr,Saturday,06:00,78.368
H25,Apr,Saturday,06:15,81.348
H25,Apr,Saturday,06:30,85.288
H25,Apr,Saturday,06:45,91.272
H25,Apr,Saturday,07:00,99.38
H25,Apr,Saturday,07:15,106.508
H25,Apr,Saturday,07:30,114.112
H25,Apr,Saturday,07:45,120.464
H25,Apr,Saturday,08:00,126.832
H25,Apr,Saturday,08:15,132.336
H25,Apr,Saturday,08:30,135.436
H25,Apr,Saturday,08:45,138.532
H25,Apr,Saturday,09:00,140.884
H25,Apr,Saturday,09:15,143.448
H25,Apr,Saturday,09:30,145.144
H25,Apr,Saturday,09:45,145.928
H25,Apr,Saturday,10:00,147.4
H25,Apr,Saturday,10:15,148.68
H25,Apr,Saturday,10:30,150.016
H25,Apr,Saturday,10:45,151.412
H25,Apr,Saturday,11:00,154.572
H25,Apr,Saturday,11:15,158.132
H25,Apr,Saturday,11:30,160.22
H25,Apr,Saturday,11:45,161.184
H25,Apr,Saturday,12:00,158.84
H25,Apr,Saturday,12:15,156.788
H25,Apr,Saturday,12:30,154.192
H25,Apr,Saturday,12:45,152.28
H25,Apr,Saturday,13:00,149.716
H25,Apr,Saturday,13:15,147.152
H25,Apr,Saturday,13:30,145.004
H25,Apr,Saturday,13:45,143.004
H25,Apr,Saturday,14:00,141.052
H25,Apr,Saturday,14:15,140.32
H25,Apr,Saturday,14:30,139.628
H25,Apr,Saturday,14:45,138.78
H25,Apr,Saturday,15:00,138.368
H25,Apr,Saturday,15:15,137.404
H25,Apr,Saturday,15:30,136.064
H25,Apr,Saturday,15:45,135.324
H25,Apr,Saturday,16:00,135.64
H25,Apr,Saturday,16:15,136.416
H25,Apr,Saturday,16:30,137.68
H25,Apr,Saturday,16:45,138.912
H25,Apr,Saturday,17:00,141.488
H25,Apr,Saturday,17:15,144.104
H25,Apr,Saturday,17:30,148.448
H25,Apr,Saturday,17:45,151.408
H25,Apr,Saturday,18:00,154.868
H25,Apr,Saturday,18:15,157.58
H25,Apr,Saturday,18:30,158.916
H25,Apr,Saturday,18:45,159.88
H25,Apr,Saturday,19:00,159.772
H25,Apr,Saturday,19:15,159.756
H25,Apr,Saturday,19:30,159.86
H25,Apr,Saturday,19:45,158.208
H25,Apr,Saturday,20:00,160.052
H25,Apr,Saturday,20:15,160.724
H25,Apr,Saturday,20:30,161.368
H25,Apr,Saturday,20:45,160.908
H25,Apr,Saturday,21:00,159.176
H25,Apr,Saturday,21:15,155.368
H25,Apr,Saturday,21:30,150.56
H25,Apr,Saturday,21:45,148.392
H25,Apr,Saturday,22:00,145.952
H25,Apr,Saturday,22:15,139.196
H25,Apr,Saturday,22:30,133.48
H25,Apr,Saturday,22:45,127.232
H25,Apr,Saturday,23:00,121.344
H25,Apr,Saturday,23:15,115.432
H25,Apr,Saturday,23:30,109.82
H25,Apr,Saturday,23:45,103.396
H25,Apr,Sunday,00:00,99.808
H25,Apr,Sunday,00:15,93.676
H25,Apr,Sunday,00:30,89.484
H25,Apr,Sunday,00:45,85.372
H25,Apr,Sunday,01:00,81.78
H25,Apr,Sunday,01:15,78.78
H25,Apr,Sunday,01:30,77.132
H25,Apr,Sunday,01:45,74.628
H25,Apr,Sunday,02:00,73.304
H25,Apr,Sunday,02:15,72.148
H25,Apr,Sunday,02:30,71.016
H25,Apr,Sunday,02:45,70.124
H25,Apr,Sunday,03:00,69.788
H25,Apr,Sunday,03:15,69.356
H25,Apr,Sunday,03:30,68.896
H25,Apr,Sunday,03:45,68.516
H25,Apr,Sunday,04:00,69.2
H25,Apr,Sunday,04:15,69.264
H25,Apr,Sunday,04:30,69.912
H25,Apr,Sunday,04:45,71.752
H25,Apr,Sunday,05:00,72.972
H25,Apr,Sunday,05:15,73.068
H25,Apr,Sunday,05:30,74.044
H25,Apr,Sunday,05:45,75.16
H25,Apr,Sunday,06:00,77.3
H25,Apr,Sunday,06:15,79.34
H25,Apr,Sunday,06:30,82.888
H25,Apr,Sunday,06:45,87.192
H25,Apr,Sunday,07:00,94.112
H25,Apr,Sunday,07:15,100.876
H25,Apr,Sunday,07:30,108.632
H25,Apr,Sunday,07:45,116.84
H25,Apr,Sunday,08:00,125.412
H25,Apr,Sunday,08:15,133.704
H25,Apr,Sunday,08:30,139.756
H25,Apr,Sunday,08:45,145.16
H25,Apr,Sunday,09:00,150.68
H25,Apr,Sunday,09:15,155.884
H25,Apr,Sunday,09:30,159.892
H25,Apr,Sunday,09:45,163.32
H25,Apr,Sunday,10:00,166.824
H25,Apr,Sunday,10:15,170.136
H25,Apr,Sunday,10:30,172.548
H25,Apr,Sunday,10:45,175.736
H25,Apr,Sunday,11:00,180.84
H25,Apr,Sunday,11:15,186.296
H25,Apr,Sunday,11:30,189.644
H25,Apr,Sunday,11:45,188.844
H25,Apr,Sunday,12:00,183.796
H25,Apr,Sunday,12:15,178.408
H25,Apr,Sunday,12:30,173.028
H25,Apr,Sunday,12:45,167.624
H25,Apr,Sunday,13:00,161.484
H25,Apr,Sunday,13:15,156.608
H25,Apr,Sunday,13:30,152.656
H25,Apr,Sunday,13:45,148.664
H25,Apr,Sunday,14:00,144.912
H25,Apr,Sunday,14:15,142.028
H25,Apr,Sunday,14:30,139.952
H25,Apr,Sunday,14:45,137.276
H25,Apr,Sunday,15:00,135.592
H25,Apr,Sunday,15:15,133.952
H25,Apr,Sunday,15:30,131.992
H25,Apr,Sunday,15:45,130.624
H25,Apr,Sunday,16:00,130.068
H25,Apr,Sunday,16:15,130.136
H25,Apr,Sunday,16:30,132.384
H25,Apr,Sunday,16:45,134.408
H25,Apr,Sunday,17:00,137.916
H25,Apr,Sunday,17:15,142.196
H25,Apr,Sunday,17:30,146.932
H25,Apr,Sunday,17:45,151.92
H25,Apr,Sunday,18:00,156.056
H25,Apr,Sunday,18:15,158.792
H25,Apr,Sunday,18:30,160.996
H25,Apr,Sunday,18:45,162.496
H25,Apr,Sunday,19:00,163.108
H25,Apr,Sunday,19:15,163.776
H25,Apr,Sunday,19:30,163.564
H25,Apr,Sunday,19:45,162.724
H25,Apr,Sunday,20:00,164.74
H25,Apr,Sunday,20:15,164.824
H25,Apr,Sunday,20:30,163.556
H25,Apr,Sunday,20:45,162.108
H25,Apr,Sunday,21:00,159.744
H25,Apr,Sunday,21:15,155.276
H25,Apr,Sunday,21:30,149.88
H25,Apr,Sunday,21:45,147.268
H25,Apr,Sunday,22:00,142.708
H25,Apr,Sunday,22:15,134.192
H25,Apr,Sunday,22:30,126.996
H25,Apr,Sunday,22:45,119.548
H25,Apr,Sunday,23:00,112.44
H25,Apr,Sunday,23:15,105.76
H25,Apr,Sunday,23:30,99.58
H25,Apr,Sunday,23:45,93.512
H25,May,Workday,00:00,88.852
H25,May,Workday,00:15,83.576
H25,May,Workday,00:30,80.396
H25,May,Workday,00:45,77.076
H25,May,Workday,01:00,74.376
H25,May,Workday,01:15,71.724
H25,May,Workday,01:30,69.676
H25,May,Workday,01:45,67.96
H25,May,Workday,02:00,67.432
H25,May,Workday,02:15,66.816
H25,May,Workday,02:30,66.58
H25,May,Workday,02:45,66.444
H25,May,Workday,03:00,66.972
H25,May,Workday,03:15,66.512
H25,May,Workday,03:30,66.296
H25,May,Workday,03:45,66.172
H25,May,Workday,04:00,67.768
H25,May,Workday,04:15,68.748
H25,May,Workday,04:30,70.28
H25,May,Workday,04:45,72.864
H25,May,Workday,05:00,76.36
H25,May,Workday,05:15,77.672
H25,May,Workday,05:30,81.88
H25,May,Workday,05:45,85.596
H25,May,Workday,06:00,94.072
H25,May,Workday,06:15,100.08
H25,May,Workday,06:30,103.836
H25,May,Workday,06:45,107.048
H25,May,Workday,07:00,109.472
H25,May,Workday,07:15,109.712
H25,May,Workday,07:30,108.884
H25,May,Workday,07:45,106.78
H25,May,Workday,08:00,105.096
H25,May,Workday,08:15,103.58
H25,May,Workday,08:30,101.744
H25,May,Workday,08:45,100.216
H25,May,Workday,09:00,100.22
H25,May,Workday,09:15,99.904
H25,May,Workday,09:30,99.476
H25,May,Workday,09:45,98.464
H25,May,Workday,10:00,98.204
H25,May,Workday,10:15,98.4
H25,May,Workday,10:30,99.548
H25,May,Workday,10:45,101.92
H25,May,Workday,11:00,104.036
H25,May,Workday,11:15,107.264
H25,May,Workday,11:30,110.264
H25,May,Workday,11:45,112.012
H25,May,Workday,12:00,113.812
H25,May,Workday,12:15,113.992
H25,May,Workday,12:30,113.792
H25,May,Workday,12:45,113.504
H25,May,Workday,13:00,113.148
H25,May,Workday,13:15,112.644
H25,May,Workday,13:30,111.08
H25,May,Workday,13:45,109.492
H25,May,Workday,14:00,108.392
H25,May,Workday,14:15,107.556
H25,May,Workday,14:30,106.708
H25,May,Workday,14:45,107.168
H25,May,Workday,15:00,108.284
H25,May,Workday,15:15,108.276
H25,May,Workday,15:30,108.788
H25,May,Workday,15:45,109.936
H25,May,Workday,16:00,112.76
H25,May,Workday,16:15,115.2
H25,May,Workday,16:30,117.816
H25,May,Workday,16:45,122.048
H25,May,Workday,17:00,127.644
H25,May,Workday,17:15,132.888
H25,May,Workday,17:30,138.6
H25,May,Workday,17:45,144.696
H25,May,Workday,18:00,150.236
H25,May,Workday,18:15,155.248
H25,May,Workday,18:30,158.872
H25,May,Workday,18:45,162.296
H25,May,Workday,19:00,163.716
H25,May,Workday,19:15,164.588
H25,May,Workday,19:30,165.296
H25,May,Workday,19:45,164.684
H25,May,Workday,20:00,163.96
H25,May,Workday,20:15,162.408
H25,May,Workday,20:30,160.716
H25,May,Workday,20:45,159.36
H25,May,Workday,21:00,158.152
H25,May,Workday,21:15,155.716
H25,May,Workday,21:30,152.74
H25,May,Workday,21:45,152.04
H25,May,Workday,22:00,148.412
H25,May,Workday,22:15,139.88
H25,May,Workday,22:30,132.712
H25,May,Workday,22:45,124.38
H25,May,Workday,23:00,116.796
H25,May,Workday,23:15,109.376
H25,May,Workday,23:30,103.084
H25,May,Workday,23:45,96.94
H25,May,Saturday,00:00,98.476
H25,May,Saturday,00:15,92.32
H25,May,Saturday,00:30,88.292
H25,May,Saturday,00:45,83.824
H25,May,Saturday,01:00,80.668
H25,May,Saturday,01:15,77.456
H25,May,Saturday,01:30,74.756
H25,May,Saturday,01:45,72.364
H25,May,Saturday,02:00,71.448
H25,May,Saturday,02:15,70.336
H25,May,Saturday,02:30,69.768
H25,May,Saturday,02:45,69.18
H25,May,Saturday,03:00,68.992
H25,May,Saturday,03:15,68.508
H25,May,Saturday,03:30,67.972
H25,May,Saturday,03:45,67.724
H25,May,Saturday,04:00,68.448
H25,May,Saturday,04:15,68.408
H25,May,Saturday,04:30,68.788
H25,May,Saturday,04:45,69.956
H25,May,Saturday,05:00,70.44
H25,May,Saturday,05:15,69.796
H25,May,Saturday,05:30,71.096
H25,May,Saturday,05:45,73.18
H25,May,Saturday,06:00,78.396
H25,May,Saturday,06:15,81.652
H25,May,Saturday,06:30,86.048
H25,May,Saturday,06:45,91.736
H25,May,Saturday,07:00,99.556
H25,May,Saturday,07:15,106.372
H25,May,Saturday,07:30,113.844
H25,May,Saturday,07:45,119.748
H25,May,Saturday,08:00,125.924
H25,May,Saturday,08:15,130.572
H25,May,Saturday,08:30,134.692
H25,May,Saturday,08:45,138.56
H25,May,Saturday,09:00,141.088
H25,May,Saturday,09:15,144.292
H25,May,Saturday,09:30,145.66
H25,May,Saturday,09:45,146.644
H25,May,Saturday,10:00,147.868
H25,May,Saturday,10:15,149.76
H25,May,Saturday,10:30,151.52
H25,May,Saturday,10:45,154.028
H25,May,Saturday,11:00,157.412
H25,May,Saturday,11:15,161.228
H25,May,Saturday,11:30,163.92
H25,May,Saturday,11:45,164.848
H25,May,Saturday,12:00,163.648
H25,May,Saturday,12:15,161.756
H25,May,Saturday,12:30,159.092
H25,May,Saturday,12:45,156.956
H25,May,Saturday,13:00,153.868
H25,May,Saturday,13:15,152.476
H25,May,Saturday,13:30,149.536
H25,May,Saturday,13:45,147.992
H25,May,Saturday,14:00,146.104
H25,May,Saturday,14:15,145.544
H25,May,Saturday,14:30,146.308
H25,May,Saturday,14:45,145.216
H25,May,Saturday,15:00,144.74
H25,May,Saturday,15:15,143.956
H25,May,Saturday,15:30,141.756
H25,May,Saturday,15:45,140.848
H25,May,Saturday,16:00,141.876
H25,May,Saturday,16:15,143.02
H25,May,Saturday,16:30,144.416
H25,May,Saturday,16:45,145.036
H25,May,Saturday,17:00,147.904
H25,May,Saturday,17:15,150.788
H25,May,Saturday,17:30,154.652
H25,May,Saturday,17:45,157.924
H25,May,Saturday,18:00,160.316
H25,May,Saturday,18:15,162.932
H25,May,Saturday,18:30,164.544
H25,May,Saturday,18:45,164.772
H25,May,Saturday,19:00,164.308
H25,May,Saturday,19:15,163.756
H25,May,Saturday,19:30,163.296
H25,May,Saturday,19:45,162.3
H25,May,Saturday,20:00,161.492
H25,May,Saturday,20:15,159.648
H25,May,Saturday,20:30,157.928
H25,May,Saturday,20:45,157.352
H25,May,Saturday,21:00,156.436
H25,May,Saturday,21:15,154.168
H25,May,Saturday,21:30,152.552
H25,May,Saturday,21:45,151.824
H25,May,Saturday,22:00,149.624
H25,May,Saturday,22:15,144.164
H25,May,Saturday,22:30,139.172
H25,May,Saturday,22:45,133.048
H25,May,Saturday,23:00,126.616
H25,May,Saturday,23:15,120.472
H25,May,Saturday,23:30,115.14
H25,May,Saturday,23:45,108.912
H25,May,Sunday,00:00,101.58
H25,May,Sunday,00:15,96.304
H25,May,Sunday,00:30,91.844
H25,May,Sunday,00:45,87.864
H25,May,Sunday,01:00,84.416
H25,May,Sunday,01:15,81.172
H25,May,Sunday,01:30,79.124
H25,May,Sunday,01:45,76.5
H25,May,Sunday,02:00,75.52
H25,May,Sunday,02:15,74.26
H25,May,Sunday,02:30,73.196
H25,May,Sunday,02:45,72.372
H25,May,Sunday,03:00,72.2
H25,May,Sunday,03:15,71.508
H25,May,Sunday,03:30,70.464
H25,May,Sunday,03:45,69.816
H25,May,Sunday,04:00,69.964
H25,May,Sunday,04:15,69.716
H25,May,Sunday,04:30,69.924
H25,May,Sunday,04:45,70.808
H25,May,Sunday,05:00,71.668
H25,May,Sunday,05:15,70.48
H25,May,Sunday,05:30,71.748
H25,May,Sunday,05:45,73.068
H25,May,Sunday,06:00,76.832
H25,May,Sunday,06:15,79.196
H25,May,Sunday,06:30,82.72
H25,May,Sunday,06:45,87.088
H25,May,Sunday,07:00,94.248
H25,May,Sunday,07:15,100.704
H25,May,Sunday,07:30,108.464
H25,May,Sunday,07:45,115.884
H25,May,Sunday,08:00,124.208
H25,May,Sunday,08:15,131.564
H25,May,Sunday,08:30,137.236
H25,May,Sunday,08:45,142.62
H25,May,Sunday,09:00,148.024
H25,May,Sunday,09:15,152.812
H25,May,Sunday,09:30,156.772
H25,May,Sunday,09:45,160.196
H25,May,Sunday,10:00,163.304
H25,May,Sunday,10:15,166.452
H25,May,Sunday,10:30,169.316
H25,May,Sunday,10:45,172.372
H25,May,Sunday,11:00,177.996
H25,May,Sunday,11:15,183.872
H25,May,Sunday,11:30,187.824
H25,May,Sunday,11:45,187.468
H25,May,Sunday,12:00,183.256
H25,May,Sunday,12:15,179.224
H25,May,Sunday,12:30,173.984
H25,May,Sunday,12:45,169.184
H25,May,Sunday,13:00,164.124
H25,May,Sunday,13:15,160.32
H25,May,Sunday,13:30,156.52
H25,May,Sunday,13:45,152.38
H25,May,Sunday,14:00,149.208
H25,May,Sunday,14:15,147.052
H25,May,Sunday,14:30,144.724
H25,May,Sunday,14:45,143.192
H25,May,Sunday,15:00,140.848
H25,May,Sunday,15:15,139.356
H25,May,Sunday,15:30,138.268
H25,May,Sunday,15:45,136.9
H25,May,Sunday,16:00,136.492
H25,May,Sunday,16:15,137.156
H25,May,Sunday,16:30,139.42
H25,May,Sunday,16:45,141.652
H25,May,Sunday,17:00,145.268
H25,May,Sunday,17:15,149.184
H25,May,Sunday,17:30,154.552
H25,May,Sunday,17:45,159.204
H25,May,Sunday,18:00,162.728
H25,May,Sunday,18:15,165.844
H25,May,Sunday,18:30,167.432
H25,May,Sunday,18:45,168.788
H25,May,Sunday,19:00,168.992
H25,May,Sunday,19:15,168.172
H25,May,Sunday,19:30,167.332
H25,May,Sunday,19:45,166.108
H25,May,Sunday,20:00,165.328
H25,May,Sunday,20:15,163.18
H25,May,Sunday,20:30,160.484
H25,May,Sunday,20:45,158.864
H25,May,Sunday,21:00,157.316
H25,May,Sunday,21:15,154.664
H25,May,Sunday,21:30,151.7
H25,May,Sunday,21:45,150.548
H25,May,Sunday,22:00,146.468
H25,May,Sunday,22:15,137.6
H25,May,Sunday,22:30,130.812
H25,May,Sunday,22:45,122.964
H25,May,Sunday,23:00,115.216
H25,May,Sunday,23:15,108.056
H25,May,Sunday,23:30,101.552
H25,May,Sunday,23:45,95.512
H25,Jun,Workday,00:00,98.264
H25,Jun,Workday,00:15,93.088
H25,Jun,Workday,00:30,89.14
H25,Jun,Workday,00:45,85.436
H25,Jun,Workday,01:00,82.732
H25,Jun,Workday,01:15,79.852
H25,Jun,Workday,01:30,77.388
H25,Jun,Workday,01:45,75.784
H25,Jun,Workday,02:00,74.68
H25,Jun,Workday,02:15,73.956
H25,Jun,Workday,02:30,73.256
H25,Jun,Workday,02:45,72.744
H25,Jun,Workday,03:00,72.824
H25,Jun,Workday,03:15,72.504
H25,Jun,Workday,03:30,72.68
H25,Jun,Workday,03:45,72.612
H25,Jun,Workday,04:00,74.112
H25,Jun,Workday,04:15,74.528
H25,Jun,Workday,04:30,75.412
H25,Jun,Workday,04:45,76.18
H25,Jun,Workday,05:00,80.268
H25,Jun,Workday,05:15,81.484
H25,Jun,Workday,05:30,85.884
H25,Jun,Workday,05:45,89.256
H25,Jun,Workday,06:00,97.412
H25,Jun,Workday,06:15,102.88
H25,Jun,Workday,06:30,107.056
H25,Jun,Workday,06:45,109.7
H25,Jun,Workday,07:00,112.012
H25,Jun,Workday,07:15,112.744
H25,Jun,Workday,07:30,111.708
H25,Jun,Workday,07:45,109.584
H25,Jun,Workday,08:00,108.212
H25,Jun,Workday,08:15,107.608
H25,Jun,Workday,08:30,106.48
H25,Jun,Workday,08:45,105.556
H25,Jun,Workday,09:00,105.12
H25,Jun,Workday,09:15,105.104
H25,Jun,Workday,09:30,104.576
H25,Jun,Workday,09:45,103.78
H25,Jun,Workday,10:00,103.152
H25,Jun,Workday,10:15,103.8
H25,Jun,Workday,10:30,104.388
H25,Jun,Workday,10:45,106.796
H25,Jun,Workday,11:00,109.464
H25,Jun,Workday,11:15,112.644
H25,Jun,Workday,11:30,115.832
H25,Jun,Workday,11:45,117.864
H25,Jun,Workday,12:00,120.284
H25,Jun,Workday,12:15,121.06
H25,Jun,Workday,12:30,120.384
H25,Jun,Workday,12:45,119.752
H25,Jun,Workday,13:00,119.488
H25,Jun,Workday,13:15,118.584
H25,Jun,Workday,13:30,118.12
H25,Jun,Workday,13:45,116.656
H25,Jun,Workday,14:00,115.752
H25,Jun,Workday,14:15,114.824
H25,Jun,Workday,14:30,114.012
H25,Jun,Workday,14:45,114.84
H25,Jun,Workday,15:00,115.548
H25,Jun,Workday,15:15,115.668
H25,Jun,Workday,15:30,116.644
H25,Jun,Workday,15:45,118.1
H25,Jun,Workday,16:00,120.556
H25,Jun,Workday,16:15,122.952
H25,Jun,Workday,16:30,125.62
H25,Jun,Workday,16:45,129.852
H25,Jun,Workday,17:00,134.876
H25,Jun,Workday,17:15,139.98
H25,Jun,Workday,17:30,145.056
H25,Jun,Workday,17:45,151.04
H25,Jun,Workday,18:00,156.232
H25,Jun,Workday,18:15,160.844
H25,Jun,Workday,18:30,164.8
H25,Jun,Workday,18:45,167.544
H25,Jun,Workday,19:00,168.624
H25,Jun,Workday,19:15,169.14
H25,Jun,Workday,19:30,169.244
H25,Jun,Workday,19:45,168.892
H25,Jun,Workday,20:00,168.036
H25,Jun,Workday,20:15,166.296
H25,Jun,Workday,20:30,164.344
H25,Jun,Workday,20:45,162.128
H25,Jun,Workday,21:00,159.684
H25,Jun,Workday,21:15,155.892
H25,Jun,Workday,21:30,154.124
H25,Jun,Workday,21:45,154.652
H25,Jun,Workday,22:00,154.428
H25,Jun,Workday,22:15,149.048
H25,Jun,Workday,22:30,142.472
H25,Jun,Workday,22:45,134.776
H25,Jun,Workday,23:00,126.824
H25,Jun,Workday,23:15,119.084
H25,Jun,Workday,23:30,112.78
H25,Jun,Workday,23:45,106.648
H25,Jun,Saturday,00:00,107.932
H25,Jun,Saturday,00:15,102.336
H25,Jun,Saturday,00:30,97.776
H25,Jun,Saturday,00:45,93.268
H25,Jun,Saturday,01:00,89.496
H25,Jun,Saturday,01:15,86.248
H25,Jun,Saturday,01:30,83.228
H25,Jun,Saturday,01:45,81.032
H25,Jun,Saturday,02:00,79.408
H25,Jun,Saturday,02:15,78.296
H25,Jun,Saturday,02:30,77.136
H25,Jun,Saturday,02:45,76.288
H25,Jun,Saturday,03:00,76.012
H25,Jun,Saturday,03:15,75.088
H25,Jun,Saturday,03:30,74.78
H25,Jun,Saturday,03:45,74.5
H25,Jun,Saturday,04:00,75.004
H25,Jun,Saturday,04:15,74.7
H25,Jun,Saturday,04:30,74.364
H25,Jun,Saturday,04:45,73.276
H25,Jun,Saturday,05:00,74.688
H25,Jun,Saturday,05:15,74.632
H25,Jun,Saturday,05:30,76.476
H25,Jun,Saturday,05:45,78.42
H25,Jun,Saturday,06:00,83.504
H25,Jun,Saturday,06:15,86.528
H25,Jun,Saturday,06:30,90.608
H25,Jun,Saturday,06:45,95.516
H25,Jun,Saturday,07:00,102.596
H25,Jun,Saturday,07:15,109.532
H25,Jun,Saturday,07:30,116.404
H25,Jun,Saturday,07:45,122.132
H25,Jun,Saturday,08:00,128.292
H25,Jun,Saturday,08:15,134.372
H25,Jun,Saturday,08:30,137.824
H25,Jun,Saturday,08:45,141.06
H25,Jun,Saturday,09:00,144.716
H25,Jun,Saturday,09:15,147.32
H25,Jun,Saturday,09:30,149.16
H25,Jun,Saturday,09:45,150.78
H25,Jun,Saturday,10:00,152.788
H25,Jun,Saturday,10:15,154.304
H25,Jun,Saturday,10:30,155.964
H25,Jun,Saturday,10:45,158.728
H25,Jun,Saturday,11:00,162.7
H25,Jun,Saturday,11:15,165.624
H25,Jun,Saturday,11:30,168.244
H25,Jun,Saturday,11:45,169.296
H25,Jun,Saturday,12:00,168.596
H25,Jun,Saturday,12:15,166.124
H25,Jun,Saturday,12:30,164.012
H25,Jun,Saturday,12:45,161.636
H25,Jun,Saturday,13:00,159.012
H25,Jun,Saturday,13:15,156.984
H25,Jun,Saturday,13:30,155.296
H25,Jun,Saturday,13:45,153.5
H25,Jun,Saturday,14:00,152.712
H25,Jun,Saturday,14:15,152.34
H25,Jun,Saturday,14:30,151.732
H25,Jun,Saturday,14:45,151.268
H25,Jun,Saturday,15:00,149.828
H25,Jun,Saturday,15:15,149.152
H25,Jun,Saturday,15:30,148.624
H25,Jun,Saturday,15:45,147.94
H25,Jun,Saturday,16:00,148.38
H25,Jun,Saturday,16:15,148.256
H25,Jun,Saturday,16:30,149.824
H25,Jun,Saturday,16:45,151.896
H25,Jun,Saturday,17:00,153.24
H25,Jun,Saturday,17:15,156.444
H25,Jun,Saturday,17:30,159.252
H25,Jun,Saturday,17:45,162.356
H25,Jun,Saturday,18:00,164.632
H25,Jun,Saturday,18:15,166.92
H25,Jun,Saturday,18:30,167.68
H25,Jun,Saturday,18:45,167.68
H25,Jun,Saturday,19:00,167.276
H25,Jun,Saturday,19:15,165.776
H25,Jun,Saturday,19:30,164.8
H25,Jun,Saturday,19:45,163.428
H25,Jun,Saturday,20:00,161.576
H25,Jun,Saturday,20:15,159.056
H25,Jun,Saturday,20:30,157.588
H25,Jun,Saturday,20:45,156.028
H25,Jun,Saturday,21:00,154.06
H25,Jun,Saturday,21:15,151.036
H25,Jun,Saturday,21:30,149.544
H25,Jun,Saturday,21:45,150.36
H25,Jun,Saturday,22:00,152.396
H25,Jun,Saturday,22:15,149.592
H25,Jun,Saturday,22:30,145.16
H25,Jun,Saturday,22:45,140.272
H25,Jun,Saturday,23:00,134.216
H25,Jun,Saturday,23:15,128.268
H25,Jun,Saturday,23:30,123.1
H25,Jun,Saturday,23:45,117.26
H25,Jun,Sunday,00:00,110.504
H25,Jun,Sunday,00:15,105.064
H25,Jun,Sunday,00:30,100.16
H25,Jun,Sunday,00:45,96.244
H25,Jun,Sunday,01:00,92.828
H25,Jun,Sunday,01:15,89.38
H25,Jun,Sunday,01:30,86.816
H25,Jun,Sunday,01:45,84.272
H25,Jun,Sunday,02:00,82.4
H25,Jun,Sunday,02:15,80.768
H25,Jun,Sunday,02:30,79.176
H25,Jun,Sunday,02:45,77.928
H25,Jun,Sunday,03:00,77.4
H25,Jun,Sunday,03:15,76.328
H25,Jun,Sunday,03:30,75.68
H25,Jun,Sunday,03:45,75.12
H25,Jun,Sunday,04:00,75.068
H25,Jun,Sunday,04:15,74.372
H25,Jun,Sunday,04:30,73.536
H25,Jun,Sunday,04:45,72.724
H25,Jun,Sunday,05:00,74.076
H25,Jun,Sunday,05:15,73.052
H25,Jun,Sunday,05:30,74.368
H25,Jun,Sunday,05:45,75.36
H25,Jun,Sunday,06:00,79.388
H25,Jun,Sunday,06:15,81.276
H25,Jun,Sunday,06:30,84.628
H25,Jun,Sunday,06:45,87.812
H25,Jun,Sunday,07:00,93.792
H25,Jun,Sunday,07:15,99.252
H25,Jun,Sunday,07:30,106.428
H25,Jun,Sunday,07:45,112.668
H25,Jun,Sunday,08:00,120.196
H25,Jun,Sunday,08:15,127.696
H25,Jun,Sunday,08:30,134.068
H25,Jun,Sunday,08:45,139.688
H25,Jun,Sunday,09:00,145.552
H25,Jun,Sunday,09:15,150.808
H25,Jun,Sunday,09:30,155.736
H25,Jun,Sunday,09:45,159.528
H25,Jun,Sunday,10:00,163.06
H25,Jun,Sunday,10:15,166.584
H25,Jun,Sunday,10:30,170.348
H25,Jun,Sunday,10:45,175.132
H25,Jun,Sunday,11:00,180.992
H25,Jun,Sunday,11:15,187.468
H25,Jun,Sunday,11:30,191.268
H25,Jun,Sunday,11:45,191.824
H25,Jun,Sunday,12:00,188.7
H25,Jun,Sunday,12:15,184.984
H25,Jun,Sunday,12:30,180.412
H25,Jun,Sunday,12:45,175.824
H25,Jun,Sunday,13:00,171.572
H25,Jun,Sunday,13:15,167.528
H25,Jun,Sunday,13:30,162.952
H25,Jun,Sunday,13:45,159.8
H25,Jun,Sunday,14:00,156.572
H25,Jun,Sunday,14:15,154.888
H25,Jun,Sunday,14:30,152.908
H25,Jun,Sunday,14:45,151.208
H25,Jun,Sunday,15:00,150.392
H25,Jun,Sunday,15:15,148.724
H25,Jun,Sunday,15:30,146.824
H25,Jun,Sunday,15:45,146.26
H25,Jun,Sunday,16:00,146.196
H25,Jun,Sunday,16:15,147.092
H25,Jun,Sunday,16:30,149.432
H25,Jun,Sunday,16:45,152.26
H25,Jun,Sunday,17:00,154.56
H25,Jun,Sunday,17:15,158.544
H25,Jun,Sunday,17:30,162.16
H25,Jun,Sunday,17:45,167.724
H25,Jun,Sunday,18:00,171.184
H25,Jun,Sunday,18:15,173.368
H25,Jun,Sunday,18:30,174.204
H25,Jun,Sunday,18:45,175.236
H25,Jun,Sunday,19:00,176.424
H25,Jun,Sunday,19:15,175.884
H25,Jun,Sunday,19:30,174.692
H25,Jun,Sunday,19:45,174.428
H25,Jun,Sunday,20:00,173.116
H25,Jun,Sunday,20:15,170.376
H25,Jun,Sunday,20:30,167.832
H25,Jun,Sunday,20:45,165.208
H25,Jun,Sunday,21:00,162.492
H25,Jun,Sunday,21:15,158.248
H25,Jun,Sunday,21:30,155.664
H25,Jun,Sunday,21:45,155.612
H25,Jun,Sunday,22:00,154.512
H25,Jun,Sunday,22:15,147.888
H25,Jun,Sunday,22:30,140.824
H25,Jun,Sunday,22:45,133.472
H25,Jun,Sunday,23:00,125.636
H25,Jun,Sunday,23:15,117.54
H25,Jun,Sunday,23:30,111.036
H25,Jun,Sunday,23:45,104.684
H25,Jul,Workday,00:00,103.904
H25,Jul,Workday,00:15,98.508
H25,Jul,Workday,00:30,94.708
H25,Jul,Workday,00:45,90.844
H25,Jul,Workday,01:00,87.976
H25,Jul,Workday,01:15,85.152
H25,Jul,Workday,01:30,82.58
H25,Jul,Workday,01:45,80.76
H25,Jul,Workday,02:00,79.652
H25,Jul,Workday,02:15,78.712
H25,Jul,Workday,02:30,77.92
H25,Jul,Workday,02:45,77.36
H25,Jul,Workday,03:00,77.424
H25,Jul,Workday,03:15,76.972
H25,Jul,Workday,03:30,76.816
H25,Jul,Workday,03:45,76.716
H25,Jul,Workday,04:00,78.148
H25,Jul,Workday,04:15,78.988
H25,Jul,Workday,04:30,80.136
H25,Jul,Workday,04:45,81.236
H25,Jul,Workday,05:00,84.556
H25,Jul,Workday,05:15,85.336
H25,Jul,Workday,05:30,88.272
H25,Jul,Workday,05:45,90.524
H25,Jul,Workday,06:00,97.66
H25,Jul,Workday,06:15,101.716
H25,Jul,Workday,06:30,104.836
H25,Jul,Workday,06:45,107.544
H25,Jul,Workday,07:00,110.732
H25,Jul,Workday,07:15,112.652
H25,Jul,Workday,07:30,113.516
H25,Jul,Workday,07:45,112.892
H25,Jul,Workday,08:00,112.08
H25,Jul,Workday,08:15,112.44
H25,Jul,Workday,08:30,112.348
H25,Jul,Workday,08:45,112.384
H25,Jul,Workday,09:00,113.224
H25,Jul,Workday,09:15,113.796
H25,Jul,Workday,09:30,113.708
H25,Jul,Workday,09:45,113.376
H25,Jul,Workday,10:00,113.408
H25,Jul,Workday,10:15,114.616
H25,Jul,Workday,10:30,116.224
H25,Jul,Workday,10:45,117.896
H25,Jul,Workday,11:00,121.196
H25,Jul,Workday,11:15,125.2
H25,Jul,Workday,11:30,128.556
H25,Jul,Workday,11:45,130.376
H25,Jul,Workday,12:00,132.156
H25,Jul,Workday,12:15,132.172
H25,Jul,Workday,12:30,130.928
H25,Jul,Workday,12:45,129.94
H25,Jul,Workday,13:00,128.656
H25,Jul,Workday,13:15,127.584
H25,Jul,Workday,13:30,126.04
H25,Jul,Workday,13:45,124.972
H25,Jul,Workday,14:00,123.692
H25,Jul,Workday,14:15,123.216
H25,Jul,Workday,14:30,121.856
H25,Jul,Workday,14:45,121.964
H25,Jul,Workday,15:00,122.648
H25,Jul,Workday,15:15,122.812
H25,Jul,Workday,15:30,123.312
H25,Jul,Workday,15:45,124.556
H25,Jul,Workday,16:00,127.456
H25,Jul,Workday,16:15,129.908
H25,Jul,Workday,16:30,133.0
H25,Jul,Workday,16:45,137.048
H25,Jul,Workday,17:00,142.024
H25,Jul,Workday,17:15,147.508
H25,Jul,Workday,17:30,152.112
H25,Jul,Workday,17:45,157.056
H25,Jul,Workday,18:00,162.088
H25,Jul,Workday,18:15,166.144
H25,Jul,Workday,18:30,169.96
H25,Jul,Workday,18:45,172.784
H25,Jul,Workday,19:00,173.384
H25,Jul,Workday,19:15,173.804
H25,Jul,Workday,19:30,173.752
H25,Jul,Workday,19:45,173.5
H25,Jul,Workday,20:00,172.304
H25,Jul,Workday,20:15,170.068
H25,Jul,Workday,20:30,167.636
H25,Jul,Workday,20:45,165.576
H25,Jul,Workday,21:00,163.584
H25,Jul,Workday,21:15,160.672
H25,Jul,Workday,21:30,159.932
H25,Jul,Workday,21:45,161.304
H25,Jul,Workday,22:00,160.624
H25,Jul,Workday,22:15,154.5
H25,Jul,Workday,22:30,147.544
H25,Jul,Workday,22:45,139.684
H25,Jul,Workday,23:00,131.724
H25,Jul,Workday,23:15,123.992
H25,Jul,Workday,23:30,117.592
H25,Jul,Workday,23:45,111.552
H25,Jul,Saturday,00:00,113.02
H25,Jul,Saturday,00:15,107.472
H25,Jul,Saturday,00:30,103.28
H25,Jul,Saturday,00:45,99.08
H25,Jul,Saturday,01:00,95.468
H25,Jul,Saturday,01:15,91.996
H25,Jul,Saturday,01:30,89.168
H25,Jul,Saturday,01:45,86.94
H25,Jul,Saturday,02:00,85.044
H25,Jul,Saturday,02:15,83.892
H25,Jul,Saturday,02:30,82.6
H25,Jul,Saturday,02:45,81.616
H25,Jul,Saturday,03:00,81.312
H25,Jul,Saturday,03:15,80.824
H25,Jul,Saturday,03:30,80.116
H25,Jul,Saturday,03:45,79.508
H25,Jul,Saturday,04:00,80.336
H25,Jul,Saturday,04:15,80.148
H25,Jul,Saturday,04:30,80.116
H25,Jul,Saturday,04:45,79.876
H25,Jul,Saturday,05:00,81.112
H25,Jul,Saturday,05:15,80.516
H25,Jul,Saturday,05:30,81.768
H25,Jul,Saturday,05:45,83.016
H25,Jul,Saturday,06:00,88.228
H25,Jul,Saturday,06:15,91.064
H25,Jul,Saturday,06:30,94.796
H25,Jul,Saturday,06:45,99.0
H25,Jul,Saturday,07:00,106.068
H25,Jul,Saturday,07:15,112.544
H25,Jul,Saturday,07:30,119.056
H25,Jul,Saturday,07:45,124.764
H25,Jul,Saturday,08:00,130.872
H25,Jul,Saturday,08:15,136.264
H25,Jul,Saturday,08:30,140.788
H25,Jul,Saturday,08:45,145.012
H25,Jul,Saturday,09:00,148.012
H25,Jul,Saturday,09:15,151.928
H25,Jul,Saturday,09:30,154.24
H25,Jul,Saturday,09:45,155.604
H25,Jul,Saturday,10:00,157.844
H25,Jul,Saturday,10:15,159.408
H25,Jul,Saturday,10:30,161.6
H25,Jul,Saturday,10:45,164.832
H25,Jul,Saturday,11:00,168.82
H25,Jul,Saturday,11:15,173.352
H25,Jul,Saturday,11:30,174.852
H25,Jul,Saturday,11:45,176.632
H25,Jul,Saturday,12:00,175.892
H25,Jul,Saturday,12:15,174.2
H25,Jul,Saturday,12:30,172.392
H25,Jul,Saturday,12:45,169.948
H25,Jul,Saturday,13:00,167.264
H25,Jul,Saturday,13:15,165.624
H25,Jul,Saturday,13:30,163.128
H25,Jul,Saturday,13:45,161.348
H25,Jul,Saturday,14:00,160.752
H25,Jul,Saturday,14:15,160.332
H25,Jul,Saturday,14:30,159.404
H25,Jul,Saturday,14:45,158.62
H25,Jul,Saturday,15:00,158.472
H25,Jul,Saturday,15:15,157.82
H25,Jul,Saturday,15:30,157.836
H25,Jul,Saturday,15:45,157.228
H25,Jul,Saturday,16:00,156.828
H25,Jul,Saturday,16:15,157.184
H25,Jul,Saturday,16:30,157.672
H25,Jul,Saturday,16:45,159.636
H25,Jul,Saturday,17:00,161.984
H25,Jul,Saturday,17:15,163.8
H25,Jul,Saturday,17:30,166.22
H25,Jul,Saturday,17:45,169.072
H25,Jul,Saturday,18:00,171.284
H25,Jul,Saturday,18:15,173.316
H25,Jul,Saturday,18:30,174.204
H25,Jul,Saturday,18:45,173.712
H25,Jul,Saturday,19:00,172.352
H25,Jul,Saturday,19:15,171.156
H25,Jul,Saturday,19:30,169.836
H25,Jul,Saturday,19:45,168.508
H25,Jul,Saturday,20:00,167.104
H25,Jul,Saturday,20:15,164.652
H25,Jul,Saturday,20:30,162.036
H25,Jul,Saturday,20:45,160.016
H25,Jul,Saturday,21:00,158.8
H25,Jul,Saturday,21:15,156.284
H25,Jul,Saturday,21:30,156.052
H25,Jul,Saturday,21:45,157.352
H25,Jul,Saturday,22:00,157.548
H25,Jul,Saturday,22:15,152.892
H25,Jul,Saturday,22:30,147.924
H25,Jul,Saturday,22:45,142.724
H25,Jul,Saturday,23:00,137.624
H25,Jul,Saturday,23:15,131.84
H25,Jul,Saturday,23:30,126.988
H25,Jul,Saturday,23:45,121.068
H25,Jul,Sunday,00:00,114.948
H25,Jul,Sunday,00:15,109.516
H25,Jul,Sunday,00:30,105.2
H25,Jul,Sunday,00:45,101.196
H25,Jul,Sunday,01:00,97.808
H25,Jul,Sunday,01:15,94.128
H25,Jul,Sunday,01:30,91.644
H25,Jul,Sunday,01:45,89.112
H25,Jul,Sunday,02:00,87.26
H25,Jul,Sunday,02:15,85.272
H25,Jul,Sunday,02:30,83.88
H25,Jul,Sunday,02:45,82.568
H25,Jul,Sunday,03:00,81.9
H25,Jul,Sunday,03:15,80.852
H25,Jul,Sunday,03:30,80.048
H25,Jul,Sunday,03:45,79.26
H25,Jul,Sunday,04:00,79.484
H25,Jul,Sunday,04:15,78.796
H25,Jul,Sunday,04:30,78.916
H25,Jul,Sunday,04:45,78.564
H25,Jul,Sunday,05:00,79.432
H25,Jul,Sunday,05:15,78.556
H25,Jul,Sunday,05:30,79.844
H25,Jul,Sunday,05:45,80.612
H25,Jul,Sunday,06:00,84.312
H25,Jul,Sunday,06:15,85.92
H25,Jul,Sunday,06:30,89.276
H25,Jul,Sunday,06:45,92.496
H25,Jul,Sunday,07:00,98.428
H25,Jul,Sunday,07:15,104.536
H25,Jul,Sunday,07:30,111.792
H25,Jul,Sunday,07:45,118.46
H25,Jul,Sunday,08:00,126.32
H25,Jul,Sunday,08:15,134.448
H25,Jul,Sunday,08:30,140.964
H25,Jul,Sunday,08:45,147.144
H25,Jul,Sunday,09:00,153.532
H25,Jul,Sunday,09:15,159.32
H25,Jul,Sunday,09:30,164.412
H25,Jul,Sunday,09:45,168.128
H25,Jul,Sunday,10:00,172.272
H25,Jul,Sunday,10:15,176.504
H25,Jul,Sunday,10:30,180.54
H25,Jul,Sunday,10:45,185.308
H25,Jul,Sunday,11:00,191.148
H25,Jul,Sunday,11:15,197.616
H25,Jul,Sunday,11:30,201.592
H25,Jul,Sunday,11:45,202.532
H25,Jul,Sunday,12:00,199.124
H25,Jul,Sunday,12:15,194.66
H25,Jul,Sunday,12:30,190.752
H25,Jul,Sunday,12:45,185.552
H25,Jul,Sunday,13:00,180.516
H25,Jul,Sunday,13:15,175.86
H25,Jul,Sunday,13:30,171.456
H25,Jul,Sunday,13:45,168.184
H25,Jul,Sunday,14:00,165.572
H25,Jul,Sunday,14:15,162.592
H25,Jul,Sunday,14:30,161.108
H25,Jul,Sunday,14:45,159.404
H25,Jul,Sunday,15:00,158.444
H25,Jul,Sunday,15:15,156.832
H25,Jul,Sunday,15:30,155.64
H25,Jul,Sunday,15:45,154.284
H25,Jul,Sunday,16:00,153.0
H25,Jul,Sunday,16:15,153.28
H25,Jul,Sunday,16:30,155.172
H25,Jul,Sunday,16:45,158.208
H25,Jul,Sunday,17:00,161.636
H25,Jul,Sunday,17:15,164.944
H25,Jul,Sunday,17:30,168.604
H25,Jul,Sunday,17:45,172.524
H25,Jul,Sunday,18:00,176.236
H25,Jul,Sunday,18:15,177.796
H25,Jul,Sunday,18:30,178.348
H25,Jul,Sunday,18:45,179.808
H25,Jul,Sunday,19:00,180.164
H25,Jul,Sunday,19:15,178.508
H25,Jul,Sunday,19:30,177.16
H25,Jul,Sunday,19:45,176.984
H25,Jul,Sunday,20:00,175.96
H25,Jul,Sunday,20:15,172.932
H25,Jul,Sunday,20:30,170.34
H25,Jul,Sunday,20:45,167.272
H25,Jul,Sunday,21:00,164.992
H25,Jul,Sunday,21:15,161.78
H25,Jul,Sunday,21:30,160.86
H25,Jul,Sunday,21:45,161.572
H25,Jul,Sunday,22:00,159.012
H25,Jul,Sunday,22:15,152.68
H25,Jul,Sunday,22:30,145.54
H25,Jul,Sunday,22:45,137.42
H25,Jul,Sunday,23:00,129.612
H25,Jul,Sunday,23:15,121.996
H25,Jul,Sunday,23:30,115.572
H25,Jul,Sunday,23:45,109.24
H25,Aug,Workday,00:00,99.396
H25,Aug,Workday,00:15,94.42
H25,Aug,Workday,00:30,90.928
H25,Aug,Workday,00:45,87.696
H25,Aug,Workday,01:00,85.1
H25,Aug,Workday,01:15,82.52
H25,Aug,Workday,01:30,80.4
H25,Aug,Workday,01:45,78.604
H25,Aug,Workday,02:00,77.7
H25,Aug,Workday,02:15,76.848
H25,Aug,Workday,02:30,76.096
H25,Aug,Workday,02:45,75.568
H25,Aug,Workday,03:00,75.608
H25,Aug,Workday,03:15,75.216
H25,Aug,Workday,03:30,75.168
H25,Aug,Workday,03:45,74.904
H25,Aug,Workday,04:00,76.052
H25,Aug,Workday,04:15,76.82
H25,Aug,Workday,04:30,78.156
H25,Aug,Workday,04:45,80.216
H25,Aug,Workday,05:00,84.448
H25,Aug,Workday,05:15,86.14
H25,Aug,Workday,05:30,89.524
H25,Aug,Workday,05:45,91.604
H25,Aug,Workday,06:00,97.876
H25,Aug,Workday,06:15,100.968
H25,Aug,Workday,06:30,103.348
H25,Aug,Workday,06:45,105.084
H25,Aug,Workday,07:00,107.192
H25,Aug,Workday,07:15,108.488
H25,Aug,Workday,07:30,108.5
H25,Aug,Workday,07:45,106.776
H25,Aug,Workday,08:00,105.484
H25,Aug,Workday,08:15,105.648
H25,Aug,Workday,08:30,105.088
H25,Aug,Workday,08:45,105.088
H25,Aug,Workday,09:00,106.272
H25,Aug,Workday,09:15,106.836
H25,Aug,Workday,09:30,106.596
H25,Aug,Workday,09:45,106.672
H25,Aug,Workday,10:00,106.84
H25,Aug,Workday,10:15,107.484
H25,Aug,Workday,10:30,109.284
H25,Aug,Workday,10:45,111.388
H25,Aug,Workday,11:00,114.752
H25,Aug,Workday,11:15,118.212
H25,Aug,Workday,11:30,121.384
H25,Aug,Workday,11:45,123.82
H25,Aug,Workday,12:00,125.656
H25,Aug,Workday,12:15,125.88
H25,Aug,Workday,12:30,124.98
H25,Aug,Workday,12:45,123.812
H25,Aug,Workday,13:00,122.7
H25,Aug,Workday,13:15,122.112
H25,Aug,Workday,13:30,120.98
H25,Aug,Workday,13:45,119.42
H25,Aug,Workday,14:00,118.484
H25,Aug,Workday,14:15,117.548
H25,Aug,Workday,14:30,116.28
H25,Aug,Workday,14:45,116.884
H25,Aug,Workday,15:00,117.812
H25,Aug,Workday,15:15,117.924
H25,Aug,Workday,15:30,118.404
H25,Aug,Workday,15:45,120.14
H25,Aug,Workday,16:00,123.108
H25,Aug,Workday,16:15,125.504
H25,Aug,Workday,16:30,128.24
H25,Aug,Workday,16:45,131.748
H25,Aug,Workday,17:00,137.128
H25,Aug,Workday,17:15,142.272
H25,Aug,Workday,17:30,147.44
H25,Aug,Workday,17:45,153.0
H25,Aug,Workday,18:00,157.74
H25,Aug,Workday,18:15,162.044
H25,Aug,Workday,18:30,165.756
H25,Aug,Workday,18:45,168.488
H25,Aug,Workday,19:00,169.112
H25,Aug,Workday,19:15,169.608
H25,Aug,Workday,19:30,170.064
H25,Aug,Workday,19:45,170.28
H25,Aug,Workday,20:00,169.932
H25,Aug,Workday,20:15,169.804
H25,Aug,Workday,20:30,169.904
H25,Aug,Workday,20:45,170.308
H25,Aug,Workday,21:00,169.72
H25,Aug,Workday,21:15,166.008
H25,Aug,Workday,21:30,162.188
H25,Aug,Workday,21:45,158.892
H25,Aug,Workday,22:00,154.2
H25,Aug,Workday,22:15,145.74
H25,Aug,Workday,22:30,138.376
H25,Aug,Workday,22:45,130.756
H25,Aug,Workday,23:00,123.544
H25,Aug,Workday,23:15,116.728
H25,Aug,Workday,23:30,111.272
H25,Aug,Workday,23:45,105.952
H25,Aug,Saturday,00:00,107.048
H25,Aug,Saturday,00:15,101.648
H25,Aug,Saturday,00:30,98.244
H25,Aug,Saturday,00:45,94.1
H25,Aug,Saturday,01:00,91.368
H25,Aug,Saturday,01:15,88.404
H25,Aug,Saturday,01:30,85.508
H25,Aug,Saturday,01:45,83.548
H25,Aug,Saturday,02:00,82.148
H25,Aug,Saturday,02:15,80.78
H25,Aug,Saturday,02:30,79.708
H25,Aug,Saturday,02:45,79.072
H25,Aug,Saturday,03:00,78.388
H25,Aug,Saturday,03:15,77.724
H25,Aug,Saturday,03:30,77.34
H25,Aug,Saturday,03:45,76.768
H25,Aug,Saturday,04:00,77.172
H25,Aug,Saturday,04:15,77.28
H25,Aug,Saturday,04:30,77.428
H25,Aug,Saturday,04:45,78.148
H25,Aug,Saturday,05:00,79.844
H25,Aug,Saturday,05:15,79.696
H25,Aug,Saturday,05:30,81.32
H25,Aug,Saturday,05:45,81.948
H25,Aug,Saturday,06:00,86.224
H25,Aug,Saturday,06:15,87.6
H25,Aug,Saturday,06:30,91.2
H25,Aug,Saturday,06:45,95.504
H25,Aug,Saturday,07:00,102.004
H25,Aug,Saturday,07:15,108.34
H25,Aug,Saturday,07:30,114.724
H25,Aug,Saturday,07:45,119.888
H25,Aug,Saturday,08:00,126.012
H25,Aug,Saturday,08:15,131.74
H25,Aug,Saturday,08:30,135.516
H25,Aug,Saturday,08:45,138.604
H25,Aug,Saturday,09:00,142.304
H25,Aug,Saturday,09:15,145.268
H25,Aug,Saturday,09:30,147.44
H25,Aug,Saturday,09:45,150.08
H25,Aug,Saturday,10:00,151.868
H25,Aug,Saturday,10:15,154.644
H25,Aug,Saturday,10:30,156.884
H25,Aug,Saturday,10:45,159.204
H25,Aug,Saturday,11:00,162.432
H25,Aug,Saturday,11:15,166.756
H25,Aug,Saturday,11:30,170.412
H25,Aug,Saturday,11:45,171.272
H25,Aug,Saturday,12:00,170.48
H25,Aug,Saturday,12:15,168.8
H25,Aug,Saturday,12:30,166.748
H25,Aug,Saturday,12:45,164.176
H25,Aug,Saturday,13:00,162.064
H25,Aug,Saturday,13:15,159.12
H25,Aug,Saturday,13:30,157.048
H25,Aug,Saturday,13:45,156.088
H25,Aug,Saturday,14:00,155.572
H25,Aug,Saturday,14:15,153.704
H25,Aug,Saturday,14:30,152.836
H25,Aug,Saturday,14:45,151.756
H25,Aug,Saturday,15:00,151.124
H25,Aug,Saturday,15:15,150.204
H25,Aug,Saturday,15:30,150.108
H25,Aug,Saturday,15:45,149.4
H25,Aug,Saturday,16:00,149.732
H25,Aug,Saturday,16:15,150.648
H25,Aug,Saturday,16:30,151.008
H25,Aug,Saturday,16:45,152.472
H25,Aug,Saturday,17:00,153.988
H25,Aug,Saturday,17:15,156.776
H25,Aug,Saturday,17:30,160.136
H25,Aug,Saturday,17:45,162.46
H25,Aug,Saturday,18:00,164.336
H25,Aug,Saturday,18:15,166.744
H25,Aug,Saturday,18:30,167.296
H25,Aug,Saturday,18:45,167.548
H25,Aug,Saturday,19:00,166.524
H25,Aug,Saturday,19:15,166.184
H25,Aug,Saturday,19:30,165.056
H25,Aug,Saturday,19:45,164.032
H25,Aug,Saturday,20:00,163.476
H25,Aug,Saturday,20:15,162.896
H25,Aug,Saturday,20:30,162.892
H25,Aug,Saturday,20:45,163.548
H25,Aug,Saturday,21:00,163.356
H25,Aug,Saturday,21:15,160.98
H25,Aug,Saturday,21:30,158.272
H25,Aug,Saturday,21:45,156.088
H25,Aug,Saturday,22:00,152.96
H25,Aug,Saturday,22:15,147.024
H25,Aug,Saturday,22:30,142.096
H25,Aug,Saturday,22:45,136.928
H25,Aug,Saturday,23:00,131.544
H25,Aug,Saturday,23:15,126.112
H25,Aug,Saturday,23:30,121.492
H25,Aug,Saturday,23:45,116.236
H25,Aug,Sunday,00:00,110.224
H25,Aug,Sunday,00:15,105.256
H25,Aug,Sunday,00:30,100.908
H25,Aug,Sunday,00:45,97.228
H25,Aug,Sunday,01:00,94.004
H25,Aug,Sunday,01:15,90.768
H25,Aug,Sunday,01:30,88.504
H25,Aug,Sunday,01:45,85.904
H25,Aug,Sunday,02:00,84.296
H25,Aug,Sunday,02:15,82.576
H25,Aug,Sunday,02:30,81.26
H25,Aug,Sunday,02:45,80.06
H25,Aug,Sunday,03:00,79.272
H25,Aug,Sunday,03:15,78.452
H25,Aug,Sunday,03:30,77.604
H25,Aug,Sunday,03:45,77.112
H25,Aug,Sunday,04:00,76.736
H25,Aug,Sunday,04:15,76.592
H25,Aug,Sunday,04:30,76.548
H25,Aug,Sunday,04:45,77.508
H25,Aug,Sunday,05:00,79.22
H25,Aug,Sunday,05:15,78.476
H25,Aug,Sunday,05:30,79.688
H25,Aug,Sunday,05:45,80.04
H25,Aug,Sunday,06:00,82.96
H25,Aug,Sunday,06:15,83.668
H25,Aug,Sunday,06:30,86.476
H25,Aug,Sunday,06:45,89.784
H25,Aug,Sunday,07:00,96.06
H25,Aug,Sunday,07:15,101.664
H25,Aug,Sunday,07:30,109.204
H25,Aug,Sunday,07:45,116.544
H25,Aug,Sunday,08:00,124.212
H25,Aug,Sunday,08:15,131.812
H25,Aug,Sunday,08:30,138.46
H25,Aug,Sunday,08:45,144.176
H25,Aug,Sunday,09:00,150.54
H25,Aug,Sunday,09:15,155.872
H25,Aug,Sunday,09:30,160.288
H25,Aug,Sunday,09:45,163.84
H25,Aug,Sunday,10:00,167.436
H25,Aug,Sunday,10:15,171.532
H25,Aug,Sunday,10:30,175.108
H25,Aug,Sunday,10:45,179.352
H25,Aug,Sunday,11:00,184.996
H25,Aug,Sunday,11:15,191.056
H25,Aug,Sunday,11:30,194.42
H25,Aug,Sunday,11:45,193.96
H25,Aug,Sunday,12:00,190.524
H25,Aug,Sunday,12:15,186.948
H25,Aug,Sunday,12:30,181.456
H25,Aug,Sunday,12:45,177.236
H25,Aug,Sunday,13:00,171.804
H25,Aug,Sunday,13:15,167.2
H25,Aug,Sunday,13:30,163.588
H25,Aug,Sunday,13:45,160.504
H25,Aug,Sunday,14:00,156.984
H25,Aug,Sunday,14:15,154.784
H25,Aug,Sunday,14:30,153.66
H25,Aug,Sunday,14:45,150.924
H25,Aug,Sunday,15:00,149.456
H25,Aug,Sunday,15:15,147.808
H25,Aug,Sunday,15:30,147.044
H25,Aug,Sunday,15:45,145.768
H25,Aug,Sunday,16:00,144.956
H25,Aug,Sunday,16:15,145.64
H25,Aug,Sunday,16:30,148.052
H25,Aug,Sunday,16:45,150.716
H25,Aug,Sunday,17:00,154.252
H25,Aug,Sunday,17:15,158.548
H25,Aug,Sunday,17:30,162.5
H25,Aug,Sunday,17:45,166.416
H25,Aug,Sunday,18:00,170.248
H25,Aug,Sunday,18:15,172.988
H25,Aug,Sunday,18:30,174.444
H25,Aug,Sunday,18:45,175.792
H25,Aug,Sunday,19:00,175.312
H25,Aug,Sunday,19:15,174.428
H25,Aug,Sunday,19:30,173.856
H25,Aug,Sunday,19:45,173.504
H25,Aug,Sunday,20:00,172.852
H25,Aug,Sunday,20:15,171.188
H25,Aug,Sunday,20:30,170.184
H25,Aug,Sunday,20:45,170.456
H25,Aug,Sunday,21:00,170.072
H25,Aug,Sunday,21:15,166.52
H25,Aug,Sunday,21:30,162.684
H25,Aug,Sunday,21:45,159.42
H25,Aug,Sunday,22:00,153.476
H25,Aug,Sunday,22:15,144.212
H25,Aug,Sunday,22:30,137.16
H25,Aug,Sunday,22:45,129.204
H25,Aug,Sunday,23:00,122.164
H25,Aug,Sunday,23:15,115.068
H25,Aug,Sunday,23:30,109.34
H25,Aug,Sunday,23:45,103.876
H25,Sep,Workday,00:00,85.184
H25,Sep,Workday,00:15,80.788
H25,Sep,Workday,00:30,77.936
H25,Sep,Workday,00:45,74.956
H25,Sep,Workday,01:00,72.744
H25,Sep,Workday,01:15,70.236
H25,Sep,Workday,01:30,68.276
H25,Sep,Workday,01:45,66.704
H25,Sep,Workday,02:00,66.04
H25,Sep,Workday,02:15,65.408
H25,Sep,Workday,02:30,65.104
H25,Sep,Workday,02:45,64.756
H25,Sep,Workday,03:00,64.752
H25,Sep,Workday,03:15,64.66
H25,Sep,Workday,03:30,64.556
H25,Sep,Workday,03:45,64.388
H25,Sep,Workday,04:00,65.592
H25,Sep,Workday,04:15,66.26
H25,Sep,Workday,04:30,67.664
H25,Sep,Workday,04:45,70.668
H25,Sep,Workday,05:00,74.948
H25,Sep,Workday,05:15,77.376
H25,Sep,Workday,05:30,82.628
H25,Sep,Workday,05:45,87.792
H25,Sep,Workday,06:00,98.272
H25,Sep,Workday,06:15,104.872
H25,Sep,Workday,06:30,109.304
H25,Sep,Workday,06:45,111.316
H25,Sep,Workday,07:00,111.804
H25,Sep,Workday,07:15,110.76
H25,Sep,Workday,07:30,108.76
H25,Sep,Workday,07:45,106.092
H25,Sep,Workday,08:00,103.892
H25,Sep,Workday,08:15,102.52
H25,Sep,Workday,08:30,101.448
H25,Sep,Workday,08:45,100.224
H25,Sep,Workday,09:00,100.664
H25,Sep,Workday,09:15,100.9
H25,Sep,Workday,09:30,100.32
H25,Sep,Workday,09:45,99.96
H25,Sep,Workday,10:00,99.652
H25,Sep,Workday,10:15,100.152
H25,Sep,Workday,10:30,101.272
H25,Sep,Workday,10:45,103.448
H25,Sep,Workday,11:00,105.952
H25,Sep,Workday,11:15,109.268
H25,Sep,Workday,11:30,111.8
H25,Sep,Workday,11:45,113.424
H25,Sep,Workday,12:00,115.244
H25,Sep,Workday,12:15,115.2
H25,Sep,Workday,12:30,114.596
H25,Sep,Workday,12:45,113.468
H25,Sep,Workday,13:00,112.676
H25,Sep,Workday,13:15,112.348
H25,Sep,Workday,13:30,111.396
H25,Sep,Workday,13:45,110.244
H25,Sep,Workday,14:00,108.796
H25,Sep,Workday,14:15,108.02
H25,Sep,Workday,14:30,107.104
H25,Sep,Workday,14:45,107.2
H25,Sep,Workday,15:00,108.696
H25,Sep,Workday,15:15,109.24
H25,Sep,Workday,15:30,110.12
H25,Sep,Workday,15:45,111.848
H25,Sep,Workday,16:00,114.972
H25,Sep,Workday,16:15,117.572
H25,Sep,Workday,16:30,120.312
H25,Sep,Workday,16:45,124.508
H25,Sep,Workday,17:00,130.456
H25,Sep,Workday,17:15,136.02
H25,Sep,Workday,17:30,141.78
H25,Sep,Workday,17:45,147.844
H25,Sep,Workday,18:00,153.976
H25,Sep,Workday,18:15,158.732
H25,Sep,Workday,18:30,163.368
H25,Sep,Workday,18:45,167.28
H25,Sep,Workday,19:00,170.124
H25,Sep,Workday,19:15,174.064
H25,Sep,Workday,19:30,177.844
H25,Sep,Workday,19:45,180.66
H25,Sep,Workday,20:00,181.976
H25,Sep,Workday,20:15,179.892
H25,Sep,Workday,20:30,175.292
H25,Sep,Workday,20:45,169.784
H25,Sep,Workday,21:00,164.112
H25,Sep,Workday,21:15,157.332
H25,Sep,Workday,21:30,150.996
H25,Sep,Workday,21:45,146.852
H25,Sep,Workday,22:00,140.572
H25,Sep,Workday,22:15,131.476
H25,Sep,Workday,22:30,124.58
H25,Sep,Workday,22:45,116.948
H25,Sep,Workday,23:00,109.852
H25,Sep,Workday,23:15,103.148
H25,Sep,Workday,23:30,97.824
H25,Sep,Workday,23:45,92.46
H25,Sep,Saturday,00:00,94.2
H25,Sep,Saturday,00:15,89.128
H25,Sep,Saturday,00:30,85.832
H25,Sep,Saturday,00:45,81.78
H25,Sep,Saturday,01:00,78.972
H25,Sep,Saturday,01:15,76.024
H25,Sep,Saturday,01:30,73.148
H25,Sep,Saturday,01:45,71.116
H25,Sep,Saturday,02:00,69.952
H25,Sep,Saturday,02:15,68.872
H25,Sep,Saturday,02:30,68.316
H25,Sep,Saturday,02:45,67.952
H25,Sep,Saturday,03:00,67.704
H25,Sep,Saturday,03:15,67.212
H25,Sep,Saturday,03:30,66.396
H25,Sep,Saturday,03:45,66.072
H25,Sep,Saturday,04:00,66.452
H25,Sep,Saturday,04:15,66.32
H25,Sep,Saturday,04:30,66.416
H25,Sep,Saturday,04:45,67.74
H25,Sep,Saturday,05:00,69.076
H25,Sep,Saturday,05:15,69.12
H25,Sep,Saturday,05:30,71.068
H25,Sep,Saturday,05:45,73.828
H25,Sep,Saturday,06:00,79.896
H25,Sep,Saturday,06:15,83.348
H25,Sep,Saturday,06:30,87.252
H25,Sep,Saturday,06:45,91.524
H25,Sep,Saturday,07:00,98.492
H25,Sep,Saturday,07:15,105.368
H25,Sep,Saturday,07:30,113.3
H25,Sep,Saturday,07:45,120.024
H25,Sep,Saturday,08:00,126.444
H25,Sep,Saturday,08:15,131.888
H25,Sep,Saturday,08:30,135.9
H25,Sep,Saturday,08:45,139.192
H25,Sep,Saturday,09:00,142.804
H25,Sep,Saturday,09:15,145.3
H25,Sep,Saturday,09:30,147.964
H25,Sep,Saturday,09:45,149.564
H25,Sep,Saturday,10:00,151.068
H25,Sep,Saturday,10:15,152.556
H25,Sep,Saturday,10:30,154.192
H25,Sep,Saturday,10:45,156.24
H25,Sep,Saturday,11:00,160.192
H25,Sep,Saturday,11:15,163.908
H25,Sep,Saturday,11:30,166.344
H25,Sep,Saturday,11:45,166.94
H25,Sep,Saturday,12:00,164.944
H25,Sep,Saturday,12:15,163.316
H25,Sep,Saturday,12:30,159.924
H25,Sep,Saturday,12:45,156.832
H25,Sep,Saturday,13:00,154.668
H25,Sep,Saturday,13:15,152.16
H25,Sep,Saturday,13:30,149.928
H25,Sep,Saturday,13:45,148.456
H25,Sep,Saturday,14:00,146.688
H25,Sep,Saturday,14:15,145.684
H25,Sep,Saturday,14:30,145.092
H25,Sep,Saturday,14:45,144.384
H25,Sep,Saturday,15:00,143.892
H25,Sep,Saturday,15:15,143.324
H25,Sep,Saturday,15:30,142.084
H25,Sep,Saturday,15:45,141.48
H25,Sep,Saturday,16:00,141.308
H25,Sep,Saturday,16:15,142.536
H25,Sep,Saturday,16:30,143.804
H25,Sep,Saturday,16:45,145.664
H25,Sep,Saturday,17:00,148.084
H25,Sep,Saturday,17:15,151.524
H25,Sep,Saturday,17:30,155.268
H25,Sep,Saturday,17:45,158.968
H25,Sep,Saturday,18:00,162.632
H25,Sep,Saturday,18:15,165.956
H25,Sep,Saturday,18:30,168.524
H25,Sep,Saturday,18:45,170.396
H25,Sep,Saturday,19:00,171.968
H25,Sep,Saturday,19:15,174.988
H25,Sep,Saturday,19:30,177.816
H25,Sep,Saturday,19:45,178.384
H25,Sep,Saturday,20:00,178.972
H25,Sep,Saturday,20:15,175.32
H25,Sep,Saturday,20:30,170.728
H25,Sep,Saturday,20:45,166.268
H25,Sep,Saturday,21:00,160.94
H25,Sep,Saturday,21:15,155.38
H25,Sep,Saturday,21:30,149.956
H25,Sep,Saturday,21:45,146.816
H25,Sep,Saturday,22:00,141.812
H25,Sep,Saturday,22:15,135.56
H25,Sep,Saturday,22:30,131.3
H25,Sep,Saturday,22:45,125.872
H25,Sep,Saturday,23:00,120.056
H25,Sep,Saturday,23:15,114.876
H25,Sep,Saturday,23:30,109.936
H25,Sep,Saturday,23:45,104.58
H25,Sep,Sunday,00:00,100.056
H25,Sep,Sunday,00:15,94.732
H25,Sep,Sunday,00:30,90.94
H25,Sep,Sunday,00:45,87.256
H25,Sep,Sunday,01:00,84.092
H25,Sep,Sunday,01:15,80.748
H25,Sep,Sunday,01:30,78.252
H25,Sep,Sunday,01:45,76.06
H25,Sep,Sunday,02:00,74.676
H25,Sep,Sunday,02:15,73.316
H25,Sep,Sunday,02:30,72.44
H25,Sep,Sunday,02:45,71.352
H25,Sep,Sunday,03:00,70.948
H25,Sep,Sunday,03:15,69.996
H25,Sep,Sunday,03:30,68.884
H25,Sep,Sunday,03:45,68.376
H25,Sep,Sunday,04:00,68.172
H25,Sep,Sunday,04:15,67.788
H25,Sep,Sunday,04:30,68.164
H25,Sep,Sunday,04:45,69.124
H25,Sep,Sunday,05:00,70.44
H25,Sep,Sunday,05:15,70.256
H25,Sep,Sunday,05:30,71.94
H25,Sep,Sunday,05:45,73.844
H25,Sep,Sunday,06:00,77.94
H25,Sep,Sunday,06:15,80.196
H25,Sep,Sunday,06:30,82.88
H25,Sep,Sunday,06:45,86.16
H25,Sep,Sunday,07:00,92.08
H25,Sep,Sunday,07:15,98.412
H25,Sep,Sunday,07:30,106.472
H25,Sep,Sunday,07:45,114.524
H25,Sep,Sunday,08:00,123.32
H25,Sep,Sunday,08:15,131.572
H25,Sep,Sunday,08:30,138.356
H25,Sep,Sunday,08:45,144.32
H25,Sep,Sunday,09:00,150.92
H25,Sep,Sunday,09:15,156.656
H25,Sep,Sunday,09:30,161.376
H25,Sep,Sunday,09:45,165.24
H25,Sep,Sunday,10:00,169.684
H25,Sep,Sunday,10:15,173.392
H25,Sep,Sunday,10:30,177.396
H25,Sep,Sunday,10:45,181.748
H25,Sep,Sunday,11:00,187.468
H25,Sep,Sunday,11:15,193.2
H25,Sep,Sunday,11:30,197.184
H25,Sep,Sunday,11:45,196.792
H25,Sep,Sunday,12:00,192.392
H25,Sep,Sunday,12:15,187.824
H25,Sep,Sunday,12:30,182.792
H25,Sep,Sunday,12:45,177.376
H25,Sep,Sunday,13:00,172.256
H25,Sep,Sunday,13:15,167.256
H25,Sep,Sunday,13:30,163.38
H25,Sep,Sunday,13:45,159.656
H25,Sep,Sunday,14:00,157.036
H25,Sep,Sunday,14:15,154.88
H25,Sep,Sunday,14:30,152.436
H25,Sep,Sunday,14:45,150.552
H25,Sep,Sunday,15:00,148.968
H25,Sep,Sunday,15:15,147.212
H25,Sep,Sunday,15:30,145.832
H25,Sep,Sunday,15:45,145.252
H25,Sep,Sunday,16:00,144.896
H25,Sep,Sunday,16:15,145.512
H25,Sep,Sunday,16:30,147.624
H25,Sep,Sunday,16:45,150.824
H25,Sep,Sunday,17:00,154.76
H25,Sep,Sunday,17:15,159.828
H25,Sep,Sunday,17:30,165.016
H25,Sep,Sunday,17:45,170.42
H25,Sep,Sunday,18:00,175.108
H25,Sep,Sunday,18:15,178.292
H25,Sep,Sunday,18:30,180.316
H25,Sep,Sunday,18:45,183.076
H25,Sep,Sunday,19:00,184.1
H25,Sep,Sunday,19:15,185.768
H25,Sep,Sunday,19:30,187.748
H25,Sep,Sunday,19:45,187.32
H25,Sep,Sunday,20:00,186.8
H25,Sep,Sunday,20:15,183.04
H25,Sep,Sunday,20:30,177.032
H25,Sep,Sunday,20:45,171.0
H25,Sep,Sunday,21:00,164.448
H25,Sep,Sunday,21:15,157.572
H25,Sep,Sunday,21:30,151.432
H25,Sep,Sunday,21:45,147.092
H25,Sep,Sunday,22:00,139.708
H25,Sep,Sunday,22:15,130.456
H25,Sep,Sunday,22:30,123.552
H25,Sep,Sunday,22:45,116.132
H25,Sep,Sunday,23:00,108.796
H25,Sep,Sunday,23:15,102.148
H25,Sep,Sunday,23:30,96.612
H25,Sep,Sunday,23:45,91.084
H25,Oct,Workday,00:00,82.036
H25,Oct,Workday,00:15,77.044
H25,Oct,Workday,00:30,74.32
H25,Oct,Workday,00:45,71.116
H25,Oct,Workday,01:00,68.704
H25,Oct,Workday,01:15,66.44
H25,Oct,Workday,01:30,64.584
H25,Oct,Workday,01:45,62.976
H25,Oct,Workday,02:00,62.52
H25,Oct,Workday,02:15,62.004
H25,Oct,Workday,02:30,61.592
H25,Oct,Workday,02:45,61.432
H25,Oct,Workday,03:00,61.868
H25,Oct,Workday,03:15,61.78
H25,Oct,Workday,03:30,61.944
H25,Oct,Workday,03:45,62.132
H25,Oct,Workday,04:00,63.588
H25,Oct,Workday,04:15,64.58
H25,Oct,Workday,04:30,66.364
H25,Oct,Workday,04:45,69.908
H25,Oct,Workday,05:00,73.5
H25,Oct,Workday,05:15,75.732
H25,Oct,Workday,05:30,79.844
H25,Oct,Workday,05:45,84.864
H25,Oct,Workday,06:00,93.384
H25,Oct,Workday,06:15,100.012
H25,Oct,Workday,06:30,104.596
H25,Oct,Workday,06:45,108.36
H25,Oct,Workday,07:00,110.316
H25,Oct,Workday,07:15,110.38
H25,Oct,Workday,07:30,108.36
H25,Oct,Workday,07:45,105.988
H25,Oct,Workday,08:00,103.712
H25,Oct,Workday,08:15,102.868
H25,Oct,Workday,08:30,101.12
H25,Oct,Workday,08:45,99.868
H25,Oct,Workday,09:00,99.688
H25,Oct,Workday,09:15,99.644
H25,Oct,Workday,09:30,99.792
H25,Oct,Workday,09:45,99.296
H25,Oct,Workday,10:00,98.832
H25,Oct,Workday,10:15,99.432
H25,Oct,Workday,10:30,100.84
H25,Oct,Workday,10:45,102.224
H25,Oct,Workday,11:00,104.768
H25,Oct,Workday,11:15,108.512
H25,Oct,Workday,11:30,111.692
H25,Oct,Workday,11:45,113.572
H25,Oct,Workday,12:00,114.796
H25,Oct,Workday,12:15,114.612
H25,Oct,Workday,12:30,114.136
H25,Oct,Workday,12:45,113.284
H25,Oct,Workday,13:00,112.62
H25,Oct,Workday,13:15,111.932
H25,Oct,Workday,13:30,111.004
H25,Oct,Workday,13:45,109.512
H25,Oct,Workday,14:00,108.456
H25,Oct,Workday,14:15,107.764
H25,Oct,Workday,14:30,107.276
H25,Oct,Workday,14:45,107.496
H25,Oct,Workday,15:00,108.9
H25,Oct,Workday,15:15,109.028
H25,Oct,Workday,15:30,109.412
H25,Oct,Workday,15:45,110.764
H25,Oct,Workday,16:00,114.244
H25,Oct,Workday,16:15,116.82
H25,Oct,Workday,16:30,120.22
H25,Oct,Workday,16:45,125.028
H25,Oct,Workday,17:00,132.296
H25,Oct,Workday,17:15,139.136
H25,Oct,Workday,17:30,146.3
H25,Oct,Workday,17:45,153.86
H25,Oct,Workday,18:00,161.944
H25,Oct,Workday,18:15,168.916
H25,Oct,Workday,18:30,176.376
H25,Oct,Workday,18:45,183.416
H25,Oct,Workday,19:00,187.096
H25,Oct,Workday,19:15,187.784
H25,Oct,Workday,19:30,185.984
H25,Oct,Workday,19:45,181.616
H25,Oct,Workday,20:00,176.86
H25,Oct,Workday,20:15,170.752
H25,Oct,Workday,20:30,164.324
H25,Oct,Workday,20:45,158.844
H25,Oct,Workday,21:00,153.82
H25,Oct,Workday,21:15,148.544
H25,Oct,Workday,21:30,143.268
H25,Oct,Workday,21:45,140.58
H25,Oct,Workday,22:00,136.676
H25,Oct,Workday,22:15,128.304
H25,Oct,Workday,22:30,122.028
H25,Oct,Workday,22:45,114.736
H25,Oct,Workday,23:00,108.152
H25,Oct,Workday,23:15,101.44
H25,Oct,Workday,23:30,95.796
H25,Oct,Workday,23:45,90.028
H25,Oct,Saturday,00:00,91.48
H25,Oct,Saturday,00:15,86.136
H25,Oct,Saturday,00:30,83.044
H25,Oct,Saturday,00:45,79.24
H25,Oct,Saturday,01:00,75.976
H25,Oct,Saturday,01:15,73.092
H25,Oct,Saturday,01:30,70.636
H25,Oct,Saturday,01:45,68.308
H25,Oct,Saturday,02:00,67.356
H25,Oct,Saturday,02:15,66.432
H25,Oct,Saturday,02:30,65.82
H25,Oct,Saturday,02:45,65.236
H25,Oct,Saturday,03:00,65.168
H25,Oct,Saturday,03:15,64.82
H25,Oct,Saturday,03:30,64.68
H25,Oct,Saturday,03:45,64.712
H25,Oct,Saturday,04:00,65.408
H25,Oct,Saturday,04:15,65.596
H25,Oct,Saturday,04:30,66.052
H25,Oct,Saturday,04:45,68.032
H25,Oct,Saturday,05:00,68.996
H25,Oct,Saturday,05:15,69.112
H25,Oct,Saturday,05:30,70.404
H25,Oct,Saturday,05:45,72.52
H25,Oct,Saturday,06:00,76.808
H25,Oct,Saturday,06:15,80.048
H25,Oct,Saturday,06:30,84.296
H25,Oct,Saturday,06:45,89.484
H25,Oct,Saturday,07:00,96.036
H25,Oct,Saturday,07:15,101.324
H25,Oct,Saturday,07:30,107.68
H25,Oct,Saturday,07:45,113.076
H25,Oct,Saturday,08:00,119.48
H25,Oct,Saturday,08:15,125.416
H25,Oct,Saturday,08:30,129.324
H25,Oct,Saturday,08:45,131.712
H25,Oct,Saturday,09:00,134.848
H25,Oct,Saturday,09:15,138.628
H25,Oct,Saturday,09:30,141.02
H25,Oct,Saturday,09:45,142.952
H25,Oct,Saturday,10:00,144.96
H25,Oct,Saturday,10:15,146.372
H25,Oct,Saturday,10:30,147.896
H25,Oct,Saturday,10:45,150.116
H25,Oct,Saturday,11:00,153.62
H25,Oct,Saturday,11:15,156.708
H25,Oct,Saturday,11:30,159.38
H25,Oct,Saturday,11:45,159.912
H25,Oct,Saturday,12:00,159.104
H25,Oct,Saturday,12:15,156.508
H25,Oct,Saturday,12:30,154.304
H25,Oct,Saturday,12:45,152.224
H25,Oct,Saturday,13:00,149.732
H25,Oct,Saturday,13:15,147.312
H25,Oct,Saturday,13:30,145.544
H25,Oct,Saturday,13:45,143.688
H25,Oct,Saturday,14:00,142.044
H25,Oct,Saturday,14:15,140.912
H25,Oct,Saturday,14:30,140.436
H25,Oct,Saturday,14:45,140.1
H25,Oct,Saturday,15:00,139.864
H25,Oct,Saturday,15:15,139.152
H25,Oct,Saturday,15:30,138.56
H25,Oct,Saturday,15:45,137.996
H25,Oct,Saturday,16:00,138.608
H25,Oct,Saturday,16:15,140.14
H25,Oct,Saturday,16:30,142.34
H25,Oct,Saturday,16:45,143.936
H25,Oct,Saturday,17:00,147.532
H25,Oct,Saturday,17:15,151.6
H25,Oct,Saturday,17:30,157.14
H25,Oct,Saturday,17:45,162.904
H25,Oct,Saturday,18:00,169.18
H25,Oct,Saturday,18:15,176.016
H25,Oct,Saturday,18:30,181.504
H25,Oct,Saturday,18:45,185.536
H25,Oct,Saturday,19:00,187.26
H25,Oct,Saturday,19:15,186.308
H25,Oct,Saturday,19:30,183.872
H25,Oct,Saturday,19:45,178.14
H25,Oct,Saturday,20:00,173.428
H25,Oct,Saturday,20:15,167.088
H25,Oct,Saturday,20:30,160.78
H25,Oct,Saturday,20:45,155.808
H25,Oct,Saturday,21:00,151.72
H25,Oct,Saturday,21:15,147.612
H25,Oct,Saturday,21:30,143.124
H25,Oct,Saturday,21:45,140.844
H25,Oct,Saturday,22:00,138.648
H25,Oct,Saturday,22:15,132.98
H25,Oct,Saturday,22:30,128.44
H25,Oct,Saturday,22:45,122.964
H25,Oct,Saturday,23:00,117.412
H25,Oct,Saturday,23:15,112.116
H25,Oct,Saturday,23:30,107.84
H25,Oct,Saturday,23:45,101.756
H25,Oct,Sunday,00:00,94.232
H25,Oct,Sunday,00:15,88.78
H25,Oct,Sunday,00:30,84.676
H25,Oct,Sunday,00:45,80.9
H25,Oct,Sunday,01:00,77.784
H25,Oct,Sunday,01:15,74.864
H25,Oct,Sunday,01:30,73.416
H25,Oct,Sunday,01:45,70.8
H25,Oct,Sunday,02:00,68.696
H25,Oct,Sunday,02:15,67.644
H25,Oct,Sunday,02:30,66.516
H25,Oct,Sunday,02:45,65.62
H25,Oct,Sunday,03:00,65.828
H25,Oct,Sunday,03:15,65.38
H25,Oct,Sunday,03:30,64.688
H25,Oct,Sunday,03:45,64.316
H25,Oct,Sunday,04:00,64.644
H25,Oct,Sunday,04:15,64.172
H25,Oct,Sunday,04:30,64.748
H25,Oct,Sunday,04:45,66.464
H25,Oct,Sunday,05:00,67.4
H25,Oct,Sunday,05:15,67.096
H25,Oct,Sunday,05:30,68.66
H25,Oct,Sunday,05:45,71.108
H25,Oct,Sunday,06:00,75.616
H25,Oct,Sunday,06:15,78.812
H25,Oct,Sunday,06:30,82.496
H25,Oct,Sunday,06:45,86.904
H25,Oct,Sunday,07:00,93.24
H25,Oct,Sunday,07:15,98.98
H25,Oct,Sunday,07:30,106.064
H25,Oct,Sunday,07:45,113.696
H25,Oct,Sunday,08:00,122.076
H25,Oct,Sunday,08:15,130.088
H25,Oct,Sunday,08:30,135.732
H25,Oct,Sunday,08:45,141.136
H25,Oct,Sunday,09:00,147.02
H25,Oct,Sunday,09:15,152.688
H25,Oct,Sunday,09:30,157.476
H25,Oct,Sunday,09:45,161.308
H25,Oct,Sunday,10:00,165.104
H25,Oct,Sunday,10:15,168.94
H25,Oct,Sunday,10:30,172.576
H25,Oct,Sunday,10:45,177.056
H25,Oct,Sunday,11:00,182.684
H25,Oct,Sunday,11:15,188.084
H25,Oct,Sunday,11:30,191.68
H25,Oct,Sunday,11:45,191.344
H25,Oct,Sunday,12:00,186.988
H25,Oct,Sunday,12:15,182.216
H25,Oct,Sunday,12:30,177.388
H25,Oct,Sunday,12:45,173.068
H25,Oct,Sunday,13:00,167.772
H25,Oct,Sunday,13:15,163.804
H25,Oct,Sunday,13:30,160.408
H25,Oct,Sunday,13:45,156.88
H25,Oct,Sunday,14:00,153.628
H25,Oct,Sunday,14:15,151.568
H25,Oct,Sunday,14:30,149.528
H25,Oct,Sunday,14:45,148.004
H25,Oct,Sunday,15:00,146.748
H25,Oct,Sunday,15:15,145.336
H25,Oct,Sunday,15:30,144.4
H25,Oct,Sunday,15:45,143.724
H25,Oct,Sunday,16:00,144.388
H25,Oct,Sunday,16:15,145.944
H25,Oct,Sunday,16:30,148.632
H25,Oct,Sunday,16:45,152.656
H25,Oct,Sunday,17:00,158.336
H25,Oct,Sunday,17:15,164.752
H25,Oct,Sunday,17:30,171.252
H25,Oct,Sunday,17:45,176.856
H25,Oct,Sunday,18:00,181.74
H25,Oct,Sunday,18:15,185.844
H25,Oct,Sunday,18:30,189.116
H25,Oct,Sunday,18:45,193.008
H25,Oct,Sunday,19:00,194.812
H25,Oct,Sunday,19:15,194.188
H25,Oct,Sunday,19:30,191.016
H25,Oct,Sunday,19:45,185.168
H25,Oct,Sunday,20:00,180.084
H25,Oct,Sunday,20:15,172.968
H25,Oct,Sunday,20:30,165.32
H25,Oct,Sunday,20:45,159.108
H25,Oct,Sunday,21:00,154.036
H25,Oct,Sunday,21:15,148.812
H25,Oct,Sunday,21:30,143.196
H25,Oct,Sunday,21:45,140.924
H25,Oct,Sunday,22:00,135.7
H25,Oct,Sunday,22:15,127.108
H25,Oct,Sunday,22:30,120.256
H25,Oct,Sunday,22:45,113.164
H25,Oct,Sunday,23:00,106.444
H25,Oct,Sunday,23:15,100.216
H25,Oct,Sunday,23:30,94.52
H25,Oct,Sunday,23:45,88.724
H25,Nov,Workday,00:00,78.332
H25,Nov,Workday,00:15,73.44
H25,Nov,Workday,00:30,69.548
H25,Nov,Workday,00:45,66.404
H25,Nov,Workday,01:00,64.176
H25,Nov,Workday,01:15,62.08
H25,Nov,Workday,01:30,61.076
H25,Nov,Workday,01:45,59.428
H25,Nov,Workday,02:00,59.496
H25,Nov,Workday,02:15,58.94
H25,Nov,Workday,02:30,58.64
H25,Nov,Workday,02:45,58.736
H25,Nov,Workday,03:00,59.112
H25,Nov,Workday,03:15,59.072
H25,Nov,Workday,03:30,59.576
H25,Nov,Workday,03:45,59.836
H25,Nov,Workday,04:00,61.324
H25,Nov,Workday,04:15,62.096
H25,Nov,Workday,04:30,63.692
H25,Nov,Workday,04:45,66.088
H25,Nov,Workday,05:00,69.008
H25,Nov,Workday,05:15,70.892
H25,Nov,Workday,05:30,74.944
H25,Nov,Workday,05:45,80.148
H25,Nov,Workday,06:00,89.388
H25,Nov,Workday,06:15,96.768
H25,Nov,Workday,06:30,102.52
H25,Nov,Workday,06:45,105.776
H25,Nov,Workday,07:00,107.788
H25,Nov,Workday,07:15,107.004
H25,Nov,Workday,07:30,104.484
H25,Nov,Workday,07:45,101.708
H25,Nov,Workday,08:00,99.048
H25,Nov,Workday,08:15,97.196
H25,Nov,Workday,08:30,94.264
H25,Nov,Workday,08:45,92.256
H25,Nov,Workday,09:00,91.376
H25,Nov,Workday,09:15,91.036
H25,Nov,Workday,09:30,90.38
H25,Nov,Workday,09:45,89.752
H25,Nov,Workday,10:00,89.052
H25,Nov,Workday,10:15,89.74
H25,Nov,Workday,10:30,91.084
H25,Nov,Workday,10:45,92.716
H25,Nov,Workday,11:00,95.404
H25,Nov,Workday,11:15,98.816
H25,Nov,Workday,11:30,101.64
H25,Nov,Workday,11:45,103.556
H25,Nov,Workday,12:00,104.548
H25,Nov,Workday,12:15,105.144
H25,Nov,Workday,12:30,105.552
H25,Nov,Workday,12:45,105.536
H25,Nov,Workday,13:00,104.948
H25,Nov,Workday,13:15,105.196
H25,Nov,Workday,13:30,105.32
H25,Nov,Workday,13:45,103.9
H25,Nov,Workday,14:00,102.792
H25,Nov,Workday,14:15,102.6
H25,Nov,Workday,14:30,102.54
H25,Nov,Workday,14:45,103.58
H25,Nov,Workday,15:00,106.168
H25,Nov,Workday,15:15,106.9
H25,Nov,Workday,15:30,108.332
H25,Nov,Workday,15:45,111.232
H25,Nov,Workday,16:00,117.256
H25,Nov,Workday,16:15,122.572
H25,Nov,Workday,16:30,130.352
H25,Nov,Workday,16:45,139.056
H25,Nov,Workday,17:00,150.792
H25,Nov,Workday,17:15,158.856
H25,Nov,Workday,17:30,164.204
H25,Nov,Workday,17:45,169.4
H25,Nov,Workday,18:00,173.568
H25,Nov,Workday,18:15,175.808
H25,Nov,Workday,18:30,176.928
H25,Nov,Workday,18:45,177.628
H25,Nov,Workday,19:00,176.704
H25,Nov,Workday,19:15,174.88
H25,Nov,Workday,19:30,172.572
H25,Nov,Workday,19:45,169.724
H25,Nov,Workday,20:00,166.084
H25,Nov,Workday,20:15,160.928
H25,Nov,Workday,20:30,154.608
H25,Nov,Workday,20:45,149.652
H25,Nov,Workday,21:00,145.464
H25,Nov,Workday,21:15,141.176
H25,Nov,Workday,21:30,136.44
H25,Nov,Workday,21:45,134.376
H25,Nov,Workday,22:00,131.44
H25,Nov,Workday,22:15,124.04
H25,Nov,Workday,22:30,117.352
H25,Nov,Workday,22:45,110.82
H25,Nov,Workday,23:00,104.912
H25,Nov,Workday,23:15,98.164
H25,Nov,Workday,23:30,92.24
H25,Nov,Workday,23:45,86.332
H25,Nov,Saturday,00:00,86.828
H25,Nov,Saturday,00:15,81.332
H25,Nov,Saturday,00:30,77.184
H25,Nov,Saturday,00:45,73.52
H25,Nov,Saturday,01:00,70.916
H25,Nov,Saturday,01:15,68.604
H25,Nov,Saturday,01:30,66.86
H25,Nov,Saturday,01:45,64.736
H25,Nov,Saturday,02:00,64.064
H25,Nov,Saturday,02:15,63.056
H25,Nov,Saturday,02:30,62.296
H25,Nov,Saturday,02:45,61.616
H25,Nov,Saturday,03:00,61.824
H25,Nov,Saturday,03:15,61.272
H25,Nov,Saturday,03:30,60.936
H25,Nov,Saturday,03:45,60.944
H25,Nov,Saturday,04:00,61.672
H25,Nov,Saturday,04:15,61.252
H25,Nov,Saturday,04:30,61.768
H25,Nov,Saturday,04:45,62.904
H25,Nov,Saturday,05:00,63.116
H25,Nov,Saturday,05:15,62.776
H25,Nov,Saturday,05:30,63.716
H25,Nov,Saturday,05:45,66.052
H25,Nov,Saturday,06:00,71.536
H25,Nov,Saturday,06:15,75.612
H25,Nov,Saturday,06:30,80.512
H25,Nov,Saturday,06:45,85.02
H25,Nov,Saturday,07:00,92.252
H25,Nov,Saturday,07:15,98.52
H25,Nov,Saturday,07:30,105.5
H25,Nov,Saturday,07:45,113.044
H25,Nov,Saturday,08:00,119.208
H25,Nov,Saturday,08:15,124.672
H25,Nov,Saturday,08:30,127.7
H25,Nov,Saturday,08:45,130.608
H25,Nov,Saturday,09:00,133.02
H25,Nov,Saturday,09:15,135.624
H25,Nov,Saturday,09:30,137.284
H25,Nov,Saturday,09:45,138.62
H25,Nov,Saturday,10:00,140.708
H25,Nov,Saturday,10:15,142.616
H25,Nov,Saturday,10:30,144.52
H25,Nov,Saturday,10:45,146.488
H25,Nov,Saturday,11:00,149.672
H25,Nov,Saturday,11:15,153.772
H25,Nov,Saturday,11:30,156.508
H25,Nov,Saturday,11:45,157.668
H25,Nov,Saturday,12:00,155.696
H25,Nov,Saturday,12:15,153.94
H25,Nov,Saturday,12:30,152.456
H25,Nov,Saturday,12:45,150.248
H25,Nov,Saturday,13:00,147.908
H25,Nov,Saturday,13:15,146.488
H25,Nov,Saturday,13:30,145.052
H25,Nov,Saturday,13:45,143.644
H25,Nov,Saturday,14:00,141.84
H25,Nov,Saturday,14:15,142.072
H25,Nov,Saturday,14:30,142.112
H25,Nov,Saturday,14:45,142.152
H25,Nov,Saturday,15:00,142.388
H25,Nov,Saturday,15:15,143.06
H25,Nov,Saturday,15:30,143.656
H25,Nov,Saturday,15:45,145.084
H25,Nov,Saturday,16:00,148.304
H25,Nov,Saturday,16:15,152.732
H25,Nov,Saturday,16:30,158.504
H25,Nov,Saturday,16:45,165.276
H25,Nov,Saturday,17:00,174.484
H25,Nov,Saturday,17:15,180.984
H25,Nov,Saturday,17:30,185.192
H25,Nov,Saturday,17:45,187.372
H25,Nov,Saturday,18:00,187.656
H25,Nov,Saturday,18:15,187.304
H25,Nov,Saturday,18:30,184.832
H25,Nov,Saturday,18:45,181.676
H25,Nov,Saturday,19:00,178.536
H25,Nov,Saturday,19:15,175.464
H25,Nov,Saturday,19:30,171.22
H25,Nov,Saturday,19:45,167.184
H25,Nov,Saturday,20:00,163.376
H25,Nov,Saturday,20:15,157.472
H25,Nov,Saturday,20:30,152.056
H25,Nov,Saturday,20:45,147.928
H25,Nov,Saturday,21:00,144.528
H25,Nov,Saturday,21:15,140.9
H25,Nov,Saturday,21:30,137.136
H25,Nov,Saturday,21:45,135.904
H25,Nov,Saturday,22:00,134.18
H25,Nov,Saturday,22:15,128.836
H25,Nov,Saturday,22:30,124.38
H25,Nov,Saturday,22:45,118.44
H25,Nov,Saturday,23:00,112.708
H25,Nov,Saturday,23:15,106.88
H25,Nov,Saturday,23:30,101.704
H25,Nov,Saturday,23:45,96.84
H25,Nov,Sunday,00:00,90.14
H25,Nov,Sunday,00:15,84.924
H25,Nov,Sunday,00:30,81.096
H25,Nov,Sunday,00:45,77.54
H25,Nov,Sunday,01:00,74.592
H25,Nov,Sunday,01:15,72.14
H25,Nov,Sunday,01:30,70.124
H25,Nov,Sunday,01:45,67.692
H25,Nov,Sunday,02:00,67.08
H25,Nov,Sunday,02:15,65.64
H25,Nov,Sunday,02:30,64.804
H25,Nov,Sunday,02:45,64.124
H25,Nov,Sunday,03:00,64.052
H25,Nov,Sunday,03:15,63.372
H25,Nov,Sunday,03:30,62.668
H25,Nov,Sunday,03:45,62.5
H25,Nov,Sunday,04:00,62.476
H25,Nov,Sunday,04:15,62.064
H25,Nov,Sunday,04:30,62.348
H25,Nov,Sunday,04:45,63.572
H25,Nov,Sunday,05:00,63.908
H25,Nov,Sunday,05:15,63.304
H25,Nov,Sunday,05:30,64.176
H25,Nov,Sunday,05:45,65.652
H25,Nov,Sunday,06:00,69.652
H25,Nov,Sunday,06:15,72.808
H25,Nov,Sunday,06:30,76.068
H25,Nov,Sunday,06:45,79.624
H25,Nov,Sunday,07:00,85.308
H25,Nov,Sunday,07:15,90.408
H25,Nov,Sunday,07:30,97.72
H25,Nov,Sunday,07:45,105.948
H25,Nov,Sunday,08:00,113.908
H25,Nov,Sunday,08:15,121.904
H25,Nov,Sunday,08:30,127.184
H25,Nov,Sunday,08:45,132.316
H25,Nov,Sunday,09:00,137.38
H25,Nov,Sunday,09:15,143.58
H25,Nov,Sunday,09:30,148.156
H25,Nov,Sunday,09:45,152.376
H25,Nov,Sunday,10:00,156.3
H25,Nov,Sunday,10:15,160.004
H25,Nov,Sunday,10:30,164.168
H25,Nov,Sunday,10:45,168.564
H25,Nov,Sunday,11:00,174.888
H25,Nov,Sunday,11:15,181.552
H25,Nov,Sunday,11:30,185.792
H25,Nov,Sunday,11:45,186.044
H25,Nov,Sunday,12:00,181.4
H25,Nov,Sunday,12:15,177.676
H25,Nov,Sunday,12:30,173.576
H25,Nov,Sunday,12:45,169.008
H25,Nov,Sunday,13:00,163.52
H25,Nov,Sunday,13:15,159.892
H25,Nov,Sunday,13:30,157.14
H25,Nov,Sunday,13:45,153.608
H25,Nov,Sunday,14:00,150.8
H25,Nov,Sunday,14:15,148.688
H25,Nov,Sunday,14:30,147.276
H25,Nov,Sunday,14:45,146.644
H25,Nov,Sunday,15:00,147.0
H25,Nov,Sunday,15:15,146.436
H25,Nov,Sunday,15:30,146.144
H25,Nov,Sunday,15:45,147.096
H25,Nov,Sunday,16:00,149.556
H25,Nov,Sunday,16:15,153.216
H25,Nov,Sunday,16:30,159.788
H25,Nov,Sunday,16:45,167.68
H25,Nov,Sunday,17:00,177.608
H25,Nov,Sunday,17:15,185.176
H25,Nov,Sunday,17:30,189.24
H25,Nov,Sunday,17:45,192.444
H25,Nov,Sunday,18:00,193.696
H25,Nov,Sunday,18:15,193.004
H25,Nov,Sunday,18:30,190.468
H25,Nov,Sunday,18:45,188.18
H25,Nov,Sunday,19:00,184.712
H25,Nov,Sunday,19:15,181.032
H25,Nov,Sunday,19:30,176.66
H25,Nov,Sunday,19:45,172.86
H25,Nov,Sunday,20:00,168.668
H25,Nov,Sunday,20:15,162.056
H25,Nov,Sunday,20:30,154.516
H25,Nov,Sunday,20:45,149.24
H25,Nov,Sunday,21:00,144.492
H25,Nov,Sunday,21:15,139.696
H25,Nov,Sunday,21:30,134.712
H25,Nov,Sunday,21:45,132.924
H25,Nov,Sunday,22:00,129.292
H25,Nov,Sunday,22:15,121.432
H25,Nov,Sunday,22:30,114.436
H25,Nov,Sunday,22:45,107.616
H25,Nov,Sunday,23:00,101.856
H25,Nov,Sunday,23:15,95.132
H25,Nov,Sunday,23:30,89.424
H25,Nov,Sunday,23:45,83.516
H25,Dec,Workday,00:00,79.836
H25,Dec,Workday,00:15,74.84
H25,Dec,Workday,00:30,70.856
H25,Dec,Workday,00:45,67.756
H25,Dec,Workday,01:00,65.356
H25,Dec,Workday,01:15,63.212
H25,Dec,Workday,01:30,61.844
H25,Dec,Workday,01:45,59.928
H25,Dec,Workday,02:00,59.796
H25,Dec,Workday,02:15,59.296
H25,Dec,Workday,02:30,58.908
H25,Dec,Workday,02:45,58.612
H25,Dec,Workday,03:00,58.832
H25,Dec,Workday,03:15,58.52
H25,Dec,Workday,03:30,58.692
H25,Dec,Workday,03:45,58.696
H25,Dec,Workday,04:00,59.916
H25,Dec,Workday,04:15,60.48
H25,Dec,Workday,04:30,61.848
H25,Dec,Workday,04:45,63.888
H25,Dec,Workday,05:00,66.432
H25,Dec,Workday,05:15,67.844
H25,Dec,Workday,05:30,71.276
H25,Dec,Workday,05:45,75.92
H25,Dec,Workday,06:00,84.368
H25,Dec,Workday,06:15,90.78
H25,Dec,Workday,06:30,95.96
H25,Dec,Workday,06:45,99.768
H25,Dec,Workday,07:00,102.664
H25,Dec,Workday,07:15,104.176
H25,Dec,Workday,07:30,103.796
H25,Dec,Workday,07:45,102.632
H25,Dec,Workday,08:00,100.176
H25,Dec,Workday,08:15,99.432
H25,Dec,Workday,08:30,97.184
H25,Dec,Workday,08:45,95.676
H25,Dec,Workday,09:00,94.788
H25,Dec,Workday,09:15,94.18
H25,Dec,Workday,09:30,94.036
H25,Dec,Workday,09:45,94.192
H25,Dec,Workday,10:00,93.776
H25,Dec,Workday,10:15,94.144
H25,Dec,Workday,10:30,95.436
H25,Dec,Workday,10:45,96.856
H25,Dec,Workday,11:00,99.644
H25,Dec,Workday,11:15,102.628
H25,Dec,Workday,11:30,105.2
H25,Dec,Workday,11:45,106.728
H25,Dec,Workday,12:00,107.004
H25,Dec,Workday,12:15,107.264
H25,Dec,Workday,12:30,107.804
H25,Dec,Workday,12:45,107.388
H25,Dec,Workday,13:00,106.412
H25,Dec,Workday,13:15,106.624
H25,Dec,Workday,13:30,106.788
H25,Dec,Workday,13:45,105.808
H25,Dec,Workday,14:00,104.74
H25,Dec,Workday,14:15,104.828
H25,Dec,Workday,14:30,104.844
H25,Dec,Workday,14:45,105.992
H25,Dec,Workday,15:00,108.16
H25,Dec,Workday,15:15,109.336
H25,Dec,Workday,15:30,111.552
H25,Dec,Workday,15:45,114.676
H25,Dec,Workday,16:00,121.388
H25,Dec,Workday,16:15,127.676
H25,Dec,Workday,16:30,134.888
H25,Dec,Workday,16:45,142.308
H25,Dec,Workday,17:00,151.18
H25,Dec,Workday,17:15,156.272
H25,Dec,Workday,17:30,159.476
H25,Dec,Workday,17:45,163.528
H25,Dec,Workday,18:00,166.78
H25,Dec,Workday,18:15,168.724
H25,Dec,Workday,18:30,169.728
H25,Dec,Workday,18:45,170.652
H25,Dec,Workday,19:00,170.092
H25,Dec,Workday,19:15,168.532
H25,Dec,Workday,19:30,166.58
H25,Dec,Workday,19:45,164.424
H25,Dec,Workday,20:00,161.196
H25,Dec,Workday,20:15,156.712
H25,Dec,Workday,20:30,151.228
H25,Dec,Workday,20:45,146.712
H25,Dec,Workday,21:00,142.904
H25,Dec,Workday,21:15,139.356
H25,Dec,Workday,21:30,134.96
H25,Dec,Workday,21:45,133.072
H25,Dec,Workday,22:00,130.452
H25,Dec,Workday,22:15,123.588
H25,Dec,Workday,22:30,117.276
H25,Dec,Workday,22:45,110.98
H25,Dec,Workday,23:00,105.488
H25,Dec,Workday,23:15,99.012
H25,Dec,Workday,23:30,93.244
H25,Dec,Workday,23:45,87.644
H25,Dec,Saturday,00:00,86.6
H25,Dec,Saturday,00:15,80.9
H25,Dec,Saturday,00:30,76.524
H25,Dec,Saturday,00:45,72.936
H25,Dec,Saturday,01:00,70.092
H25,Dec,Saturday,01:15,67.468
H25,Dec,Saturday,01:30,65.432
H25,Dec,Saturday,01:45,62.952
H25,Dec,Saturday,02:00,62.144
H25,Dec,Saturday,02:15,61.068
H25,Dec,Saturday,02:30,60.316
H25,Dec,Saturday,02:45,59.648
H25,Dec,Saturday,03:00,59.468
H25,Dec,Saturday,03:15,59.072
H25,Dec,Saturday,03:30,58.92
H25,Dec,Saturday,03:45,58.656
H25,Dec,Saturday,04:00,59.3
H25,Dec,Saturday,04:15,59.2
H25,Dec,Saturday,04:30,59.432
H25,Dec,Saturday,04:45,60.316
H25,Dec,Saturday,05:00,60.848
H25,Dec,Saturday,05:15,60.588
H25,Dec,Saturday,05:30,61.444
H25,Dec,Saturday,05:45,63.692
H25,Dec,Saturday,06:00,68.008
H25,Dec,Saturday,06:15,71.58
H25,Dec,Saturday,06:30,75.252
H25,Dec,Saturday,06:45,78.864
H25,Dec,Saturday,07:00,85.048
H25,Dec,Saturday,07:15,90.644
H25,Dec,Saturday,07:30,96.804
H25,Dec,Saturday,07:45,103.016
H25,Dec,Saturday,08:00,107.94
H25,Dec,Saturday,08:15,113.496
H25,Dec,Saturday,08:30,116.944
H25,Dec,Saturday,08:45,120.412
H25,Dec,Saturday,09:00,122.916
H25,Dec,Saturday,09:15,126.42
H25,Dec,Saturday,09:30,128.24
H25,Dec,Saturday,09:45,130.148
H25,Dec,Saturday,10:00,132.788
H25,Dec,Saturday,10:15,135.276
H25,Dec,Saturday,10:30,137.74
H25,Dec,Saturday,10:45,140.216
H25,Dec,Saturday,11:00,143.772
H25,Dec,Saturday,11:15,147.372
H25,Dec,Saturday,11:30,150.484
H25,Dec,Saturday,11:45,151.736
H25,Dec,Saturday,12:00,149.6
H25,Dec,Saturday,12:15,148.484
H25,Dec,Saturday,12:30,147.26
H25,Dec,Saturday,12:45,146.192
H25,Dec,Saturday,13:00,144.36
H25,Dec,Saturday,13:15,143.16
H25,Dec,Saturday,13:30,142.544
H25,Dec,Saturday,13:45,140.952
H25,Dec,Saturday,14:00,140.408
H25,Dec,Saturday,14:15,140.404
H25,Dec,Saturday,14:30,140.664
H25,Dec,Saturday,14:45,140.628
H25,Dec,Saturday,15:00,141.588
H25,Dec,Saturday,15:15,141.656
H25,Dec,Saturday,15:30,142.676
H25,Dec,Saturday,15:45,144.076
H25,Dec,Saturday,16:00,148.084
H25,Dec,Saturday,16:15,152.632
H25,Dec,Saturday,16:30,157.624
H25,Dec,Saturday,16:45,162.976
H25,Dec,Saturday,17:00,167.532
H25,Dec,Saturday,17:15,170.884
H25,Dec,Saturday,17:30,172.808
H25,Dec,Saturday,17:45,174.052
H25,Dec,Saturday,18:00,174.364
H25,Dec,Saturday,18:15,173.444
H25,Dec,Saturday,18:30,171.456
H25,Dec,Saturday,18:45,168.8
H25,Dec,Saturday,19:00,165.936
H25,Dec,Saturday,19:15,162.372
H25,Dec,Saturday,19:30,158.8
H25,Dec,Saturday,19:45,154.864
H25,Dec,Saturday,20:00,151.816
H25,Dec,Saturday,20:15,147.272
H25,Dec,Saturday,20:30,142.248
H25,Dec,Saturday,20:45,138.94
H25,Dec,Saturday,21:00,136.484
H25,Dec,Saturday,21:15,133.52
H25,Dec,Saturday,21:30,130.584
H25,Dec,Saturday,21:45,129.348
H25,Dec,Saturday,22:00,128.972
H25,Dec,Saturday,22:15,124.56
H25,Dec,Saturday,22:30,120.436
H25,Dec,Saturday,22:45,114.884
H25,Dec,Saturday,23:00,110.292
H25,Dec,Saturday,23:15,105.4
H25,Dec,Saturday,23:30,100.856
H25,Dec,Saturday,23:45,96.632
H25,Dec,Sunday,00:00,91.248
H25,Dec,Sunday,00:15,85.784
H25,Dec,Sunday,00:30,81.572
H25,Dec,Sunday,00:45,78.104
H25,Dec,Sunday,01:00,75.08
H25,Dec,Sunday,01:15,72.272
H25,Dec,Sunday,01:30,69.796
H25,Dec,Sunday,01:45,67.144
H25,Dec,Sunday,02:00,66.3
H25,Dec,Sunday,02:15,64.824
H25,Dec,Sunday,02:30,63.732
H25,Dec,Sunday,02:45,62.78
H25,Dec,Sunday,03:00,62.472
H25,Dec,Sunday,03:15,61.816
H25,Dec,Sunday,03:30,61.112
H25,Dec,Sunday,03:45,60.552
H25,Dec,Sunday,04:00,60.7
H25,Dec,Sunday,04:15,60.032
H25,Dec,Sunday,04:30,60.344
H25,Dec,Sunday,04:45,61.316
H25,Dec,Sunday,05:00,61.844
H25,Dec,Sunday,05:15,61.148
H25,Dec,Sunday,05:30,61.936
H25,Dec,Sunday,05:45,63.188
H25,Dec,Sunday,06:00,66.732
H25,Dec,Sunday,06:15,69.616
H25,Dec,Sunday,06:30,72.464
H25,Dec,Sunday,06:45,75.596
H25,Dec,Sunday,07:00,81.276
H25,Dec,Sunday,07:15,85.884
H25,Dec,Sunday,07:30,92.428
H25,Dec,Sunday,07:45,99.568
H25,Dec,Sunday,08:00,106.084
H25,Dec,Sunday,08:15,113.544
H25,Dec,Sunday,08:30,119.356
H25,Dec,Sunday,08:45,125.412
H25,Dec,Sunday,09:00,130.896
H25,Dec,Sunday,09:15,136.856
H25,Dec,Sunday,09:30,141.796
H25,Dec,Sunday,09:45,146.496
H25,Dec,Sunday,10:00,150.876
H25,Dec,Sunday,10:15,155.42
H25,Dec,Sunday,10:30,159.676
H25,Dec,Sunday,10:45,164.088
H25,Dec,Sunday,11:00,169.968
H25,Dec,Sunday,11:15,176.088
H25,Dec,Sunday,11:30,180.012
H25,Dec,Sunday,11:45,180.452
H25,Dec,Sunday,12:00,175.768
H25,Dec,Sunday,12:15,172.084
H25,Dec,Sunday,12:30,168.268
H25,Dec,Sunday,12:45,164.044
H25,Dec,Sunday,13:00,159.252
H25,Dec,Sunday,13:15,155.896
H25,Dec,Sunday,13:30,154.108
H25,Dec,Sunday,13:45,151.196
H25,Dec,Sunday,14:00,148.5
H25,Dec,Sunday,14:15,147.348
H25,Dec,Sunday,14:30,146.376
H25,Dec,Sunday,14:45,145.12
H25,Dec,Sunday,15:00,145.12
H25,Dec,Sunday,15:15,144.728
H25,Dec,Sunday,15:30,144.804
H25,Dec,Sunday,15:45,145.332
H25,Dec,Sunday,16:00,148.076
H25,Dec,Sunday,16:15,151.636
H25,Dec,Sunday,16:30,156.176
H25,Dec,Sunday,16:45,161.576
H25,Dec,Sunday,17:00,167.02
H25,Dec,Sunday,17:15,170.212
H25,Dec,Sunday,17:30,172.228
H25,Dec,Sunday,17:45,174.584
H25,Dec,Sunday,18:00,175.104
H25,Dec,Sunday,18:15,175.112
H25,Dec,Sunday,18:30,173.94
H25,Dec,Sunday,18:45,172.456
H25,Dec,Sunday,19:00,170.196
H25,Dec,Sunday,19:15,167.524
H25,Dec,Sunday,19:30,164.492
H25,Dec,Sunday,19:45,160.944
H25,Dec,Sunday,20:00,158.164
H25,Dec,Sunday,20:15,153.284
H25,Dec,Sunday,20:30,147.532
H25,Dec,Sunday,20:45,143.008
H25,Dec,Sunday,21:00,139.46
H25,Dec,Sunday,21:15,135.928
H25,Dec,Sunday,21:30,131.648
H25,Dec,Sunday,21:45,130.416
H25,Dec,Sunday,22:00,128.116
H25,Dec,Sunday,22:15,121.8
H25,Dec,Sunday,22:30,116.18
H25,Dec,Sunday,22:45,110.34
H25,Dec,Sunday,23:00,105.276
H25,Dec,Sunday,23:15,99.344
H25,Dec,Sunday,23:30,93.608
H25,Dec,Sunday,23:45,87.98
G25,Jan,Workday,00:00,59.328
G25,Jan,Workday,00:15,58.884
G25,Jan,Workday,00:30,58.472
G25,Jan,Workday,00:45,58.004
G25,Jan,Workday,01:00,57.792
G25,Jan,Workday,01:15,57.484
G25,Jan,Workday,01:30,57.176
G25,Jan,Workday,01:45,57.312
G25,Jan,Workday,02:00,57.224
G25,Jan,Workday,02:15,57.024
G25,Jan,Workday,02:30,56.724
G25,Jan,Workday,02:45,57.08
G25,Jan,Workday,03:00,57.176
G25,Jan,Workday,03:15,57.5
G25,Jan,Workday,03:30,58.112
G25,Jan,Workday,03:45,58.644
G25,Jan,Workday,04:00,60.168
G25,Jan,Workday,04:15,61.104
G25,Jan,Workday,04:30,63.144
G25,Jan,Workday,04:45,65.38
G25,Jan,Workday,05:00,69.648
G25,Jan,Workday,05:15,72.616
G25,Jan,Workday,05:30,78.06
G25,Jan,Workday,05:45,86.16
G25,Jan,Workday,06:00,96.06
G25,Jan,Workday,06:15,103.336
G25,Jan,Workday,06:30,114.568
G25,Jan,Workday,06:45,129.636
G25,Jan,Workday,07:00,152.06
G25,Jan,Workday,07:15,168.536
G25,Jan,Workday,07:30,187.068
G25,Jan,Workday,07:45,208.272
G25,Jan,Workday,08:00,227.444
G25,Jan,Workday,08:15,235.204
G25,Jan,Workday,08:30,242.528
G25,Jan,Workday,08:45,249.636
G25,Jan,Workday,09:00,256.384
G25,Jan,Workday,09:15,257.132
G25,Jan,Workday,09:30,261.144
G25,Jan,Workday,09:45,264.86
G25,Jan,Workday,10:00,271.908
G25,Jan,Workday,10:15,272.9
G25,Jan,Workday,10:30,272.312
G25,Jan,Workday,10:45,271.352
G25,Jan,Workday,11:00,272.22
G25,Jan,Workday,11:15,271.264
G25,Jan,Workday,11:30,269.7
G25,Jan,Workday,11:45,266.536
G25,Jan,Workday,12:00,257.02
G25,Jan,Workday,12:15,251.124
G25,Jan,Workday,12:30,244.152
G25,Jan,Workday,12:45,239.524
G25,Jan,Workday,13:00,234.62
G25,Jan,Workday,13:15,231.5
G25,Jan,Workday,13:30,227.744
G25,Jan,Workday,13:45,226.548
G25,Jan,Workday,14:00,228.728
G25,Jan,Workday,14:15,227.364
G25,Jan,Workday,14:30,229.08
G25,Jan,Workday,14:45,226.844
G25,Jan,Workday,15:00,224.628
G25,Jan,Workday,15:15,221.44
G25,Jan,Workday,15:30,217.436
G25,Jan,Workday,15:45,212.812
G25,Jan,Workday,16:00,207.968
G25,Jan,Workday,16:15,203.32
G25,Jan,Workday,16:30,200.444
G25,Jan,Workday,16:45,197.484
G25,Jan,Workday,17:00,189.912
G25,Jan,Workday,17:15,184.572
G25,Jan,Workday,17:30,177.64
G25,Jan,Workday,17:45,171.2
G25,Jan,Workday,18:00,157.624
G25,Jan,Workday,18:15,146.748
G25,Jan,Workday,18:30,133.952
G25,Jan,Workday,18:45,125.324
G25,Jan,Workday,19:00,116.872
G25,Jan,Workday,19:15,109.264
G25,Jan,Workday,19:30,104.54
G25,Jan,Workday,19:45,100.736
G25,Jan,Workday,20:00,95.42
G25,Jan,Workday,20:15,90.968
G25,Jan,Workday,20:30,87.32
G25,Jan,Workday,20:45,83.884
G25,Jan,Workday,21:00,80.708
G25,Jan,Workday,21:15,78.228
G25,Jan,Workday,21:30,76.068
G25,Jan,Workday,21:45,73.82
G25,Jan,Workday,22:00,70.532
G25,Jan,Workday,22:15,68.372
G25,Jan,Workday,22:30,66.512
G25,Jan,Workday,22:45,65.304
G25,Jan,Workday,23:00,63.988
G25,Jan,Workday,23:15,62.632
G25,Jan,Workday,23:30,62.224
G25,Jan,Workday,23:45,61.484
G25,Jan,Saturday,00:00,60.18
G25,Jan,Saturday,00:15,59.632
G25,Jan,Saturday,00:30,59.14
G25,Jan,Saturday,00:45,58.956
G25,Jan,Saturday,01:00,58.696
G25,Jan,Saturday,01:15,58.364
G25,Jan,Saturday,01:30,58.196
G25,Jan,Saturday,01:45,57.684
G25,Jan,Saturday,02:00,57.312
G25,Jan,Saturday,02:15,56.908
G25,Jan,Saturday,02:30,56.308
G25,Jan,Saturday,02:45,57.076
G25,Jan,Saturday,03:00,57.232
G25,Jan,Saturday,03:15,57.384
G25,Jan,Saturday,03:30,57.652
G25,Jan,Saturday,03:45,57.732
G25,Jan,Saturday,04:00,57.772
G25,Jan,Saturday,04:15,59.224
G25,Jan,Saturday,04:30,60.328
G25,Jan,Saturday,04:45,62.264
G25,Jan,Saturday,05:00,64.548
G25,Jan,Saturday,05:15,66.308
G25,Jan,Saturday,05:30,69.804
G25,Jan,Saturday,05:45,72.716
G25,Jan,Saturday,06:00,75.524
G25,Jan,Saturday,06:15,76.46
G25,Jan,Saturday,06:30,77.868
G25,Jan,Saturday,06:45,80.288
G25,Jan,Saturday,07:00,82.4
G25,Jan,Saturday,07:15,84.876
G25,Jan,Saturday,07:30,87.632
G25,Jan,Saturday,07:45,92.732
G25,Jan,Saturday,08:00,98.212
G25,Jan,Saturday,08:15,101.156
G25,Jan,Saturday,08:30,104.916
G25,Jan,Saturday,08:45,111.892
G25,Jan,Saturday,09:00,118.244
G25,Jan,Saturday,09:15,122.176
G25,Jan,Saturday,09:30,128.492
G25,Jan,Saturday,09:45,134.616
G25,Jan,Saturday,10:00,138.14
G25,Jan,Saturday,10:15,138.848
G25,Jan,Saturday,10:30,140.508
G25,Jan,Saturday,10:45,139.864
G25,Jan,Saturday,11:00,138.756
G25,Jan,Saturday,11:15,141.028
G25,Jan,Saturday,11:30,140.58
G25,Jan,Saturday,11:45,137.568
G25,Jan,Saturday,12:00,132.964
G25,Jan,Saturday,12:15,130.756
G25,Jan,Saturday,12:30,128.756
G25,Jan,Saturday,12:45,125.816
G25,Jan,Saturday,13:00,119.224
G25,Jan,Saturday,13:15,116.2
G25,Jan,Saturday,13:30,114.104
G25,Jan,Saturday,13:45,111.988
G25,Jan,Saturday,14:00,108.808
G25,Jan,Saturday,14:15,104.512
G25,Jan,Saturday,14:30,102.412
G25,Jan,Saturday,14:45,102.276
G25,Jan,Saturday,15:00,101.976
G25,Jan,Saturday,15:15,101.384
G25,Jan,Saturday,15:30,100.196
G25,Jan,Saturday,15:45,100.424
G25,Jan,Saturday,16:00,98.284
G25,Jan,Saturday,16:15,96.888
G25,Jan,Saturday,16:30,98.328
G25,Jan,Saturday,16:45,99.2
G25,Jan,Saturday,17:00,99.736
G25,Jan,Saturday,17:15,100.88
G25,Jan,Saturday,17:30,101.784
G25,Jan,Saturday,17:45,100.396
G25,Jan,Saturday,18:00,97.308
G25,Jan,Saturday,18:15,93.824
G25,Jan,Saturday,18:30,91.944
G25,Jan,Saturday,18:45,90.496
G25,Jan,Saturday,19:00,89.0
G25,Jan,Saturday,19:15,87.244
G25,Jan,Saturday,19:30,85.372
G25,Jan,Saturday,19:45,83.948
G25,Jan,Saturday,20:00,82.06
G25,Jan,Saturday,20:15,79.8
G25,Jan,Saturday,20:30,78.02
G25,Jan,Saturday,20:45,75.824
G25,Jan,Saturday,21:00,73.076
G25,Jan,Saturday,21:15,72.12
G25,Jan,Saturday,21:30,71.096
G25,Jan,Saturday,21:45,68.792
G25,Jan,Saturday,22:00,66.232
G25,Jan,Saturday,22:15,65.248
G25,Jan,Saturday,22:30,64.532
G25,Jan,Saturday,22:45,62.94
G25,Jan,Saturday,23:00,62.124
G25,Jan,Saturday,23:15,62.032
G25,Jan,Saturday,23:30,61.32
G25,Jan,Saturday,23:45,59.976
G25,Jan,Sunday,00:00,58.632
G25,Jan,Sunday,00:15,58.408
G25,Jan,Sunday,00:30,57.72
G25,Jan,Sunday,00:45,56.976
G25,Jan,Sunday,01:00,56.904
G25,Jan,Sunday,01:15,56.452
G25,Jan,Sunday,01:30,56.516
G25,Jan,Sunday,01:45,56.556
G25,Jan,Sunday,02:00,56.276
G25,Jan,Sunday,02:15,55.984
G25,Jan,Sunday,02:30,55.472
G25,Jan,Sunday,02:45,55.832
G25,Jan,Sunday,03:00,55.344
G25,Jan,Sunday,03:15,55.216
G25,Jan,Sunday,03:30,55.564
G25,Jan,Sunday,03:45,55.652
G25,Jan,Sunday,04:00,55.884
G25,Jan,Sunday,04:15,55.768
G25,Jan,Sunday,04:30,55.56
G25,Jan,Sunday,04:45,56.048
G25,Jan,Sunday,05:00,57.636
G25,Jan,Sunday,05:15,58.72
G25,Jan,Sunday,05:30,59.38
G25,Jan,Sunday,05:45,60.024
G25,Jan,Sunday,06:00,61.316
G25,Jan,Sunday,06:15,61.284
G25,Jan,Sunday,06:30,62.732
G25,Jan,Sunday,06:45,63.52
G25,Jan,Sunday,07:00,64.788
G25,Jan,Sunday,07:15,65.116
G25,Jan,Sunday,07:30,65.452
G25,Jan,Sunday,07:45,65.296
G25,Jan,Sunday,08:00,65.932
G25,Jan,Sunday,08:15,65.576
G25,Jan,Sunday,08:30,65.608
G25,Jan,Sunday,08:45,65.324
G25,Jan,Sunday,09:00,65.052
G25,Jan,Sunday,09:15,65.832
G25,Jan,Sunday,09:30,67.72
G25,Jan,Sunday,09:45,68.944
G25,Jan,Sunday,10:00,70.204
G25,Jan,Sunday,10:15,70.968
G25,Jan,Sunday,10:30,72.388
G25,Jan,Sunday,10:45,73.692
G25,Jan,Sunday,11:00,73.632
G25,Jan,Sunday,11:15,72.848
G25,Jan,Sunday,11:30,72.988
G25,Jan,Sunday,11:45,73.052
G25,Jan,Sunday,12:00,73.252
G25,Jan,Sunday,12:15,74.608
G25,Jan,Sunday,12:30,73.192
G25,Jan,Sunday,12:45,71.8
G25,Jan,Sunday,13:00,70.876
G25,Jan,Sunday,13:15,71.812
G25,Jan,Sunday,13:30,71.592
G25,Jan,Sunday,13:45,70.86
G25,Jan,Sunday,14:00,70.436
G25,Jan,Sunday,14:15,70.072
G25,Jan,Sunday,14:30,69.704
G25,Jan,Sunday,14:45,68.74
G25,Jan,Sunday,15:00,70.244
G25,Jan,Sunday,15:15,70.288
G25,Jan,Sunday,15:30,70.944
G25,Jan,Sunday,15:45,72.08
G25,Jan,Sunday,16:00,72.952
G25,Jan,Sunday,16:15,76.004
G25,Jan,Sunday,16:30,78.22
G25,Jan,Sunday,16:45,79.78
G25,Jan,Sunday,17:00,81.676
G25,Jan,Sunday,17:15,82.304
G25,Jan,Sunday,17:30,82.912
G25,Jan,Sunday,17:45,83.308
G25,Jan,Sunday,18:00,82.54
G25,Jan,Sunday,18:15,81.852
G25,Jan,Sunday,18:30,81.368
G25,Jan,Sunday,18:45,80.024
G25,Jan,Sunday,19:00,79.476
G25,Jan,Sunday,19:15,78.464
G25,Jan,Sunday,19:30,77.2
G25,Jan,Sunday,19:45,75.508
G25,Jan,Sunday,20:00,74.008
G25,Jan,Sunday,20:15,72.904
G25,Jan,Sunday,20:30,71.76
G25,Jan,Sunday,20:45,70.256
G25,Jan,Sunday,21:00,68.6
G25,Jan,Sunday,21:15,68.044
G25,Jan,Sunday,21:30,66.788
G25,Jan,Sunday,21:45,65.272
G25,Jan,Sunday,22:00,63.02
G25,Jan,Sunday,22:15,61.448
G25,Jan,Sunday,22:30,60.34
G25,Jan,Sunday,22:45,59.24
G25,Jan,Sunday,23:00,58.276
G25,Jan,Sunday,23:15,57.68
G25,Jan,Sunday,23:30,56.872
G25,Jan,Sunday,23:45,56.468
G25,Feb,Workday,00:00,59.868
G25,Feb,Workday,00:15,59.24
G25,Feb,Workday,00:30,58.836
G25,Feb,Workday,00:45,58.412
G25,Feb,Workday,01:00,58.432
G25,Feb,Workday,01:15,58.184
G25,Feb,Workday,01:30,57.524
G25,Feb,Workday,01:45,57.924
G25,Feb,Workday,02:00,58.152
G25,Feb,Workday,02:15,57.736
G25,Feb,Workday,02:30,57.572
G25,Feb,Workday,02:45,57.712
G25,Feb,Workday,03:00,58.032
G25,Feb,Workday,03:15,58.408
G25,Feb,Workday,03:30,58.712
G25,Feb,Workday,03:45,59.376
G25,Feb,Workday,04:00,60.7
G25,Feb,Workday,04:15,61.368
G25,Feb,Workday,04:30,63.46
G25,Feb,Workday,04:45,65.62
G25,Feb,Workday,05:00,69.9
G25,Feb,Workday,05:15,73.592
G25,Feb,Workday,05:30,79.428
G25,Feb,Workday,05:45,87.984
G25,Feb,Workday,06:00,98.044
G25,Feb,Workday,06:15,105.76
G25,Feb,Workday,06:30,118.192
G25,Feb,Workday,06:45,133.78
G25,Feb,Workday,07:00,157.608
G25,Feb,Workday,07:15,173.704
G25,Feb,Workday,07:30,189.536
G25,Feb,Workday,07:45,208.112
G25,Feb,Workday,08:00,226.708
G25,Feb,Workday,08:15,233.592
G25,Feb,Workday,08:30,239.764
G25,Feb,Workday,08:45,246.964
G25,Feb,Workday,09:00,252.324
G25,Feb,Workday,09:15,253.608
G25,Feb,Workday,09:30,257.48
G25,Feb,Workday,09:45,261.36
G25,Feb,Workday,10:00,268.676
G25,Feb,Workday,10:15,270.268
G25,Feb,Workday,10:30,268.716
G25,Feb,Workday,10:45,268.364
G25,Feb,Workday,11:00,267.316
G25,Feb,Workday,11:15,266.9
G25,Feb,Workday,11:30,265.648
G25,Feb,Workday,11:45,262.22
G25,Feb,Workday,12:00,253.112
G25,Feb,Workday,12:15,246.336
G25,Feb,Workday,12:30,239.86
G25,Feb,Workday,12:45,235.152
G25,Feb,Workday,13:00,230.352
G25,Feb,Workday,13:15,226.056
G25,Feb,Workday,13:30,223.124
G25,Feb,Workday,13:45,221.932
G25,Feb,Workday,14:00,223.072
G25,Feb,Workday,14:15,222.02
G25,Feb,Workday,14:30,222.288
G25,Feb,Workday,14:45,219.444
G25,Feb,Workday,15:00,216.4
G25,Feb,Workday,15:15,213.428
G25,Feb,Workday,15:30,209.436
G25,Feb,Workday,15:45,204.624
G25,Feb,Workday,16:00,198.804
G25,Feb,Workday,16:15,193.332
G25,Feb,Workday,16:30,188.68
G25,Feb,Workday,16:45,184.516
G25,Feb,Workday,17:00,177.8
G25,Feb,Workday,17:15,174.124
G25,Feb,Workday,17:30,171.104
G25,Feb,Workday,17:45,167.748
G25,Feb,Workday,18:00,157.14
G25,Feb,Workday,18:15,146.992
G25,Feb,Workday,18:30,135.032
G25,Feb,Workday,18:45,126.328
G25,Feb,Workday,19:00,117.968
G25,Feb,Workday,19:15,109.736
G25,Feb,Workday,19:30,105.64
G25,Feb,Workday,19:45,100.776
G25,Feb,Workday,20:00,95.392
G25,Feb,Workday,20:15,91.612
G25,Feb,Workday,20:30,87.572
G25,Feb,Workday,20:45,84.392
G25,Feb,Workday,21:00,81.204
G25,Feb,Workday,21:15,78.468
G25,Feb,Workday,21:30,75.844
G25,Feb,Workday,21:45,73.424
G25,Feb,Workday,22:00,70.196
G25,Feb,Workday,22:15,68.276
G25,Feb,Workday,22:30,66.528
G25,Feb,Workday,22:45,65.504
G25,Feb,Workday,23:00,63.968
G25,Feb,Workday,23:15,62.732
G25,Feb,Workday,23:30,62.076
G25,Feb,Workday,23:45,61.364
G25,Feb,Saturday,00:00,59.048
G25,Feb,Saturday,00:15,58.344
G25,Feb,Saturday,00:30,57.856
G25,Feb,Saturday,00:45,57.92
G25,Feb,Saturday,01:00,57.648
G25,Feb,Saturday,01:15,57.044
G25,Feb,Saturday,01:30,57.036
G25,Feb,Saturday,01:45,57.08
G25,Feb,Saturday,02:00,57.164
G25,Feb,Saturday,02:15,56.756
G25,Feb,Saturday,02:30,56.216
G25,Feb,Saturday,02:45,56.64
G25,Feb,Saturday,03:00,56.656
G25,Feb,Saturday,03:15,57.0
G25,Feb,Saturday,03:30,56.768
G25,Feb,Saturday,03:45,57.316
G25,Feb,Saturday,04:00,57.34
G25,Feb,Saturday,04:15,57.96
G25,Feb,Saturday,04:30,59.152
G25,Feb,Saturday,04:45,60.548
G25,Feb,Saturday,05:00,63.96
G25,Feb,Saturday,05:15,65.604
G25,Feb,Saturday,05:30,69.948
G25,Feb,Saturday,05:45,72.768
G25,Feb,Saturday,06:00,74.46
G25,Feb,Saturday,06:15,75.56
G25,Feb,Saturday,06:30,76.62
G25,Feb,Saturday,06:45,79.92
G25,Feb,Saturday,07:00,82.032
G25,Feb,Saturday,07:15,83.796
G25,Feb,Saturday,07:30,87.292
G25,Feb,Saturday,07:45,90.98
G25,Feb,Saturday,08:00,94.724
G25,Feb,Saturday,08:15,99.088
G25,Feb,Saturday,08:30,103.82
G25,Feb,Saturday,08:45,112.468
G25,Feb,Saturday,09:00,120.336
G25,Feb,Saturday,09:15,124.776
G25,Feb,Saturday,09:30,130.384
G25,Feb,Saturday,09:45,133.804
G25,Feb,Saturday,10:00,139.028
G25,Feb,Saturday,10:15,138.548
G25,Feb,Saturday,10:30,139.244
G25,Feb,Saturday,10:45,139.94
G25,Feb,Saturday,11:00,140.224
G25,Feb,Saturday,11:15,141.564
G25,Feb,Saturday,11:30,139.42
G25,Feb,Saturday,11:45,136.176
G25,Feb,Saturday,12:00,131.636
G25,Feb,Saturday,12:15,129.424
G25,Feb,Saturday,12:30,128.164
G25,Feb,Saturday,12:45,125.48
G25,Feb,Saturday,13:00,118.344
G25,Feb,Saturday,13:15,114.668
G25,Feb,Saturday,13:30,111.156
G25,Feb,Saturday,13:45,109.728
G25,Feb,Saturday,14:00,105.14
G25,Feb,Saturday,14:15,103.32
G25,Feb,Saturday,14:30,101.412
G25,Feb,Saturday,14:45,99.336
G25,Feb,Saturday,15:00,98.452
G25,Feb,Saturday,15:15,96.992
G25,Feb,Saturday,15:30,96.256
G25,Feb,Saturday,15:45,96.216
G25,Feb,Saturday,16:00,93.464
G25,Feb,Saturday,16:15,92.4
G25,Feb,Saturday,16:30,92.592
G25,Feb,Saturday,16:45,93.036
G25,Feb,Saturday,17:00,93.336
G25,Feb,Saturday,17:15,94.456
G25,Feb,Saturday,17:30,96.444
G25,Feb,Saturday,17:45,96.532
G25,Feb,Saturday,18:00,95.96
G25,Feb,Saturday,18:15,93.464
G25,Feb,Saturday,18:30,92.692
G25,Feb,Saturday,18:45,91.344
G25,Feb,Saturday,19:00,88.916
G25,Feb,Saturday,19:15,87.432
G25,Feb,Saturday,19:30,85.6
G25,Feb,Saturday,19:45,83.508
G25,Feb,Saturday,20:00,81.064
G25,Feb,Saturday,20:15,78.716
G25,Feb,Saturday,20:30,77.104
G25,Feb,Saturday,20:45,75.304
G25,Feb,Saturday,21:00,72.796
G25,Feb,Saturday,21:15,71.608
G25,Feb,Saturday,21:30,70.052
G25,Feb,Saturday,21:45,68.704
G25,Feb,Saturday,22:00,65.404
G25,Feb,Saturday,22:15,64.576
G25,Feb,Saturday,22:30,63.076
G25,Feb,Saturday,22:45,62.62
G25,Feb,Saturday,23:00,61.956
G25,Feb,Saturday,23:15,61.408
G25,Feb,Saturday,23:30,60.384
G25,Feb,Saturday,23:45,59.652
G25,Feb,Sunday,00:00,59.18
G25,Feb,Sunday,00:15,59.176
G25,Feb,Sunday,00:30,58.748
G25,Feb,Sunday,00:45,57.672
G25,Feb,Sunday,01:00,57.516
G25,Feb,Sunday,01:15,56.964
G25,Feb,Sunday,01:30,56.5
G25,Feb,Sunday,01:45,57.056
G25,Feb,Sunday,02:00,56.312
G25,Feb,Sunday,02:15,56.516
G25,Feb,Sunday,02:30,56.048
G25,Feb,Sunday,02:45,55.94
G25,Feb,Sunday,03:00,56.496
G25,Feb,Sunday,03:15,55.752
G25,Feb,Sunday,03:30,55.812
G25,Feb,Sunday,03:45,56.188
G25,Feb,Sunday,04:00,56.38
G25,Feb,Sunday,04:15,56.664
G25,Feb,Sunday,04:30,56.524
G25,Feb,Sunday,04:45,56.504
G25,Feb,Sunday,05:00,57.916
G25,Feb,Sunday,05:15,59.424
G25,Feb,Sunday,05:30,60.48
G25,Feb,Sunday,05:45,61.336
G25,Feb,Sunday,06:00,62.432
G25,Feb,Sunday,06:15,63.22
G25,Feb,Sunday,06:30,64.0
G25,Feb,Sunday,06:45,65.256
G25,Feb,Sunday,07:00,65.704
G25,Feb,Sunday,07:15,66.46
G25,Feb,Sunday,07:30,65.728
G25,Feb,Sunday,07:45,65.468
G25,Feb,Sunday,08:00,66.224
G25,Feb,Sunday,08:15,66.508
G25,Feb,Sunday,08:30,66.796
G25,Feb,Sunday,08:45,67.252
G25,Feb,Sunday,09:00,69.34
G25,Feb,Sunday,09:15,69.772
G25,Feb,Sunday,09:30,70.32
G25,Feb,Sunday,09:45,71.452
G25,Feb,Sunday,10:00,73.7
G25,Feb,Sunday,10:15,73.056
G25,Feb,Sunday,10:30,73.872
G25,Feb,Sunday,10:45,74.08
G25,Feb,Sunday,11:00,74.276
G25,Feb,Sunday,11:15,76.028
G25,Feb,Sunday,11:30,76.252
G25,Feb,Sunday,11:45,76.184
G25,Feb,Sunday,12:00,75.756
G25,Feb,Sunday,12:15,75.136
G25,Feb,Sunday,12:30,74.576
G25,Feb,Sunday,12:45,74.924
G25,Feb,Sunday,13:00,74.284
G25,Feb,Sunday,13:15,73.656
G25,Feb,Sunday,13:30,72.748
G25,Feb,Sunday,13:45,72.0
G25,Feb,Sunday,14:00,71.196
G25,Feb,Sunday,14:15,71.068
G25,Feb,Sunday,14:30,70.232
G25,Feb,Sunday,14:45,69.916
G25,Feb,Sunday,15:00,71.236
G25,Feb,Sunday,15:15,71.04
G25,Feb,Sunday,15:30,71.628
G25,Feb,Sunday,15:45,71.996
G25,Feb,Sunday,16:00,72.512
G25,Feb,Sunday,16:15,73.168
G25,Feb,Sunday,16:30,73.844
G25,Feb,Sunday,16:45,74.348
G25,Feb,Sunday,17:00,76.68
G25,Feb,Sunday,17:15,77.996
G25,Feb,Sunday,17:30,81.116
G25,Feb,Sunday,17:45,82.792
G25,Feb,Sunday,18:00,83.504
G25,Feb,Sunday,18:15,83.972
G25,Feb,Sunday,18:30,82.828
G25,Feb,Sunday,18:45,81.292
G25,Feb,Sunday,19:00,80.96
G25,Feb,Sunday,19:15,78.92
G25,Feb,Sunday,19:30,79.088
G25,Feb,Sunday,19:45,77.056
G25,Feb,Sunday,20:00,75.636
G25,Feb,Sunday,20:15,74.54
G25,Feb,Sunday,20:30,72.976
G25,Feb,Sunday,20:45,71.492
G25,Feb,Sunday,21:00,70.532
G25,Feb,Sunday,21:15,68.488
G25,Feb,Sunday,21:30,67.116
G25,Feb,Sunday,21:45,66.18
G25,Feb,Sunday,22:00,64.052
G25,Feb,Sunday,22:15,62.236
G25,Feb,Sunday,22:30,61.172
G25,Feb,Sunday,22:45,60.448
G25,Feb,Sunday,23:00,59.084
G25,Feb,Sunday,23:15,58.28
G25,Feb,Sunday,23:30,57.956
G25,Feb,Sunday,23:45,57.212
G25,Mar,Workday,00:00,58.58
G25,Mar,Workday,00:15,58.096
G25,Mar,Workday,00:30,57.724
G25,Mar,Workday,00:45,57.456
G25,Mar,Workday,01:00,57.028
G25,Mar,Workday,01:15,56.696
G25,Mar,Workday,01:30,56.272
G25,Mar,Workday,01:45,56.316
G25,Mar,Workday,02:00,56.36
G25,Mar,Workday,02:15,56.068
G25,Mar,Workday,02:30,55.864
G25,Mar,Workday,02:45,56.24
G25,Mar,Workday,03:00,56.58
G25,Mar,Workday,03:15,57.128
G25,Mar,Workday,03:30,57.564
G25,Mar,Workday,03:45,58.696
G25,Mar,Workday,04:00,59.504
G25,Mar,Workday,04:15,60.24
G25,Mar,Workday,04:30,62.656
G25,Mar,Workday,04:45,65.036
G25,Mar,Workday,05:00,68.892
G25,Mar,Workday,05:15,72.468
G25,Mar,Workday,05:30,78.212
G25,Mar,Workday,05:45,86.884
G25,Mar,Workday,06:00,96.676
G25,Mar,Workday,06:15,103.504
G25,Mar,Workday,06:30,114.064
G25,Mar,Workday,06:45,128.504
G25,Mar,Workday,07:00,148.048
G25,Mar,Workday,07:15,163.104
G25,Mar,Workday,07:30,177.824
G25,Mar,Workday,07:45,195.368
G25,Mar,Workday,08:00,213.488
G25,Mar,Workday,08:15,222.776
G25,Mar,Workday,08:30,230.068
G25,Mar,Workday,08:45,238.776
G25,Mar,Workday,09:00,243.836
G25,Mar,Workday,09:15,246.224
G25,Mar,Workday,09:30,249.676
G25,Mar,Workday,09:45,254.32
G25,Mar,Workday,10:00,262.288
G25,Mar,Workday,10:15,262.632
G25,Mar,Workday,10:30,262.264
G25,Mar,Workday,10:45,261.808
G25,Mar,Workday,11:00,262.228
G25,Mar,Workday,11:15,261.364
G25,Mar,Workday,11:30,260.292
G25,Mar,Workday,11:45,257.228
G25,Mar,Workday,12:00,248.62
G25,Mar,Workday,12:15,241.8
G25,Mar,Workday,12:30,235.484
G25,Mar,Workday,12:45,229.652
G25,Mar,Workday,13:00,226.428
G25,Mar,Workday,13:15,222.556
G25,Mar,Workday,13:30,218.728
G25,Mar,Workday,13:45,217.696
G25,Mar,Workday,14:00,219.272
G25,Mar,Workday,14:15,217.232
G25,Mar,Workday,14:30,217.264
G25,Mar,Workday,14:45,214.596
G25,Mar,Workday,15:00,211.424
G25,Mar,Workday,15:15,207.996
G25,Mar,Workday,15:30,203.008
G25,Mar,Workday,15:45,197.668
G25,Mar,Workday,16:00,191.9
G25,Mar,Workday,16:15,187.88
G25,Mar,Workday,16:30,182.488
G25,Mar,Workday,16:45,177.212
G25,Mar,Workday,17:00,170.588
G25,Mar,Workday,17:15,164.836
G25,Mar,Workday,17:30,159.916
G25,Mar,Workday,17:45,155.248
G25,Mar,Workday,18:00,144.688
G25,Mar,Workday,18:15,136.44
G25,Mar,Workday,18:30,126.708
G25,Mar,Workday,18:45,121.004
G25,Mar,Workday,19:00,113.96
G25,Mar,Workday,19:15,106.848
G25,Mar,Workday,19:30,102.672
G25,Mar,Workday,19:45,99.788
G25,Mar,Workday,20:00,94.68
G25,Mar,Workday,20:15,90.88
G25,Mar,Workday,20:30,86.82
G25,Mar,Workday,20:45,83.456
G25,Mar,Workday,21:00,80.192
G25,Mar,Workday,21:15,77.856
G25,Mar,Workday,21:30,75.292
G25,Mar,Workday,21:45,72.488
G25,Mar,Workday,22:00,69.26
G25,Mar,Workday,22:15,67.24
G25,Mar,Workday,22:30,65.408
G25,Mar,Workday,22:45,64.472
G25,Mar,Workday,23:00,62.748
G25,Mar,Workday,23:15,61.392
G25,Mar,Workday,23:30,60.548
G25,Mar,Workday,23:45,59.752
G25,Mar,Saturday,00:00,58.984
G25,Mar,Saturday,00:15,58.244
G25,Mar,Saturday,00:30,58.248
G25,Mar,Saturday,00:45,57.484
G25,Mar,Saturday,01:00,57.692
G25,Mar,Saturday,01:15,57.304
G25,Mar,Saturday,01:30,56.712
G25,Mar,Saturday,01:45,56.812
G25,Mar,Saturday,02:00,56.54
G25,Mar,Saturday,02:15,55.86
G25,Mar,Saturday,02:30,55.3
G25,Mar,Saturday,02:45,55.78
G25,Mar,Saturday,03:00,56.216
G25,Mar,Saturday,03:15,56.636
G25,Mar,Saturday,03:30,56.712
G25,Mar,Saturday,03:45,56.472
G25,Mar,Saturday,04:00,56.464
G25,Mar,Saturday,04:15,57.528
G25,Mar,Saturday,04:30,58.508
G25,Mar,Saturday,04:45,60.5
G25,Mar,Saturday,05:00,62.896
G25,Mar,Saturday,05:15,64.644
G25,Mar,Saturday,05:30,68.308
G25,Mar,Saturday,05:45,70.68
G25,Mar,Saturday,06:00,73.084
G25,Mar,Saturday,06:15,74.324
G25,Mar,Saturday,06:30,74.376
G25,Mar,Saturday,06:45,76.064
G25,Mar,Saturday,07:00,78.764
G25,Mar,Saturday,07:15,79.74
G25,Mar,Saturday,07:30,82.624
G25,Mar,Saturday,07:45,86.944
G25,Mar,Saturday,08:00,92.928
G25,Mar,Saturday,08:15,95.548
G25,Mar,Saturday,08:30,101.072
G25,Mar,Saturday,08:45,108.688
G25,Mar,Saturday,09:00,117.236
G25,Mar,Saturday,09:15,118.5
G25,Mar,Saturday,09:30,124.228
G25,Mar,Saturday,09:45,129.172
G25,Mar,Saturday,10:00,132.78
G25,Mar,Saturday,10:15,133.724
G25,Mar,Saturday,10:30,133.976
G25,Mar,Saturday,10:45,135.096
G25,Mar,Saturday,11:00,135.32
G25,Mar,Saturday,11:15,135.612
G25,Mar,Saturday,11:30,134.772
G25,Mar,Saturday,11:45,133.84
G25,Mar,Saturday,12:00,131.304
G25,Mar,Saturday,12:15,126.884
G25,Mar,Saturday,12:30,124.5
G25,Mar,Saturday,12:45,122.58
G25,Mar,Saturday,13:00,116.288
G25,Mar,Saturday,13:15,112.404
G25,Mar,Saturday,13:30,110.608
G25,Mar,Saturday,13:45,108.452
G25,Mar,Saturday,14:00,104.204
G25,Mar,Saturday,14:15,101.888
G25,Mar,Saturday,14:30,101.18
G25,Mar,Saturday,14:45,99.416
G25,Mar,Saturday,15:00,98.508
G25,Mar,Saturday,15:15,96.76
G25,Mar,Saturday,15:30,95.876
G25,Mar,Saturday,15:45,95.496
G25,Mar,Saturday,16:00,92.564
G25,Mar,Saturday,16:15,90.904
G25,Mar,Saturday,16:30,90.556
G25,Mar,Saturday,16:45,91.26
G25,Mar,Saturday,17:00,90.652
G25,Mar,Saturday,17:15,90.952
G25,Mar,Saturday,17:30,90.496
G25,Mar,Saturday,17:45,90.184
G25,Mar,Saturday,18:00,90.456
G25,Mar,Saturday,18:15,88.74
G25,Mar,Saturday,18:30,88.724
G25,Mar,Saturday,18:45,88.8
G25,Mar,Saturday,19:00,88.256
G25,Mar,Saturday,19:15,86.044
G25,Mar,Saturday,19:30,84.016
G25,Mar,Saturday,19:45,82.576
G25,Mar,Saturday,20:00,80.988
G25,Mar,Saturday,20:15,77.704
G25,Mar,Saturday,20:30,76.012
G25,Mar,Saturday,20:45,75.204
G25,Mar,Saturday,21:00,72.632
G25,Mar,Saturday,21:15,70.972
G25,Mar,Saturday,21:30,69.712
G25,Mar,Saturday,21:45,68.024
G25,Mar,Saturday,22:00,64.852
G25,Mar,Saturday,22:15,63.42
G25,Mar,Saturday,22:30,62.5
G25,Mar,Saturday,22:45,61.736
G25,Mar,Saturday,23:00,60.416
G25,Mar,Saturday,23:15,59.068
G25,Mar,Saturday,23:30,58.648
G25,Mar,Saturday,23:45,57.568
G25,Mar,Sunday,00:00,57.404
G25,Mar,Sunday,00:15,56.94
G25,Mar,Sunday,00:30,56.432
G25,Mar,Sunday,00:45,55.976
G25,Mar,Sunday,01:00,55.688
G25,Mar,Sunday,01:15,55.78
G25,Mar,Sunday,01:30,55.076
G25,Mar,Sunday,01:45,54.896
G25,Mar,Sunday,02:00,55.192
G25,Mar,Sunday,02:15,54.788
G25,Mar,Sunday,02:30,55.096
G25,Mar,Sunday,02:45,55.452
G25,Mar,Sunday,03:00,54.072
G25,Mar,Sunday,03:15,54.328
G25,Mar,Sunday,03:30,54.596
G25,Mar,Sunday,03:45,54.972
G25,Mar,Sunday,04:00,55.732
G25,Mar,Sunday,04:15,55.46
G25,Mar,Sunday,04:30,55.292
G25,Mar,Sunday,04:45,55.796
G25,Mar,Sunday,05:00,56.356
G25,Mar,Sunday,05:15,57.828
G25,Mar,Sunday,05:30,58.688
G25,Mar,Sunday,05:45,59.252
G25,Mar,Sunday,06:00,60.468
G25,Mar,Sunday,06:15,60.636
G25,Mar,Sunday,06:30,61.628
G25,Mar,Sunday,06:45,61.24
G25,Mar,Sunday,07:00,61.416
G25,Mar,Sunday,07:15,61.632
G25,Mar,Sunday,07:30,61.48
G25,Mar,Sunday,07:45,62.772
G25,Mar,Sunday,08:00,64.1
G25,Mar,Sunday,08:15,64.02
G25,Mar,Sunday,08:30,64.296
G25,Mar,Sunday,08:45,65.136
G25,Mar,Sunday,09:00,65.972
G25,Mar,Sunday,09:15,67.24
G25,Mar,Sunday,09:30,68.816
G25,Mar,Sunday,09:45,70.12
G25,Mar,Sunday,10:00,71.956
G25,Mar,Sunday,10:15,71.372
G25,Mar,Sunday,10:30,71.068
G25,Mar,Sunday,10:45,71.656
G25,Mar,Sunday,11:00,71.948
G25,Mar,Sunday,11:15,73.7
G25,Mar,Sunday,11:30,74.228
G25,Mar,Sunday,11:45,75.22
G25,Mar,Sunday,12:00,75.404
G25,Mar,Sunday,12:15,74.924
G25,Mar,Sunday,12:30,74.9
G25,Mar,Sunday,12:45,75.156
G25,Mar,Sunday,13:00,74.532
G25,Mar,Sunday,13:15,74.224
G25,Mar,Sunday,13:30,73.784
G25,Mar,Sunday,13:45,73.06
G25,Mar,Sunday,14:00,73.48
G25,Mar,Sunday,14:15,71.6
G25,Mar,Sunday,14:30,71.592
G25,Mar,Sunday,14:45,72.028
G25,Mar,Sunday,15:00,71.688
G25,Mar,Sunday,15:15,71.316
G25,Mar,Sunday,15:30,71.416
G25,Mar,Sunday,15:45,72.056
G25,Mar,Sunday,16:00,73.0
G25,Mar,Sunday,16:15,73.252
G25,Mar,Sunday,16:30,73.036
G25,Mar,Sunday,16:45,73.892
G25,Mar,Sunday,17:00,75.584
G25,Mar,Sunday,17:15,76.028
G25,Mar,Sunday,17:30,76.328
G25,Mar,Sunday,17:45,77.636
G25,Mar,Sunday,18:00,78.576
G25,Mar,Sunday,18:15,77.692
G25,Mar,Sunday,18:30,78.052
G25,Mar,Sunday,18:45,78.268
G25,Mar,Sunday,19:00,78.384
G25,Mar,Sunday,19:15,77.72
G25,Mar,Sunday,19:30,76.484
G25,Mar,Sunday,19:45,76.18
G25,Mar,Sunday,20:00,75.136
G25,Mar,Sunday,20:15,73.1
G25,Mar,Sunday,20:30,71.088
G25,Mar,Sunday,20:45,69.264
G25,Mar,Sunday,21:00,67.928
G25,Mar,Sunday,21:15,66.844
G25,Mar,Sunday,21:30,65.648
G25,Mar,Sunday,21:45,63.976
G25,Mar,Sunday,22:00,61.9
G25,Mar,Sunday,22:15,60.296
G25,Mar,Sunday,22:30,59.892
G25,Mar,Sunday,22:45,58.264
G25,Mar,Sunday,23:00,57.44
G25,Mar,Sunday,23:15,56.392
G25,Mar,Sunday,23:30,56.308
G25,Mar,Sunday,23:45,55.176
G25,Apr,Workday,00:00,55.792
G25,Apr,Workday,00:15,55.172
G25,Apr,Workday,00:30,54.736
G25,Apr,Workday,00:45,54.28
G25,Apr,Workday,01:00,54.02
G25,Apr,Workday,01:15,53.684
G25,Apr,Workday,01:30,53.628
G25,Apr,Workday,01:45,53.372
G25,Apr,Workday,02:00,53.332
G25,Apr,Workday,02:15,53.052
G25,Apr,Workday,02:30,53.088
G25,Apr,Workday,02:45,53.436
G25,Apr,Workday,03:00,53.664
G25,Apr,Workday,03:15,54.488
G25,Apr,Workday,03:30,54.696
G25,Apr,Workday,03:45,55.708
G25,Apr,Workday,04:00,57.112
G25,Apr,Workday,04:15,57.36
G25,Apr,Workday,04:30,60.412
G25,Apr,Workday,04:45,62.848
G25,Apr,Workday,05:00,66.252
G25,Apr,Workday,05:15,68.884
G25,Apr,Workday,05:30,74.252
G25,Apr,Workday,05:45,82.016
G25,Apr,Workday,06:00,90.16
G25,Apr,Workday,06:15,96.508
G25,Apr,Workday,06:30,106.5
G25,Apr,Workday,06:45,118.74
G25,Apr,Workday,07:00,134.352
G25,Apr,Workday,07:15,148.588
G25,Apr,Workday,07:30,163.904
G25,Apr,Workday,07:45,180.144
G25,Apr,Workday,08:00,196.496
G25,Apr,Workday,08:15,205.364
G25,Apr,Workday,08:30,212.604
G25,Apr,Workday,08:45,219.968
G25,Apr,Workday,09:00,225.696
G25,Apr,Workday,09:15,226.972
G25,Apr,Workday,09:30,231.408
G25,Apr,Workday,09:45,235.204
G25,Apr,Workday,10:00,242.372
G25,Apr,Workday,10:15,243.48
G25,Apr,Workday,10:30,241.74
G25,Apr,Workday,10:45,242.356
G25,Apr,Workday,11:00,243.564
G25,Apr,Workday,11:15,243.776
G25,Apr,Workday,11:30,243.348
G25,Apr,Workday,11:45,240.576
G25,Apr,Workday,12:00,232.816
G25,Apr,Workday,12:15,225.032
G25,Apr,Workday,12:30,220.628
G25,Apr,Workday,12:45,216.536
G25,Apr,Workday,13:00,213.224
G25,Apr,Workday,13:15,208.508
G25,Apr,Workday,13:30,205.6
G25,Apr,Workday,13:45,204.976
G25,Apr,Workday,14:00,206.02
G25,Apr,Workday,14:15,204.86
G25,Apr,Workday,14:30,205.684
G25,Apr,Workday,14:45,203.144
G25,Apr,Workday,15:00,200.288
G25,Apr,Workday,15:15,196.46
G25,Apr,Workday,15:30,191.768
G25,Apr,Workday,15:45,186.76
G25,Apr,Workday,16:00,181.54
G25,Apr,Workday,16:15,176.74
G25,Apr,Workday,16:30,171.24
G25,Apr,Workday,16:45,166.344
G25,Apr,Workday,17:00,159.388
G25,Apr,Workday,17:15,154.404
G25,Apr,Workday,17:30,149.736
G25,Apr,Workday,17:45,143.616
G25,Apr,Workday,18:00,132.104
G25,Apr,Workday,18:15,122.62
G25,Apr,Workday,18:30,112.736
G25,Apr,Workday,18:45,106.052
G25,Apr,Workday,19:00,99.9
G25,Apr,Workday,19:15,93.612
G25,Apr,Workday,19:30,90.944
G25,Apr,Workday,19:45,88.808
G25,Apr,Workday,20:00,85.848
G25,Apr,Workday,20:15,83.808
G25,Apr,Workday,20:30,81.588
G25,Apr,Workday,20:45,79.376
G25,Apr,Workday,21:00,76.764
G25,Apr,Workday,21:15,74.46
G25,Apr,Workday,21:30,72.264
G25,Apr,Workday,21:45,69.656
G25,Apr,Workday,22:00,66.584
G25,Apr,Workday,22:15,64.856
G25,Apr,Workday,22:30,63.068
G25,Apr,Workday,22:45,61.688
G25,Apr,Workday,23:00,60.036
G25,Apr,Workday,23:15,58.716
G25,Apr,Workday,23:30,57.7
G25,Apr,Workday,23:45,57.204
G25,Apr,Saturday,00:00,55.016
G25,Apr,Saturday,00:15,54.416
G25,Apr,Saturday,00:30,54.324
G25,Apr,Saturday,00:45,54.188
G25,Apr,Saturday,01:00,53.752
G25,Apr,Saturday,01:15,53.512
G25,Apr,Saturday,01:30,52.964
G25,Apr,Saturday,01:45,52.656
G25,Apr,Saturday,02:00,52.608
G25,Apr,Saturday,02:15,52.352
G25,Apr,Saturday,02:30,52.184
G25,Apr,Saturday,02:45,52.34
G25,Apr,Saturday,03:00,52.864
G25,Apr,Saturday,03:15,53.156
G25,Apr,Saturday,03:30,53.192
G25,Apr,Saturday,03:45,53.772
G25,Apr,Saturday,04:00,53.764
G25,Apr,Saturday,04:15,54.428
G25,Apr,Saturday,04:30,56.08
G25,Apr,Saturday,04:45,57.832
G25,Apr,Saturday,05:00,61.136
G25,Apr,Saturday,05:15,61.948
G25,Apr,Saturday,05:30,64.416
G25,Apr,Saturday,05:45,66.484
G25,Apr,Saturday,06:00,68.04
G25,Apr,Saturday,06:15,68.5
G25,Apr,Saturday,06:30,69.868
G25,Apr,Saturday,06:45,70.86
G25,Apr,Saturday,07:00,73.404
G25,Apr,Saturday,07:15,74.692
G25,Apr,Saturday,07:30,77.632
G25,Apr,Saturday,07:45,82.524
G25,Apr,Saturday,08:00,87.604
G25,Apr,Saturday,08:15,90.524
G25,Apr,Saturday,08:30,96.28
G25,Apr,Saturday,08:45,103.356
G25,Apr,Saturday,09:00,112.452
G25,Apr,Saturday,09:15,116.212
G25,Apr,Saturday,09:30,120.66
G25,Apr,Saturday,09:45,125.292
G25,Apr,Saturday,10:00,129.88
G25,Apr,Saturday,10:15,130.036
G25,Apr,Saturday,10:30,129.42
G25,Apr,Saturday,10:45,130.532
G25,Apr,Saturday,11:00,129.868
G25,Apr,Saturday,11:15,129.916
G25,Apr,Saturday,11:30,131.024
G25,Apr,Saturday,11:45,128.616
G25,Apr,Saturday,12:00,125.672
G25,Apr,Saturday,12:15,122.868
G25,Apr,Saturday,12:30,120.108
G25,Apr,Saturday,12:45,117.196
G25,Apr,Saturday,13:00,112.112
G25,Apr,Saturday,13:15,109.332
G25,Apr,Saturday,13:30,107.384
G25,Apr,Saturday,13:45,105.092
G25,Apr,Saturday,14:00,101.452
G25,Apr,Saturday,14:15,98.464
G25,Apr,Saturday,14:30,97.416
G25,Apr,Saturday,14:45,95.904
G25,Apr,Saturday,15:00,94.192
G25,Apr,Saturday,15:15,93.312
G25,Apr,Saturday,15:30,93.232
G25,Apr,Saturday,15:45,92.136
G25,Apr,Saturday,16:00,89.82
G25,Apr,Saturday,16:15,88.012
G25,Apr,Saturday,16:30,86.364
G25,Apr,Saturday,16:45,86.5
G25,Apr,Saturday,17:00,86.12
G25,Apr,Saturday,17:15,86.06
G25,Apr,Saturday,17:30,84.948
G25,Apr,Saturday,17:45,84.896
G25,Apr,Saturday,18:00,81.54
G25,Apr,Saturday,18:15,79.004
G25,Apr,Saturday,18:30,78.22
G25,Apr,Saturday,18:45,76.904
G25,Apr,Saturday,19:00,76.82
G25,Apr,Saturday,19:15,76.336
G25,Apr,Saturday,19:30,75.736
G25,Apr,Saturday,19:45,76.08
G25,Apr,Saturday,20:00,74.8
G25,Apr,Saturday,20:15,73.38
G25,Apr,Saturday,20:30,71.956
G25,Apr,Saturday,20:45,70.888
G25,Apr,Saturday,21:00,69.024
G25,Apr,Saturday,21:15,68.104
G25,Apr,Saturday,21:30,66.296
G25,Apr,Saturday,21:45,64.032
G25,Apr,Saturday,22:00,61.96
G25,Apr,Saturday,22:15,60.312
G25,Apr,Saturday,22:30,59.512
G25,Apr,Saturday,22:45,58.256
G25,Apr,Saturday,23:00,57.532
G25,Apr,Saturday,23:15,56.616
G25,Apr,Saturday,23:30,55.92
G25,Apr,Saturday,23:45,55.24
G25,Apr,Sunday,00:00,54.464
G25,Apr,Sunday,00:15,54.232
G25,Apr,Sunday,00:30,53.288
G25,Apr,Sunday,00:45,53.128
G25,Apr,Sunday,01:00,53.132
G25,Apr,Sunday,01:15,52.82
G25,Apr,Sunday,01:30,52.576
G25,Apr,Sunday,01:45,52.464
G25,Apr,Sunday,02:00,52.396
G25,Apr,Sunday,02:15,52.292
G25,Apr,Sunday,02:30,51.872
G25,Apr,Sunday,02:45,51.828
G25,Apr,Sunday,03:00,52.076
G25,Apr,Sunday,03:15,51.62
G25,Apr,Sunday,03:30,51.6
G25,Apr,Sunday,03:45,52.356
G25,Apr,Sunday,04:00,52.548
G25,Apr,Sunday,04:15,52.496
G25,Apr,Sunday,04:30,52.656
G25,Apr,Sunday,04:45,52.78
G25,Apr,Sunday,05:00,53.984
G25,Apr,Sunday,05:15,53.876
G25,Apr,Sunday,05:30,54.324
G25,Apr,Sunday,05:45,55.128
G25,Apr,Sunday,06:00,56.48
G25,Apr,Sunday,06:15,56.284
G25,Apr,Sunday,06:30,56.56
G25,Apr,Sunday,06:45,57.268
G25,Apr,Sunday,07:00,58.284
G25,Apr,Sunday,07:15,57.972
G25,Apr,Sunday,07:30,59.656
G25,Apr,Sunday,07:45,60.752
G25,Apr,Sunday,08:00,61.896
G25,Apr,Sunday,08:15,61.748
G25,Apr,Sunday,08:30,62.632
G25,Apr,Sunday,08:45,64.044
G25,Apr,Sunday,09:00,65.968
G25,Apr,Sunday,09:15,67.012
G25,Apr,Sunday,09:30,67.796
G25,Apr,Sunday,09:45,68.456
G25,Apr,Sunday,10:00,69.292
G25,Apr,Sunday,10:15,69.372
G25,Apr,Sunday,10:30,71.112
G25,Apr,Sunday,10:45,72.248
G25,Apr,Sunday,11:00,73.164
G25,Apr,Sunday,11:15,73.944
G25,Apr,Sunday,11:30,74.164
G25,Apr,Sunday,11:45,74.416
G25,Apr,Sunday,12:00,74.068
G25,Apr,Sunday,12:15,73.432
G25,Apr,Sunday,12:30,72.376
G25,Apr,Sunday,12:45,72.272
G25,Apr,Sunday,13:00,71.82
G25,Apr,Sunday,13:15,71.444
G25,Apr,Sunday,13:30,70.728
G25,Apr,Sunday,13:45,70.332
G25,Apr,Sunday,14:00,69.836
G25,Apr,Sunday,14:15,69.516
G25,Apr,Sunday,14:30,68.752
G25,Apr,Sunday,14:45,69.396
G25,Apr,Sunday,15:00,69.436
G25,Apr,Sunday,15:15,68.408
G25,Apr,Sunday,15:30,68.768
G25,Apr,Sunday,15:45,69.216
G25,Apr,Sunday,16:00,69.188
G25,Apr,Sunday,16:15,70.156
G25,Apr,Sunday,16:30,69.188
G25,Apr,Sunday,16:45,69.868
G25,Apr,Sunday,17:00,70.08
G25,Apr,Sunday,17:15,70.78
G25,Apr,Sunday,17:30,71.932
G25,Apr,Sunday,17:45,71.32
G25,Apr,Sunday,18:00,70.752
G25,Apr,Sunday,18:15,70.928
G25,Apr,Sunday,18:30,69.936
G25,Apr,Sunday,18:45,69.684
G25,Apr,Sunday,19:00,69.508
G25,Apr,Sunday,19:15,68.024
G25,Apr,Sunday,19:30,68.724
G25,Apr,Sunday,19:45,68.508
G25,Apr,Sunday,20:00,68.668
G25,Apr,Sunday,20:15,67.852
G25,Apr,Sunday,20:30,67.144
G25,Apr,Sunday,20:45,66.516
G25,Apr,Sunday,21:00,65.204
G25,Apr,Sunday,21:15,63.88
G25,Apr,Sunday,21:30,62.752
G25,Apr,Sunday,21:45,61.956
G25,Apr,Sunday,22:00,60.552
G25,Apr,Sunday,22:15,58.652
G25,Apr,Sunday,22:30,57.928
G25,Apr,Sunday,22:45,56.748
G25,Apr,Sunday,23:00,55.824
G25,Apr,Sunday,23:15,54.324
G25,Apr,Sunday,23:30,53.736
G25,Apr,Sunday,23:45,52.972
G25,May,Workday,00:00,52.64
G25,May,Workday,00:15,52.06
G25,May,Workday,00:30,51.568
G25,May,Workday,00:45,50.996
G25,May,Workday,01:00,50.692
G25,May,Workday,01:15,50.556
G25,May,Workday,01:30,50.256
G25,May,Workday,01:45,50.12
G25,May,Workday,02:00,50.0
G25,May,Workday,02:15,50.092
G25,May,Workday,02:30,49.852
G25,May,Workday,02:45,49.804
G25,May,Workday,03:00,50.224
G25,May,Workday,03:15,50.784
G25,May,Workday,03:30,51.236
G25,May,Workday,03:45,52.344
G25,May,Workday,04:00,53.368
G25,May,Workday,04:15,53.8
G25,May,Workday,04:30,56.416
G25,May,Workday,04:45,58.28
G25,May,Workday,05:00,61.856
G25,May,Workday,05:15,63.936
G25,May,Workday,05:30,67.972
G25,May,Workday,05:45,74.616
G25,May,Workday,06:00,81.18
G25,May,Workday,06:15,86.36
G25,May,Workday,06:30,95.712
G25,May,Workday,06:45,106.46
G25,May,Workday,07:00,121.2
G25,May,Workday,07:15,134.912
G25,May,Workday,07:30,149.092
G25,May,Workday,07:45,165.048
G25,May,Workday,08:00,181.552
G25,May,Workday,08:15,191.136
G25,May,Workday,08:30,197.636
G25,May,Workday,08:45,205.772
G25,May,Workday,09:00,211.28
G25,May,Workday,09:15,213.74
G25,May,Workday,09:30,218.272
G25,May,Workday,09:45,223.136
G25,May,Workday,10:00,229.364
G25,May,Workday,10:15,230.632
G25,May,Workday,10:30,230.056
G25,May,Workday,10:45,228.88
G25,May,Workday,11:00,230.736
G25,May,Workday,11:15,231.388
G25,May,Workday,11:30,230.488
G25,May,Workday,11:45,228.572
G25,May,Workday,12:00,220.72
G25,May,Workday,12:15,214.272
G25,May,Workday,12:30,209.388
G25,May,Workday,12:45,205.172
G25,May,Workday,13:00,201.964
G25,May,Workday,13:15,198.664
G25,May,Workday,13:30,196.536
G25,May,Workday,13:45,195.192
G25,May,Workday,14:00,195.876
G25,May,Workday,14:15,194.78
G25,May,Workday,14:30,195.504
G25,May,Workday,14:45,193.176
G25,May,Workday,15:00,191.208
G25,May,Workday,15:15,188.228
G25,May,Workday,15:30,183.872
G25,May,Workday,15:45,179.628
G25,May,Workday,16:00,175.06
G25,May,Workday,16:15,170.316
G25,May,Workday,16:30,166.412
G25,May,Workday,16:45,160.488
G25,May,Workday,17:00,153.96
G25,May,Workday,17:15,148.928
G25,May,Workday,17:30,144.236
G25,May,Workday,17:45,138.472
G25,May,Workday,18:00,127.536
G25,May,Workday,18:15,118.168
G25,May,Workday,18:30,109.012
G25,May,Workday,18:45,101.712
G25,May,Workday,19:00,95.584
G25,May,Workday,19:15,90.272
G25,May,Workday,19:30,86.26
G25,May,Workday,19:45,83.58
G25,May,Workday,20:00,80.072
G25,May,Workday,20:15,77.748
G25,May,Workday,20:30,75.328
G25,May,Workday,20:45,73.716
G25,May,Workday,21:00,72.048
G25,May,Workday,21:15,70.984
G25,May,Workday,21:30,69.4
G25,May,Workday,21:45,67.264
G25,May,Workday,22:00,64.66
G25,May,Workday,22:15,62.636
G25,May,Workday,22:30,60.764
G25,May,Workday,22:45,59.604
G25,May,Workday,23:00,57.84
G25,May,Workday,23:15,56.552
G25,May,Workday,23:30,55.772
G25,May,Workday,23:45,54.656
G25,May,Saturday,00:00,52.904
G25,May,Saturday,00:15,52.712
G25,May,Saturday,00:30,52.756
G25,May,Saturday,00:45,52.456
G25,May,Saturday,01:00,51.884
G25,May,Saturday,01:15,51.58
G25,May,Saturday,01:30,51.24
G25,May,Saturday,01:45,51.248
G25,May,Saturday,02:00,50.576
G25,May,Saturday,02:15,50.34
G25,May,Saturday,02:30,50.02
G25,May,Saturday,02:45,49.596
G25,May,Saturday,03:00,50.396
G25,May,Saturday,03:15,50.34
G25,May,Saturday,03:30,50.284
G25,May,Saturday,03:45,50.424
G25,May,Saturday,04:00,51.056
G25,May,Saturday,04:15,51.608
G25,May,Saturday,04:30,53.012
G25,May,Saturday,04:45,54.516
G25,May,Saturday,05:00,56.624
G25,May,Saturday,05:15,57.132
G25,May,Saturday,05:30,58.872
G25,May,Saturday,05:45,60.54
G25,May,Saturday,06:00,61.892
G25,May,Saturday,06:15,63.2
G25,May,Saturday,06:30,64.788
G25,May,Saturday,06:45,66.164
G25,May,Saturday,07:00,68.212
G25,May,Saturday,07:15,70.028
G25,May,Saturday,07:30,72.812
G25,May,Saturday,07:45,78.1
G25,May,Saturday,08:00,84.108
G25,May,Saturday,08:15,88.9
G25,May,Saturday,08:30,92.576
G25,May,Saturday,08:45,98.156
G25,May,Saturday,09:00,107.088
G25,May,Saturday,09:15,109.412
G25,May,Saturday,09:30,115.772
G25,May,Saturday,09:45,120.532
G25,May,Saturday,10:00,125.984
G25,May,Saturday,10:15,125.988
G25,May,Saturday,10:30,125.884
G25,May,Saturday,10:45,124.996
G25,May,Saturday,11:00,124.836
G25,May,Saturday,11:15,125.404
G25,May,Saturday,11:30,125.896
G25,May,Saturday,11:45,123.976
G25,May,Saturday,12:00,120.628
G25,May,Saturday,12:15,116.268
G25,May,Saturday,12:30,113.956
G25,May,Saturday,12:45,110.576
G25,May,Saturday,13:00,106.56
G25,May,Saturday,13:15,102.72
G25,May,Saturday,13:30,102.976
G25,May,Saturday,13:45,99.224
G25,May,Saturday,14:00,96.472
G25,May,Saturday,14:15,93.776
G25,May,Saturday,14:30,90.468
G25,May,Saturday,14:45,90.58
G25,May,Saturday,15:00,89.232
G25,May,Saturday,15:15,88.588
G25,May,Saturday,15:30,89.204
G25,May,Saturday,15:45,88.572
G25,May,Saturday,16:00,86.144
G25,May,Saturday,16:15,83.468
G25,May,Saturday,16:30,83.392
G25,May,Saturday,16:45,82.796
G25,May,Saturday,17:00,81.96
G25,May,Saturday,17:15,81.444
G25,May,Saturday,17:30,81.488
G25,May,Saturday,17:45,81.62
G25,May,Saturday,18:00,79.292
G25,May,Saturday,18:15,76.132
G25,May,Saturday,18:30,74.748
G25,May,Saturday,18:45,74.692
G25,May,Saturday,19:00,73.424
G25,May,Saturday,19:15,72.844
G25,May,Saturday,19:30,71.656
G25,May,Saturday,19:45,69.108
G25,May,Saturday,20:00,68.084
G25,May,Saturday,20:15,66.932
G25,May,Saturday,20:30,65.62
G25,May,Saturday,20:45,64.488
G25,May,Saturday,21:00,64.88
G25,May,Saturday,21:15,65.088
G25,May,Saturday,21:30,63.712
G25,May,Saturday,21:45,63.268
G25,May,Saturday,22:00,61.58
G25,May,Saturday,22:15,58.756
G25,May,Saturday,22:30,57.436
G25,May,Saturday,22:45,56.796
G25,May,Saturday,23:00,56.024
G25,May,Saturday,23:15,55.352
G25,May,Saturday,23:30,54.876
G25,May,Saturday,23:45,54.24
G25,May,Sunday,00:00,52.488
G25,May,Sunday,00:15,51.872
G25,May,Sunday,00:30,51.128
G25,May,Sunday,00:45,50.78
G25,May,Sunday,01:00,50.848
G25,May,Sunday,01:15,50.348
G25,May,Sunday,01:30,49.988
G25,May,Sunday,01:45,49.848
G25,May,Sunday,02:00,49.504
G25,May,Sunday,02:15,49.244
G25,May,Sunday,02:30,49.14
G25,May,Sunday,02:45,49.144
G25,May,Sunday,03:00,49.064
G25,May,Sunday,03:15,48.576
G25,May,Sunday,03:30,49.032
G25,May,Sunday,03:45,49.172
G25,May,Sunday,04:00,50.388
G25,May,Sunday,04:15,50.06
G25,May,Sunday,04:30,49.964
G25,May,Sunday,04:45,49.86
G25,May,Sunday,05:00,49.804
G25,May,Sunday,05:15,49.82
G25,May,Sunday,05:30,49.66
G25,May,Sunday,05:45,49.66
G25,May,Sunday,06:00,50.516
G25,May,Sunday,06:15,50.504
G25,May,Sunday,06:30,51.948
G25,May,Sunday,06:45,52.924
G25,May,Sunday,07:00,54.108
G25,May,Sunday,07:15,55.064
G25,May,Sunday,07:30,55.536
G25,May,Sunday,07:45,56.412
G25,May,Sunday,08:00,57.716
G25,May,Sunday,08:15,59.36
G25,May,Sunday,08:30,60.536
G25,May,Sunday,08:45,61.52
G25,May,Sunday,09:00,62.604
G25,May,Sunday,09:15,63.216
G25,May,Sunday,09:30,64.384
G25,May,Sunday,09:45,65.264
G25,May,Sunday,10:00,67.388
G25,May,Sunday,10:15,67.752
G25,May,Sunday,10:30,69.024
G25,May,Sunday,10:45,70.22
G25,May,Sunday,11:00,71.264
G25,May,Sunday,11:15,71.06
G25,May,Sunday,11:30,71.544
G25,May,Sunday,11:45,72.508
G25,May,Sunday,12:00,72.048
G25,May,Sunday,12:15,71.316
G25,May,Sunday,12:30,71.412
G25,May,Sunday,12:45,70.688
G25,May,Sunday,13:00,70.468
G25,May,Sunday,13:15,69.064
G25,May,Sunday,13:30,68.48
G25,May,Sunday,13:45,68.028
G25,May,Sunday,14:00,67.984
G25,May,Sunday,14:15,66.896
G25,May,Sunday,14:30,66.744
G25,May,Sunday,14:45,66.576
G25,May,Sunday,15:00,67.476
G25,May,Sunday,15:15,67.132
G25,May,Sunday,15:30,66.764
G25,May,Sunday,15:45,67.232
G25,May,Sunday,16:00,67.68
G25,May,Sunday,16:15,67.152
G25,May,Sunday,16:30,67.104
G25,May,Sunday,16:45,66.964
G25,May,Sunday,17:00,66.968
G25,May,Sunday,17:15,67.728
G25,May,Sunday,17:30,68.24
G25,May,Sunday,17:45,68.264
G25,May,Sunday,18:00,67.632
G25,May,Sunday,18:15,66.512
G25,May,Sunday,18:30,66.356
G25,May,Sunday,18:45,65.836
G25,May,Sunday,19:00,64.896
G25,May,Sunday,19:15,64.664
G25,May,Sunday,19:30,64.1
G25,May,Sunday,19:45,63.352
G25,May,Sunday,20:00,62.472
G25,May,Sunday,20:15,62.096
G25,May,Sunday,20:30,61.196
G25,May,Sunday,20:45,61.18
G25,May,Sunday,21:00,60.86
G25,May,Sunday,21:15,60.296
G25,May,Sunday,21:30,59.652
G25,May,Sunday,21:45,58.672
G25,May,Sunday,22:00,57.272
G25,May,Sunday,22:15,56.008
G25,May,Sunday,22:30,54.632
G25,May,Sunday,22:45,53.836
G25,May,Sunday,23:00,52.7
G25,May,Sunday,23:15,51.912
G25,May,Sunday,23:30,51.696
G25,May,Sunday,23:45,50.96
G25,Jun,Workday,00:00,55.272
G25,Jun,Workday,00:15,54.408
G25,Jun,Workday,00:30,53.94
G25,Jun,Workday,00:45,53.472
G25,Jun,Workday,01:00,52.928
G25,Jun,Workday,01:15,52.816
G25,Jun,Workday,01:30,52.784
G25,Jun,Workday,01:45,52.536
G25,Jun,Workday,02:00,52.34
G25,Jun,Workday,02:15,52.112
G25,Jun,Workday,02:30,51.84
G25,Jun,Workday,02:45,51.88
G25,Jun,Workday,03:00,52.332
G25,Jun,Workday,03:15,52.544
G25,Jun,Workday,03:30,52.852
G25,Jun,Workday,03:45,54.032
G25,Jun,Workday,04:00,54.456
G25,Jun,Workday,04:15,55.004
G25,Jun,Workday,04:30,56.956
G25,Jun,Workday,04:45,57.948
G25,Jun,Workday,05:00,60.964
G25,Jun,Workday,05:15,63.156
G25,Jun,Workday,05:30,66.788
G25,Jun,Workday,05:45,72.788
G25,Jun,Workday,06:00,79.928
G25,Jun,Workday,06:15,84.884
G25,Jun,Workday,06:30,92.652
G25,Jun,Workday,06:45,103.304
G25,Jun,Workday,07:00,117.84
G25,Jun,Workday,07:15,130.1
G25,Jun,Workday,07:30,144.168
G25,Jun,Workday,07:45,159.584
G25,Jun,Workday,08:00,175.332
G25,Jun,Workday,08:15,182.952
G25,Jun,Workday,08:30,189.772
G25,Jun,Workday,08:45,197.064
G25,Jun,Workday,09:00,203.916
G25,Jun,Workday,09:15,206.284
G25,Jun,Workday,09:30,210.92
G25,Jun,Workday,09:45,216.256
G25,Jun,Workday,10:00,223.472
G25,Jun,Workday,10:15,224.632
G25,Jun,Workday,10:30,225.648
G25,Jun,Workday,10:45,224.588
G25,Jun,Workday,11:00,225.876
G25,Jun,Workday,11:15,226.912
G25,Jun,Workday,11:30,225.928
G25,Jun,Workday,11:45,224.528
G25,Jun,Workday,12:00,216.936
G25,Jun,Workday,12:15,210.732
G25,Jun,Workday,12:30,206.656
G25,Jun,Workday,12:45,203.328
G25,Jun,Workday,13:00,200.052
G25,Jun,Workday,13:15,197.916
G25,Jun,Workday,13:30,194.408
G25,Jun,Workday,13:45,193.976
G25,Jun,Workday,14:00,195.104
G25,Jun,Workday,14:15,194.004
G25,Jun,Workday,14:30,194.22
G25,Jun,Workday,14:45,191.74
G25,Jun,Workday,15:00,189.964
G25,Jun,Workday,15:15,187.476
G25,Jun,Workday,15:30,183.716
G25,Jun,Workday,15:45,179.744
G25,Jun,Workday,16:00,175.46
G25,Jun,Workday,16:15,171.196
G25,Jun,Workday,16:30,166.868
G25,Jun,Workday,16:45,161.804
G25,Jun,Workday,17:00,155.068
G25,Jun,Workday,17:15,149.38
G25,Jun,Workday,17:30,144.96
G25,Jun,Workday,17:45,139.428
G25,Jun,Workday,18:00,128.464
G25,Jun,Workday,18:15,119.716
G25,Jun,Workday,18:30,109.448
G25,Jun,Workday,18:45,102.66
G25,Jun,Workday,19:00,96.42
G25,Jun,Workday,19:15,91.048
G25,Jun,Workday,19:30,87.436
G25,Jun,Workday,19:45,85.036
G25,Jun,Workday,20:00,80.952
G25,Jun,Workday,20:15,77.76
G25,Jun,Workday,20:30,75.036
G25,Jun,Workday,20:45,73.364
G25,Jun,Workday,21:00,71.544
G25,Jun,Workday,21:15,70.36
G25,Jun,Workday,21:30,69.128
G25,Jun,Workday,21:45,67.992
G25,Jun,Workday,22:00,66.672
G25,Jun,Workday,22:15,65.124
G25,Jun,Workday,22:30,63.5
G25,Jun,Workday,22:45,62.184
G25,Jun,Workday,23:00,60.772
G25,Jun,Workday,23:15,59.288
G25,Jun,Workday,23:30,58.084
G25,Jun,Workday,23:45,57.108
G25,Jun,Saturday,00:00,54.832
G25,Jun,Saturday,00:15,54.0
G25,Jun,Saturday,00:30,53.16
G25,Jun,Saturday,00:45,52.976
G25,Jun,Saturday,01:00,53.048
G25,Jun,Saturday,01:15,52.416
G25,Jun,Saturday,01:30,52.392
G25,Jun,Saturday,01:45,51.844
G25,Jun,Saturday,02:00,51.884
G25,Jun,Saturday,02:15,51.42
G25,Jun,Saturday,02:30,50.816
G25,Jun,Saturday,02:45,50.928
G25,Jun,Saturday,03:00,51.1
G25,Jun,Saturday,03:15,51.32
G25,Jun,Saturday,03:30,51.344
G25,Jun,Saturday,03:45,51.94
G25,Jun,Saturday,04:00,51.796
G25,Jun,Saturday,04:15,51.668
G25,Jun,Saturday,04:30,52.856
G25,Jun,Saturday,04:45,54.38
G25,Jun,Saturday,05:00,55.184
G25,Jun,Saturday,05:15,55.668
G25,Jun,Saturday,05:30,57.788
G25,Jun,Saturday,05:45,59.048
G25,Jun,Saturday,06:00,60.972
G25,Jun,Saturday,06:15,61.9
G25,Jun,Saturday,06:30,64.0
G25,Jun,Saturday,06:45,65.192
G25,Jun,Saturday,07:00,68.256
G25,Jun,Saturday,07:15,69.42
G25,Jun,Saturday,07:30,72.152
G25,Jun,Saturday,07:45,77.116
G25,Jun,Saturday,08:00,83.06
G25,Jun,Saturday,08:15,85.104
G25,Jun,Saturday,08:30,91.488
G25,Jun,Saturday,08:45,97.356
G25,Jun,Saturday,09:00,103.488
G25,Jun,Saturday,09:15,108.444
G25,Jun,Saturday,09:30,112.868
G25,Jun,Saturday,09:45,116.568
G25,Jun,Saturday,10:00,120.948
G25,Jun,Saturday,10:15,122.452
G25,Jun,Saturday,10:30,123.012
G25,Jun,Saturday,10:45,121.572
G25,Jun,Saturday,11:00,121.568
G25,Jun,Saturday,11:15,123.656
G25,Jun,Saturday,11:30,124.184
G25,Jun,Saturday,11:45,123.356
G25,Jun,Saturday,12:00,119.832
G25,Jun,Saturday,12:15,118.064
G25,Jun,Saturday,12:30,115.964
G25,Jun,Saturday,12:45,115.1
G25,Jun,Saturday,13:00,108.888
G25,Jun,Saturday,13:15,105.144
G25,Jun,Saturday,13:30,102.832
G25,Jun,Saturday,13:45,101.116
G25,Jun,Saturday,14:00,97.552
G25,Jun,Saturday,14:15,94.056
G25,Jun,Saturday,14:30,92.152
G25,Jun,Saturday,14:45,90.772
G25,Jun,Saturday,15:00,91.468
G25,Jun,Saturday,15:15,90.504
G25,Jun,Saturday,15:30,89.416
G25,Jun,Saturday,15:45,89.036
G25,Jun,Saturday,16:00,86.916
G25,Jun,Saturday,16:15,86.468
G25,Jun,Saturday,16:30,85.348
G25,Jun,Saturday,16:45,84.596
G25,Jun,Saturday,17:00,85.668
G25,Jun,Saturday,17:15,84.812
G25,Jun,Saturday,17:30,84.044
G25,Jun,Saturday,17:45,82.972
G25,Jun,Saturday,18:00,80.58
G25,Jun,Saturday,18:15,77.496
G25,Jun,Saturday,18:30,75.98
G25,Jun,Saturday,18:45,75.092
G25,Jun,Saturday,19:00,73.244
G25,Jun,Saturday,19:15,72.864
G25,Jun,Saturday,19:30,71.384
G25,Jun,Saturday,19:45,70.244
G25,Jun,Saturday,20:00,68.444
G25,Jun,Saturday,20:15,66.616
G25,Jun,Saturday,20:30,64.804
G25,Jun,Saturday,20:45,64.608
G25,Jun,Saturday,21:00,63.776
G25,Jun,Saturday,21:15,62.088
G25,Jun,Saturday,21:30,61.74
G25,Jun,Saturday,21:45,62.1
G25,Jun,Saturday,22:00,61.968
G25,Jun,Saturday,22:15,60.256
G25,Jun,Saturday,22:30,59.42
G25,Jun,Saturday,22:45,58.488
G25,Jun,Saturday,23:00,57.56
G25,Jun,Saturday,23:15,56.676
G25,Jun,Saturday,23:30,55.512
G25,Jun,Saturday,23:45,54.64
G25,Jun,Sunday,00:00,53.476
G25,Jun,Sunday,00:15,52.3
G25,Jun,Sunday,00:30,52.312
G25,Jun,Sunday,00:45,51.42
G25,Jun,Sunday,01:00,51.44
G25,Jun,Sunday,01:15,50.732
G25,Jun,Sunday,01:30,50.732
G25,Jun,Sunday,01:45,50.588
G25,Jun,Sunday,02:00,50.48
G25,Jun,Sunday,02:15,50.204
G25,Jun,Sunday,02:30,49.616
G25,Jun,Sunday,02:45,50.084
G25,Jun,Sunday,03:00,49.628
G25,Jun,Sunday,03:15,49.568
G25,Jun,Sunday,03:30,49.936
G25,Jun,Sunday,03:45,49.98
G25,Jun,Sunday,04:00,50.28
G25,Jun,Sunday,04:15,50.028
G25,Jun,Sunday,04:30,50.068
G25,Jun,Sunday,04:45,49.5
G25,Jun,Sunday,05:00,49.32
G25,Jun,Sunday,05:15,49.588
G25,Jun,Sunday,05:30,50.5
G25,Jun,Sunday,05:45,51.204
G25,Jun,Sunday,06:00,52.436
G25,Jun,Sunday,06:15,52.816
G25,Jun,Sunday,06:30,53.972
G25,Jun,Sunday,06:45,56.064
G25,Jun,Sunday,07:00,58.116
G25,Jun,Sunday,07:15,59.772
G25,Jun,Sunday,07:30,61.388
G25,Jun,Sunday,07:45,64.528
G25,Jun,Sunday,08:00,67.844
G25,Jun,Sunday,08:15,68.848
G25,Jun,Sunday,08:30,69.964
G25,Jun,Sunday,08:45,71.04
G25,Jun,Sunday,09:00,72.584
G25,Jun,Sunday,09:15,73.784
G25,Jun,Sunday,09:30,74.324
G25,Jun,Sunday,09:45,76.388
G25,Jun,Sunday,10:00,78.972
G25,Jun,Sunday,10:15,80.3
G25,Jun,Sunday,10:30,79.552
G25,Jun,Sunday,10:45,79.856
G25,Jun,Sunday,11:00,80.564
G25,Jun,Sunday,11:15,81.096
G25,Jun,Sunday,11:30,82.616
G25,Jun,Sunday,11:45,81.908
G25,Jun,Sunday,12:00,82.148
G25,Jun,Sunday,12:15,81.572
G25,Jun,Sunday,12:30,81.572
G25,Jun,Sunday,12:45,80.136
G25,Jun,Sunday,13:00,79.296
G25,Jun,Sunday,13:15,78.192
G25,Jun,Sunday,13:30,78.856
G25,Jun,Sunday,13:45,77.552
G25,Jun,Sunday,14:00,77.992
G25,Jun,Sunday,14:15,76.956
G25,Jun,Sunday,14:30,77.156
G25,Jun,Sunday,14:45,77.084
G25,Jun,Sunday,15:00,77.776
G25,Jun,Sunday,15:15,77.088
G25,Jun,Sunday,15:30,77.248
G25,Jun,Sunday,15:45,77.408
G25,Jun,Sunday,16:00,76.832
G25,Jun,Sunday,16:15,76.852
G25,Jun,Sunday,16:30,76.724
G25,Jun,Sunday,16:45,76.376
G25,Jun,Sunday,17:00,75.924
G25,Jun,Sunday,17:15,75.444
G25,Jun,Sunday,17:30,76.104
G25,Jun,Sunday,17:45,75.668
G25,Jun,Sunday,18:00,74.024
G25,Jun,Sunday,18:15,72.504
G25,Jun,Sunday,18:30,71.372
G25,Jun,Sunday,18:45,71.2
G25,Jun,Sunday,19:00,70.664
G25,Jun,Sunday,19:15,69.456
G25,Jun,Sunday,19:30,68.56
G25,Jun,Sunday,19:45,67.208
G25,Jun,Sunday,20:00,66.312
G25,Jun,Sunday,20:15,65.76
G25,Jun,Sunday,20:30,63.98
G25,Jun,Sunday,20:45,63.124
G25,Jun,Sunday,21:00,61.944
G25,Jun,Sunday,21:15,61.192
G25,Jun,Sunday,21:30,60.8
G25,Jun,Sunday,21:45,60.668
G25,Jun,Sunday,22:00,60.08
G25,Jun,Sunday,22:15,59.028
G25,Jun,Sunday,22:30,57.844
G25,Jun,Sunday,22:45,56.364
G25,Jun,Sunday,23:00,54.86
G25,Jun,Sunday,23:15,54.224
G25,Jun,Sunday,23:30,52.964
G25,Jun,Sunday,23:45,52.56
G25,Jul,Workday,00:00,53.384
G25,Jul,Workday,00:15,52.676
G25,Jul,Workday,00:30,52.024
G25,Jul,Workday,00:45,51.676
G25,Jul,Workday,01:00,51.384
G25,Jul,Workday,01:15,51.06
G25,Jul,Workday,01:30,50.928
G25,Jul,Workday,01:45,50.728
G25,Jul,Workday,02:00,50.648
G25,Jul,Workday,02:15,50.536
G25,Jul,Workday,02:30,50.46
G25,Jul,Workday,02:45,50.364
G25,Jul,Workday,03:00,50.664
G25,Jul,Workday,03:15,50.82
G25,Jul,Workday,03:30,51.344
G25,Jul,Workday,03:45,52.424
G25,Jul,Workday,04:00,53.096
G25,Jul,Workday,04:15,53.224
G25,Jul,Workday,04:30,55.372
G25,Jul,Workday,04:45,56.636
G25,Jul,Workday,05:00,59.896
G25,Jul,Workday,05:15,61.324
G25,Jul,Workday,05:30,64.936
G25,Jul,Workday,05:45,70.36
G25,Jul,Workday,06:00,76.56
G25,Jul,Workday,06:15,81.408
G25,Jul,Workday,06:30,89.68
G25,Jul,Workday,06:45,99.188
G25,Jul,Workday,07:00,111.844
G25,Jul,Workday,07:15,123.0
G25,Jul,Workday,07:30,134.864
G25,Jul,Workday,07:45,148.584
G25,Jul,Workday,08:00,163.748
G25,Jul,Workday,08:15,170.888
G25,Jul,Workday,08:30,176.604
G25,Jul,Workday,08:45,183.088
G25,Jul,Workday,09:00,188.812
G25,Jul,Workday,09:15,191.628
G25,Jul,Workday,09:30,196.168
G25,Jul,Workday,09:45,201.804
G25,Jul,Workday,10:00,207.816
G25,Jul,Workday,10:15,208.756
G25,Jul,Workday,10:30,208.02
G25,Jul,Workday,10:45,208.916
G25,Jul,Workday,11:00,210.284
G25,Jul,Workday,11:15,210.816
G25,Jul,Workday,11:30,210.648
G25,Jul,Workday,11:45,209.1
G25,Jul,Workday,12:00,202.244
G25,Jul,Workday,12:15,196.672
G25,Jul,Workday,12:30,191.984
G25,Jul,Workday,12:45,189.54
G25,Jul,Workday,13:00,187.164
G25,Jul,Workday,13:15,184.664
G25,Jul,Workday,13:30,182.92
G25,Jul,Workday,13:45,182.552
G25,Jul,Workday,14:00,183.992
G25,Jul,Workday,14:15,182.852
G25,Jul,Workday,14:30,184.136
G25,Jul,Workday,14:45,182.46
G25,Jul,Workday,15:00,181.092
G25,Jul,Workday,15:15,177.76
G25,Jul,Workday,15:30,174.924
G25,Jul,Workday,15:45,171.144
G25,Jul,Workday,16:00,166.516
G25,Jul,Workday,16:15,161.976
G25,Jul,Workday,16:30,157.368
G25,Jul,Workday,16:45,152.392
G25,Jul,Workday,17:00,145.688
G25,Jul,Workday,17:15,140.58
G25,Jul,Workday,17:30,137.068
G25,Jul,Workday,17:45,132.7
G25,Jul,Workday,18:00,121.832
G25,Jul,Workday,18:15,113.628
G25,Jul,Workday,18:30,103.636
G25,Jul,Workday,18:45,97.532
G25,Jul,Workday,19:00,91.564
G25,Jul,Workday,19:15,86.304
G25,Jul,Workday,19:30,83.224
G25,Jul,Workday,19:45,80.592
G25,Jul,Workday,20:00,77.216
G25,Jul,Workday,20:15,74.46
G25,Jul,Workday,20:30,72.328
G25,Jul,Workday,20:45,70.532
G25,Jul,Workday,21:00,69.032
G25,Jul,Workday,21:15,67.82
G25,Jul,Workday,21:30,67.324
G25,Jul,Workday,21:45,66.268
G25,Jul,Workday,22:00,64.24
G25,Jul,Workday,22:15,62.6
G25,Jul,Workday,22:30,60.932
G25,Jul,Workday,22:45,59.572
G25,Jul,Workday,23:00,58.256
G25,Jul,Workday,23:15,57.028
G25,Jul,Workday,23:30,56.2
G25,Jul,Workday,23:45,55.06
G25,Jul,Saturday,00:00,55.316
G25,Jul,Saturday,00:15,54.424
G25,Jul,Saturday,00:30,53.5
G25,Jul,Saturday,00:45,53.1
G25,Jul,Saturday,01:00,52.936
G25,Jul,Saturday,01:15,52.784
G25,Jul,Saturday,01:30,52.492
G25,Jul,Saturday,01:45,52.104
G25,Jul,Saturday,02:00,52.128
G25,Jul,Saturday,02:15,51.596
G25,Jul,Saturday,02:30,51.132
G25,Jul,Saturday,02:45,51.244
G25,Jul,Saturday,03:00,50.74
G25,Jul,Saturday,03:15,50.744
G25,Jul,Saturday,03:30,51.22
G25,Jul,Saturday,03:45,51.976
G25,Jul,Saturday,04:00,52.224
G25,Jul,Saturday,04:15,52.588
G25,Jul,Saturday,04:30,53.5
G25,Jul,Saturday,04:45,54.788
G25,Jul,Saturday,05:00,56.024
G25,Jul,Saturday,05:15,56.576
G25,Jul,Saturday,05:30,58.104
G25,Jul,Saturday,05:45,59.492
G25,Jul,Saturday,06:00,61.18
G25,Jul,Saturday,06:15,61.48
G25,Jul,Saturday,06:30,63.196
G25,Jul,Saturday,06:45,64.74
G25,Jul,Saturday,07:00,67.1
G25,Jul,Saturday,07:15,67.996
G25,Jul,Saturday,07:30,70.72
G25,Jul,Saturday,07:45,75.764
G25,Jul,Saturday,08:00,81.608
G25,Jul,Saturday,08:15,84.888
G25,Jul,Saturday,08:30,89.668
G25,Jul,Saturday,08:45,95.244
G25,Jul,Saturday,09:00,102.916
G25,Jul,Saturday,09:15,105.556
G25,Jul,Saturday,09:30,110.14
G25,Jul,Saturday,09:45,115.024
G25,Jul,Saturday,10:00,119.508
G25,Jul,Saturday,10:15,121.464
G25,Jul,Saturday,10:30,121.728
G25,Jul,Saturday,10:45,121.644
G25,Jul,Saturday,11:00,122.336
G25,Jul,Saturday,11:15,122.404
G25,Jul,Saturday,11:30,124.332
G25,Jul,Saturday,11:45,121.948
G25,Jul,Saturday,12:00,118.572
G25,Jul,Saturday,12:15,116.628
G25,Jul,Saturday,12:30,113.464
G25,Jul,Saturday,12:45,111.236
G25,Jul,Saturday,13:00,106.664
G25,Jul,Saturday,13:15,102.848
G25,Jul,Saturday,13:30,102.236
G25,Jul,Saturday,13:45,99.652
G25,Jul,Saturday,14:00,95.296
G25,Jul,Saturday,14:15,92.584
G25,Jul,Saturday,14:30,91.18
G25,Jul,Saturday,14:45,90.824
G25,Jul,Saturday,15:00,90.428
G25,Jul,Saturday,15:15,90.052
G25,Jul,Saturday,15:30,89.652
G25,Jul,Saturday,15:45,89.528
G25,Jul,Saturday,16:00,87.712
G25,Jul,Saturday,16:15,85.64
G25,Jul,Saturday,16:30,86.004
G25,Jul,Saturday,16:45,86.312
G25,Jul,Saturday,17:00,84.304
G25,Jul,Saturday,17:15,83.908
G25,Jul,Saturday,17:30,84.156
G25,Jul,Saturday,17:45,83.88
G25,Jul,Saturday,18:00,81.328
G25,Jul,Saturday,18:15,77.7
G25,Jul,Saturday,18:30,75.76
G25,Jul,Saturday,18:45,75.348
G25,Jul,Saturday,19:00,74.044
G25,Jul,Saturday,19:15,72.452
G25,Jul,Saturday,19:30,71.64
G25,Jul,Saturday,19:45,70.356
G25,Jul,Saturday,20:00,68.172
G25,Jul,Saturday,20:15,66.28
G25,Jul,Saturday,20:30,65.744
G25,Jul,Saturday,20:45,65.292
G25,Jul,Saturday,21:00,64.244
G25,Jul,Saturday,21:15,63.708
G25,Jul,Saturday,21:30,63.192
G25,Jul,Saturday,21:45,63.0
G25,Jul,Saturday,22:00,61.124
G25,Jul,Saturday,22:15,60.66
G25,Jul,Saturday,22:30,59.584
G25,Jul,Saturday,22:45,58.716
G25,Jul,Saturday,23:00,57.512
G25,Jul,Saturday,23:15,56.264
G25,Jul,Saturday,23:30,55.444
G25,Jul,Saturday,23:45,54.86
G25,Jul,Sunday,00:00,53.94
G25,Jul,Sunday,00:15,52.796
G25,Jul,Sunday,00:30,51.936
G25,Jul,Sunday,00:45,51.604
G25,Jul,Sunday,01:00,51.028
G25,Jul,Sunday,01:15,50.648
G25,Jul,Sunday,01:30,50.688
G25,Jul,Sunday,01:45,50.58
G25,Jul,Sunday,02:00,49.996
G25,Jul,Sunday,02:15,49.86
G25,Jul,Sunday,02:30,49.48
G25,Jul,Sunday,02:45,49.44
G25,Jul,Sunday,03:00,49.616
G25,Jul,Sunday,03:15,49.556
G25,Jul,Sunday,03:30,49.868
G25,Jul,Sunday,03:45,50.204
G25,Jul,Sunday,04:00,50.244
G25,Jul,Sunday,04:15,50.296
G25,Jul,Sunday,04:30,49.888
G25,Jul,Sunday,04:45,49.568
G25,Jul,Sunday,05:00,49.484
G25,Jul,Sunday,05:15,49.432
G25,Jul,Sunday,05:30,49.436
G25,Jul,Sunday,05:45,49.4
G25,Jul,Sunday,06:00,50.352
G25,Jul,Sunday,06:15,50.528
G25,Jul,Sunday,06:30,50.608
G25,Jul,Sunday,06:45,51.552
G25,Jul,Sunday,07:00,52.984
G25,Jul,Sunday,07:15,52.82
G25,Jul,Sunday,07:30,54.064
G25,Jul,Sunday,07:45,55.072
G25,Jul,Sunday,08:00,57.256
G25,Jul,Sunday,08:15,56.92
G25,Jul,Sunday,08:30,57.96
G25,Jul,Sunday,08:45,58.764
G25,Jul,Sunday,09:00,59.932
G25,Jul,Sunday,09:15,61.36
G25,Jul,Sunday,09:30,61.64
G25,Jul,Sunday,09:45,62.992
G25,Jul,Sunday,10:00,65.356
G25,Jul,Sunday,10:15,66.052
G25,Jul,Sunday,10:30,66.016
G25,Jul,Sunday,10:45,67.66
G25,Jul,Sunday,11:00,68.164
G25,Jul,Sunday,11:15,69.1
G25,Jul,Sunday,11:30,69.132
G25,Jul,Sunday,11:45,69.1
G25,Jul,Sunday,12:00,69.276
G25,Jul,Sunday,12:15,68.852
G25,Jul,Sunday,12:30,68.64
G25,Jul,Sunday,12:45,68.696
G25,Jul,Sunday,13:00,67.632
G25,Jul,Sunday,13:15,68.228
G25,Jul,Sunday,13:30,68.728
G25,Jul,Sunday,13:45,68.084
G25,Jul,Sunday,14:00,67.552
G25,Jul,Sunday,14:15,68.16
G25,Jul,Sunday,14:30,67.144
G25,Jul,Sunday,14:45,66.044
G25,Jul,Sunday,15:00,66.928
G25,Jul,Sunday,15:15,66.92
G25,Jul,Sunday,15:30,67.3
G25,Jul,Sunday,15:45,67.796
G25,Jul,Sunday,16:00,69.236
G25,Jul,Sunday,16:15,69.556
G25,Jul,Sunday,16:30,70.152
G25,Jul,Sunday,16:45,68.66
G25,Jul,Sunday,17:00,68.104
G25,Jul,Sunday,17:15,68.26
G25,Jul,Sunday,17:30,68.916
G25,Jul,Sunday,17:45,69.072
G25,Jul,Sunday,18:00,67.992
G25,Jul,Sunday,18:15,67.86
G25,Jul,Sunday,18:30,67.576
G25,Jul,Sunday,18:45,66.628
G25,Jul,Sunday,19:00,65.692
G25,Jul,Sunday,19:15,65.368
G25,Jul,Sunday,19:30,64.72
G25,Jul,Sunday,19:45,64.004
G25,Jul,Sunday,20:00,62.964
G25,Jul,Sunday,20:15,62.764
G25,Jul,Sunday,20:30,61.476
G25,Jul,Sunday,20:45,60.856
G25,Jul,Sunday,21:00,59.932
G25,Jul,Sunday,21:15,59.26
G25,Jul,Sunday,21:30,59.444
G25,Jul,Sunday,21:45,59.252
G25,Jul,Sunday,22:00,58.62
G25,Jul,Sunday,22:15,57.024
G25,Jul,Sunday,22:30,56.024
G25,Jul,Sunday,22:45,55.604
G25,Jul,Sunday,23:00,54.236
G25,Jul,Sunday,23:15,53.56
G25,Jul,Sunday,23:30,52.84
G25,Jul,Sunday,23:45,52.328
G25,Aug,Workday,00:00,52.616
G25,Aug,Workday,00:15,52.156
G25,Aug,Workday,00:30,51.796
G25,Aug,Workday,00:45,51.328
G25,Aug,Workday,01:00,51.096
G25,Aug,Workday,01:15,51.052
G25,Aug,Workday,01:30,50.7
G25,Aug,Workday,01:45,50.652
G25,Aug,Workday,02:00,50.396
G25,Aug,Workday,02:15,50.36
G25,Aug,Workday,02:30,50.196
G25,Aug,Workday,02:45,50.248
G25,Aug,Workday,03:00,50.396
G25,Aug,Workday,03:15,50.812
G25,Aug,Workday,03:30,51.156
G25,Aug,Workday,03:45,52.192
G25,Aug,Workday,04:00,53.408
G25,Aug,Workday,04:15,53.708
G25,Aug,Workday,04:30,55.82
G25,Aug,Workday,04:45,57.572
G25,Aug,Workday,05:00,61.032
G25,Aug,Workday,05:15,63.152
G25,Aug,Workday,05:30,67.548
G25,Aug,Workday,05:45,72.924
G25,Aug,Workday,06:00,79.184
G25,Aug,Workday,06:15,84.14
G25,Aug,Workday,06:30,92.056
G25,Aug,Workday,06:45,102.172
G25,Aug,Workday,07:00,115.54
G25,Aug,Workday,07:15,126.28
G25,Aug,Workday,07:30,138.664
G25,Aug,Workday,07:45,154.204
G25,Aug,Workday,08:00,170.208
G25,Aug,Workday,08:15,177.484
G25,Aug,Workday,08:30,184.264
G25,Aug,Workday,08:45,190.396
G25,Aug,Workday,09:00,195.708
G25,Aug,Workday,09:15,198.576
G25,Aug,Workday,09:30,203.652
G25,Aug,Workday,09:45,208.036
G25,Aug,Workday,10:00,214.236
G25,Aug,Workday,10:15,215.984
G25,Aug,Workday,10:30,214.832
G25,Aug,Workday,10:45,214.88
G25,Aug,Workday,11:00,215.796
G25,Aug,Workday,11:15,216.96
G25,Aug,Workday,11:30,216.504
G25,Aug,Workday,11:45,214.296
G25,Aug,Workday,12:00,206.932
G25,Aug,Workday,12:15,201.4
G25,Aug,Workday,12:30,197.504
G25,Aug,Workday,12:45,194.528
G25,Aug,Workday,13:00,191.728
G25,Aug,Workday,13:15,188.908
G25,Aug,Workday,13:30,186.204
G25,Aug,Workday,13:45,186.644
G25,Aug,Workday,14:00,188.1
G25,Aug,Workday,14:15,187.736
G25,Aug,Workday,14:30,188.756
G25,Aug,Workday,14:45,186.544
G25,Aug,Workday,15:00,184.396
G25,Aug,Workday,15:15,181.5
G25,Aug,Workday,15:30,178.336
G25,Aug,Workday,15:45,173.468
G25,Aug,Workday,16:00,168.312
G25,Aug,Workday,16:15,163.988
G25,Aug,Workday,16:30,159.584
G25,Aug,Workday,16:45,154.984
G25,Aug,Workday,17:00,148.4
G25,Aug,Workday,17:15,143.248
G25,Aug,Workday,17:30,138.656
G25,Aug,Workday,17:45,133.284
G25,Aug,Workday,18:00,123.056
G25,Aug,Workday,18:15,114.692
G25,Aug,Workday,18:30,104.92
G25,Aug,Workday,18:45,98.868
G25,Aug,Workday,19:00,93.48
G25,Aug,Workday,19:15,88.144
G25,Aug,Workday,19:30,84.508
G25,Aug,Workday,19:45,81.924
G25,Aug,Workday,20:00,78.716
G25,Aug,Workday,20:15,76.232
G25,Aug,Workday,20:30,74.392
G25,Aug,Workday,20:45,73.548
G25,Aug,Workday,21:00,71.884
G25,Aug,Workday,21:15,70.696
G25,Aug,Workday,21:30,68.984
G25,Aug,Workday,21:45,66.856
G25,Aug,Workday,22:00,64.008
G25,Aug,Workday,22:15,62.344
G25,Aug,Workday,22:30,60.576
G25,Aug,Workday,22:45,59.3
G25,Aug,Workday,23:00,57.796
G25,Aug,Workday,23:15,56.68
G25,Aug,Workday,23:30,55.716
G25,Aug,Workday,23:45,54.64
G25,Aug,Saturday,00:00,54.984
G25,Aug,Saturday,00:15,54.756
G25,Aug,Saturday,00:30,53.728
G25,Aug,Saturday,00:45,53.204
G25,Aug,Saturday,01:00,52.86
G25,Aug,Saturday,01:15,52.568
G25,Aug,Saturday,01:30,52.188
G25,Aug,Saturday,01:45,51.896
G25,Aug,Saturday,02:00,51.536
G25,Aug,Saturday,02:15,51.24
G25,Aug,Saturday,02:30,51.148
G25,Aug,Saturday,02:45,51.028
G25,Aug,Saturday,03:00,51.608
G25,Aug,Saturday,03:15,51.384
G25,Aug,Saturday,03:30,51.48
G25,Aug,Saturday,03:45,51.98
G25,Aug,Saturday,04:00,52.524
G25,Aug,Saturday,04:15,52.468
G25,Aug,Saturday,04:30,53.656
G25,Aug,Saturday,04:45,55.268
G25,Aug,Saturday,05:00,57.652
G25,Aug,Saturday,05:15,59.06
G25,Aug,Saturday,05:30,60.872
G25,Aug,Saturday,05:45,62.364
G25,Aug,Saturday,06:00,63.216
G25,Aug,Saturday,06:15,63.804
G25,Aug,Saturday,06:30,64.192
G25,Aug,Saturday,06:45,65.464
G25,Aug,Saturday,07:00,67.588
G25,Aug,Saturday,07:15,69.068
G25,Aug,Saturday,07:30,72.08
G25,Aug,Saturday,07:45,77.28
G25,Aug,Saturday,08:00,81.94
G25,Aug,Saturday,08:15,84.316
G25,Aug,Saturday,08:30,89.384
G25,Aug,Saturday,08:45,96.864
G25,Aug,Saturday,09:00,104.188
G25,Aug,Saturday,09:15,107.676
G25,Aug,Saturday,09:30,112.832
G25,Aug,Saturday,09:45,115.792
G25,Aug,Saturday,10:00,119.884
G25,Aug,Saturday,10:15,120.336
G25,Aug,Saturday,10:30,120.34
G25,Aug,Saturday,10:45,121.32
G25,Aug,Saturday,11:00,123.3
G25,Aug,Saturday,11:15,123.72
G25,Aug,Saturday,11:30,123.344
G25,Aug,Saturday,11:45,121.352
G25,Aug,Saturday,12:00,117.924
G25,Aug,Saturday,12:15,115.944
G25,Aug,Saturday,12:30,113.904
G25,Aug,Saturday,12:45,110.696
G25,Aug,Saturday,13:00,106.492
G25,Aug,Saturday,13:15,105.004
G25,Aug,Saturday,13:30,103.068
G25,Aug,Saturday,13:45,99.956
G25,Aug,Saturday,14:00,95.912
G25,Aug,Saturday,14:15,94.54
G25,Aug,Saturday,14:30,93.224
G25,Aug,Saturday,14:45,92.476
G25,Aug,Saturday,15:00,91.976
G25,Aug,Saturday,15:15,91.172
G25,Aug,Saturday,15:30,90.584
G25,Aug,Saturday,15:45,90.296
G25,Aug,Saturday,16:00,86.892
G25,Aug,Saturday,16:15,84.92
G25,Aug,Saturday,16:30,85.26
G25,Aug,Saturday,16:45,83.576
G25,Aug,Saturday,17:00,84.34
G25,Aug,Saturday,17:15,83.636
G25,Aug,Saturday,17:30,83.696
G25,Aug,Saturday,17:45,82.364
G25,Aug,Saturday,18:00,79.908
G25,Aug,Saturday,18:15,76.724
G25,Aug,Saturday,18:30,75.856
G25,Aug,Saturday,18:45,74.592
G25,Aug,Saturday,19:00,73.476
G25,Aug,Saturday,19:15,71.328
G25,Aug,Saturday,19:30,70.44
G25,Aug,Saturday,19:45,69.784
G25,Aug,Saturday,20:00,68.364
G25,Aug,Saturday,20:15,66.592
G25,Aug,Saturday,20:30,66.148
G25,Aug,Saturday,20:45,65.82
G25,Aug,Saturday,21:00,65.804
G25,Aug,Saturday,21:15,64.604
G25,Aug,Saturday,21:30,64.268
G25,Aug,Saturday,21:45,62.808
G25,Aug,Saturday,22:00,61.132
G25,Aug,Saturday,22:15,60.064
G25,Aug,Saturday,22:30,58.376
G25,Aug,Saturday,22:45,57.22
G25,Aug,Saturday,23:00,56.664
G25,Aug,Saturday,23:15,55.44
G25,Aug,Saturday,23:30,55.008
G25,Aug,Saturday,23:45,54.172
G25,Aug,Sunday,00:00,53.684
G25,Aug,Sunday,00:15,52.624
G25,Aug,Sunday,00:30,52.22
G25,Aug,Sunday,00:45,51.608
G25,Aug,Sunday,01:00,51.024
G25,Aug,Sunday,01:15,50.908
G25,Aug,Sunday,01:30,50.82
G25,Aug,Sunday,01:45,50.692
G25,Aug,Sunday,02:00,50.344
G25,Aug,Sunday,02:15,49.952
G25,Aug,Sunday,02:30,49.612
G25,Aug,Sunday,02:45,49.612
G25,Aug,Sunday,03:00,49.976
G25,Aug,Sunday,03:15,49.648
G25,Aug,Sunday,03:30,49.92
G25,Aug,Sunday,03:45,50.172
G25,Aug,Sunday,04:00,50.908
G25,Aug,Sunday,04:15,50.416
G25,Aug,Sunday,04:30,50.768
G25,Aug,Sunday,04:45,50.232
G25,Aug,Sunday,05:00,50.976
G25,Aug,Sunday,05:15,51.536
G25,Aug,Sunday,05:30,51.26
G25,Aug,Sunday,05:45,51.472
G25,Aug,Sunday,06:00,51.376
G25,Aug,Sunday,06:15,51.56
G25,Aug,Sunday,06:30,52.02
G25,Aug,Sunday,06:45,52.496
G25,Aug,Sunday,07:00,53.06
G25,Aug,Sunday,07:15,54.112
G25,Aug,Sunday,07:30,53.9
G25,Aug,Sunday,07:45,54.8
G25,Aug,Sunday,08:00,56.384
G25,Aug,Sunday,08:15,57.544
G25,Aug,Sunday,08:30,57.668
G25,Aug,Sunday,08:45,59.444
G25,Aug,Sunday,09:00,59.704
G25,Aug,Sunday,09:15,60.856
G25,Aug,Sunday,09:30,61.916
G25,Aug,Sunday,09:45,62.872
G25,Aug,Sunday,10:00,66.192
G25,Aug,Sunday,10:15,66.82
G25,Aug,Sunday,10:30,66.78
G25,Aug,Sunday,10:45,66.528
G25,Aug,Sunday,11:00,67.216
G25,Aug,Sunday,11:15,69.416
G25,Aug,Sunday,11:30,69.392
G25,Aug,Sunday,11:45,69.372
G25,Aug,Sunday,12:00,69.42
G25,Aug,Sunday,12:15,68.928
G25,Aug,Sunday,12:30,68.824
G25,Aug,Sunday,12:45,67.936
G25,Aug,Sunday,13:00,67.908
G25,Aug,Sunday,13:15,68.068
G25,Aug,Sunday,13:30,68.36
G25,Aug,Sunday,13:45,66.136
G25,Aug,Sunday,14:00,66.996
G25,Aug,Sunday,14:15,66.6
G25,Aug,Sunday,14:30,65.556
G25,Aug,Sunday,14:45,65.976
G25,Aug,Sunday,15:00,66.828
G25,Aug,Sunday,15:15,67.4
G25,Aug,Sunday,15:30,67.116
G25,Aug,Sunday,15:45,67.292
G25,Aug,Sunday,16:00,68.652
G25,Aug,Sunday,16:15,68.184
G25,Aug,Sunday,16:30,67.9
G25,Aug,Sunday,16:45,68.292
G25,Aug,Sunday,17:00,67.64
G25,Aug,Sunday,17:15,67.936
G25,Aug,Sunday,17:30,68.564
G25,Aug,Sunday,17:45,69.028
G25,Aug,Sunday,18:00,68.02
G25,Aug,Sunday,18:15,67.468
G25,Aug,Sunday,18:30,67.44
G25,Aug,Sunday,18:45,66.828
G25,Aug,Sunday,19:00,66.768
G25,Aug,Sunday,19:15,65.924
G25,Aug,Sunday,19:30,65.16
G25,Aug,Sunday,19:45,64.656
G25,Aug,Sunday,20:00,64.884
G25,Aug,Sunday,20:15,64.604
G25,Aug,Sunday,20:30,65.056
G25,Aug,Sunday,20:45,64.764
G25,Aug,Sunday,21:00,63.464
G25,Aug,Sunday,21:15,62.356
G25,Aug,Sunday,21:30,61.244
G25,Aug,Sunday,21:45,60.072
G25,Aug,Sunday,22:00,58.548
G25,Aug,Sunday,22:15,57.52
G25,Aug,Sunday,22:30,55.428
G25,Aug,Sunday,22:45,55.196
G25,Aug,Sunday,23:00,53.5
G25,Aug,Sunday,23:15,52.92
G25,Aug,Sunday,23:30,52.368
G25,Aug,Sunday,23:45,51.588
G25,Sep,Workday,00:00,52.176
G25,Sep,Workday,00:15,51.452
G25,Sep,Workday,00:30,50.872
G25,Sep,Workday,00:45,50.28
G25,Sep,Workday,01:00,49.988
G25,Sep,Workday,01:15,49.932
G25,Sep,Workday,01:30,49.628
G25,Sep,Workday,01:45,49.728
G25,Sep,Workday,02:00,49.632
G25,Sep,Workday,02:15,49.536
G25,Sep,Workday,02:30,49.472
G25,Sep,Workday,02:45,49.608
G25,Sep,Workday,03:00,50.056
G25,Sep,Workday,03:15,50.164
G25,Sep,Workday,03:30,50.46
G25,Sep,Workday,03:45,51.884
G25,Sep,Workday,04:00,53.176
G25,Sep,Workday,04:15,53.992
G25,Sep,Workday,04:30,56.384
G25,Sep,Workday,04:45,57.908
G25,Sep,Workday,05:00,61.88
G25,Sep,Workday,05:15,64.74
G25,Sep,Workday,05:30,69.408
G25,Sep,Workday,05:45,76.608
G25,Sep,Workday,06:00,84.584
G25,Sep,Workday,06:15,91.656
G25,Sep,Workday,06:30,100.564
G25,Sep,Workday,06:45,111.844
G25,Sep,Workday,07:00,127.376
G25,Sep,Workday,07:15,140.66
G25,Sep,Workday,07:30,154.08
G25,Sep,Workday,07:45,168.928
G25,Sep,Workday,08:00,185.308
G25,Sep,Workday,08:15,193.6
G25,Sep,Workday,08:30,198.48
G25,Sep,Workday,08:45,205.412
G25,Sep,Workday,09:00,209.816
G25,Sep,Workday,09:15,211.06
G25,Sep,Workday,09:30,215.872
G25,Sep,Workday,09:45,219.856
G25,Sep,Workday,10:00,225.816
G25,Sep,Workday,10:15,227.188
G25,Sep,Workday,10:30,226.556
G25,Sep,Workday,10:45,225.384
G25,Sep,Workday,11:00,226.248
G25,Sep,Workday,11:15,226.144
G25,Sep,Workday,11:30,225.964
G25,Sep,Workday,11:45,224.24
G25,Sep,Workday,12:00,216.024
G25,Sep,Workday,12:15,210.688
G25,Sep,Workday,12:30,205.16
G25,Sep,Workday,12:45,202.756
G25,Sep,Workday,13:00,199.876
G25,Sep,Workday,13:15,195.952
G25,Sep,Workday,13:30,192.648
G25,Sep,Workday,13:45,191.368
G25,Sep,Workday,14:00,193.104
G25,Sep,Workday,14:15,192.096
G25,Sep,Workday,14:30,192.744
G25,Sep,Workday,14:45,190.808
G25,Sep,Workday,15:00,187.888
G25,Sep,Workday,15:15,184.3
G25,Sep,Workday,15:30,180.196
G25,Sep,Workday,15:45,175.384
G25,Sep,Workday,16:00,170.276
G25,Sep,Workday,16:15,166.328
G25,Sep,Workday,16:30,162.348
G25,Sep,Workday,16:45,157.244
G25,Sep,Workday,17:00,149.676
G25,Sep,Workday,17:15,145.032
G25,Sep,Workday,17:30,140.544
G25,Sep,Workday,17:45,136.212
G25,Sep,Workday,18:00,124.7
G25,Sep,Workday,18:15,117.032
G25,Sep,Workday,18:30,107.216
G25,Sep,Workday,18:45,102.7
G25,Sep,Workday,19:00,97.568
G25,Sep,Workday,19:15,93.048
G25,Sep,Workday,19:30,91.404
G25,Sep,Workday,19:45,89.324
G25,Sep,Workday,20:00,86.12
G25,Sep,Workday,20:15,82.808
G25,Sep,Workday,20:30,79.7
G25,Sep,Workday,20:45,76.868
G25,Sep,Workday,21:00,73.328
G25,Sep,Workday,21:15,71.384
G25,Sep,Workday,21:30,68.744
G25,Sep,Workday,21:45,66.292
G25,Sep,Workday,22:00,63.5
G25,Sep,Workday,22:15,61.66
G25,Sep,Workday,22:30,59.804
G25,Sep,Workday,22:45,58.588
G25,Sep,Workday,23:00,57.032
G25,Sep,Workday,23:15,55.716
G25,Sep,Workday,23:30,54.684
G25,Sep,Workday,23:45,54.004
G25,Sep,Saturday,00:00,53.296
G25,Sep,Saturday,00:15,52.532
G25,Sep,Saturday,00:30,51.644
G25,Sep,Saturday,00:45,51.424
G25,Sep,Saturday,01:00,50.888
G25,Sep,Saturday,01:15,50.128
G25,Sep,Saturday,01:30,49.992
G25,Sep,Saturday,01:45,49.496
G25,Sep,Saturday,02:00,49.72
G25,Sep,Saturday,02:15,49.528
G25,Sep,Saturday,02:30,49.148
G25,Sep,Saturday,02:45,49.052
G25,Sep,Saturday,03:00,49.412
G25,Sep,Saturday,03:15,49.432
G25,Sep,Saturday,03:30,49.716
G25,Sep,Saturday,03:45,50.296
G25,Sep,Saturday,04:00,50.928
G25,Sep,Saturday,04:15,51.512
G25,Sep,Saturday,04:30,52.684
G25,Sep,Saturday,04:45,54.348
G25,Sep,Saturday,05:00,56.512
G25,Sep,Saturday,05:15,57.932
G25,Sep,Saturday,05:30,60.476
G25,Sep,Saturday,05:45,63.024
G25,Sep,Saturday,06:00,64.912
G25,Sep,Saturday,06:15,65.148
G25,Sep,Saturday,06:30,66.008
G25,Sep,Saturday,06:45,67.108
G25,Sep,Saturday,07:00,68.672
G25,Sep,Saturday,07:15,69.696
G25,Sep,Saturday,07:30,70.9
G25,Sep,Saturday,07:45,74.628
G25,Sep,Saturday,08:00,79.976
G25,Sep,Saturday,08:15,84.008
G25,Sep,Saturday,08:30,88.628
G25,Sep,Saturday,08:45,94.736
G25,Sep,Saturday,09:00,101.72
G25,Sep,Saturday,09:15,105.792
G25,Sep,Saturday,09:30,109.656
G25,Sep,Saturday,09:45,113.152
G25,Sep,Saturday,10:00,118.412
G25,Sep,Saturday,10:15,119.092
G25,Sep,Saturday,10:30,119.64
G25,Sep,Saturday,10:45,120.264
G25,Sep,Saturday,11:00,119.692
G25,Sep,Saturday,11:15,120.044
G25,Sep,Saturday,11:30,120.616
G25,Sep,Saturday,11:45,119.524
G25,Sep,Saturday,12:00,117.404
G25,Sep,Saturday,12:15,114.624
G25,Sep,Saturday,12:30,113.116
G25,Sep,Saturday,12:45,111.084
G25,Sep,Saturday,13:00,106.504
G25,Sep,Saturday,13:15,102.968
G25,Sep,Saturday,13:30,100.796
G25,Sep,Saturday,13:45,97.776
G25,Sep,Saturday,14:00,95.128
G25,Sep,Saturday,14:15,93.212
G25,Sep,Saturday,14:30,91.388
G25,Sep,Saturday,14:45,90.388
G25,Sep,Saturday,15:00,89.408
G25,Sep,Saturday,15:15,88.296
G25,Sep,Saturday,15:30,88.444
G25,Sep,Saturday,15:45,88.104
G25,Sep,Saturday,16:00,86.512
G25,Sep,Saturday,16:15,84.472
G25,Sep,Saturday,16:30,84.072
G25,Sep,Saturday,16:45,83.668
G25,Sep,Saturday,17:00,83.864
G25,Sep,Saturday,17:15,83.284
G25,Sep,Saturday,17:30,83.596
G25,Sep,Saturday,17:45,83.824
G25,Sep,Saturday,18:00,80.392
G25,Sep,Saturday,18:15,77.136
G25,Sep,Saturday,18:30,75.14
G25,Sep,Saturday,18:45,74.812
G25,Sep,Saturday,19:00,74.144
G25,Sep,Saturday,19:15,73.352
G25,Sep,Saturday,19:30,73.464
G25,Sep,Saturday,19:45,73.06
G25,Sep,Saturday,20:00,71.96
G25,Sep,Saturday,20:15,70.4
G25,Sep,Saturday,20:30,69.068
G25,Sep,Saturday,20:45,67.16
G25,Sep,Saturday,21:00,65.608
G25,Sep,Saturday,21:15,64.388
G25,Sep,Saturday,21:30,63.088
G25,Sep,Saturday,21:45,61.228
G25,Sep,Saturday,22:00,59.692
G25,Sep,Saturday,22:15,58.092
G25,Sep,Saturday,22:30,56.476
G25,Sep,Saturday,22:45,55.984
G25,Sep,Saturday,23:00,55.012
G25,Sep,Saturday,23:15,54.004
G25,Sep,Saturday,23:30,53.46
G25,Sep,Saturday,23:45,52.312
G25,Sep,Sunday,00:00,51.596
G25,Sep,Sunday,00:15,51.192
G25,Sep,Sunday,00:30,50.276
G25,Sep,Sunday,00:45,49.776
G25,Sep,Sunday,01:00,49.244
G25,Sep,Sunday,01:15,49.344
G25,Sep,Sunday,01:30,49.18
G25,Sep,Sunday,01:45,48.652
G25,Sep,Sunday,02:00,48.26
G25,Sep,Sunday,02:15,48.256
G25,Sep,Sunday,02:30,47.704
G25,Sep,Sunday,02:45,47.784
G25,Sep,Sunday,03:00,47.872
G25,Sep,Sunday,03:15,47.64
G25,Sep,Sunday,03:30,48.38
G25,Sep,Sunday,03:45,48.34
G25,Sep,Sunday,04:00,49.052
G25,Sep,Sunday,04:15,48.824
G25,Sep,Sunday,04:30,48.448
G25,Sep,Sunday,04:45,48.888
G25,Sep,Sunday,05:00,49.188
G25,Sep,Sunday,05:15,49.84
G25,Sep,Sunday,05:30,50.268
G25,Sep,Sunday,05:45,51.312
G25,Sep,Sunday,06:00,52.524
G25,Sep,Sunday,06:15,52.268
G25,Sep,Sunday,06:30,52.528
G25,Sep,Sunday,06:45,53.312
G25,Sep,Sunday,07:00,54.112
G25,Sep,Sunday,07:15,53.724
G25,Sep,Sunday,07:30,53.296
G25,Sep,Sunday,07:45,54.416
G25,Sep,Sunday,08:00,55.936
G25,Sep,Sunday,08:15,56.708
G25,Sep,Sunday,08:30,57.696
G25,Sep,Sunday,08:45,59.324
G25,Sep,Sunday,09:00,60.072
G25,Sep,Sunday,09:15,60.576
G25,Sep,Sunday,09:30,62.224
G25,Sep,Sunday,09:45,63.18
G25,Sep,Sunday,10:00,65.1
G25,Sep,Sunday,10:15,65.456
G25,Sep,Sunday,10:30,65.48
G25,Sep,Sunday,10:45,66.792
G25,Sep,Sunday,11:00,68.332
G25,Sep,Sunday,11:15,69.04
G25,Sep,Sunday,11:30,68.62
G25,Sep,Sunday,11:45,69.476
G25,Sep,Sunday,12:00,69.796
G25,Sep,Sunday,12:15,69.108
G25,Sep,Sunday,12:30,69.028
G25,Sep,Sunday,12:45,68.884
G25,Sep,Sunday,13:00,69.188
G25,Sep,Sunday,13:15,69.448
G25,Sep,Sunday,13:30,69.26
G25,Sep,Sunday,13:45,68.092
G25,Sep,Sunday,14:00,67.108
G25,Sep,Sunday,14:15,66.592
G25,Sep,Sunday,14:30,66.588
G25,Sep,Sunday,14:45,67.296
G25,Sep,Sunday,15:00,67.532
G25,Sep,Sunday,15:15,67.408
G25,Sep,Sunday,15:30,67.356
G25,Sep,Sunday,15:45,67.444
G25,Sep,Sunday,16:00,67.952
G25,Sep,Sunday,16:15,68.644
G25,Sep,Sunday,16:30,69.264
G25,Sep,Sunday,16:45,69.232
G25,Sep,Sunday,17:00,69.38
G25,Sep,Sunday,17:15,69.56
G25,Sep,Sunday,17:30,69.964
G25,Sep,Sunday,17:45,70.148
G25,Sep,Sunday,18:00,68.892
G25,Sep,Sunday,18:15,68.108
G25,Sep,Sunday,18:30,68.124
G25,Sep,Sunday,18:45,67.448
G25,Sep,Sunday,19:00,67.836
G25,Sep,Sunday,19:15,68.272
G25,Sep,Sunday,19:30,68.216
G25,Sep,Sunday,19:45,68.532
G25,Sep,Sunday,20:00,69.116
G25,Sep,Sunday,20:15,67.256
G25,Sep,Sunday,20:30,66.46
G25,Sep,Sunday,20:45,64.744
G25,Sep,Sunday,21:00,62.6
G25,Sep,Sunday,21:15,60.88
G25,Sep,Sunday,21:30,58.716
G25,Sep,Sunday,21:45,57.48
G25,Sep,Sunday,22:00,56.864
G25,Sep,Sunday,22:15,54.984
G25,Sep,Sunday,22:30,53.756
G25,Sep,Sunday,22:45,52.596
G25,Sep,Sunday,23:00,51.836
G25,Sep,Sunday,23:15,50.804
G25,Sep,Sunday,23:30,50.156
G25,Sep,Sunday,23:45,49.956
G25,Oct,Workday,00:00,52.516
G25,Oct,Workday,00:15,51.876
G25,Oct,Workday,00:30,51.32
G25,Oct,Workday,00:45,50.872
G25,Oct,Workday,01:00,50.552
G25,Oct,Workday,01:15,50.376
G25,Oct,Workday,01:30,50.064
G25,Oct,Workday,01:45,49.9
G25,Oct,Workday,02:00,49.94
G25,Oct,Workday,02:15,49.76
G25,Oct,Workday,02:30,49.84
G25,Oct,Workday,02:45,49.916
G25,Oct,Workday,03:00,50.412
G25,Oct,Workday,03:15,50.872
G25,Oct,Workday,03:30,51.204
G25,Oct,Workday,03:45,52.556
G25,Oct,Workday,04:00,53.944
G25,Oct,Workday,04:15,54.528
G25,Oct,Workday,04:30,56.988
G25,Oct,Workday,04:45,58.62
G25,Oct,Workday,05:00,63.124
G25,Oct,Workday,05:15,65.38
G25,Oct,Workday,05:30,70.664
G25,Oct,Workday,05:45,77.292
G25,Oct,Workday,06:00,86.476
G25,Oct,Workday,06:15,94.032
G25,Oct,Workday,06:30,104.78
G25,Oct,Workday,06:45,119.672
G25,Oct,Workday,07:00,138.18
G25,Oct,Workday,07:15,151.956
G25,Oct,Workday,07:30,167.604
G25,Oct,Workday,07:45,181.776
G25,Oct,Workday,08:00,197.744
G25,Oct,Workday,08:15,204.296
G25,Oct,Workday,08:30,209.24
G25,Oct,Workday,08:45,215.428
G25,Oct,Workday,09:00,220.96
G25,Oct,Workday,09:15,222.756
G25,Oct,Workday,09:30,225.692
G25,Oct,Workday,09:45,230.136
G25,Oct,Workday,10:00,236.432
G25,Oct,Workday,10:15,236.564
G25,Oct,Workday,10:30,234.756
G25,Oct,Workday,10:45,234.94
G25,Oct,Workday,11:00,235.132
G25,Oct,Workday,11:15,233.672
G25,Oct,Workday,11:30,231.912
G25,Oct,Workday,11:45,229.304
G25,Oct,Workday,12:00,221.092
G25,Oct,Workday,12:15,215.0
G25,Oct,Workday,12:30,209.56
G25,Oct,Workday,12:45,206.04
G25,Oct,Workday,13:00,202.664
G25,Oct,Workday,13:15,198.876
G25,Oct,Workday,13:30,195.76
G25,Oct,Workday,13:45,194.516
G25,Oct,Workday,14:00,195.14
G25,Oct,Workday,14:15,194.516
G25,Oct,Workday,14:30,194.776
G25,Oct,Workday,14:45,192.624
G25,Oct,Workday,15:00,189.86
G25,Oct,Workday,15:15,186.612
G25,Oct,Workday,15:30,183.468
G25,Oct,Workday,15:45,179.612
G25,Oct,Workday,16:00,174.868
G25,Oct,Workday,16:15,170.988
G25,Oct,Workday,16:30,166.512
G25,Oct,Workday,16:45,161.912
G25,Oct,Workday,17:00,155.132
G25,Oct,Workday,17:15,150.476
G25,Oct,Workday,17:30,146.156
G25,Oct,Workday,17:45,141.872
G25,Oct,Workday,18:00,131.412
G25,Oct,Workday,18:15,125.3
G25,Oct,Workday,18:30,117.224
G25,Oct,Workday,18:45,111.872
G25,Oct,Workday,19:00,105.792
G25,Oct,Workday,19:15,100.164
G25,Oct,Workday,19:30,96.104
G25,Oct,Workday,19:45,92.08
G25,Oct,Workday,20:00,87.576
G25,Oct,Workday,20:15,83.812
G25,Oct,Workday,20:30,80.048
G25,Oct,Workday,20:45,76.884
G25,Oct,Workday,21:00,74.556
G25,Oct,Workday,21:15,72.076
G25,Oct,Workday,21:30,69.424
G25,Oct,Workday,21:45,67.212
G25,Oct,Workday,22:00,64.352
G25,Oct,Workday,22:15,62.4
G25,Oct,Workday,22:30,60.376
G25,Oct,Workday,22:45,58.952
G25,Oct,Workday,23:00,57.22
G25,Oct,Workday,23:15,56.312
G25,Oct,Workday,23:30,55.32
G25,Oct,Workday,23:45,54.384
G25,Oct,Saturday,00:00,54.248
G25,Oct,Saturday,00:15,53.56
G25,Oct,Saturday,00:30,53.008
G25,Oct,Saturday,00:45,52.668
G25,Oct,Saturday,01:00,52.556
G25,Oct,Saturday,01:15,52.428
G25,Oct,Saturday,01:30,51.732
G25,Oct,Saturday,01:45,51.536
G25,Oct,Saturday,02:00,51.056
G25,Oct,Saturday,02:15,50.584
G25,Oct,Saturday,02:30,50.36
G25,Oct,Saturday,02:45,50.484
G25,Oct,Saturday,03:00,50.932
G25,Oct,Saturday,03:15,50.956
G25,Oct,Saturday,03:30,51.18
G25,Oct,Saturday,03:45,51.288
G25,Oct,Saturday,04:00,52.588
G25,Oct,Saturday,04:15,52.612
G25,Oct,Saturday,04:30,54.896
G25,Oct,Saturday,04:45,56.664
G25,Oct,Saturday,05:00,58.9
G25,Oct,Saturday,05:15,59.976
G25,Oct,Saturday,05:30,62.364
G25,Oct,Saturday,05:45,65.076
G25,Oct,Saturday,06:00,67.484
G25,Oct,Saturday,06:15,69.344
G25,Oct,Saturday,06:30,70.04
G25,Oct,Saturday,06:45,72.688
G25,Oct,Saturday,07:00,75.912
G25,Oct,Saturday,07:15,78.636
G25,Oct,Saturday,07:30,80.216
G25,Oct,Saturday,07:45,85.076
G25,Oct,Saturday,08:00,89.804
G25,Oct,Saturday,08:15,92.156
G25,Oct,Saturday,08:30,96.464
G25,Oct,Saturday,08:45,104.228
G25,Oct,Saturday,09:00,111.712
G25,Oct,Saturday,09:15,113.944
G25,Oct,Saturday,09:30,117.928
G25,Oct,Saturday,09:45,120.6
G25,Oct,Saturday,10:00,125.284
G25,Oct,Saturday,10:15,126.964
G25,Oct,Saturday,10:30,128.236
G25,Oct,Saturday,10:45,127.972
G25,Oct,Saturday,11:00,126.88
G25,Oct,Saturday,11:15,128.408
G25,Oct,Saturday,11:30,127.84
G25,Oct,Saturday,11:45,127.168
G25,Oct,Saturday,12:00,121.3
G25,Oct,Saturday,12:15,119.22
G25,Oct,Saturday,12:30,116.22
G25,Oct,Saturday,12:45,113.236
G25,Oct,Saturday,13:00,108.176
G25,Oct,Saturday,13:15,105.884
G25,Oct,Saturday,13:30,103.876
G25,Oct,Saturday,13:45,102.068
G25,Oct,Saturday,14:00,98.76
G25,Oct,Saturday,14:15,97.536
G25,Oct,Saturday,14:30,95.64
G25,Oct,Saturday,14:45,94.48
G25,Oct,Saturday,15:00,92.888
G25,Oct,Saturday,15:15,93.336
G25,Oct,Saturday,15:30,92.372
G25,Oct,Saturday,15:45,92.192
G25,Oct,Saturday,16:00,90.208
G25,Oct,Saturday,16:15,87.816
G25,Oct,Saturday,16:30,86.408
G25,Oct,Saturday,16:45,87.552
G25,Oct,Saturday,17:00,86.616
G25,Oct,Saturday,17:15,86.792
G25,Oct,Saturday,17:30,87.18
G25,Oct,Saturday,17:45,86.948
G25,Oct,Saturday,18:00,84.888
G25,Oct,Saturday,18:15,82.924
G25,Oct,Saturday,18:30,83.224
G25,Oct,Saturday,18:45,83.884
G25,Oct,Saturday,19:00,82.78
G25,Oct,Saturday,19:15,81.244
G25,Oct,Saturday,19:30,79.184
G25,Oct,Saturday,19:45,77.54
G25,Oct,Saturday,20:00,76.048
G25,Oct,Saturday,20:15,73.464
G25,Oct,Saturday,20:30,71.664
G25,Oct,Saturday,20:45,70.244
G25,Oct,Saturday,21:00,68.524
G25,Oct,Saturday,21:15,66.808
G25,Oct,Saturday,21:30,65.504
G25,Oct,Saturday,21:45,64.612
G25,Oct,Saturday,22:00,62.184
G25,Oct,Saturday,22:15,60.588
G25,Oct,Saturday,22:30,59.328
G25,Oct,Saturday,22:45,58.416
G25,Oct,Saturday,23:00,58.084
G25,Oct,Saturday,23:15,56.68
G25,Oct,Saturday,23:30,54.932
G25,Oct,Saturday,23:45,54.56
G25,Oct,Sunday,00:00,52.696
G25,Oct,Sunday,00:15,52.384
G25,Oct,Sunday,00:30,51.52
G25,Oct,Sunday,00:45,51.028
G25,Oct,Sunday,01:00,50.884
G25,Oct,Sunday,01:15,50.424
G25,Oct,Sunday,01:30,49.628
G25,Oct,Sunday,01:45,49.644
G25,Oct,Sunday,02:00,49.644
G25,Oct,Sunday,02:15,49.3
G25,Oct,Sunday,02:30,49.268
G25,Oct,Sunday,02:45,49.276
G25,Oct,Sunday,03:00,49.54
G25,Oct,Sunday,03:15,49.048
G25,Oct,Sunday,03:30,49.236
G25,Oct,Sunday,03:45,49.372
G25,Oct,Sunday,04:00,49.716
G25,Oct,Sunday,04:15,50.064
G25,Oct,Sunday,04:30,49.82
G25,Oct,Sunday,04:45,49.92
G25,Oct,Sunday,05:00,51.16
G25,Oct,Sunday,05:15,51.968
G25,Oct,Sunday,05:30,52.712
G25,Oct,Sunday,05:45,53.596
G25,Oct,Sunday,06:00,54.94
G25,Oct,Sunday,06:15,55.464
G25,Oct,Sunday,06:30,57.024
G25,Oct,Sunday,06:45,58.48
G25,Oct,Sunday,07:00,59.492
G25,Oct,Sunday,07:15,59.176
G25,Oct,Sunday,07:30,59.132
G25,Oct,Sunday,07:45,59.664
G25,Oct,Sunday,08:00,60.48
G25,Oct,Sunday,08:15,60.72
G25,Oct,Sunday,08:30,61.504
G25,Oct,Sunday,08:45,62.436
G25,Oct,Sunday,09:00,63.2
G25,Oct,Sunday,09:15,63.884
G25,Oct,Sunday,09:30,64.748
G25,Oct,Sunday,09:45,65.424
G25,Oct,Sunday,10:00,67.232
G25,Oct,Sunday,10:15,67.808
G25,Oct,Sunday,10:30,68.464
G25,Oct,Sunday,10:45,68.976
G25,Oct,Sunday,11:00,69.304
G25,Oct,Sunday,11:15,71.004
G25,Oct,Sunday,11:30,71.136
G25,Oct,Sunday,11:45,70.928
G25,Oct,Sunday,12:00,70.776
G25,Oct,Sunday,12:15,70.6
G25,Oct,Sunday,12:30,70.312
G25,Oct,Sunday,12:45,69.62
G25,Oct,Sunday,13:00,69.632
G25,Oct,Sunday,13:15,69.752
G25,Oct,Sunday,13:30,69.004
G25,Oct,Sunday,13:45,67.828
G25,Oct,Sunday,14:00,68.284
G25,Oct,Sunday,14:15,67.78
G25,Oct,Sunday,14:30,67.6
G25,Oct,Sunday,14:45,67.856
G25,Oct,Sunday,15:00,68.14
G25,Oct,Sunday,15:15,69.02
G25,Oct,Sunday,15:30,68.648
G25,Oct,Sunday,15:45,69.612
G25,Oct,Sunday,16:00,69.436
G25,Oct,Sunday,16:15,68.876
G25,Oct,Sunday,16:30,69.664
G25,Oct,Sunday,16:45,70.42
G25,Oct,Sunday,17:00,71.384
G25,Oct,Sunday,17:15,71.968
G25,Oct,Sunday,17:30,71.872
G25,Oct,Sunday,17:45,72.436
G25,Oct,Sunday,18:00,71.704
G25,Oct,Sunday,18:15,71.848
G25,Oct,Sunday,18:30,73.032
G25,Oct,Sunday,18:45,73.336
G25,Oct,Sunday,19:00,73.036
G25,Oct,Sunday,19:15,72.296
G25,Oct,Sunday,19:30,71.492
G25,Oct,Sunday,19:45,70.492
G25,Oct,Sunday,20:00,69.404
G25,Oct,Sunday,20:15,67.84
G25,Oct,Sunday,20:30,66.456
G25,Oct,Sunday,20:45,65.44
G25,Oct,Sunday,21:00,63.988
G25,Oct,Sunday,21:15,62.152
G25,Oct,Sunday,21:30,60.64
G25,Oct,Sunday,21:45,59.424
G25,Oct,Sunday,22:00,58.164
G25,Oct,Sunday,22:15,56.628
G25,Oct,Sunday,22:30,55.436
G25,Oct,Sunday,22:45,53.68
G25,Oct,Sunday,23:00,52.672
G25,Oct,Sunday,23:15,52.064
G25,Oct,Sunday,23:30,51.216
G25,Oct,Sunday,23:45,50.948
G25,Nov,Workday,00:00,56.944
G25,Nov,Workday,00:15,56.54
G25,Nov,Workday,00:30,56.008
G25,Nov,Workday,00:45,55.588
G25,Nov,Workday,01:00,55.336
G25,Nov,Workday,01:15,55.664
G25,Nov,Workday,01:30,54.832
G25,Nov,Workday,01:45,54.828
G25,Nov,Workday,02:00,54.652
G25,Nov,Workday,02:15,54.592
G25,Nov,Workday,02:30,54.88
G25,Nov,Workday,02:45,54.476
G25,Nov,Workday,03:00,55.396
G25,Nov,Workday,03:15,55.776
G25,Nov,Workday,03:30,55.708
G25,Nov,Workday,03:45,56.896
G25,Nov,Workday,04:00,58.516
G25,Nov,Workday,04:15,59.42
G25,Nov,Workday,04:30,61.44
G25,Nov,Workday,04:45,63.584
G25,Nov,Workday,05:00,68.36
G25,Nov,Workday,05:15,70.852
G25,Nov,Workday,05:30,77.108
G25,Nov,Workday,05:45,84.936
G25,Nov,Workday,06:00,95.524
G25,Nov,Workday,06:15,103.932
G25,Nov,Workday,06:30,115.404
G25,Nov,Workday,06:45,131.368
G25,Nov,Workday,07:00,152.352
G25,Nov,Workday,07:15,169.2
G25,Nov,Workday,07:30,186.34
G25,Nov,Workday,07:45,204.22
G25,Nov,Workday,08:00,222.66
G25,Nov,Workday,08:15,232.556
G25,Nov,Workday,08:30,239.856
G25,Nov,Workday,08:45,247.248
G25,Nov,Workday,09:00,251.816
G25,Nov,Workday,09:15,253.76
G25,Nov,Workday,09:30,257.968
G25,Nov,Workday,09:45,262.052
G25,Nov,Workday,10:00,269.188
G25,Nov,Workday,10:15,269.492
G25,Nov,Workday,10:30,268.1
G25,Nov,Workday,10:45,267.744
G25,Nov,Workday,11:00,267.708
G25,Nov,Workday,11:15,266.144
G25,Nov,Workday,11:30,265.416
G25,Nov,Workday,11:45,262.272
G25,Nov,Workday,12:00,252.604
G25,Nov,Workday,12:15,245.872
G25,Nov,Workday,12:30,239.692
G25,Nov,Workday,12:45,235.448
G25,Nov,Workday,13:00,232.268
G25,Nov,Workday,13:15,228.24
G25,Nov,Workday,13:30,225.196
G25,Nov,Workday,13:45,225.208
G25,Nov,Workday,14:00,226.412
G25,Nov,Workday,14:15,226.316
G25,Nov,Workday,14:30,226.984
G25,Nov,Workday,14:45,223.78
G25,Nov,Workday,15:00,220.916
G25,Nov,Workday,15:15,218.172
G25,Nov,Workday,15:30,215.78
G25,Nov,Workday,15:45,212.148
G25,Nov,Workday,16:00,207.788
G25,Nov,Workday,16:15,205.356
G25,Nov,Workday,16:30,200.852
G25,Nov,Workday,16:45,197.464
G25,Nov,Workday,17:00,190.92
G25,Nov,Workday,17:15,184.976
G25,Nov,Workday,17:30,178.42
G25,Nov,Workday,17:45,171.56
G25,Nov,Workday,18:00,157.392
G25,Nov,Workday,18:15,146.004
G25,Nov,Workday,18:30,133.9
G25,Nov,Workday,18:45,126.092
G25,Nov,Workday,19:00,117.772
G25,Nov,Workday,19:15,110.52
G25,Nov,Workday,19:30,105.312
G25,Nov,Workday,19:45,101.112
G25,Nov,Workday,20:00,95.128
G25,Nov,Workday,20:15,90.808
G25,Nov,Workday,20:30,87.728
G25,Nov,Workday,20:45,84.656
G25,Nov,Workday,21:00,81.7
G25,Nov,Workday,21:15,78.88
G25,Nov,Workday,21:30,75.764
G25,Nov,Workday,21:45,73.188
G25,Nov,Workday,22:00,69.608
G25,Nov,Workday,22:15,67.444
G25,Nov,Workday,22:30,65.856
G25,Nov,Workday,22:45,64.088
G25,Nov,Workday,23:00,62.504
G25,Nov,Workday,23:15,61.2
G25,Nov,Workday,23:30,60.488
G25,Nov,Workday,23:45,59.484
G25,Nov,Saturday,00:00,58.772
G25,Nov,Saturday,00:15,58.248
G25,Nov,Saturday,00:30,57.968
G25,Nov,Saturday,00:45,57.58
G25,Nov,Saturday,01:00,57.076
G25,Nov,Saturday,01:15,56.54
G25,Nov,Saturday,01:30,55.628
G25,Nov,Saturday,01:45,55.516
G25,Nov,Saturday,02:00,55.156
G25,Nov,Saturday,02:15,54.908
G25,Nov,Saturday,02:30,54.732
G25,Nov,Saturday,02:45,55.132
G25,Nov,Saturday,03:00,55.004
G25,Nov,Saturday,03:15,55.52
G25,Nov,Saturday,03:30,55.58
G25,Nov,Saturday,03:45,56.352
G25,Nov,Saturday,04:00,56.792
G25,Nov,Saturday,04:15,57.936
G25,Nov,Saturday,04:30,58.624
G25,Nov,Saturday,04:45,59.848
G25,Nov,Saturday,05:00,63.564
G25,Nov,Saturday,05:15,64.236
G25,Nov,Saturday,05:30,68.072
G25,Nov,Saturday,05:45,71.292
G25,Nov,Saturday,06:00,73.516
G25,Nov,Saturday,06:15,73.94
G25,Nov,Saturday,06:30,74.996
G25,Nov,Saturday,06:45,78.452
G25,Nov,Saturday,07:00,81.188
G25,Nov,Saturday,07:15,82.608
G25,Nov,Saturday,07:30,85.4
G25,Nov,Saturday,07:45,88.236
G25,Nov,Saturday,08:00,94.016
G25,Nov,Saturday,08:15,98.152
G25,Nov,Saturday,08:30,101.608
G25,Nov,Saturday,08:45,107.6
G25,Nov,Saturday,09:00,114.832
G25,Nov,Saturday,09:15,119.82
G25,Nov,Saturday,09:30,124.824
G25,Nov,Saturday,09:45,129.524
G25,Nov,Saturday,10:00,133.424
G25,Nov,Saturday,10:15,133.768
G25,Nov,Saturday,10:30,133.788
G25,Nov,Saturday,10:45,134.38
G25,Nov,Saturday,11:00,135.808
G25,Nov,Saturday,11:15,135.984
G25,Nov,Saturday,11:30,136.48
G25,Nov,Saturday,11:45,133.612
G25,Nov,Saturday,12:00,129.072
G25,Nov,Saturday,12:15,127.192
G25,Nov,Saturday,12:30,123.952
G25,Nov,Saturday,12:45,122.244
G25,Nov,Saturday,13:00,116.264
G25,Nov,Saturday,13:15,112.744
G25,Nov,Saturday,13:30,111.84
G25,Nov,Saturday,13:45,109.9
G25,Nov,Saturday,14:00,107.48
G25,Nov,Saturday,14:15,103.86
G25,Nov,Saturday,14:30,102.24
G25,Nov,Saturday,14:45,100.704
G25,Nov,Saturday,15:00,100.692
G25,Nov,Saturday,15:15,100.172
G25,Nov,Saturday,15:30,100.02
G25,Nov,Saturday,15:45,99.78
G25,Nov,Saturday,16:00,97.66
G25,Nov,Saturday,16:15,96.732
G25,Nov,Saturday,16:30,97.008
G25,Nov,Saturday,16:45,99.272
G25,Nov,Saturday,17:00,99.716
G25,Nov,Saturday,17:15,99.344
G25,Nov,Saturday,17:30,98.864
G25,Nov,Saturday,17:45,99.028
G25,Nov,Saturday,18:00,96.744
G25,Nov,Saturday,18:15,93.52
G25,Nov,Saturday,18:30,91.84
G25,Nov,Saturday,18:45,90.516
G25,Nov,Saturday,19:00,88.932
G25,Nov,Saturday,19:15,85.824
G25,Nov,Saturday,19:30,85.0
G25,Nov,Saturday,19:45,81.996
G25,Nov,Saturday,20:00,79.564
G25,Nov,Saturday,20:15,77.872
G25,Nov,Saturday,20:30,75.096
G25,Nov,Saturday,20:45,73.252
G25,Nov,Saturday,21:00,72.24
G25,Nov,Saturday,21:15,70.78
G25,Nov,Saturday,21:30,68.56
G25,Nov,Saturday,21:45,66.652
G25,Nov,Saturday,22:00,65.292
G25,Nov,Saturday,22:15,64.228
G25,Nov,Saturday,22:30,62.516
G25,Nov,Saturday,22:45,61.14
G25,Nov,Saturday,23:00,60.02
G25,Nov,Saturday,23:15,59.136
G25,Nov,Saturday,23:30,58.216
G25,Nov,Saturday,23:45,57.844
G25,Nov,Sunday,00:00,56.472
G25,Nov,Sunday,00:15,55.976
G25,Nov,Sunday,00:30,55.132
G25,Nov,Sunday,00:45,55.14
G25,Nov,Sunday,01:00,54.956
G25,Nov,Sunday,01:15,54.404
G25,Nov,Sunday,01:30,53.972
G25,Nov,Sunday,01:45,53.82
G25,Nov,Sunday,02:00,53.796
G25,Nov,Sunday,02:15,53.744
G25,Nov,Sunday,02:30,53.124
G25,Nov,Sunday,02:45,52.884
G25,Nov,Sunday,03:00,53.068
G25,Nov,Sunday,03:15,53.284
G25,Nov,Sunday,03:30,53.964
G25,Nov,Sunday,03:45,53.92
G25,Nov,Sunday,04:00,54.592
G25,Nov,Sunday,04:15,55.052
G25,Nov,Sunday,04:30,55.032
G25,Nov,Sunday,04:45,55.612
G25,Nov,Sunday,05:00,57.408
G25,Nov,Sunday,05:15,57.756
G25,Nov,Sunday,05:30,59.3
G25,Nov,Sunday,05:45,60.86
G25,Nov,Sunday,06:00,62.932
G25,Nov,Sunday,06:15,63.732
G25,Nov,Sunday,06:30,65.756
G25,Nov,Sunday,06:45,67.552
G25,Nov,Sunday,07:00,70.384
G25,Nov,Sunday,07:15,71.412
G25,Nov,Sunday,07:30,71.66
G25,Nov,Sunday,07:45,73.408
G25,Nov,Sunday,08:00,76.504
G25,Nov,Sunday,08:15,76.708
G25,Nov,Sunday,08:30,77.352
G25,Nov,Sunday,08:45,78.968
G25,Nov,Sunday,09:00,79.428
G25,Nov,Sunday,09:15,79.704
G25,Nov,Sunday,09:30,81.44
G25,Nov,Sunday,09:45,82.268
G25,Nov,Sunday,10:00,84.468
G25,Nov,Sunday,10:15,86.184
G25,Nov,Sunday,10:30,86.136
G25,Nov,Sunday,10:45,87.64
G25,Nov,Sunday,11:00,87.232
G25,Nov,Sunday,11:15,87.632
G25,Nov,Sunday,11:30,88.312
G25,Nov,Sunday,11:45,87.988
G25,Nov,Sunday,12:00,87.108
G25,Nov,Sunday,12:15,86.232
G25,Nov,Sunday,12:30,85.128
G25,Nov,Sunday,12:45,85.1
G25,Nov,Sunday,13:00,85.752
G25,Nov,Sunday,13:15,84.124
G25,Nov,Sunday,13:30,83.54
G25,Nov,Sunday,13:45,83.732
G25,Nov,Sunday,14:00,82.324
G25,Nov,Sunday,14:15,82.704
G25,Nov,Sunday,14:30,82.948
G25,Nov,Sunday,14:45,82.292
G25,Nov,Sunday,15:00,81.664
G25,Nov,Sunday,15:15,82.008
G25,Nov,Sunday,15:30,82.428
G25,Nov,Sunday,15:45,83.244
G25,Nov,Sunday,16:00,84.072
G25,Nov,Sunday,16:15,85.312
G25,Nov,Sunday,16:30,86.596
G25,Nov,Sunday,16:45,87.56
G25,Nov,Sunday,17:00,87.904
G25,Nov,Sunday,17:15,87.944
G25,Nov,Sunday,17:30,88.636
G25,Nov,Sunday,17:45,88.496
G25,Nov,Sunday,18:00,85.452
G25,Nov,Sunday,18:15,83.812
G25,Nov,Sunday,18:30,83.008
G25,Nov,Sunday,18:45,81.852
G25,Nov,Sunday,19:00,80.236
G25,Nov,Sunday,19:15,78.484
G25,Nov,Sunday,19:30,78.096
G25,Nov,Sunday,19:45,76.28
G25,Nov,Sunday,20:00,74.58
G25,Nov,Sunday,20:15,72.92
G25,Nov,Sunday,20:30,71.936
G25,Nov,Sunday,20:45,70.296
G25,Nov,Sunday,21:00,68.368
G25,Nov,Sunday,21:15,66.78
G25,Nov,Sunday,21:30,64.432
G25,Nov,Sunday,21:45,62.788
G25,Nov,Sunday,22:00,60.38
G25,Nov,Sunday,22:15,59.316
G25,Nov,Sunday,22:30,58.272
G25,Nov,Sunday,22:45,57.504
G25,Nov,Sunday,23:00,55.696
G25,Nov,Sunday,23:15,54.896
G25,Nov,Sunday,23:30,53.924
G25,Nov,Sunday,23:45,53.644
G25,Dec,Workday,00:00,61.888
G25,Dec,Workday,00:15,61.348
G25,Dec,Workday,00:30,61.024
G25,Dec,Workday,00:45,60.544
G25,Dec,Workday,01:00,60.212
G25,Dec,Workday,01:15,59.684
G25,Dec,Workday,01:30,59.456
G25,Dec,Workday,01:45,59.636
G25,Dec,Workday,02:00,59.532
G25,Dec,Workday,02:15,58.956
G25,Dec,Workday,02:30,59.064
G25,Dec,Workday,02:45,59.112
G25,Dec,Workday,03:00,59.892
G25,Dec,Workday,03:15,60.252
G25,Dec,Workday,03:30,60.532
G25,Dec,Workday,03:45,61.816
G25,Dec,Workday,04:00,62.904
G25,Dec,Workday,04:15,63.708
G25,Dec,Workday,04:30,65.48
G25,Dec,Workday,04:45,67.58
G25,Dec,Workday,05:00,71.816
G25,Dec,Workday,05:15,74.852
G25,Dec,Workday,05:30,80.952
G25,Dec,Workday,05:45,88.188
G25,Dec,Workday,06:00,96.364
G25,Dec,Workday,06:15,104.388
G25,Dec,Workday,06:30,114.5
G25,Dec,Workday,06:45,127.448
G25,Dec,Workday,07:00,146.72
G25,Dec,Workday,07:15,161.728
G25,Dec,Workday,07:30,179.592
G25,Dec,Workday,07:45,197.22
G25,Dec,Workday,08:00,214.7
G25,Dec,Workday,08:15,223.656
G25,Dec,Workday,08:30,230.028
G25,Dec,Workday,08:45,238.004
G25,Dec,Workday,09:00,243.828
G25,Dec,Workday,09:15,247.736
G25,Dec,Workday,09:30,250.812
G25,Dec,Workday,09:45,252.484
G25,Dec,Workday,10:00,258.396
G25,Dec,Workday,10:15,259.52
G25,Dec,Workday,10:30,258.208
G25,Dec,Workday,10:45,257.544
G25,Dec,Workday,11:00,256.868
G25,Dec,Workday,11:15,255.556
G25,Dec,Workday,11:30,254.188
G25,Dec,Workday,11:45,252.164
G25,Dec,Workday,12:00,245.06
G25,Dec,Workday,12:15,239.568
G25,Dec,Workday,12:30,232.68
G25,Dec,Workday,12:45,229.668
G25,Dec,Workday,13:00,226.624
G25,Dec,Workday,13:15,222.544
G25,Dec,Workday,13:30,219.476
G25,Dec,Workday,13:45,218.416
G25,Dec,Workday,14:00,219.332
G25,Dec,Workday,14:15,218.468
G25,Dec,Workday,14:30,219.108
G25,Dec,Workday,14:45,215.904
G25,Dec,Workday,15:00,214.768
G25,Dec,Workday,15:15,212.532
G25,Dec,Workday,15:30,210.12
G25,Dec,Workday,15:45,206.656
G25,Dec,Workday,16:00,204.312
G25,Dec,Workday,16:15,202.336
G25,Dec,Workday,16:30,198.508
G25,Dec,Workday,16:45,194.212
G25,Dec,Workday,17:00,186.604
G25,Dec,Workday,17:15,180.928
G25,Dec,Workday,17:30,175.152
G25,Dec,Workday,17:45,168.824
G25,Dec,Workday,18:00,155.76
G25,Dec,Workday,18:15,145.396
G25,Dec,Workday,18:30,133.936
G25,Dec,Workday,18:45,125.364
G25,Dec,Workday,19:00,118.292
G25,Dec,Workday,19:15,111.448
G25,Dec,Workday,19:30,107.068
G25,Dec,Workday,19:45,102.7
G25,Dec,Workday,20:00,97.488
G25,Dec,Workday,20:15,93.392
G25,Dec,Workday,20:30,89.98
G25,Dec,Workday,20:45,87.62
G25,Dec,Workday,21:00,85.012
G25,Dec,Workday,21:15,81.696
G25,Dec,Workday,21:30,79.508
G25,Dec,Workday,21:45,76.868
G25,Dec,Workday,22:00,73.432
G25,Dec,Workday,22:15,71.128
G25,Dec,Workday,22:30,69.856
G25,Dec,Workday,22:45,68.4
G25,Dec,Workday,23:00,66.744
G25,Dec,Workday,23:15,65.272
G25,Dec,Workday,23:30,64.504
G25,Dec,Workday,23:45,63.632
G25,Dec,Saturday,00:00,62.492
G25,Dec,Saturday,00:15,61.996
G25,Dec,Saturday,00:30,61.764
G25,Dec,Saturday,00:45,61.288
G25,Dec,Saturday,01:00,60.696
G25,Dec,Saturday,01:15,60.28
G25,Dec,Saturday,01:30,60.036
G25,Dec,Saturday,01:45,60.144
G25,Dec,Saturday,02:00,59.784
G25,Dec,Saturday,02:15,59.216
G25,Dec,Saturday,02:30,58.992
G25,Dec,Saturday,02:45,59.008
G25,Dec,Saturday,03:00,59.808
G25,Dec,Saturday,03:15,59.852
G25,Dec,Saturday,03:30,59.824
G25,Dec,Saturday,03:45,60.72
G25,Dec,Saturday,04:00,60.904
G25,Dec,Saturday,04:15,61.932
G25,Dec,Saturday,04:30,63.152
G25,Dec,Saturday,04:45,65.052
G25,Dec,Saturday,05:00,67.884
G25,Dec,Saturday,05:15,69.192
G25,Dec,Saturday,05:30,72.868
G25,Dec,Saturday,05:45,74.776
G25,Dec,Saturday,06:00,77.136
G25,Dec,Saturday,06:15,77.74
G25,Dec,Saturday,06:30,79.48
G25,Dec,Saturday,06:45,82.028
G25,Dec,Saturday,07:00,84.596
G25,Dec,Saturday,07:15,86.068
G25,Dec,Saturday,07:30,89.28
G25,Dec,Saturday,07:45,93.672
G25,Dec,Saturday,08:00,97.98
G25,Dec,Saturday,08:15,101.376
G25,Dec,Saturday,08:30,104.752
G25,Dec,Saturday,08:45,110.452
G25,Dec,Saturday,09:00,117.704
G25,Dec,Saturday,09:15,120.568
G25,Dec,Saturday,09:30,126.624
G25,Dec,Saturday,09:45,130.916
G25,Dec,Saturday,10:00,133.48
G25,Dec,Saturday,10:15,134.488
G25,Dec,Saturday,10:30,134.0
G25,Dec,Saturday,10:45,135.292
G25,Dec,Saturday,11:00,136.164
G25,Dec,Saturday,11:15,136.192
G25,Dec,Saturday,11:30,135.88
G25,Dec,Saturday,11:45,134.148
G25,Dec,Saturday,12:00,132.208
G25,Dec,Saturday,12:15,129.048
G25,Dec,Saturday,12:30,127.696
G25,Dec,Saturday,12:45,124.992
G25,Dec,Saturday,13:00,120.868
G25,Dec,Saturday,13:15,117.432
G25,Dec,Saturday,13:30,116.744
G25,Dec,Saturday,13:45,115.792
G25,Dec,Saturday,14:00,112.068
G25,Dec,Saturday,14:15,109.46
G25,Dec,Saturday,14:30,107.676
G25,Dec,Saturday,14:45,107.856
G25,Dec,Saturday,15:00,106.476
G25,Dec,Saturday,15:15,107.508
G25,Dec,Saturday,15:30,106.816
G25,Dec,Saturday,15:45,106.744
G25,Dec,Saturday,16:00,105.352
G25,Dec,Saturday,16:15,105.78
G25,Dec,Saturday,16:30,106.4
G25,Dec,Saturday,16:45,106.128
G25,Dec,Saturday,17:00,108.404
G25,Dec,Saturday,17:15,106.524
G25,Dec,Saturday,17:30,105.492
G25,Dec,Saturday,17:45,104.56
G25,Dec,Saturday,18:00,100.156
G25,Dec,Saturday,18:15,97.136
G25,Dec,Saturday,18:30,95.22
G25,Dec,Saturday,18:45,93.552
G25,Dec,Saturday,19:00,92.016
G25,Dec,Saturday,19:15,89.94
G25,Dec,Saturday,19:30,88.792
G25,Dec,Saturday,19:45,87.748
G25,Dec,Saturday,20:00,84.66
G25,Dec,Saturday,20:15,81.748
G25,Dec,Saturday,20:30,80.216
G25,Dec,Saturday,20:45,78.112
G25,Dec,Saturday,21:00,76.784
G25,Dec,Saturday,21:15,75.628
G25,Dec,Saturday,21:30,72.936
G25,Dec,Saturday,21:45,71.728
G25,Dec,Saturday,22:00,69.656
G25,Dec,Saturday,22:15,67.692
G25,Dec,Saturday,22:30,66.592
G25,Dec,Saturday,22:45,65.844
G25,Dec,Saturday,23:00,64.68
G25,Dec,Saturday,23:15,63.472
G25,Dec,Saturday,23:30,62.932
G25,Dec,Saturday,23:45,61.836
G25,Dec,Sunday,00:00,59.62
G25,Dec,Sunday,00:15,58.74
G25,Dec,Sunday,00:30,58.696
G25,Dec,Sunday,00:45,58.424
G25,Dec,Sunday,01:00,57.908
G25,Dec,Sunday,01:15,57.56
G25,Dec,Sunday,01:30,56.996
G25,Dec,Sunday,01:45,56.916
G25,Dec,Sunday,02:00,57.052
G25,Dec,Sunday,02:15,56.488
G25,Dec,Sunday,02:30,55.9
G25,Dec,Sunday,02:45,56.092
G25,Dec,Sunday,03:00,56.036
G25,Dec,Sunday,03:15,55.692
G25,Dec,Sunday,03:30,56.436
G25,Dec,Sunday,03:45,56.576
G25,Dec,Sunday,04:00,56.608
G25,Dec,Sunday,04:15,57.152
G25,Dec,Sunday,04:30,57.056
G25,Dec,Sunday,04:45,57.564
G25,Dec,Sunday,05:00,58.552
G25,Dec,Sunday,05:15,59.336
G25,Dec,Sunday,05:30,60.648
G25,Dec,Sunday,05:45,61.528
G25,Dec,Sunday,06:00,62.792
G25,Dec,Sunday,06:15,63.7
G25,Dec,Sunday,06:30,64.5
G25,Dec,Sunday,06:45,65.324
G25,Dec,Sunday,07:00,66.428
G25,Dec,Sunday,07:15,67.876
G25,Dec,Sunday,07:30,67.96
G25,Dec,Sunday,07:45,68.612
G25,Dec,Sunday,08:00,69.508
G25,Dec,Sunday,08:15,69.64
G25,Dec,Sunday,08:30,68.82
G25,Dec,Sunday,08:45,68.512
G25,Dec,Sunday,09:00,69.32
G25,Dec,Sunday,09:15,70.292
G25,Dec,Sunday,09:30,71.304
G25,Dec,Sunday,09:45,71.26
G25,Dec,Sunday,10:00,72.44
G25,Dec,Sunday,10:15,72.888
G25,Dec,Sunday,10:30,73.58
G25,Dec,Sunday,10:45,74.572
G25,Dec,Sunday,11:00,74.816
G25,Dec,Sunday,11:15,76.436
G25,Dec,Sunday,11:30,77.032
G25,Dec,Sunday,11:45,76.708
G25,Dec,Sunday,12:00,77.256
G25,Dec,Sunday,12:15,76.452
G25,Dec,Sunday,12:30,75.984
G25,Dec,Sunday,12:45,75.016
G25,Dec,Sunday,13:00,74.644
G25,Dec,Sunday,13:15,74.324
G25,Dec,Sunday,13:30,73.756
G25,Dec,Sunday,13:45,73.54
G25,Dec,Sunday,14:00,73.316
G25,Dec,Sunday,14:15,72.528
G25,Dec,Sunday,14:30,72.096
G25,Dec,Sunday,14:45,72.676
G25,Dec,Sunday,15:00,73.352
G25,Dec,Sunday,15:15,74.344
G25,Dec,Sunday,15:30,74.836
G25,Dec,Sunday,15:45,76.172
G25,Dec,Sunday,16:00,77.808
G25,Dec,Sunday,16:15,79.956
G25,Dec,Sunday,16:30,82.048
G25,Dec,Sunday,16:45,82.104
G25,Dec,Sunday,17:00,82.756
G25,Dec,Sunday,17:15,83.704
G25,Dec,Sunday,17:30,83.996
G25,Dec,Sunday,17:45,82.94
G25,Dec,Sunday,18:00,82.068
G25,Dec,Sunday,18:15,81.132
G25,Dec,Sunday,18:30,80.6
G25,Dec,Sunday,18:45,79.608
G25,Dec,Sunday,19:00,79.124
G25,Dec,Sunday,19:15,77.84
G25,Dec,Sunday,19:30,76.772
G25,Dec,Sunday,19:45,77.072
G25,Dec,Sunday,20:00,75.356
G25,Dec,Sunday,20:15,74.388
G25,Dec,Sunday,20:30,72.552
G25,Dec,Sunday,20:45,72.08
G25,Dec,Sunday,21:00,70.664
G25,Dec,Sunday,21:15,69.012
G25,Dec,Sunday,21:30,67.976
G25,Dec,Sunday,21:45,66.908
G25,Dec,Sunday,22:00,65.116
G25,Dec,Sunday,22:15,63.832
G25,Dec,Sunday,22:30,62.204
G25,Dec,Sunday,22:45,61.724
G25,Dec,Sunday,23:00,60.64
G25,Dec,Sunday,23:15,60.092
G25,Dec,Sunday,23:30,59.408
G25,Dec,Sunday,23:45,58.7
L25,Jan,Workday,00:00,72.4
L25,Jan,Workday,00:15,69.4
L25,Jan,Workday,00:30,66.9
L25,Jan,Workday,00:45,64.8
L25,Jan,Workday,01:00,63.2
L25,Jan,Workday,01:15,61.9
L25,Jan,Workday,01:30,61.0
L25,Jan,Workday,01:45,60.2
L25,Jan,Workday,02:00,59.6
L25,Jan,Workday,02:15,59.2
L25,Jan,Workday,02:30,58.8
L25,Jan,Workday,02:45,58.4
L25,Jan,Workday,03:00,57.9
L25,Jan,Workday,03:15,57.4
L25,Jan,Workday,03:30,56.9
L25,Jan,Workday,03:45,56.5
L25,Jan,Workday,04:00,56.3
L25,Jan,Workday,04:15,56.3
L25,Jan,Workday,04:30,56.6
L25,Jan,Workday,04:45,57.4
L25,Jan,Workday,05:00,58.8
L25,Jan,Workday,05:15,60.9
L25,Jan,Workday,05:30,63.8
L25,Jan,Workday,05:45,67.6
L25,Jan,Workday,06:00,72.5
L25,Jan,Workday,06:15,79.0
L25,Jan,Workday,06:30,87.7
L25,Jan,Workday,06:45,99.1
L25,Jan,Workday,07:00,113.6
L25,Jan,Workday,07:15,130.5
L25,Jan,Workday,07:30,148.9
L25,Jan,Workday,07:45,167.7
L25,Jan,Workday,08:00,185.8
L25,Jan,Workday,08:15,201.7
L25,Jan,Workday,08:30,213.6
L25,Jan,Workday,08:45,219.5
L25,Jan,Workday,09:00,218.5
L25,Jan,Workday,09:15,211.6
L25,Jan,Workday,09:30,200.8
L25,Jan,Workday,09:45,188.0
L25,Jan,Workday,10:00,175.0
L25,Jan,Workday,10:15,163.4
L25,Jan,Workday,10:30,154.5
L25,Jan,Workday,10:45,150.1
L25,Jan,Workday,11:00,150.7
L25,Jan,Workday,11:15,154.1
L25,Jan,Workday,11:30,157.4
L25,Jan,Workday,11:45,157.5
L25,Jan,Workday,12:00,152.2
L25,Jan,Workday,12:15,143.2
L25,Jan,Workday,12:30,132.7
L25,Jan,Workday,12:45,123.2
L25,Jan,Workday,13:00,116.5
L25,Jan,Workday,13:15,112.5
L25,Jan,Workday,13:30,110.3
L25,Jan,Workday,13:45,109.3
L25,Jan,Workday,14:00,108.8
L25,Jan,Workday,14:15,108.5
L25,Jan,Workday,14:30,108.4
L25,Jan,Workday,14:45,108.4
L25,Jan,Workday,15:00,108.3
L25,Jan,Workday,15:15,108.3
L25,Jan,Workday,15:30,108.6
L25,Jan,Workday,15:45,109.3
L25,Jan,Workday,16:00,110.6
L25,Jan,Workday,16:15,113.1
L25,Jan,Workday,16:30,117.4
L25,Jan,Workday,16:45,124.1
L25,Jan,Workday,17:00,133.7
L25,Jan,Workday,17:15,146.0
L25,Jan,Workday,17:30,160.5
L25,Jan,Workday,17:45,176.9
L25,Jan,Workday,18:00,194.5
L25,Jan,Workday,18:15,211.5
L25,Jan,Workday,18:30,226.1
L25,Jan,Workday,18:45,236.2
L25,Jan,Workday,19:00,240.4
L25,Jan,Workday,19:15,238.7
L25,Jan,Workday,19:30,231.5
L25,Jan,Workday,19:45,219.5
L25,Jan,Workday,20:00,203.4
L25,Jan,Workday,20:15,184.9
L25,Jan,Workday,20:30,166.1
L25,Jan,Workday,20:45,149.1
L25,Jan,Workday,21:00,135.6
L25,Jan,Workday,21:15,125.2
L25,Jan,Workday,21:30,117.3
L25,Jan,Workday,21:45,111.2
L25,Jan,Workday,22:00,106.1
L25,Jan,Workday,22:15,101.7
L25,Jan,Workday,22:30,97.7
L25,Jan,Workday,22:45,93.6
L25,Jan,Workday,23:00,89.1
L25,Jan,Workday,23:15,84.6
L25,Jan,Workday,23:30,80.1
L25,Jan,Workday,23:45,76.0
L25,Jan,Saturday,00:00,73.9
L25,Jan,Saturday,00:15,73.0
L25,Jan,Saturday,00:30,72.6
L25,Jan,Saturday,00:45,72.3
L25,Jan,Saturday,01:00,71.5
L25,Jan,Saturday,01:15,70.4
L25,Jan,Saturday,01:30,69.1
L25,Jan,Saturday,01:45,67.6
L25,Jan,Saturday,02:00,66.2
L25,Jan,Saturday,02:15,64.8
L25,Jan,Saturday,02:30,63.4
L25,Jan,Saturday,02:45,62.1
L25,Jan,Saturday,03:00,60.7
L25,Jan,Saturday,03:15,59.4
L25,Jan,Saturday,03:30,58.3
L25,Jan,Saturday,03:45,57.4
L25,Jan,Saturday,04:00,56.9
L25,Jan,Saturday,04:15,56.8
L25,Jan,Saturday,04:30,57.0
L25,Jan,Saturday,04:45,57.4
L25,Jan,Saturday,05:00,58.2
L25,Jan,Saturday,05:15,59.2
L25,Jan,Saturday,05:30,60.5
L25,Jan,Saturday,05:45,62.1
L25,Jan,Saturday,06:00,64.1
L25,Jan,Saturday,06:15,67.4
L25,Jan,Saturday,06:30,72.9
L25,Jan,Saturday,06:45,81.5
L25,Jan,Saturday,07:00,93.9
L25,Jan,Saturday,07:15,109.4
L25,Jan,Saturday,07:30,126.9
L25,Jan,Saturday,07:45,145.4
L25,Jan,Saturday,08:00,163.8
L25,Jan,Saturday,08:15,181.0
L25,Jan,Saturday,08:30,195.6
L25,Jan,Saturday,08:45,206.6
L25,Jan,Saturday,09:00,212.9
L25,Jan,Saturday,09:15,214.6
L25,Jan,Saturday,09:30,212.1
L25,Jan,Saturday,09:45,205.6
L25,Jan,Saturday,10:00,195.9
L25,Jan,Saturday,10:15,185.0
L25,Jan,Saturday,10:30,175.4
L25,Jan,Saturday,10:45,169.5
L25,Jan,Saturday,11:00,168.9
L25,Jan,Saturday,11:15,171.3
L25,Jan,Saturday,11:30,173.5
L25,Jan,Saturday,11:45,172.3
L25,Jan,Saturday,12:00,165.4
L25,Jan,Saturday,12:15,154.5
L25,Jan,Saturday,12:30,142.0
L25,Jan,Saturday,12:45,130.6
L25,Jan,Saturday,13:00,122.1
L25,Jan,Saturday,13:15,116.1
L25,Jan,Saturday,13:30,111.6
L25,Jan,Saturday,13:45,107.4
L25,Jan,Saturday,14:00,102.9
L25,Jan,Saturday,14:15,98.2
L25,Jan,Saturday,14:30,94.0
L25,Jan,Saturday,14:45,90.8
L25,Jan,Saturday,15:00,88.9
L25,Jan,Saturday,15:15,88.2
L25,Jan,Saturday,15:30,88.0
L25,Jan,Saturday,15:45,88.0
L25,Jan,Saturday,16:00,87.9
L25,Jan,Saturday,16:15,88.5
L25,Jan,Saturday,16:30,90.9
L25,Jan,Saturday,16:45,96.3
L25,Jan,Saturday,17:00,105.5
L25,Jan,Saturday,17:15,117.8
L25,Jan,Saturday,17:30,132.7
L25,Jan,Saturday,17:45,149.1
L25,Jan,Saturday,18:00,166.4
L25,Jan,Saturday,18:15,183.4
L25,Jan,Saturday,18:30,199.0
L25,Jan,Saturday,18:45,212.1
L25,Jan,Saturday,19:00,221.5
L25,Jan,Saturday,19:15,226.2
L25,Jan,Saturday,19:30,224.9
L25,Jan,Saturday,19:45,216.8
L25,Jan,Saturday,20:00,201.3
L25,Jan,Saturday,20:15,181.3
L25,Jan,Saturday,20:30,160.3
L25,Jan,Saturday,20:45,141.7
L25,Jan,Saturday,21:00,128.3
L25,Jan,Saturday,21:15,119.3
L25,Jan,Saturday,21:30,113.2
L25,Jan,Saturday,21:45,108.4
L25,Jan,Saturday,22:00,103.7
L25,Jan,Saturday,22:15,98.8
L25,Jan,Saturday,22:30,93.9
L25,Jan,Saturday,22:45,88.9
L25,Jan,Saturday,23:00,84.0
L25,Jan,Saturday,23:15,79.3
L25,Jan,Saturday,23:30,75.0
L25,Jan,Saturday,23:45,71.3
L25,Jan,Sunday,00:00,68.3
L25,Jan,Sunday,00:15,66.0
L25,Jan,Sunday,00:30,64.3
L25,Jan,Sunday,00:45,63.0
L25,Jan,Sunday,01:00,62.1
L25,Jan,Sunday,01:15,61.4
L25,Jan,Sunday,01:30,60.8
L25,Jan,Sunday,01:45,60.2
L25,Jan,Sunday,02:00,59.5
L25,Jan,Sunday,02:15,58.8
L25,Jan,Sunday,02:30,58.0
L25,Jan,Sunday,02:45,57.4
L25,Jan,Sunday,03:00,57.0
L25,Jan,Sunday,03:15,56.7
L25,Jan,Sunday,03:30,56.6
L25,Jan,Sunday,03:45,56.5
L25,Jan,Sunday,04:00,56.4
L25,Jan,Sunday,04:15,56.5
L25,Jan,Sunday,04:30,56.8
L25,Jan,Sunday,04:45,57.4
L25,Jan,Sunday,05:00,58.5
L25,Jan,Sunday,05:15,60.5
L25,Jan,Sunday,05:30,63.7
L25,Jan,Sunday,05:45,68.5
L25,Jan,Sunday,06:00,75.3
L25,Jan,Sunday,06:15,84.1
L25,Jan,Sunday,06:30,94.8
L25,Jan,Sunday,06:45,107.4
L25,Jan,Sunday,07:00,121.9
L25,Jan,Sunday,07:15,137.8
L25,Jan,Sunday,07:30,155.0
L25,Jan,Sunday,07:45,173.2
L25,Jan,Sunday,08:00,191.7
L25,Jan,Sunday,08:15,208.6
L25,Jan,Sunday,08:30,221.4
L25,Jan,Sunday,08:45,227.9
L25,Jan,Sunday,09:00,226.4
L25,Jan,Sunday,09:15,218.6
L25,Jan,Sunday,09:30,206.6
L25,Jan,Sunday,09:45,192.7
L25,Jan,Sunday,10:00,178.9
L25,Jan,Sunday,10:15,167.0
L25,Jan,Sunday,10:30,158.1
L25,Jan,Sunday,10:45,153.8
L25,Jan,Sunday,11:00,154.6
L25,Jan,Sunday,11:15,158.2
L25,Jan,Sunday,11:30,161.5
L25,Jan,Sunday,11:45,161.2
L25,Jan,Sunday,12:00,155.2
L25,Jan,Sunday,12:15,145.4
L25,Jan,Sunday,12:30,134.4
L25,Jan,Sunday,12:45,125.0
L25,Jan,Sunday,13:00,119.4
L25,Jan,Sunday,13:15,116.9
L25,Jan,Sunday,13:30,116.1
L25,Jan,Sunday,13:45,115.8
L25,Jan,Sunday,14:00,114.8
L25,Jan,Sunday,14:15,113.2
L25,Jan,Sunday,14:30,111.3
L25,Jan,Sunday,14:45,109.3
L25,Jan,Sunday,15:00,107.5
L25,Jan,Sunday,15:15,106.1
L25,Jan,Sunday,15:30,105.4
L25,Jan,Sunday,15:45,105.6
L25,Jan,Sunday,16:00,106.9
L25,Jan,Sunday,16:15,109.8
L25,Jan,Sunday,16:30,114.4
L25,Jan,Sunday,16:45,121.3
L25,Jan,Sunday,17:00,130.7
L25,Jan,Sunday,17:15,142.4
L25,Jan,Sunday,17:30,156.1
L25,Jan,Sunday,17:45,171.4
L25,Jan,Sunday,18:00,187.8
L25,Jan,Sunday,18:15,204.1
L25,Jan,Sunday,18:30,218.5
L25,Jan,Sunday,18:45,229.7
L25,Jan,Sunday,19:00,236.2
L25,Jan,Sunday,19:15,237.4
L25,Jan,Sunday,19:30,232.9
L25,Jan,Sunday,19:45,222.3
L25,Jan,Sunday,20:00,205.7
L25,Jan,Sunday,20:15,185.5
L25,Jan,Sunday,20:30,164.7
L25,Jan,Sunday,20:45,146.4
L25,Jan,Sunday,21:00,132.6
L25,Jan,Sunday,21:15,123.0
L25,Jan,Sunday,21:30,116.3
L25,Jan,Sunday,21:45,111.2
L25,Jan,Sunday,22:00,106.6
L25,Jan,Sunday,22:15,102.1
L25,Jan,Sunday,22:30,97.6
L25,Jan,Sunday,22:45,92.6
L25,Jan,Sunday,23:00,87.2
L25,Jan,Sunday,23:15,81.6
L25,Jan,Sunday,23:30,76.5
L25,Jan,Sunday,23:45,72.3
L25,Feb,Workday,00:00,72.4
L25,Feb,Workday,00:15,69.4
L25,Feb,Workday,00:30,66.9
L25,Feb,Workday,00:45,64.8
L25,Feb,Workday,01:00,63.2
L25,Feb,Workday,01:15,61.9
L25,Feb,Workday,01:30,61.0
L25,Feb,Workday,01:45,60.2
L25,Feb,Workday,02:00,59.6
L25,Feb,Workday,02:15,59.2
L25,Feb,Workday,02:30,58.8
L25,Feb,Workday,02:45,58.4
L25,Feb,Workday,03:00,57.9
L25,Feb,Workday,03:15,57.4
L25,Feb,Workday,03:30,56.9
L25,Feb,Workday,03:45,56.5
L25,Feb,Workday,04:00,56.3
L25,Feb,Workday,04:15,56.3
L25,Feb,Workday,04:30,56.6
L25,Feb,Workday,04:45,57.4
L25,Feb,Workday,05:00,58.8
L25,Feb,Workday,05:15,60.9
L25,Feb,Workday,05:30,63.8
L25,Feb,Workday,05:45,67.6
L25,Feb,Workday,06:00,72.5
L25,Feb,Workday,06:15,79.0
L25,Feb,Workday,06:30,87.7
L25,Feb,Workday,06:45,99.1
L25,Feb,Workday,07:00,113.6
L25,Feb,Workday,07:15,130.5
L25,Feb,Workday,07:30,148.9
L25,Feb,Workday,07:45,167.7
L25,Feb,Workday,08:00,185.8
L25,Feb,Workday,08:15,201.7
L25,Feb,Workday,08:30,213.6
L25,Feb,Workday,08:45,219.5
L25,Feb,Workday,09:00,218.5
L25,Feb,Workday,09:15,211.6
L25,Feb,Workday,09:30,200.8
L25,Feb,Workday,09:45,188.0
L25,Feb,Workday,10:00,175.0
L25,Feb,Workday,10:15,163.4
L25,Feb,Workday,10:30,154.5
L25,Feb,Workday,10:45,150.1
L25,Feb,Workday,11:00,150.7
L25,Feb,Workday,11:15,154.1
L25,Feb,Workday,11:30,157.4
L25,Feb,Workday,11:45,157.5
L25,Feb,Workday,12:00,152.2
L25,Feb,Workday,12:15,143.2
L25,Feb,Workday,12:30,132.7
L25,Feb,Workday,12:45,123.2
L25,Feb,Workday,13:00,116.5
L25,Feb,Workday,13:15,112.5
L25,Feb,Workday,13:30,110.3
L25,Feb,Workday,13:45,109.3
L25,Feb,Workday,14:00,108.8
L25,Feb,Workday,14:15,108.5
L25,Feb,Workday,14:30,108.4
L25,Feb,Workday,14:45,108.4
L25,Feb,Workday,15:00,108.3
L25,Feb,Workday,15:15,108.3
L25,Feb,Workday,15:30,108.6
L25,Feb,Workday,15:45,109.3
L25,Feb,Workday,16:00,110.6
L25,Feb,Workday,16:15,113.1
L25,Feb,Workday,16:30,117.4
L25,Feb,Workday,16:45,124.1
L25,Feb,Workday,17:00,133.7
L25,Feb,Workday,17:15,146.0
L25,Feb,Workday,17:30,160.5
L25,Feb,Workday,17:45,176.9
L25,Feb,Workday,18:00,194.5
L25,Feb,Workday,18:15,211.5
L25,Feb,Workday,18:30,226.1
L25,Feb,Workday,18:45,236.2
L25,Feb,Workday,19:00,240.4
L25,Feb,Workday,19:15,238.7
L25,Feb,Workday,19:30,231.5
L25,Feb,Workday,19:45,219.5
L25,Feb,Workday,20:00,203.4
L25,Feb,Workday,20:15,184.9
L25,Feb,Workday,20:30,166.1
L25,Feb,Workday,20:45,149.1
L25,Feb,Workday,21:00,135.6
L25,Feb,Workday,21:15,125.2
L25,Feb,Workday,21:30,117.3
L25,Feb,Workday,21:45,111.2
L25,Feb,Workday,22:00,106.1
L25,Feb,Workday,22:15,101.7
L25,Feb,Workday,22:30,97.7
L25,Feb,Workday,22:45,93.6
L25,Feb,Workday,23:00,89.1
L25,Feb,Workday,23:15,84.6
L25,Feb,Workday,23:30,80.1
L25,Feb,Workday,23:45,76.0
L25,Feb,Saturday,00:00,73.9
L25,Feb,Saturday,00:15,73.0
L25,Feb,Saturday,00:30,72.6
L25,Feb,Saturday,00:45,72.3
L25,Feb,Saturday,01:00,71.5
L25,Feb,Saturday,01:15,70.4
L25,Feb,Saturday,01:30,69.1
L25,Feb,Saturday,01:45,67.6
L25,Feb,Saturday,02:00,66.2
L25,Feb,Saturday,02:15,64.8
L25,Feb,Saturday,02:30,63.4
L25,Feb,Saturday,02:45,62.1
L25,Feb,Saturday,03:00,60.7
L25,Feb,Saturday,03:15,59.4
L25,Feb,Saturday,03:30,58.3
L25,Feb,Saturday,03:45,57.4
L25,Feb,Saturday,04:00,56.9
L25,Feb,Saturday,04:15,56.8
L25,Feb,Saturday,04:30,57.0
L25,Feb,Saturday,04:45,57.4
L25,Feb,Saturday,05:00,58.2
L25,Feb,Saturday,05:15,59.2
L25,Feb,Saturday,05:30,60.5
L25,Feb,Saturday,05:45,62.1
L25,Feb,Saturday,06:00,64.1
L25,Feb,Saturday,06:15,67.4
L25,Feb,Saturday,06:30,72.9
L25,Feb,Saturday,06:45,81.5
L25,Feb,Saturday,07:00,93.9
L25,Feb,Saturday,07:15,109.4
L25,Feb,Saturday,07:30,126.9
L25,Feb,Saturday,07:45,145.4
L25,Feb,Saturday,08:00,163.8
L25,Feb,Saturday,08:15,181.0
L25,Feb,Saturday,08:30,195.6
L25,Feb,Saturday,08:45,206.6
L25,Feb,Saturday,09:00,212.9
L25,Feb,Saturday,09:15,214.6
L25,Feb,Saturday,09:30,212.1
L25,Feb,Saturday,09:45,205.6
L25,Feb,Saturday,10:00,195.9
L25,Feb,Saturday,10:15,185.0
L25,Feb,Saturday,10:30,175.4
L25,Feb,Saturday,10:45,169.5
L25,Feb,Saturday,11:00,168.9
L25,Feb,Saturday,11:15,171.3
L25,Feb,Saturday,11:30,173.5
L25,Feb,Saturday,11:45,172.3
L25,Feb,Saturday,12:00,165.4
L25,Feb,Saturday,12:15,154.5
L25,Feb,Saturday,12:30,142.0
L25,Feb,Saturday,12:45,130.6
L25,Feb,Saturday,13:00,122.1
L25,Feb,Saturday,13:15,116.1
L25,Feb,Saturday,13:30,111.6
L25,Feb,Saturday,13:45,107.4
L25,Feb,Saturday,14:00,102.9
L25,Feb,Saturday,14:15,98.2
L25,Feb,Saturday,14:30,94.0
L25,Feb,Saturday,14:45,90.8
L25,Feb,Saturday,15:00,88.9
L25,Feb,Saturday,15:15,88.2
L25,Feb,Saturday,15:30,88.0
L25,Feb,Saturday,15:45,88.0
L25,Feb,Saturday,16:00,87.9
L25,Feb,Saturday,16:15,88.5
L25,Feb,Saturday,16:30,90.9
L25,Feb,Saturday,16:45,96.3
L25,Feb,Saturday,17:00,105.5
L25,Feb,Saturday,17:15,117.8
L25,Feb,Saturday,17:30,132.7
L25,Feb,Saturday,17:45,149.1
L25,Feb,Saturday,18:00,166.4
L25,Feb,Saturday,18:15,183.4
L25,Feb,Saturday,18:30,199.0
L25,Feb,Saturday,18:45,212.1
L25,Feb,Saturday,19:00,221.5
L25,Feb,Saturday,19:15,226.2
L25,Feb,Saturday,19:30,224.9
L25,Feb,Saturday,19:45,216.8
L25,Feb,Saturday,20:00,201.3
L25,Feb,Saturday,20:15,181.3
L25,Feb,Saturday,20:30,160.3
L25,Feb,Saturday,20:45,141.7
L25,Feb,Saturday,21:00,128.3
L25,Feb,Saturday,21:15,119.3
L25,Feb,Saturday,21:30,113.2
L25,Feb,Saturday,21:45,108.4
L25,Feb,Saturday,22:00,103.7
L25,Feb,Saturday,22:15,98.8
L25,Feb,Saturday,22:30,93.9
L25,Feb,Saturday,22:45,88.9
L25,Feb,Saturday,23:00,84.0
L25,Feb,Saturday,23:15,79.3
L25,Feb,Saturday,23:30,75.0
L25,Feb,Saturday,23:45,71.3
L25,Feb,Sunday,00:00,68.3
L25,Feb,Sunday,00:15,66.0
L25,Feb,Sunday,00:30,64.3
L25,Feb,Sunday,00:45,63.0
L25,Feb,Sunday,01:00,62.1
L25,Feb,Sunday,01:15,61.4
L25,Feb,Sunday,01:30,60.8
L25,Feb,Sunday,01:45,60.2
L25,Feb,Sunday,02:00,59.5
L25,Feb,Sunday,02:15,58.8
L25,Feb,Sunday,02:30,58.0
L25,Feb,Sunday,02:45,57.4
L25,Feb,Sunday,03:00,57.0
L25,Feb,Sunday,03:15,56.7
L25,Feb,Sunday,03:30,56.6
L25,Feb,Sunday,03:45,56.5
L25,Feb,Sunday,04:00,56.4
L25,Feb,Sunday,04:15,56.5
L25,Feb,Sunday,04:30,56.8
L25,Feb,Sunday,04:45,57.4
L25,Feb,Sunday,05:00,58.5
L25,Feb,Sunday,05:15,60.5
L25,Feb,Sunday,05:30,63.7
L25,Feb,Sunday,05:45,68.5
L25,Feb,Sunday,06:00,75.3
L25,Feb,Sunday,06:15,84.1
L25,Feb,Sunday,06:30,94.8
L25,Feb,Sunday,06:45,107.4
L25,Feb,Sunday,07:00,121.9
L25,Feb,Sunday,07:15,137.8
L25,Feb,Sunday,07:30,155.0
L25,Feb,Sunday,07:45,173.2
L25,Feb,Sunday,08:00,191.7
L25,Feb,Sunday,08:15,208.6
L25,Feb,Sunday,08:30,221.4
L25,Feb,Sunday,08:45,227.9
L25,Feb,Sunday,09:00,226.4
L25,Feb,Sunday,09:15,218.6
L25,Feb,Sunday,09:30,206.6
L25,Feb,Sunday,09:45,192.7
L25,Feb,Sunday,10:00,178.9
L25,Feb,Sunday,10:15,167.0
L25,Feb,Sunday,10:30,158.1
L25,Feb,Sunday,10:45,153.8
L25,Feb,Sunday,11:00,154.6
L25,Feb,Sunday,11:15,158.2
L25,Feb,Sunday,11:30,161.5
L25,Feb,Sunday,11:45,161.2
L25,Feb,Sunday,12:00,155.2
L25,Feb,Sunday,12:15,145.4
L25,Feb,Sunday,12:30,134.4
L25,Feb,Sunday,12:45,125.0
L25,Feb,Sunday,13:00,119.4
L25,Feb,Sunday,13:15,116.9
L25,Feb,Sunday,13:30,116.1
L25,Feb,Sunday,13:45,115.8
L25,Feb,Sunday,14:00,114.8
L25,Feb,Sunday,14:15,113.2
L25,Feb,Sunday,14:30,111.3
L25,Feb,Sunday,14:45,109.3
L25,Feb,Sunday,15:00,107.5
L25,Feb,Sunday,15:15,106.1
L25,Feb,Sunday,15:30,105.4
L25,Feb,Sunday,15:45,105.6
L25,Feb,Sunday,16:00,106.9
L25,Feb,Sunday,16:15,109.8
L25,Feb,Sunday,16:30,114.4
L25,Feb,Sunday,16:45,121.3
L25,Feb,Sunday,17:00,130.7
L25,Feb,Sunday,17:15,142.4
L25,Feb,Sunday,17:30,156.1
L25,Feb,Sunday,17:45,171.4
L25,Feb,Sunday,18:00,187.8
L25,Feb,Sunday,18:15,204.1
L25,Feb,Sunday,18:30,218.5
L25,Feb,Sunday,18:45,229.7
L25,Feb,Sunday,19:00,236.2
L25,Feb,Sunday,19:15,237.4
L25,Feb,Sunday,19:30,232.9
L25,Feb,Sunday,19:45,222.3
L25,Feb,Sunday,20:00,205.7
L25,Feb,Sunday,20:15,185.5
L25,Feb,Sunday,20:30,164.7
L25,Feb,Sunday,20:45,146.4
L25,Feb,Sunday,21:00,132.6
L25,Feb,Sunday,21:15,123.0
L25,Feb,Sunday,21:30,116.3
L25,Feb,Sunday,21:45,111.2
L25,Feb,Sunday,22:00,106.6
L25,Feb,Sunday,22:15,102.1
L25,Feb,Sunday,22:30,97.6
L25,Feb,Sunday,22:45,92.6
L25,Feb,Sunday,23:00,87.2
L25,Feb,Sunday,23:15,81.6
L25,Feb,Sunday,23:30,76.5
L25,Feb,Sunday,23:45,72.3
L25,Mar,Workday,00:00,71.7
L25,Mar,Workday,00:15,68.632
L25,Mar,Workday,00:30,66.032
L25,Mar,Workday,00:45,63.9
L25,Mar,Workday,01:00,62.232
L25,Mar,Workday,01:15,60.968
L25,Mar,Workday,01:30,60.032
L25,Mar,Workday,01:45,59.268
L25,Mar,Workday,02:00,58.7
L25,Mar,Workday,02:15,58.268
L25,Mar,Workday,02:30,57.868
L25,Mar,Workday,02:45,57.468
L25,Mar,Workday,03:00,56.968
L25,Mar,Workday,03:15,56.432
L25,Mar,Workday,03:30,55.968
L25,Mar,Workday,03:45,55.568
L25,Mar,Workday,04:00,55.4
L25,Mar,Workday,04:15,55.432
L25,Mar,Workday,04:30,55.732
L25,Mar,Workday,04:45,56.5
L25,Mar,Workday,05:00,57.732
L25,Mar,Workday,05:15,59.668
L25,Mar,Workday,05:30,62.468
L25,Mar,Workday,05:45,66.368
L25,Mar,Workday,06:00,71.6
L25,Mar,Workday,06:15,78.532
L25,Mar,Workday,06:30,87.668
L25,Mar,Workday,06:45,99.4
L25,Mar,Workday,07:00,114.0
L25,Mar,Workday,07:15,130.768
L25,Mar,Workday,07:30,148.8
L25,Mar,Workday,07:45,167.068
L25,Mar,Workday,08:00,184.5
L25,Mar,Workday,08:15,199.5
L25,Mar,Workday,08:30,210.2
L25,Mar,Workday,08:45,214.568
L25,Mar,Workday,09:00,211.668
L25,Mar,Workday,09:15,202.9
L25,Mar,Workday,09:30,190.732
L25,Mar,Workday,09:45,177.5
L25,Mar,Workday,10:00,165.3
L25,Mar,Workday,10:15,155.268
L25,Mar,Workday,10:30,148.168
L25,Mar,Workday,10:45,145.132
L25,Mar,Workday,11:00,146.3
L25,Mar,Workday,11:15,149.632
L25,Mar,Workday,11:30,152.632
L25,Mar,Workday,11:45,152.532
L25,Mar,Workday,12:00,147.532
L25,Mar,Workday,12:15,139.1
L25,Mar,Workday,12:30,129.3
L25,Mar,Workday,12:45,120.432
L25,Mar,Workday,13:00,114.132
L25,Mar,Workday,13:15,110.3
L25,Mar,Workday,13:30,108.168
L25,Mar,Workday,13:45,107.132
L25,Mar,Workday,14:00,106.568
L25,Mar,Workday,14:15,106.232
L25,Mar,Workday,14:30,106.068
L25,Mar,Workday,14:45,105.932
L25,Mar,Workday,15:00,105.668
L25,Mar,Workday,15:15,105.5
L25,Mar,Workday,15:30,105.532
L25,Mar,Workday,15:45,105.9
L25,Mar,Workday,16:00,106.8
L25,Mar,Workday,16:15,108.7
L25,Mar,Workday,16:30,112.132
L25,Mar,Workday,16:45,117.632
L25,Mar,Workday,17:00,125.6
L25,Mar,Workday,17:15,136.068
L25,Mar,Workday,17:30,148.868
L25,Mar,Workday,17:45,163.932
L25,Mar,Workday,18:00,180.832
L25,Mar,Workday,18:15,197.732
L25,Mar,Workday,18:30,212.668
L25,Mar,Workday,18:45,223.532
L25,Mar,Workday,19:00,228.768
L25,Mar,Workday,19:15,228.3
L25,Mar,Workday,19:30,222.568
L25,Mar,Workday,19:45,212.1
L25,Mar,Workday,20:00,197.568
L25,Mar,Workday,20:15,180.632
L25,Mar,Workday,20:30,163.3
L25,Mar,Workday,20:45,147.568
L25,Mar,Workday,21:00,135.0
L25,Mar,Workday,21:15,125.3
L25,Mar,Workday,21:30,117.8
L25,Mar,Workday,21:45,111.8
L25,Mar,Workday,22:00,106.632
L25,Mar,Workday,22:15,101.968
L25,Mar,Workday,22:30,97.668
L25,Mar,Workday,22:45,93.268
L25,Mar,Workday,23:00,88.632
L25,Mar,Workday,23:15,84.032
L25,Mar,Workday,23:30,79.5
L25,Mar,Workday,23:45,75.368
L25,Mar,Saturday,00:00,73.068
L25,Mar,Saturday,00:15,71.8
L25,Mar,Saturday,00:30,71.068
L25,Mar,Saturday,00:45,70.432
L25,Mar,Saturday,01:00,69.432
L25,Mar,Saturday,01:15,68.232
L25,Mar,Saturday,01:30,66.868
L25,Mar,Saturday,01:45,65.432
L25,Mar,Saturday,02:00,64.132
L25,Mar,Saturday,02:15,62.9
L25,Mar,Saturday,02:30,61.7
L25,Mar,Saturday,02:45,60.532
L25,Mar,Saturday,03:00,59.332
L25,Mar,Saturday,03:15,58.168
L25,Mar,Saturday,03:30,57.232
L25,Mar,Saturday,03:45,56.5
L25,Mar,Saturday,04:00,56.132
L25,Mar,Saturday,04:15,56.1
L25,Mar,Saturday,04:30,56.368
L25,Mar,Saturday,04:45,56.8
L25,Mar,Saturday,05:00,57.5
L25,Mar,Saturday,05:15,58.332
L25,Mar,Saturday,05:30,59.468
L25,Mar,Saturday,05:45,60.868
L25,Mar,Saturday,06:00,62.7
L25,Mar,Saturday,06:15,65.9
L25,Mar,Saturday,06:30,71.532
L25,Mar,Saturday,06:45,80.568
L25,Mar,Saturday,07:00,93.732
L25,Mar,Saturday,07:15,110.132
L25,Mar,Saturday,07:30,128.4
L25,Mar,Saturday,07:45,147.268
L25,Mar,Saturday,08:00,165.4
L25,Mar,Saturday,08:15,181.732
L25,Mar,Saturday,08:30,194.968
L25,Mar,Saturday,08:45,204.132
L25,Mar,Saturday,09:00,208.232
L25,Mar,Saturday,09:15,207.768
L25,Mar,Saturday,09:30,203.468
L25,Mar,Saturday,09:45,196.032
L25,Mar,Saturday,10:00,186.468
L25,Mar,Saturday,10:15,176.532
L25,Mar,Saturday,10:30,168.268
L25,Mar,Saturday,10:45,163.632
L25,Mar,Saturday,11:00,163.9
L25,Mar,Saturday,11:15,166.832
L25,Mar,Saturday,11:30,169.432
L25,Mar,Saturday,11:45,168.6
L25,Mar,Saturday,12:00,162.2
L25,Mar,Saturday,12:15,151.9
L25,Mar,Saturday,12:30,139.968
L25,Mar,Saturday,12:45,129.068
L25,Mar,Saturday,13:00,120.9
L25,Mar,Saturday,13:15,115.1
L25,Mar,Saturday,13:30,110.668
L25,Mar,Saturday,13:45,106.5
L25,Mar,Saturday,14:00,101.932
L25,Mar,Saturday,14:15,97.232
L25,Mar,Saturday,14:30,93.032
L25,Mar,Saturday,14:45,89.868
L25,Mar,Saturday,15:00,88.132
L25,Mar,Saturday,15:15,87.568
L25,Mar,Saturday,15:30,87.568
L25,Mar,Saturday,15:45,87.7
L25,Mar,Saturday,16:00,87.632
L25,Mar,Saturday,16:15,88.1
L25,Mar,Saturday,16:30,90.1
L25,Mar,Saturday,16:45,94.768
L25,Mar,Saturday,17:00,102.8
L25,Mar,Saturday,17:15,113.768
L25,Mar,Saturday,17:30,127.2
L25,Mar,Saturday,17:45,142.332
L25,Mar,Saturday,18:00,158.568
L25,Mar,Saturday,18:15,174.7
L25,Mar,Saturday,18:30,189.568
L25,Mar,Saturday,18:45,201.932
L25,Mar,Saturday,19:00,210.568
L25,Mar,Saturday,19:15,214.7
L25,Mar,Saturday,19:30,213.468
L25,Mar,Saturday,19:45,206.3
L25,Mar,Saturday,20:00,192.8
L25,Mar,Saturday,20:15,175.432
L25,Mar,Saturday,20:30,157.032
L25,Mar,Saturday,20:45,140.468
L25,Mar,Saturday,21:00,128.0
L25,Mar,Saturday,21:15,119.132
L25,Mar,Saturday,21:30,112.668
L25,Mar,Saturday,21:45,107.468
L25,Mar,Saturday,22:00,102.568
L25,Mar,Saturday,22:15,97.7
L25,Mar,Saturday,22:30,92.9
L25,Mar,Saturday,22:45,87.968
L25,Mar,Saturday,23:00,83.032
L25,Mar,Saturday,23:15,78.232
L25,Mar,Saturday,23:30,73.832
L25,Mar,Saturday,23:45,70.068
L25,Mar,Sunday,00:00,67.132
L25,Mar,Sunday,00:15,64.9
L25,Mar,Sunday,00:30,63.3
L25,Mar,Sunday,00:45,62.068
L25,Mar,Sunday,01:00,61.132
L25,Mar,Sunday,01:15,60.332
L25,Mar,Sunday,01:30,59.632
L25,Mar,Sunday,01:45,58.968
L25,Mar,Sunday,02:00,58.268
L25,Mar,Sunday,02:15,57.632
L25,Mar,Sunday,02:30,56.968
L25,Mar,Sunday,02:45,56.5
L25,Mar,Sunday,03:00,56.2
L25,Mar,Sunday,03:15,56.0
L25,Mar,Sunday,03:30,55.968
L25,Mar,Sunday,03:45,55.9
L25,Mar,Sunday,04:00,55.768
L25,Mar,Sunday,04:15,55.768
L25,Mar,Sunday,04:30,55.968
L25,Mar,Sunday,04:45,56.5
L25,Mar,Sunday,05:00,57.5
L25,Mar,Sunday,05:15,59.432
L25,Mar,Sunday,05:30,62.568
L25,Mar,Sunday,05:45,67.268
L25,Mar,Sunday,06:00,73.968
L25,Mar,Sunday,06:15,82.668
L25,Mar,Sunday,06:30,93.4
L25,Mar,Sunday,06:45,106.168
L25,Mar,Sunday,07:00,121.032
L25,Mar,Sunday,07:15,137.3
L25,Mar,Sunday,07:30,154.6
L25,Mar,Sunday,07:45,172.268
L25,Mar,Sunday,08:00,189.568
L25,Mar,Sunday,08:15,204.732
L25,Mar,Sunday,08:30,215.8
L25,Mar,Sunday,08:45,220.8
L25,Mar,Sunday,09:00,218.4
L25,Mar,Sunday,09:15,210.2
L25,Mar,Sunday,09:30,198.232
L25,Mar,Sunday,09:45,184.668
L25,Mar,Sunday,10:00,171.432
L25,Mar,Sunday,10:15,160.132
L25,Mar,Sunday,10:30,151.932
L25,Mar,Sunday,10:45,148.232
L25,Mar,Sunday,11:00,149.532
L25,Mar,Sunday,11:15,153.568
L25,Mar,Sunday,11:30,157.268
L25,Mar,Sunday,11:45,157.5
L25,Mar,Sunday,12:00,152.132
L25,Mar,Sunday,12:15,142.968
L25,Mar,Sunday,12:30,132.432
L25,Mar,Sunday,12:45,123.168
L25,Mar,Sunday,13:00,117.232
L25,Mar,Sunday,13:15,114.132
L25,Mar,Sunday,13:30,112.632
L25,Mar,Sunday,13:45,111.768
L25,Mar,Sunday,14:00,110.532
L25,Mar,Sunday,14:15,108.968
L25,Mar,Sunday,14:30,107.268
L25,Mar,Sunday,14:45,105.6
L25,Mar,Sunday,15:00,104.132
L25,Mar,Sunday,15:15,102.968
L25,Mar,Sunday,15:30,102.3
L25,Mar,Sunday,15:45,102.2
L25,Mar,Sunday,16:00,102.832
L25,Mar,Sunday,16:15,104.7
L25,Mar,Sunday,16:30,108.2
L25,Mar,Sunday,16:45,113.9
L25,Mar,Sunday,17:00,122.2
L25,Mar,Sunday,17:15,132.932
L25,Mar,Sunday,17:30,145.832
L25,Mar,Sunday,17:45,160.568
L25,Mar,Sunday,18:00,176.7
L25,Mar,Sunday,18:15,192.832
L25,Mar,Sunday,18:30,207.2
L25,Mar,Sunday,18:45,218.268
L25,Mar,Sunday,19:00,224.6
L25,Mar,Sunday,19:15,225.832
L25,Mar,Sunday,19:30,221.9
L25,Mar,Sunday,19:45,212.732
L25,Mar,Sunday,20:00,198.6
L25,Mar,Sunday,20:15,181.468
L25,Mar,Sunday,20:30,163.668
L25,Mar,Sunday,20:45,147.632
L25,Mar,Sunday,21:00,134.932
L25,Mar,Sunday,21:15,125.432
L25,Mar,Sunday,21:30,118.232
L25,Mar,Sunday,21:45,112.432
L25,Mar,Sunday,22:00,107.2
L25,Mar,Sunday,22:15,102.232
L25,Mar,Sunday,22:30,97.4
L25,Mar,Sunday,22:45,92.3
L25,Mar,Sunday,23:00,86.932
L25,Mar,Sunday,23:15,81.468
L25,Mar,Sunday,23:30,76.468
L25,Mar,Sunday,23:45,72.3
L25,Apr,Workday,00:00,70.3
L25,Apr,Workday,00:15,67.1
L25,Apr,Workday,00:30,64.3
L25,Apr,Workday,00:45,62.1
L25,Apr,Workday,01:00,60.3
L25,Apr,Workday,01:15,59.1
L25,Apr,Workday,01:30,58.1
L25,Apr,Workday,01:45,57.4
L25,Apr,Workday,02:00,56.9
L25,Apr,Workday,02:15,56.4
L25,Apr,Workday,02:30,56.0
L25,Apr,Workday,02:45,55.6
L25,Apr,Workday,03:00,55.1
L25,Apr,Workday,03:15,54.5
L25,Apr,Workday,03:30,54.1
L25,Apr,Workday,03:45,53.7
L25,Apr,Workday,04:00,53.6
L25,Apr,Workday,04:15,53.7
L25,Apr,Workday,04:30,54.0
L25,Apr,Workday,04:45,54.7
L25,Apr,Workday,05:00,55.6
L25,Apr,Workday,05:15,57.2
L25,Apr,Workday,05:30,59.8
L25,Apr,Workday,05:45,63.9
L25,Apr,Workday,06:00,69.8
L25,Apr,Workday,06:15,77.6
L25,Apr,Workday,06:30,87.6
L25,Apr,Workday,06:45,100.0
L25,Apr,Workday,07:00,114.8
L25,Apr,Workday,07:15,131.3
L25,Apr,Workday,07:30,148.6
L25,Apr,Workday,07:45,165.8
L25,Apr,Workday,08:00,181.9
L25,Apr,Workday,08:15,195.1
L25,Apr,Workday,08:30,203.4
L25,Apr,Workday,08:45,204.7
L25,Apr,Workday,09:00,198.0
L25,Apr,Workday,09:15,185.5
L25,Apr,Workday,09:30,170.6
L25,Apr,Workday,09:45,156.5
L25,Apr,Workday,10:00,145.9
L25,Apr,Workday,10:15,139.0
L25,Apr,Workday,10:30,135.5
L25,Apr,Workday,10:45,135.2
L25,Apr,Workday,11:00,137.5
L25,Apr,Workday,11:15,140.7
L25,Apr,Workday,11:30,143.1
L25,Apr,Workday,11:45,142.6
L25,Apr,Workday,12:00,138.2
L25,Apr,Workday,12:15,130.9
L25,Apr,Workday,12:30,122.5
L25,Apr,Workday,12:45,114.9
L25,Apr,Workday,13:00,109.4
L25,Apr,Workday,13:15,105.9
L25,Apr,Workday,13:30,103.9
L25,Apr,Workday,13:45,102.8
L25,Apr,Workday,14:00,102.1
L25,Apr,Workday,14:15,101.7
L25,Apr,Workday,14:30,101.4
L25,Apr,Workday,14:45,101.0
L25,Apr,Workday,15:00,100.4
L25,Apr,Workday,15:15,99.9
L25,Apr,Workday,15:30,99.4
L25,Apr,Workday,15:45,99.1
L25,Apr,Workday,16:00,99.2
L25,Apr,Workday,16:15,99.9
L25,Apr,Workday,16:30,101.6
L25,Apr,Workday,16:45,104.7
L25,Apr,Workday,17:00,109.4
L25,Apr,Workday,17:15,116.2
L25,Apr,Workday,17:30,125.6
L25,Apr,Workday,17:45,138.0
L25,Apr,Workday,18:00,153.5
L25,Apr,Workday,18:15,170.2
L25,Apr,Workday,18:30,185.8
L25,Apr,Workday,18:45,198.2
L25,Apr,Workday,19:00,205.5
L25,Apr,Workday,19:15,207.5
L25,Apr,Workday,19:30,204.7
L25,Apr,Workday,19:45,197.3
L25,Apr,Workday,20:00,185.9
L25,Apr,Workday,20:15,172.1
L25,Apr,Workday,20:30,157.7
L25,Apr,Workday,20:45,144.5
L25,Apr,Workday,21:00,133.8
L25,Apr,Workday,21:15,125.5
L25,Apr,Workday,21:30,118.8
L25,Apr,Workday,21:45,113.0
L25,Apr,Workday,22:00,107.7
L25,Apr,Workday,22:15,102.5
L25,Apr,Workday,22:30,97.6
L25,Apr,Workday,22:45,92.6
L25,Apr,Workday,23:00,87.7
L25,Apr,Workday,23:15,82.9
L25,Apr,Workday,23:30,78.3
L25,Apr,Workday,23:45,74.1
L25,Apr,Saturday,00:00,71.4
L25,Apr,Saturday,00:15,69.4
L25,Apr,Saturday,00:30,68.0
L25,Apr,Saturday,00:45,66.7
L25,Apr,Saturday,01:00,65.3
L25,Apr,Saturday,01:15,63.9
L25,Apr,Saturday,01:30,62.4
L25,Apr,Saturday,01:45,61.1
L25,Apr,Saturday,02:00,60.0
L25,Apr,Saturday,02:15,59.1
L25,Apr,Saturday,02:30,58.3
L25,Apr,Saturday,02:45,57.4
L25,Apr,Saturday,03:00,56.6
L25,Apr,Saturday,03:15,55.7
L25,Apr,Saturday,03:30,55.1
L25,Apr,Saturday,03:45,54.7
L25,Apr,Saturday,04:00,54.6
L25,Apr,Saturday,04:15,54.7
L25,Apr,Saturday,04:30,55.1
L25,Apr,Saturday,04:45,55.6
L25,Apr,Saturday,05:00,56.1
L25,Apr,Saturday,05:15,56.6
L25,Apr,Saturday,05:30,57.4
L25,Apr,Saturday,05:45,58.4
L25,Apr,Saturday,06:00,59.9
L25,Apr,Saturday,06:15,62.9
L25,Apr,Saturday,06:30,68.8
L25,Apr,Saturday,06:45,78.7
L25,Apr,Saturday,07:00,93.4
L25,Apr,Saturday,07:15,111.6
L25,Apr,Saturday,07:30,131.4
L25,Apr,Saturday,07:45,151.0
L25,Apr,Saturday,08:00,168.6
L25,Apr,Saturday,08:15,183.2
L25,Apr,Saturday,08:30,193.7
L25,Apr,Saturday,08:45,199.2
L25,Apr,Saturday,09:00,198.9
L25,Apr,Saturday,09:15,194.1
L25,Apr,Saturday,09:30,186.2
L25,Apr,Saturday,09:45,176.9
L25,Apr,Saturday,10:00,167.6
L25,Apr,Saturday,10:15,159.6
L25,Apr,Saturday,10:30,154.0
L25,Apr,Saturday,10:45,151.9
L25,Apr,Saturday,11:00,153.9
L25,Apr,Saturday,11:15,157.9
L25,Apr,Saturday,11:30,161.3
L25,Apr,Saturday,11:45,161.2
L25,Apr,Saturday,12:00,155.8
L25,Apr,Saturday,12:15,146.7
L25,Apr,Saturday,12:30,135.9
L25,Apr,Saturday,12:45,126.0
L25,Apr,Saturday,13:00,118.5
L25,Apr,Saturday,13:15,113.1
L25,Apr,Saturday,13:30,108.8
L25,Apr,Saturday,13:45,104.7
L25,Apr,Saturday,14:00,100.0
L25,Apr,Saturday,14:15,95.3
L25,Apr,Saturday,14:30,91.1
L25,Apr,Saturday,14:45,88.0
L25,Apr,Saturday,15:00,86.6
L25,Apr,Saturday,15:15,86.3
L25,Apr,Saturday,15:30,86.7
L25,Apr,Saturday,15:45,87.1
L25,Apr,Saturday,16:00,87.1
L25,Apr,Saturday,16:15,87.3
L25,Apr,Saturday,16:30,88.5
L25,Apr,Saturday,16:45,91.7
L25,Apr,Saturday,17:00,97.4
L25,Apr,Saturday,17:15,105.7
L25,Apr,Saturday,17:30,116.2
L25,Apr,Saturday,17:45,128.8
L25,Apr,Saturday,18:00,142.9
L25,Apr,Saturday,18:15,157.3
L25,Apr,Saturday,18:30,170.7
L25,Apr,Saturday,18:45,181.6
L25,Apr,Saturday,19:00,188.7
L25,Apr,Saturday,19:15,191.7
L25,Apr,Saturday,19:30,190.6
L25,Apr,Saturday,19:45,185.3
L25,Apr,Saturday,20:00,175.8
L25,Apr,Saturday,20:15,163.7
L25,Apr,Saturday,20:30,150.5
L25,Apr,Saturday,20:45,138.0
L25,Apr,Saturday,21:00,127.4
L25,Apr,Saturday,21:15,118.8
L25,Apr,Saturday,21:30,111.6
L25,Apr,Saturday,21:45,105.6
L25,Apr,Saturday,22:00,100.3
L25,Apr,Saturday,22:15,95.5
L25,Apr,Saturday,22:30,90.9
L25,Apr,Saturday,22:45,86.1
L25,Apr,Saturday,23:00,81.1
L25,Apr,Saturday,23:15,76.1
L25,Apr,Saturday,23:30,71.5
L25,Apr,Saturday,23:45,67.6
L25,Apr,Sunday,00:00,64.8
L25,Apr,Sunday,00:15,62.7
L25,Apr,Sunday,00:30,61.3
L25,Apr,Sunday,00:45,60.2
L25,Apr,Sunday,01:00,59.2
L25,Apr,Sunday,01:15,58.2
L25,Apr,Sunday,01:30,57.3
L25,Apr,Sunday,01:45,56.5
L25,Apr,Sunday,02:00,55.8
L25,Apr,Sunday,02:15,55.3
L25,Apr,Sunday,02:30,54.9
L25,Apr,Sunday,02:45,54.7
L25,Apr,Sunday,03:00,54.6
L25,Apr,Sunday,03:15,54.6
L25,Apr,Sunday,03:30,54.7
L25,Apr,Sunday,03:45,54.7
L25,Apr,Sunday,04:00,54.5
L25,Apr,Sunday,04:15,54.3
L25,Apr,Sunday,04:30,54.3
L25,Apr,Sunday,04:45,54.7
L25,Apr,Sunday,05:00,55.5
L25,Apr,Sunday,05:15,57.3
L25,Apr,Sunday,05:30,60.3
L25,Apr,Sunday,05:45,64.8
L25,Apr,Sunday,06:00,71.3
L25,Apr,Sunday,06:15,79.8
L25,Apr,Sunday,06:30,90.6
L25,Apr,Sunday,06:45,103.7
L25,Apr,Sunday,07:00,119.3
L25,Apr,Sunday,07:15,136.3
L25,Apr,Sunday,07:30,153.8
L25,Apr,Sunday,07:45,170.4
L25,Apr,Sunday,08:00,185.3
L25,Apr,Sunday,08:15,197.0
L25,Apr,Sunday,08:30,204.6
L25,Apr,Sunday,08:45,206.6
L25,Apr,Sunday,09:00,202.4
L25,Apr,Sunday,09:15,193.4
L25,Apr,Sunday,09:30,181.5
L25,Apr,Sunday,09:45,168.6
L25,Apr,Sunday,10:00,156.5
L25,Apr,Sunday,10:15,146.4
L25,Apr,Sunday,10:30,139.6
L25,Apr,Sunday,10:45,137.1
L25,Apr,Sunday,11:00,139.4
L25,Apr,Sunday,11:15,144.3
L25,Apr,Sunday,11:30,148.8
L25,Apr,Sunday,11:45,150.1
L25,Apr,Sunday,12:00,146.0
L25,Apr,Sunday,12:15,138.1
L25,Apr,Sunday,12:30,128.5
L25,Apr,Sunday,12:45,119.5
L25,Apr,Sunday,13:00,112.9
L25,Apr,Sunday,13:15,108.6
L25,Apr,Sunday,13:30,105.7
L25,Apr,Sunday,13:45,103.7
L25,Apr,Sunday,14:00,102.0
L25,Apr,Sunday,14:15,100.5
L25,Apr,Sunday,14:30,99.2
L25,Apr,Sunday,14:45,98.2
L25,Apr,Sunday,15:00,97.4
L25,Apr,Sunday,15:15,96.7
L25,Apr,Sunday,15:30,96.1
L25,Apr,Sunday,15:45,95.4
L25,Apr,Sunday,16:00,94.7
L25,Apr,Sunday,16:15,94.5
L25,Apr,Sunday,16:30,95.8
L25,Apr,Sunday,16:45,99.1
L25,Apr,Sunday,17:00,105.2
L25,Apr,Sunday,17:15,114.0
L25,Apr,Sunday,17:30,125.3
L25,Apr,Sunday,17:45,138.9
L25,Apr,Sunday,18:00,154.5
L25,Apr,Sunday,18:15,170.3
L25,Apr,Sunday,18:30,184.6
L25,Apr,Sunday,18:45,195.4
L25,Apr,Sunday,19:00,201.4
L25,Apr,Sunday,19:15,202.7
L25,Apr,Sunday,19:30,199.9
L25,Apr,Sunday,19:45,193.6
L25,Apr,Sunday,20:00,184.4
L25,Apr,Sunday,20:15,173.4
L25,Apr,Sunday,20:30,161.6
L25,Apr,Sunday,20:45,150.1
L25,Apr,Sunday,21:00,139.6
L25,Apr,Sunday,21:15,130.3
L25,Apr,Sunday,21:30,122.1
L25,Apr,Sunday,21:45,114.9
L25,Apr,Sunday,22:00,108.4
L25,Apr,Sunday,22:15,102.5
L25,Apr,Sunday,22:30,97.0
L25,Apr,Sunday,22:45,91.7
L25,Apr,Sunday,23:00,86.4
L25,Apr,Sunday,23:15,81.2
L25,Apr,Sunday,23:30,76.4
L25,Apr,Sunday,23:45,72.3
L25,May,Workday,00:00,68.2
L25,May,Workday,00:15,65.1
L25,May,Workday,00:30,62.4
L25,May,Workday,00:45,60.252
L25,May,Workday,01:00,58.5
L25,May,Workday,01:15,57.252
L25,May,Workday,01:30,56.252
L25,May,Workday,01:45,55.552
L25,May,Workday,02:00,55.052
L25,May,Workday,02:15,54.552
L25,May,Workday,02:30,54.152
L25,May,Workday,02:45,53.752
L25,May,Workday,03:00,53.252
L25,May,Workday,03:15,52.752
L25,May,Workday,03:30,52.3
L25,May,Workday,03:45,51.852
L25,May,Workday,04:00,51.6
L25,May,Workday,04:15,51.552
L25,May,Workday,04:30,51.752
L25,May,Workday,04:45,52.352
L25,May,Workday,05:00,53.4
L25,May,Workday,05:15,55.052
L25,May,Workday,05:30,57.552
L25,May,Workday,05:45,61.152
L25,May,Workday,06:00,66.0
L25,May,Workday,06:15,72.5
L25,May,Workday,06:30,81.2
L25,May,Workday,06:45,92.6
L25,May,Workday,07:00,106.852
L25,May,Workday,07:15,123.1
L25,May,Workday,07:30,140.2
L25,May,Workday,07:45,157.0
L25,May,Workday,08:00,172.252
L25,May,Workday,08:15,184.5
L25,May,Workday,08:30,192.0
L25,May,Workday,08:45,193.152
L25,May,Workday,09:00,187.052
L25,May,Workday,09:15,175.8
L25,May,Workday,09:30,162.352
L25,May,Workday,09:45,149.552
L25,May,Workday,10:00,139.852
L25,May,Workday,10:15,133.6
L25,May,Workday,10:30,130.652
L25,May,Workday,10:45,131.052
L25,May,Workday,11:00,134.352
L25,May,Workday,11:15,138.652
L25,May,Workday,11:30,142.0
L25,May,Workday,11:45,142.152
L25,May,Workday,12:00,137.8
L25,May,Workday,12:15,130.152
L25,May,Workday,12:30,121.2
L25,May,Workday,12:45,113.052
L25,May,Workday,13:00,107.1
L25,May,Workday,13:15,103.352
L25,May,Workday,13:30,101.2
L25,May,Workday,13:45,100.052
L25,May,Workday,14:00,99.3
L25,May,Workday,14:15,98.952
L25,May,Workday,14:30,98.8
L25,May,Workday,14:45,98.652
L25,May,Workday,15:00,98.552
L25,May,Workday,15:15,98.452
L25,May,Workday,15:30,98.3
L25,May,Workday,15:45,98.2
L25,May,Workday,16:00,98.1
L25,May,Workday,16:15,98.352
L25,May,Workday,16:30,99.352
L25,May,Workday,16:45,101.452
L25,May,Workday,17:00,105.0
L25,May,Workday,17:15,110.5
L25,May,Workday,17:30,118.552
L25,May,Workday,17:45,129.652
L25,May,Workday,18:00,143.952
L25,May,Workday,18:15,159.552
L25,May,Workday,18:30,174.2
L25,May,Workday,18:45,185.7
L25,May,Workday,19:00,192.2
L25,May,Workday,19:15,193.652
L25,May,Workday,19:30,190.6
L25,May,Workday,19:45,183.4
L25,May,Workday,20:00,172.752
L25,May,Workday,20:15,160.1
L25,May,Workday,20:30,147.052
L25,May,Workday,20:45,135.252
L25,May,Workday,21:00,125.852
L25,May,Workday,21:15,118.7
L25,May,Workday,21:30,112.952
L25,May,Workday,21:45,107.9
L25,May,Workday,22:00,103.1
L25,May,Workday,22:15,98.3
L25,May,Workday,22:30,93.6
L25,May,Workday,22:45,88.9
L25,May,Workday,23:00,84.352
L25,May,Workday,23:15,79.9
L25,May,Workday,23:30,75.7
L25,May,Workday,23:45,71.8
L25,May,Saturday,00:00,69.3
L25,May,Saturday,00:15,67.5
L25,May,Saturday,00:30,66.152
L25,May,Saturday,00:45,64.852
L25,May,Saturday,01:00,63.352
L25,May,Saturday,01:15,61.8
L25,May,Saturday,01:30,60.2
L25,May,Saturday,01:45,58.8
L25,May,Saturday,02:00,57.6
L25,May,Saturday,02:15,56.652
L25,May,Saturday,02:30,55.852
L25,May,Saturday,02:45,55.1
L25,May,Saturday,03:00,54.452
L25,May,Saturday,03:15,53.752
L25,May,Saturday,03:30,53.252
L25,May,Saturday,03:45,52.8
L25,May,Saturday,04:00,52.552
L25,May,Saturday,04:15,52.452
L25,May,Saturday,04:30,52.552
L25,May,Saturday,04:45,52.8
L25,May,Saturday,05:00,53.2
L25,May,Saturday,05:15,53.752
L25,May,Saturday,05:30,54.552
L25,May,Saturday,05:45,55.6
L25,May,Saturday,06:00,57.152
L25,May,Saturday,06:15,60.052
L25,May,Saturday,06:30,65.5
L25,May,Saturday,06:45,74.552
L25,May,Saturday,07:00,87.9
L25,May,Saturday,07:15,104.5
L25,May,Saturday,07:30,122.8
L25,May,Saturday,07:45,141.252
L25,May,Saturday,08:00,158.4
L25,May,Saturday,08:15,173.0
L25,May,Saturday,08:30,183.752
L25,May,Saturday,08:45,189.452
L25,May,Saturday,09:00,189.252
L25,May,Saturday,09:15,184.5
L25,May,Saturday,09:30,176.7
L25,May,Saturday,09:45,167.652
L25,May,Saturday,10:00,158.852
L25,May,Saturday,10:15,151.5
L25,May,Saturday,10:30,146.552
L25,May,Saturday,10:45,144.952
L25,May,Saturday,11:00,147.152
L25,May,Saturday,11:15,151.152
L25,May,Saturday,11:30,154.4
L25,May,Saturday,11:45,154.252
L25,May,Saturday,12:00,148.9
L25,May,Saturday,12:15,139.9
L25,May,Saturday,12:30,129.3
L25,May,Saturday,12:45,119.5
L25,May,Saturday,13:00,112.1
L25,May,Saturday,13:15,106.852
L25,May,Saturday,13:30,102.8
L25,May,Saturday,13:45,99.152
L25,May,Saturday,14:00,95.152
L25,May,Saturday,14:15,91.2
L25,May,Saturday,14:30,87.752
L25,May,Saturday,14:45,85.2
L25,May,Saturday,15:00,84.052
L25,May,Saturday,15:15,83.8
L25,May,Saturday,15:30,84.052
L25,May,Saturday,15:45,84.3
L25,May,Saturday,16:00,84.2
L25,May,Saturday,16:15,84.3
L25,May,Saturday,16:30,85.152
L25,May,Saturday,16:45,87.552
L25,May,Saturday,17:00,92.0
L25,May,Saturday,17:15,98.7
L25,May,Saturday,17:30,107.7
L25,May,Saturday,17:45,119.052
L25,May,Saturday,18:00,132.5
L25,May,Saturday,18:15,146.552
L25,May,Saturday,18:30,159.652
L25,May,Saturday,18:45,170.0
L25,May,Saturday,19:00,176.152
L25,May,Saturday,19:15,178.052
L25,May,Saturday,19:30,176.052
L25,May,Saturday,19:45,170.452
L25,May,Saturday,20:00,161.6
L25,May,Saturday,20:15,150.752
L25,May,Saturday,20:30,139.2
L25,May,Saturday,20:45,128.3
L25,May,Saturday,21:00,119.052
L25,May,Saturday,21:15,111.452
L25,May,Saturday,21:30,105.052
L25,May,Saturday,21:45,99.6
L25,May,Saturday,22:00,94.6
L25,May,Saturday,22:15,90.052
L25,May,Saturday,22:30,85.752
L25,May,Saturday,22:45,81.5
L25,May,Saturday,23:00,77.252
L25,May,Saturday,23:15,73.2
L25,May,Saturday,23:30,69.452
L25,May,Saturday,23:45,66.2
L25,May,Sunday,00:00,63.7
L25,May,Sunday,00:15,61.652
L25,May,Sunday,00:30,60.1
L25,May,Sunday,00:45,58.8
L25,May,Sunday,01:00,57.7
L25,May,Sunday,01:15,56.7
L25,May,Sunday,01:30,55.852
L25,May,Sunday,01:45,55.1
L25,May,Sunday,02:00,54.5
L25,May,Sunday,02:15,54.0
L25,May,Sunday,02:30,53.6
L25,May,Sunday,02:45,53.3
L25,May,Sunday,03:00,53.0
L25,May,Sunday,03:15,52.752
L25,May,Sunday,03:30,52.6
L25,May,Sunday,03:45,52.352
L25,May,Sunday,04:00,52.052
L25,May,Sunday,04:15,51.852
L25,May,Sunday,04:30,51.9
L25,May,Sunday,04:45,52.352
L25,May,Sunday,05:00,53.352
L25,May,Sunday,05:15,55.2
L25,May,Sunday,05:30,58.152
L25,May,Sunday,05:45,62.5
L25,May,Sunday,06:00,68.552
L25,May,Sunday,06:15,76.5
L25,May,Sunday,06:30,86.6
L25,May,Sunday,06:45,99.1
L25,May,Sunday,07:00,114.052
L25,May,Sunday,07:15,130.5
L25,May,Sunday,07:30,147.4
L25,May,Sunday,07:45,163.452
L25,May,Sunday,08:00,177.7
L25,May,Sunday,08:15,188.752
L25,May,Sunday,08:30,195.6
L25,May,Sunday,08:45,196.852
L25,May,Sunday,09:00,192.0
L25,May,Sunday,09:15,182.6
L25,May,Sunday,09:30,170.8
L25,May,Sunday,09:45,158.852
L25,May,Sunday,10:00,148.652
L25,May,Sunday,10:15,141.0
L25,May,Sunday,10:30,136.652
L25,May,Sunday,10:45,136.152
L25,May,Sunday,11:00,139.652
L25,May,Sunday,11:15,144.952
L25,May,Sunday,11:30,149.3
L25,May,Sunday,11:45,150.1
L25,May,Sunday,12:00,145.3
L25,May,Sunday,12:15,136.7
L25,May,Sunday,12:30,126.5
L25,May,Sunday,12:45,117.2
L25,May,Sunday,13:00,110.652
L25,May,Sunday,13:15,106.652
L25,May,Sunday,13:30,104.252
L25,May,Sunday,13:45,102.8
L25,May,Sunday,14:00,101.552
L25,May,Sunday,14:15,100.452
L25,May,Sunday,14:30,99.452
L25,May,Sunday,14:45,98.652
L25,May,Sunday,15:00,98.0
L25,May,Sunday,15:15,97.4
L25,May,Sunday,15:30,96.9
L25,May,Sunday,15:45,96.352
L25,May,Sunday,16:00,95.8
L25,May,Sunday,16:15,95.7
L25,May,Sunday,16:30,96.652
L25,May,Sunday,16:45,99.1
L25,May,Sunday,17:00,103.652
L25,May,Sunday,17:15,110.4
L25,May,Sunday,17:30,119.5
L25,May,Sunday,17:45,131.052
L25,May,Sunday,18:00,144.952
L25,May,Sunday,18:15,159.6
L25,May,Sunday,18:30,173.2
L25,May,Sunday,18:45,183.852
L25,May,Sunday,19:00,190.1
L25,May,Sunday,19:15,191.9
L25,May,Sunday,19:30,189.552
L25,May,Sunday,19:45,183.4
L25,May,Sunday,20:00,173.9
L25,May,Sunday,20:15,162.4
L25,May,Sunday,20:30,150.252
L25,May,Sunday,20:45,138.952
L25,May,Sunday,21:00,129.552
L25,May,Sunday,21:15,121.9
L25,May,Sunday,21:30,115.452
L25,May,Sunday,21:45,109.8
L25,May,Sunday,22:00,104.3
L25,May,Sunday,22:15,98.952
L25,May,Sunday,22:30,93.7
L25,May,Sunday,22:45,88.452
L25,May,Sunday,23:00,83.2
L25,May,Sunday,23:15,78.1
L25,May,Sunday,23:30,73.452
L25,May,Sunday,23:45,69.5
L25,Jun,Workday,00:00,66.1
L25,Jun,Workday,00:15,63.1
L25,Jun,Workday,00:30,60.5
L25,Jun,Workday,00:45,58.4
L25,Jun,Workday,01:00,56.7
L25,Jun,Workday,01:15,55.4
L25,Jun,Workday,01:30,54.4
L25,Jun,Workday,01:45,53.7
L25,Jun,Workday,02:00,53.2
L25,Jun,Workday,02:15,52.7
L25,Jun,Workday,02:30,52.3
L25,Jun,Workday,02:45,51.9
L25,Jun,Workday,03:00,51.4
L25,Jun,Workday,03:15,51.0
L25,Jun,Workday,03:30,50.5
L25,Jun,Workday,03:45,50.0
L25,Jun,Workday,04:00,49.6
L25,Jun,Workday,04:15,49.4
L25,Jun,Workday,04:30,49.5
L25,Jun,Workday,04:45,50.0
L25,Jun,Workday,05:00,51.2
L25,Jun,Workday,05:15,52.9
L25,Jun,Workday,05:30,55.3
L25,Jun,Workday,05:45,58.4
L25,Jun,Workday,06:00,62.2
L25,Jun,Workday,06:15,67.4
L25,Jun,Workday,06:30,74.8
L25,Jun,Workday,06:45,85.2
L25,Jun,Workday,07:00,98.9
L25,Jun,Workday,07:15,114.9
L25,Jun,Workday,07:30,131.8
L25,Jun,Workday,07:45,148.2
L25,Jun,Workday,08:00,162.6
L25,Jun,Workday,08:15,173.9
L25,Jun,Workday,08:30,180.6
L25,Jun,Workday,08:45,181.6
L25,Jun,Workday,09:00,176.1
L25,Jun,Workday,09:15,166.1
L25,Jun,Workday,09:30,154.1
L25,Jun,Workday,09:45,142.6
L25,Jun,Workday,10:00,133.8
L25,Jun,Workday,10:15,128.2
L25,Jun,Workday,10:30,125.8
L25,Jun,Workday,10:45,126.9
L25,Jun,Workday,11:00,131.2
L25,Jun,Workday,11:15,136.6
L25,Jun,Workday,11:30,140.9
L25,Jun,Workday,11:45,141.7
L25,Jun,Workday,12:00,137.4
L25,Jun,Workday,12:15,129.4
L25,Jun,Workday,12:30,119.9
L25,Jun,Workday,12:45,111.2
L25,Jun,Workday,13:00,104.8
L25,Jun,Workday,13:15,100.8
L25,Jun,Workday,13:30,98.5
L25,Jun,Workday,13:45,97.3
L25,Jun,Workday,14:00,96.5
L25,Jun,Workday,14:15,96.2
L25,Jun,Workday,14:30,96.2
L25,Jun,Workday,14:45,96.3
L25,Jun,Workday,15:00,96.7
L25,Jun,Workday,15:15,97.0
L25,Jun,Workday,15:30,97.2
L25,Jun,Workday,15:45,97.3
L25,Jun,Workday,16:00,97.0
L25,Jun,Workday,16:15,96.8
L25,Jun,Workday,16:30,97.1
L25,Jun,Workday,16:45,98.2
L25,Jun,Workday,17:00,100.6
L25,Jun,Workday,17:15,104.8
L25,Jun,Workday,17:30,111.5
L25,Jun,Workday,17:45,121.3
L25,Jun,Workday,18:00,134.4
L25,Jun,Workday,18:15,148.9
L25,Jun,Workday,18:30,162.6
L25,Jun,Workday,18:45,173.2
L25,Jun,Workday,19:00,178.9
L25,Jun,Workday,19:15,179.8
L25,Jun,Workday,19:30,176.5
L25,Jun,Workday,19:45,169.5
L25,Jun,Workday,20:00,159.6
L25,Jun,Workday,20:15,148.1
L25,Jun,Workday,20:30,136.4
L25,Jun,Workday,20:45,126.0
L25,Jun,Workday,21:00,117.9
L25,Jun,Workday,21:15,111.9
L25,Jun,Workday,21:30,107.1
L25,Jun,Workday,21:45,102.8
L25,Jun,Workday,22:00,98.5
L25,Jun,Workday,22:15,94.1
L25,Jun,Workday,22:30,89.6
L25,Jun,Workday,22:45,85.2
L25,Jun,Workday,23:00,81.0
L25,Jun,Workday,23:15,76.9
L25,Jun,Workday,23:30,73.1
L25,Jun,Workday,23:45,69.5
L25,Jun,Saturday,00:00,67.2
L25,Jun,Saturday,00:15,65.6
L25,Jun,Saturday,00:30,64.3
L25,Jun,Saturday,00:45,63.0
L25,Jun,Saturday,01:00,61.4
L25,Jun,Saturday,01:15,59.7
L25,Jun,Saturday,01:30,58.0
L25,Jun,Saturday,01:45,56.5
L25,Jun,Saturday,02:00,55.2
L25,Jun,Saturday,02:15,54.2
L25,Jun,Saturday,02:30,53.4
L25,Jun,Saturday,02:45,52.8
L25,Jun,Saturday,03:00,52.3
L25,Jun,Saturday,03:15,51.8
L25,Jun,Saturday,03:30,51.4
L25,Jun,Saturday,03:45,50.9
L25,Jun,Saturday,04:00,50.5
L25,Jun,Saturday,04:15,50.2
L25,Jun,Saturday,04:30,50.0
L25,Jun,Saturday,04:45,50.0
L25,Jun,Saturday,05:00,50.3
L25,Jun,Saturday,05:15,50.9
L25,Jun,Saturday,05:30,51.7
L25,Jun,Saturday,05:45,52.8
L25,Jun,Saturday,06:00,54.4
L25,Jun,Saturday,06:15,57.2
L25,Jun,Saturday,06:30,62.2
L25,Jun,Saturday,06:45,70.4
L25,Jun,Saturday,07:00,82.4
L25,Jun,Saturday,07:15,97.4
L25,Jun,Saturday,07:30,114.2
L25,Jun,Saturday,07:45,131.5
L25,Jun,Saturday,08:00,148.2
L25,Jun,Saturday,08:15,162.8
L25,Jun,Saturday,08:30,173.8
L25,Jun,Saturday,08:45,179.7
L25,Jun,Saturday,09:00,179.6
L25,Jun,Saturday,09:15,174.9
L25,Jun,Saturday,09:30,167.2
L25,Jun,Saturday,09:45,158.4
L25,Jun,Saturday,10:00,150.1
L25,Jun,Saturday,10:15,143.4
L25,Jun,Saturday,10:30,139.1
L25,Jun,Saturday,10:45,138.0
L25,Jun,Saturday,11:00,140.4
L25,Jun,Saturday,11:15,144.4
L25,Jun,Saturday,11:30,147.5
L25,Jun,Saturday,11:45,147.3
L25,Jun,Saturday,12:00,142.0
L25,Jun,Saturday,12:15,133.1
L25,Jun,Saturday,12:30,122.7
L25,Jun,Saturday,12:45,113.0
L25,Jun,Saturday,13:00,105.7
L25,Jun,Saturday,13:15,100.6
L25,Jun,Saturday,13:30,96.8
L25,Jun,Saturday,13:45,93.6
L25,Jun,Saturday,14:00,90.3
L25,Jun,Saturday,14:15,87.1
L25,Jun,Saturday,14:30,84.4
L25,Jun,Saturday,14:45,82.4
L25,Jun,Saturday,15:00,81.5
L25,Jun,Saturday,15:15,81.3
L25,Jun,Saturday,15:30,81.4
L25,Jun,Saturday,15:45,81.5
L25,Jun,Saturday,16:00,81.3
L25,Jun,Saturday,16:15,81.3
L25,Jun,Saturday,16:30,81.8
L25,Jun,Saturday,16:45,83.4
L25,Jun,Saturday,17:00,86.6
L25,Jun,Saturday,17:15,91.7
L25,Jun,Saturday,17:30,99.2
L25,Jun,Saturday,17:45,109.3
L25,Jun,Saturday,18:00,122.1
L25,Jun,Saturday,18:15,135.8
L25,Jun,Saturday,18:30,148.6
L25,Jun,Saturday,18:45,158.4
L25,Jun,Saturday,19:00,163.6
L25,Jun,Saturday,19:15,164.4
L25,Jun,Saturday,19:30,161.5
L25,Jun,Saturday,19:45,155.6
L25,Jun,Saturday,20:00,147.4
L25,Jun,Saturday,20:15,137.8
L25,Jun,Saturday,20:30,127.9
L25,Jun,Saturday,20:45,118.6
L25,Jun,Saturday,21:00,110.7
L25,Jun,Saturday,21:15,104.1
L25,Jun,Saturday,21:30,98.5
L25,Jun,Saturday,21:45,93.6
L25,Jun,Saturday,22:00,88.9
L25,Jun,Saturday,22:15,84.6
L25,Jun,Saturday,22:30,80.6
L25,Jun,Saturday,22:45,76.9
L25,Jun,Saturday,23:00,73.4
L25,Jun,Saturday,23:15,70.3
L25,Jun,Saturday,23:30,67.4
L25,Jun,Saturday,23:45,64.8
L25,Jun,Sunday,00:00,62.6
L25,Jun,Sunday,00:15,60.6
L25,Jun,Sunday,00:30,58.9
L25,Jun,Sunday,00:45,57.4
L25,Jun,Sunday,01:00,56.2
L25,Jun,Sunday,01:15,55.2
L25,Jun,Sunday,01:30,54.4
L25,Jun,Sunday,01:45,53.7
L25,Jun,Sunday,02:00,53.2
L25,Jun,Sunday,02:15,52.7
L25,Jun,Sunday,02:30,52.3
L25,Jun,Sunday,02:45,51.9
L25,Jun,Sunday,03:00,51.4
L25,Jun,Sunday,03:15,50.9
L25,Jun,Sunday,03:30,50.5
L25,Jun,Sunday,03:45,50.0
L25,Jun,Sunday,04:00,49.6
L25,Jun,Sunday,04:15,49.4
L25,Jun,Sunday,04:30,49.5
L25,Jun,Sunday,04:45,50.0
L25,Jun,Sunday,05:00,51.2
L25,Jun,Sunday,05:15,53.1
L25,Jun,Sunday,05:30,56.0
L25,Jun,Sunday,05:45,60.2
L25,Jun,Sunday,06:00,65.8
L25,Jun,Sunday,06:15,73.2
L25,Jun,Sunday,06:30,82.6
L25,Jun,Sunday,06:45,94.5
L25,Jun,Sunday,07:00,108.8
L25,Jun,Sunday,07:15,124.7
L25,Jun,Sunday,07:30,141.0
L25,Jun,Sunday,07:45,156.5
L25,Jun,Sunday,08:00,170.1
L25,Jun,Sunday,08:15,180.5
L25,Jun,Sunday,08:30,186.6
L25,Jun,Sunday,08:45,187.1
L25,Jun,Sunday,09:00,181.6
L25,Jun,Sunday,09:15,171.8
L25,Jun,Sunday,09:30,160.1
L25,Jun,Sunday,09:45,149.1
L25,Jun,Sunday,10:00,140.8
L25,Jun,Sunday,10:15,135.6
L25,Jun,Sunday,10:30,133.7
L25,Jun,Sunday,10:45,135.2
L25,Jun,Sunday,11:00,139.9
L25,Jun,Sunday,11:15,145.6
L25,Jun,Sunday,11:30,149.8
L25,Jun,Sunday,11:45,150.1
L25,Jun,Sunday,12:00,144.6
L25,Jun,Sunday,12:15,135.3
L25,Jun,Sunday,12:30,124.5
L25,Jun,Sunday,12:45,114.9
L25,Jun,Sunday,13:00,108.4
L25,Jun,Sunday,13:15,104.7
L25,Jun,Sunday,13:30,102.8
L25,Jun,Sunday,13:45,101.9
L25,Jun,Sunday,14:00,101.1
L25,Jun,Sunday,14:15,100.4
L25,Jun,Sunday,14:30,99.7
L25,Jun,Sunday,14:45,99.1
L25,Jun,Sunday,15:00,98.6
L25,Jun,Sunday,15:15,98.1
L25,Jun,Sunday,15:30,97.7
L25,Jun,Sunday,15:45,97.3
L25,Jun,Sunday,16:00,96.9
L25,Jun,Sunday,16:15,96.9
L25,Jun,Sunday,16:30,97.5
L25,Jun,Sunday,16:45,99.1
L25,Jun,Sunday,17:00,102.1
L25,Jun,Sunday,17:15,106.8
L25,Jun,Sunday,17:30,113.7
L25,Jun,Sunday,17:45,123.2
L25,Jun,Sunday,18:00,135.4
L25,Jun,Sunday,18:15,148.9
L25,Jun,Sunday,18:30,161.8
L25,Jun,Sunday,18:45,172.3
L25,Jun,Sunday,19:00,178.8
L25,Jun,Sunday,19:15,181.1
L25,Jun,Sunday,19:30,179.2
L25,Jun,Sunday,19:45,173.2
L25,Jun,Sunday,20:00,163.4
L25,Jun,Sunday,20:15,151.4
L25,Jun,Sunday,20:30,138.9
L25,Jun,Sunday,20:45,127.8
L25,Jun,Sunday,21:00,119.5
L25,Jun,Sunday,21:15,113.5
L25,Jun,Sunday,21:30,108.8
L25,Jun,Sunday,21:45,104.7
L25,Jun,Sunday,22:00,100.2
L25,Jun,Sunday,22:15,95.4
L25,Jun,Sunday,22:30,90.4
L25,Jun,Sunday,22:45,85.2
L25,Jun,Sunday,23:00,80.0
L25,Jun,Sunday,23:15,75.0
L25,Jun,Sunday,23:30,70.5
L25,Jun,Sunday,23:45,66.7
L25,Jul,Workday,00:00,66.1
L25,Jul,Workday,00:15,63.1
L25,Jul,Workday,00:30,60.5
L25,Jul,Workday,00:45,58.4
L25,Jul,Workday,01:00,56.7
L25,Jul,Workday,01:15,55.4
L25,Jul,Workday,01:30,54.4
L25,Jul,Workday,01:45,53.7
L25,Jul,Workday,02:00,53.2
L25,Jul,Workday,02:15,52.7
L25,Jul,Workday,02:30,52.3
L25,Jul,Workday,02:45,51.9
L25,Jul,Workday,03:00,51.4
L25,Jul,Workday,03:15,51.0
L25,Jul,Workday,03:30,50.5
L25,Jul,Workday,03:45,50.0
L25,Jul,Workday,04:00,49.6
L25,Jul,Workday,04:15,49.4
L25,Jul,Workday,04:30,49.5
L25,Jul,Workday,04:45,50.0
L25,Jul,Workday,05:00,51.2
L25,Jul,Workday,05:15,52.9
L25,Jul,Workday,05:30,55.3
L25,Jul,Workday,05:45,58.4
L25,Jul,Workday,06:00,62.2
L25,Jul,Workday,06:15,67.4
L25,Jul,Workday,06:30,74.8
L25,Jul,Workday,06:45,85.2
L25,Jul,Workday,07:00,98.9
L25,Jul,Workday,07:15,114.9
L25,Jul,Workday,07:30,131.8
L25,Jul,Workday,07:45,148.2
L25,Jul,Workday,08:00,162.6
L25,Jul,Workday,08:15,173.9
L25,Jul,Workday,08:30,180.6
L25,Jul,Workday,08:45,181.6
L25,Jul,Workday,09:00,176.1
L25,Jul,Workday,09:15,166.1
L25,Jul,Workday,09:30,154.1
L25,Jul,Workday,09:45,142.6
L25,Jul,Workday,10:00,133.8
L25,Jul,Workday,10:15,128.2
L25,Jul,Workday,10:30,125.8
L25,Jul,Workday,10:45,126.9
L25,Jul,Workday,11:00,131.2
L25,Jul,Workday,11:15,136.6
L25,Jul,Workday,11:30,140.9
L25,Jul,Workday,11:45,141.7
L25,Jul,Workday,12:00,137.4
L25,Jul,Workday,12:15,129.4
L25,Jul,Workday,12:30,119.9
L25,Jul,Workday,12:45,111.2
L25,Jul,Workday,13:00,104.8
L25,Jul,Workday,13:15,100.8
L25,Jul,Workday,13:30,98.5
L25,Jul,Workday,13:45,97.3
L25,Jul,Workday,14:00,96.5
L25,Jul,Workday,14:15,96.2
L25,Jul,Workday,14:30,96.2
L25,Jul,Workday,14:45,96.3
L25,Jul,Workday,15:00,96.7
L25,Jul,Workday,15:15,97.0
L25,Jul,Workday,15:30,97.2
L25,Jul,Workday,15:45,97.3
L25,Jul,Workday,16:00,97.0
L25,Jul,Workday,16:15,96.8
L25,Jul,Workday,16:30,97.1
L25,Jul,Workday,16:45,98.2
L25,Jul,Workday,17:00,100.6
L25,Jul,Workday,17:15,104.8
L25,Jul,Workday,17:30,111.5
L25,Jul,Workday,17:45,121.3
L25,Jul,Workday,18:00,134.4
L25,Jul,Workday,18:15,148.9
L25,Jul,Workday,18:30,162.6
L25,Jul,Workday,18:45,173.2
L25,Jul,Workday,19:00,178.9
L25,Jul,Workday,19:15,179.8
L25,Jul,Workday,19:30,176.5
L25,Jul,Workday,19:45,169.5
L25,Jul,Workday,20:00,159.6
L25,Jul,Workday,20:15,148.1
L25,Jul,Workday,20:30,136.4
L25,Jul,Workday,20:45,126.0
L25,Jul,Workday,21:00,117.9
L25,Jul,Workday,21:15,111.9
L25,Jul,Workday,21:30,107.1
L25,Jul,Workday,21:45,102.8
L25,Jul,Workday,22:00,98.5
L25,Jul,Workday,22:15,94.1
L25,Jul,Workday,22:30,89.6
L25,Jul,Workday,22:45,85.2
L25,Jul,Workday,23:00,81.0
L25,Jul,Workday,23:15,76.9
L25,Jul,Workday,23:30,73.1
L25,Jul,Workday,23:45,69.5
L25,Jul,Saturday,00:00,67.2
L25,Jul,Saturday,00:15,65.6
L25,Jul,Saturday,00:30,64.3
L25,Jul,Saturday,00:45,63.0
L25,Jul,Saturday,01:00,61.4
L25,Jul,Saturday,01:15,59.7
L25,Jul,Saturday,01:30,58.0
L25,Jul,Saturday,01:45,56.5
L25,Jul,Saturday,02:00,55.2
L25,Jul,Saturday,02:15,54.2
L25,Jul,Saturday,02:30,53.4
L25,Jul,Saturday,02:45,52.8
L25,Jul,Saturday,03:00,52.3
L25,Jul,Saturday,03:15,51.8
L25,Jul,Saturday,03:30,51.4
L25,Jul,Saturday,03:45,50.9
L25,Jul,Saturday,04:00,50.5
L25,Jul,Saturday,04:15,50.2
L25,Jul,Saturday,04:30,50.0
L25,Jul,Saturday,04:45,50.0
L25,Jul,Saturday,05:00,50.3
L25,Jul,Saturday,05:15,50.9
L25,Jul,Saturday,05:30,51.7
L25,Jul,Saturday,05:45,52.8
L25,Jul,Saturday,06:00,54.4
L25,Jul,Saturday,06:15,57.2
L25,Jul,Saturday,06:30,62.2
L25,Jul,Saturday,06:45,70.4
L25,Jul,Saturday,07:00,82.4
L25,Jul,Saturday,07:15,97.4
L25,Jul,Saturday,07:30,114.2
L25,Jul,Saturday,07:45,131.5
L25,Jul,Saturday,08:00,148.2
L25,Jul,Saturday,08:15,162.8
L25,Jul,Saturday,08:30,173.8
L25,Jul,Saturday,08:45,179.7
L25,Jul,Saturday,09:00,179.6
L25,Jul,Saturday,09:15,174.9
L25,Jul,Saturday,09:30,167.2
L25,Jul,Saturday,09:45,158.4
L25,Jul,Saturday,10:00,150.1
L25,Jul,Saturday,10:15,143.4
L25,Jul,Saturday,10:30,139.1
L25,Jul,Saturday,10:45,138.0
L25,Jul,Saturday,11:00,140.4
L25,Jul,Saturday,11:15,144.4
L25,Jul,Saturday,11:30,147.5
L25,Jul,Saturday,11:45,147.3
L25,Jul,Saturday,12:00,142.0
L25,Jul,Saturday,12:15,133.1
L25,Jul,Saturday,12:30,122.7
L25,Jul,Saturday,12:45,113.0
L25,Jul,Saturday,13:00,105.7
L25,Jul,Saturday,13:15,100.6
L25,Jul,Saturday,13:30,96.8
L25,Jul,Saturday,13:45,93.6
L25,Jul,Saturday,14:00,90.3
L25,Jul,Saturday,14:15,87.1
L25,Jul,Saturday,14:30,84.4
L25,Jul,Saturday,14:45,82.4
L25,Jul,Saturday,15:00,81.5
L25,Jul,Saturday,15:15,81.3
L25,Jul,Saturday,15:30,81.4
L25,Jul,Saturday,15:45,81.5
L25,Jul,Saturday,16:00,81.3
L25,Jul,Saturday,16:15,81.3
L25,Jul,Saturday,16:30,81.8
L25,Jul,Saturday,16:45,83.4
L25,Jul,Saturday,17:00,86.6
L25,Jul,Saturday,17:15,91.7
L25,Jul,Saturday,17:30,99.2
L25,Jul,Saturday,17:45,109.3
L25,Jul,Saturday,18:00,122.1
L25,Jul,Saturday,18:15,135.8
L25,Jul,Saturday,18:30,148.6
L25,Jul,Saturday,18:45,158.4
L25,Jul,Saturday,19:00,163.6
L25,Jul,Saturday,19:15,164.4
L25,Jul,Saturday,19:30,161.5
L25,Jul,Saturday,19:45,155.6
L25,Jul,Saturday,20:00,147.4
L25,Jul,Saturday,20:15,137.8
L25,Jul,Saturday,20:30,127.9
L25,Jul,Saturday,20:45,118.6
L25,Jul,Saturday,21:00,110.7
L25,Jul,Saturday,21:15,104.1
L25,Jul,Saturday,21:30,98.5
L25,Jul,Saturday,21:45,93.6
L25,Jul,Saturday,22:00,88.9
L25,Jul,Saturday,22:15,84.6
L25,Jul,Saturday,22:30,80.6
L25,Jul,Saturday,22:45,76.9
L25,Jul,Saturday,23:00,73.4
L25,Jul,Saturday,23:15,70.3
L25,Jul,Saturday,23:30,67.4
L25,Jul,Saturday,23:45,64.8
L25,Jul,Sunday,00:00,62.6
L25,Jul,Sunday,00:15,60.6
L25,Jul,Sunday,00:30,58.9
L25,Jul,Sunday,00:45,57.4
L25,Jul,Sunday,01:00,56.2
L25,Jul,Sunday,01:15,55.2
L25,Jul,Sunday,01:30,54.4
L25,Jul,Sunday,01:45,53.7
L25,Jul,Sunday,02:00,53.2
L25,Jul,Sunday,02:15,52.7
L25,Jul,Sunday,02:30,52.3
L25,Jul,Sunday,02:45,51.9
L25,Jul,Sunday,03:00,51.4
L25,Jul,Sunday,03:15,50.9
L25,Jul,Sunday,03:30,50.5
L25,Jul,Sunday,03:45,50.0
L25,Jul,Sunday,04:00,49.6
L25,Jul,Sunday,04:15,49.4
L25,Jul,Sunday,04:30,49.5
L25,Jul,Sunday,04:45,50.0
L25,Jul,Sunday,05:00,51.2
L25,Jul,Sunday,05:15,53.1
L25,Jul,Sunday,05:30,56.0
L25,Jul,Sunday,05:45,60.2
L25,Jul,Sunday,06:00,65.8
L25,Jul,Sunday,06:15,73.2
L25,Jul,Sunday,06:30,82.6
L25,Jul,Sunday,06:45,94.5
L25,Jul,Sunday,07:00,108.8
L25,Jul,Sunday,07:15,124.7
L25,Jul,Sunday,07:30,141.0
L25,Jul,Sunday,07:45,156.5
L25,Jul,Sunday,08:00,170.1
L25,Jul,Sunday,08:15,180.5
L25,Jul,Sunday,08:30,186.6
L25,Jul,Sunday,08:45,187.1
L25,Jul,Sunday,09:00,181.6
L25,Jul,Sunday,09:15,171.8
L25,Jul,Sunday,09:30,160.1
L25,Jul,Sunday,09:45,149.1
L25,Jul,Sunday,10:00,140.8
L25,Jul,Sunday,10:15,135.6
L25,Jul,Sunday,10:30,133.7
L25,Jul,Sunday,10:45,135.2
L25,Jul,Sunday,11:00,139.9
L25,Jul,Sunday,11:15,145.6
L25,Jul,Sunday,11:30,149.8
L25,Jul,Sunday,11:45,150.1
L25,Jul,Sunday,12:00,144.6
L25,Jul,Sunday,12:15,135.3
L25,Jul,Sunday,12:30,124.5
L25,Jul,Sunday,12:45,114.9
L25,Jul,Sunday,13:00,108.4
L25,Jul,Sunday,13:15,104.7
L25,Jul,Sunday,13:30,102.8
L25,Jul,Sunday,13:45,101.9
L25,Jul,Sunday,14:00,101.1
L25,Jul,Sunday,14:15,100.4
L25,Jul,Sunday,14:30,99.7
L25,Jul,Sunday,14:45,99.1
L25,Jul,Sunday,15:00,98.6
L25,Jul,Sunday,15:15,98.1
L25,Jul,Sunday,15:30,97.7
L25,Jul,Sunday,15:45,97.3
L25,Jul,Sunday,16:00,96.9
L25,Jul,Sunday,16:15,96.9
L25,Jul,Sunday,16:30,97.5
L25,Jul,Sunday,16:45,99.1
L25,Jul,Sunday,17:00,102.1
L25,Jul,Sunday,17:15,106.8
L25,Jul,Sunday,17:30,113.7
L25,Jul,Sunday,17:45,123.2
L25,Jul,Sunday,18:00,135.4
L25,Jul,Sunday,18:15,148.9
L25,Jul,Sunday,18:30,161.8
L25,Jul,Sunday,18:45,172.3
L25,Jul,Sunday,19:00,178.8
L25,Jul,Sunday,19:15,181.1
L25,Jul,Sunday,19:30,179.2
L25,Jul,Sunday,19:45,173.2
L25,Jul,Sunday,20:00,163.4
L25,Jul,Sunday,20:15,151.4
L25,Jul,Sunday,20:30,138.9
L25,Jul,Sunday,20:45,127.8
L25,Jul,Sunday,21:00,119.5
L25,Jul,Sunday,21:15,113.5
L25,Jul,Sunday,21:30,108.8
L25,Jul,Sunday,21:45,104.7
L25,Jul,Sunday,22:00,100.2
L25,Jul,Sunday,22:15,95.4
L25,Jul,Sunday,22:30,90.4
L25,Jul,Sunday,22:45,85.2
L25,Jul,Sunday,23:00,80.0
L25,Jul,Sunday,23:15,75.0
L25,Jul,Sunday,23:30,70.5
L25,Jul,Sunday,23:45,66.7
L25,Aug,Workday,00:00,66.1
L25,Aug,Workday,00:15,63.1
L25,Aug,Workday,00:30,60.5
L25,Aug,Workday,00:45,58.4
L25,Aug,Workday,01:00,56.7
L25,Aug,Workday,01:15,55.4
L25,Aug,Workday,01:30,54.4
L25,Aug,Workday,01:45,53.7
L25,Aug,Workday,02:00,53.2
L25,Aug,Workday,02:15,52.7
L25,Aug,Workday,02:30,52.3
L25,Aug,Workday,02:45,51.9
L25,Aug,Workday,03:00,51.4
L25,Aug,Workday,03:15,51.0
L25,Aug,Workday,03:30,50.5
L25,Aug,Workday,03:45,50.0
L25,Aug,Workday,04:00,49.6
L25,Aug,Workday,04:15,49.4
L25,Aug,Workday,04:30,49.5
L25,Aug,Workday,04:45,50.0
L25,Aug,Workday,05:00,51.2
L25,Aug,Workday,05:15,52.9
L25,Aug,Workday,05:30,55.3
L25,Aug,Workday,05:45,58.4
L25,Aug,Workday,06:00,62.2
L25,Aug,Workday,06:15,67.4
L25,Aug,Workday,06:30,74.8
L25,Aug,Workday,06:45,85.2
L25,Aug,Workday,07:00,98.9
L25,Aug,Workday,07:15,114.9
L25,Aug,Workday,07:30,131.8
L25,Aug,Workday,07:45,148.2
L25,Aug,Workday,08:00,162.6
L25,Aug,Workday,08:15,173.9
L25,Aug,Workday,08:30,180.6
L25,Aug,Workday,08:45,181.6
L25,Aug,Workday,09:00,176.1
L25,Aug,Workday,09:15,166.1
L25,Aug,Workday,09:30,154.1
L25,Aug,Workday,09:45,142.6
L25,Aug,Workday,10:00,133.8
L25,Aug,Workday,10:15,128.2
L25,Aug,Workday,10:30,125.8
L25,Aug,Workday,10:45,126.9
L25,Aug,Workday,11:00,131.2
L25,Aug,Workday,11:15,136.6
L25,Aug,Workday,11:30,140.9
L25,Aug,Workday,11:45,141.7
L25,Aug,Workday,12:00,137.4
L25,Aug,Workday,12:15,129.4
L25,Aug,Workday,12:30,119.9
L25,Aug,Workday,12:45,111.2
L25,Aug,Workday,13:00,104.8
L25,Aug,Workday,13:15,100.8
L25,Aug,Workday,13:30,98.5
L25,Aug,Workday,13:45,97.3
L25,Aug,Workday,14:00,96.5
L25,Aug,Workday,14:15,96.2
L25,Aug,Workday,14:30,96.2
L25,Aug,Workday,14:45,96.3
L25,Aug,Workday,15:00,96.7
L25,Aug,Workday,15:15,97.0
L25,Aug,Workday,15:30,97.2
L25,Aug,Workday,15:45,97.3
L25,Aug,Workday,16:00,97.0
L25,Aug,Workday,16:15,96.8
L25,Aug,Workday,16:30,97.1
L25,Aug,Workday,16:45,98.2
L25,Aug,Workday,17:00,100.6
L25,Aug,Workday,17:15,104.8
L25,Aug,Workday,17:30,111.5
L25,Aug,Workday,17:45,121.3
L25,Aug,Workday,18:00,134.4
L25,Aug,Workday,18:15,148.9
L25,Aug,Workday,18:30,162.6
L25,Aug,Workday,18:45,173.2
L25,Aug,Workday,19:00,178.9
L25,Aug,Workday,19:15,179.8
L25,Aug,Workday,19:30,176.5
L25,Aug,Workday,19:45,169.5
L25,Aug,Workday,20:00,159.6
L25,Aug,Workday,20:15,148.1
L25,Aug,Workday,20:30,136.4
L25,Aug,Workday,20:45,126.0
L25,Aug,Workday,21:00,117.9
L25,Aug,Workday,21:15,111.9
L25,Aug,Workday,21:30,107.1
L25,Aug,Workday,21:45,102.8
L25,Aug,Workday,22:00,98.5
L25,Aug,Workday,22:15,94.1
L25,Aug,Workday,22:30,89.6
L25,Aug,Workday,22:45,85.2
L25,Aug,Workday,23:00,81.0
L25,Aug,Workday,23:15,76.9
L25,Aug,Workday,23:30,73.1
L25,Aug,Workday,23:45,69.5
L25,Aug,Saturday,00:00,67.2
L25,Aug,Saturday,00:15,65.6
L25,Aug,Saturday,00:30,64.3
L25,Aug,Saturday,00:45,63.0
L25,Aug,Saturday,01:00,61.4
L25,Aug,Saturday,01:15,59.7
L25,Aug,Saturday,01:30,58.0
L25,Aug,Saturday,01:45,56.5
L25,Aug,Saturday,02:00,55.2
L25,Aug,Saturday,02:15,54.2
L25,Aug,Saturday,02:30,53.4
L25,Aug,Saturday,02:45,52.8
L25,Aug,Saturday,03:00,52.3
L25,Aug,Saturday,03:15,51.8
L25,Aug,Saturday,03:30,51.4
L25,Aug,Saturday,03:45,50.9
L25,Aug,Saturday,04:00,50.5
L25,Aug,Saturday,04:15,50.2
L25,Aug,Saturday,04:30,50.0
L25,Aug,Saturday,04:45,50.0
L25,Aug,Saturday,05:00,50.3
L25,Aug,Saturday,05:15,50.9
L25,Aug,Saturday,05:30,51.7
L25,Aug,Saturday,05:45,52.8
L25,Aug,Saturday,06:00,54.4
L25,Aug,Saturday,06:15,57.2
L25,Aug,Saturday,06:30,62.2
L25,Aug,Saturday,06:45,70.4
L25,Aug,Saturday,07:00,82.4
L25,Aug,Saturday,07:15,97.4
L25,Aug,Saturday,07:30,114.2
L25,Aug,Saturday,07:45,131.5
L25,Aug,Saturday,08:00,148.2
L25,Aug,Saturday,08:15,162.8
L25,Aug,Saturday,08:30,173.8
L25,Aug,Saturday,08:45,179.7
L25,Aug,Saturday,09:00,179.6
L25,Aug,Saturday,09:15,174.9
L25,Aug,Saturday,09:30,167.2
L25,Aug,Saturday,09:45,158.4
L25,Aug,Saturday,10:00,150.1
L25,Aug,Saturday,10:15,143.4
L25,Aug,Saturday,10:30,139.1
L25,Aug,Saturday,10:45,138.0
L25,Aug,Saturday,11:00,140.4
L25,Aug,Saturday,11:15,144.4
L25,Aug,Saturday,11:30,147.5
L25,Aug,Saturday,11:45,147.3
L25,Aug,Saturday,12:00,142.0
L25,Aug,Saturday,12:15,133.1
L25,Aug,Saturday,12:30,122.7
L25,Aug,Saturday,12:45,113.0
L25,Aug,Saturday,13:00,105.7
L25,Aug,Saturday,13:15,100.6
L25,Aug,Saturday,13:30,96.8
L25,Aug,Saturday,13:45,93.6
L25,Aug,Saturday,14:00,90.3
L25,Aug,Saturday,14:15,87.1
L25,Aug,Saturday,14:30,84.4
L25,Aug,Saturday,14:45,82.4
L25,Aug,Saturday,15:00,81.5
L25,Aug,Saturday,15:15,81.3
L25,Aug,Saturday,15:30,81.4
L25,Aug,Saturday,15:45,81.5
L25,Aug,Saturday,16:00,81.3
L25,Aug,Saturday,16:15,81.3
L25,Aug,Saturday,16:30,81.8
L25,Aug,Saturday,16:45,83.4
L25,Aug,Saturday,17:00,86.6
L25,Aug,Saturday,17:15,91.7
L25,Aug,Saturday,17:30,99.2
L25,Aug,Saturday,17:45,109.3
L25,Aug,Saturday,18:00,122.1
L25,Aug,Saturday,18:15,135.8
L25,Aug,Saturday,18:30,148.6
L25,Aug,Saturday,18:45,158.4
L25,Aug,Saturday,19:00,163.6
L25,Aug,Saturday,19:15,164.4
L25,Aug,Saturday,19:30,161.5
L25,Aug,Saturday,19:45,155.6
L25,Aug,Saturday,20:00,147.4
L25,Aug,Saturday,20:15,137.8
L25,Aug,Saturday,20:30,127.9
L25,Aug,Saturday,20:45,118.6
L25,Aug,Saturday,21:00,110.7
L25,Aug,Saturday,21:15,104.1
L25,Aug,Saturday,21:30,98.5
L25,Aug,Saturday,21:45,93.6
L25,Aug,Saturday,22:00,88.9
L25,Aug,Saturday,22:15,84.6
L25,Aug,Saturday,22:30,80.6
L25,Aug,Saturday,22:45,76.9
L25,Aug,Saturday,23:00,73.4
L25,Aug,Saturday,23:15,70.3
L25,Aug,Saturday,23:30,67.4
L25,Aug,Saturday,23:45,64.8
L25,Aug,Sunday,00:00,62.6
L25,Aug,Sunday,00:15,60.6
L25,Aug,Sunday,00:30,58.9
L25,Aug,Sunday,00:45,57.4
L25,Aug,Sunday,01:00,56.2
L25,Aug,Sunday,01:15,55.2
L25,Aug,Sunday,01:30,54.4
L25,Aug,Sunday,01:45,53.7
L25,Aug,Sunday,02:00,53.2
L25,Aug,Sunday,02:15,52.7
L25,Aug,Sunday,02:30,52.3
L25,Aug,Sunday,02:45,51.9
L25,Aug,Sunday,03:00,51.4
L25,Aug,Sunday,03:15,50.9
L25,Aug,Sunday,03:30,50.5
L25,Aug,Sunday,03:45,50.0
L25,Aug,Sunday,04:00,49.6
L25,Aug,Sunday,04:15,49.4
L25,Aug,Sunday,04:30,49.5
L25,Aug,Sunday,04:45,50.0
L25,Aug,Sunday,05:00,51.2
L25,Aug,Sunday,05:15,53.1
L25,Aug,Sunday,05:30,56.0
L25,Aug,Sunday,05:45,60.2
L25,Aug,Sunday,06:00,65.8
L25,Aug,Sunday,06:15,73.2
L25,Aug,Sunday,06:30,82.6
L25,Aug,Sunday,06:45,94.5
L25,Aug,Sunday,07:00,108.8
L25,Aug,Sunday,07:15,124.7
L25,Aug,Sunday,07:30,141.0
L25,Aug,Sunday,07:45,156.5
L25,Aug,Sunday,08:00,170.1
L25,Aug,Sunday,08:15,180.5
L25,Aug,Sunday,08:30,186.6
L25,Aug,Sunday,08:45,187.1
L25,Aug,Sunday,09:00,181.6
L25,Aug,Sunday,09:15,171.8
L25,Aug,Sunday,09:30,160.1
L25,Aug,Sunday,09:45,149.1
L25,Aug,Sunday,10:00,140.8
L25,Aug,Sunday,10:15,135.6
L25,Aug,Sunday,10:30,133.7
L25,Aug,Sunday,10:45,135.2
L25,Aug,Sunday,11:00,139.9
L25,Aug,Sunday,11:15,145.6
L25,Aug,Sunday,11:30,149.8
L25,Aug,Sunday,11:45,150.1
L25,Aug,Sunday,12:00,144.6
L25,Aug,Sunday,12:15,135.3
L25,Aug,Sunday,12:30,124.5
L25,Aug,Sunday,12:45,114.9
L25,Aug,Sunday,13:00,108.4
L25,Aug,Sunday,13:15,104.7
L25,Aug,Sunday,13:30,102.8
L25,Aug,Sunday,13:45,101.9
L25,Aug,Sunday,14:00,101.1
L25,Aug,Sunday,14:15,100.4
L25,Aug,Sunday,14:30,99.7
L25,Aug,Sunday,14:45,99.1
L25,Aug,Sunday,15:00,98.6
L25,Aug,Sunday,15:15,98.1
L25,Aug,Sunday,15:30,97.7
L25,Aug,Sunday,15:45,97.3
L25,Aug,Sunday,16:00,96.9
L25,Aug,Sunday,16:15,96.9
L25,Aug,Sunday,16:30,97.5
L25,Aug,Sunday,16:45,99.1
L25,Aug,Sunday,17:00,102.1
L25,Aug,Sunday,17:15,106.8
L25,Aug,Sunday,17:30,113.7
L25,Aug,Sunday,17:45,123.2
L25,Aug,Sunday,18:00,135.4
L25,Aug,Sunday,18:15,148.9
L25,Aug,Sunday,18:30,161.8
L25,Aug,Sunday,18:45,172.3
L25,Aug,Sunday,19:00,178.8
L25,Aug,Sunday,19:15,181.1
L25,Aug,Sunday,19:30,179.2
L25,Aug,Sunday,19:45,173.2
L25,Aug,Sunday,20:00,163.4
L25,Aug,Sunday,20:15,151.4
L25,Aug,Sunday,20:30,138.9
L25,Aug,Sunday,20:45,127.8
L25,Aug,Sunday,21:00,119.5
L25,Aug,Sunday,21:15,113.5
L25,Aug,Sunday,21:30,108.8
L25,Aug,Sunday,21:45,104.7
L25,Aug,Sunday,22:00,100.2
L25,Aug,Sunday,22:15,95.4
L25,Aug,Sunday,22:30,90.4
L25,Aug,Sunday,22:45,85.2
L25,Aug,Sunday,23:00,80.0
L25,Aug,Sunday,23:15,75.0
L25,Aug,Sunday,23:30,70.5
L25,Aug,Sunday,23:45,66.7
L25,Sep,Workday,00:00,68.2
L25,Sep,Workday,00:15,65.1
L25,Sep,Workday,00:30,62.4
L25,Sep,Workday,00:45,60.252
L25,Sep,Workday,01:00,58.5
L25,Sep,Workday,01:15,57.252
L25,Sep,Workday,01:30,56.252
L25,Sep,Workday,01:45,55.552
L25,Sep,Workday,02:00,55.052
L25,Sep,Workday,02:15,54.552
L25,Sep,Workday,02:30,54.152
L25,Sep,Workday,02:45,53.752
L25,Sep,Workday,03:00,53.252
L25,Sep,Workday,03:15,52.752
L25,Sep,Workday,03:30,52.3
L25,Sep,Workday,03:45,51.852
L25,Sep,Workday,04:00,51.6
L25,Sep,Workday,04:15,51.552
L25,Sep,Workday,04:30,51.752
L25,Sep,Workday,04:45,52.352
L25,Sep,Workday,05:00,53.4
L25,Sep,Workday,05:15,55.052
L25,Sep,Workday,05:30,57.552
L25,Sep,Workday,05:45,61.152
L25,Sep,Workday,06:00,66.0
L25,Sep,Workday,06:15,72.5
L25,Sep,Workday,06:30,81.2
L25,Sep,Workday,06:45,92.6
L25,Sep,Workday,07:00,106.852
L25,Sep,Workday,07:15,123.1
L25,Sep,Workday,07:30,140.2
L25,Sep,Workday,07:45,157.0
L25,Sep,Workday,08:00,172.252
L25,Sep,Workday,08:15,184.5
L25,Sep,Workday,08:30,192.0
L25,Sep,Workday,08:45,193.152
L25,Sep,Workday,09:00,187.052
L25,Sep,Workday,09:15,175.8
L25,Sep,Workday,09:30,162.352
L25,Sep,Workday,09:45,149.552
L25,Sep,Workday,10:00,139.852
L25,Sep,Workday,10:15,133.6
L25,Sep,Workday,10:30,130.652
L25,Sep,Workday,10:45,131.052
L25,Sep,Workday,11:00,134.352
L25,Sep,Workday,11:15,138.652
L25,Sep,Workday,11:30,142.0
L25,Sep,Workday,11:45,142.152
L25,Sep,Workday,12:00,137.8
L25,Sep,Workday,12:15,130.152
L25,Sep,Workday,12:30,121.2
L25,Sep,Workday,12:45,113.052
L25,Sep,Workday,13:00,107.1
L25,Sep,Workday,13:15,103.352
L25,Sep,Workday,13:30,101.2
L25,Sep,Workday,13:45,100.052
L25,Sep,Workday,14:00,99.3
L25,Sep,Workday,14:15,98.952
L25,Sep,Workday,14:30,98.8
L25,Sep,Workday,14:45,98.652
L25,Sep,Workday,15:00,98.552
L25,Sep,Workday,15:15,98.452
L25,Sep,Workday,15:30,98.3
L25,Sep,Workday,15:45,98.2
L25,Sep,Workday,16:00,98.1
L25,Sep,Workday,16:15,98.352
L25,Sep,Workday,16:30,99.352
L25,Sep,Workday,16:45,101.452
L25,Sep,Workday,17:00,105.0
L25,Sep,Workday,17:15,110.5
L25,Sep,Workday,17:30,118.552
L25,Sep,Workday,17:45,129.652
L25,Sep,Workday,18:00,143.952
L25,Sep,Workday,18:15,159.552
L25,Sep,Workday,18:30,174.2
L25,Sep,Workday,18:45,185.7
L25,Sep,Workday,19:00,192.2
L25,Sep,Workday,19:15,193.652
L25,Sep,Workday,19:30,190.6
L25,Sep,Workday,19:45,183.4
L25,Sep,Workday,20:00,172.752
L25,Sep,Workday,20:15,160.1
L25,Sep,Workday,20:30,147.052
L25,Sep,Workday,20:45,135.252
L25,Sep,Workday,21:00,125.852
L25,Sep,Workday,21:15,118.7
L25,Sep,Workday,21:30,112.952
L25,Sep,Workday,21:45,107.9
L25,Sep,Workday,22:00,103.1
L25,Sep,Workday,22:15,98.3
L25,Sep,Workday,22:30,93.6
L25,Sep,Workday,22:45,88.9
L25,Sep,Workday,23:00,84.352
L25,Sep,Workday,23:15,79.9
L25,Sep,Workday,23:30,75.7
L25,Sep,Workday,23:45,71.8
L25,Sep,Saturday,00:00,69.3
L25,Sep,Saturday,00:15,67.5
L25,Sep,Saturday,00:30,66.152
L25,Sep,Saturday,00:45,64.852
L25,Sep,Saturday,01:00,63.352
L25,Sep,Saturday,01:15,61.8
L25,Sep,Saturday,01:30,60.2
L25,Sep,Saturday,01:45,58.8
L25,Sep,Saturday,02:00,57.6
L25,Sep,Saturday,02:15,56.652
L25,Sep,Saturday,02:30,55.852
L25,Sep,Saturday,02:45,55.1
L25,Sep,Saturday,03:00,54.452
L25,Sep,Saturday,03:15,53.752
L25,Sep,Saturday,03:30,53.252
L25,Sep,Saturday,03:45,52.8
L25,Sep,Saturday,04:00,52.552
L25,Sep,Saturday,04:15,52.452
L25,Sep,Saturday,04:30,52.552
L25,Sep,Saturday,04:45,52.8
L25,Sep,Saturday,05:00,53.2
L25,Sep,Saturday,05:15,53.752
L25,Sep,Saturday,05:30,54.552
L25,Sep,Saturday,05:45,55.6
L25,Sep,Saturday,06:00,57.152
L25,Sep,Saturday,06:15,60.052
L25,Sep,Saturday,06:30,65.5
L25,Sep,Saturday,06:45,74.552
L25,Sep,Saturday,07:00,87.9
L25,Sep,Saturday,07:15,104.5
L25,Sep,Saturday,07:30,122.8
L25,Sep,Saturday,07:45,141.252
L25,Sep,Saturday,08:00,158.4
L25,Sep,Saturday,08:15,173.0
L25,Sep,Saturday,08:30,183.752
L25,Sep,Saturday,08:45,189.452
L25,Sep,Saturday,09:00,189.252
L25,Sep,Saturday,09:15,184.5
L25,Sep,Saturday,09:30,176.7
L25,Sep,Saturday,09:45,167.652
L25,Sep,Saturday,10:00,158.852
L25,Sep,Saturday,10:15,151.5
L25,Sep,Saturday,10:30,146.552
L25,Sep,Saturday,10:45,144.952
L25,Sep,Saturday,11:00,147.152
L25,Sep,Saturday,11:15,151.152
L25,Sep,Saturday,11:30,154.4
L25,Sep,Saturday,11:45,154.252
L25,Sep,Saturday,12:00,148.9
L25,Sep,Saturday,12:15,139.9
L25,Sep,Saturday,12:30,129.3
L25,Sep,Saturday,12:45,119.5
L25,Sep,Saturday,13:00,112.1
L25,Sep,Saturday,13:15,106.852
L25,Sep,Saturday,13:30,102.8
L25,Sep,Saturday,13:45,99.152
L25,Sep,Saturday,14:00,95.152
L25,Sep,Saturday,14:15,91.2
L25,Sep,Saturday,14:30,87.752
L25,Sep,Saturday,14:45,85.2
L25,Sep,Saturday,15:00,84.052
L25,Sep,Saturday,15:15,83.8
L25,Sep,Saturday,15:30,84.052
L25,Sep,Saturday,15:45,84.3
L25,Sep,Saturday,16:00,84.2
L25,Sep,Saturday,16:15,84.3
L25,Sep,Saturday,16:30,85.152
L25,Sep,Saturday,16:45,87.552
L25,Sep,Saturday,17:00,92.0
L25,Sep,Saturday,17:15,98.7
L25,Sep,Saturday,17:30,107.7
L25,Sep,Saturday,17:45,119.052
L25,Sep,Saturday,18:00,132.5
L25,Sep,Saturday,18:15,146.552
L25,Sep,Saturday,18:30,159.652
L25,Sep,Saturday,18:45,170.0
L25,Sep,Saturday,19:00,176.152
L25,Sep,Saturday,19:15,178.052
L25,Sep,Saturday,19:30,176.052
L25,Sep,Saturday,19:45,170.452
L25,Sep,Saturday,20:00,161.6
L25,Sep,Saturday,20:15,150.752
L25,Sep,Saturday,20:30,139.2
L25,Sep,Saturday,20:45,128.3
L25,Sep,Saturday,21:00,119.052
L25,Sep,Saturday,21:15,111.452
L25,Sep,Saturday,21:30,105.052
L25,Sep,Saturday,21:45,99.6
L25,Sep,Saturday,22:00,94.6
L25,Sep,Saturday,22:15,90.052
L25,Sep,Saturday,22:30,85.752
L25,Sep,Saturday,22:45,81.5
L25,Sep,Saturday,23:00,77.252
L25,Sep,Saturday,23:15,73.2
L25,Sep,Saturday,23:30,69.452
L25,Sep,Saturday,23:45,66.2
L25,Sep,Sunday,00:00,63.7
L25,Sep,Sunday,00:15,61.652
L25,Sep,Sunday,00:30,60.1
L25,Sep,Sunday,00:45,58.8
L25,Sep,Sunday,01:00,57.7
L25,Sep,Sunday,01:15,56.7
L25,Sep,Sunday,01:30,55.852
L25,Sep,Sunday,01:45,55.1
L25,Sep,Sunday,02:00,54.5
L25,Sep,Sunday,02:15,54.0
L25,Sep,Sunday,02:30,53.6
L25,Sep,Sunday,02:45,53.3
L25,Sep,Sunday,03:00,53.0
L25,Sep,Sunday,03:15,52.752
L25,Sep,Sunday,03:30,52.6
L25,Sep,Sunday,03:45,52.352
L25,Sep,Sunday,04:00,52.052
L25,Sep,Sunday,04:15,51.852
L25,Sep,Sunday,04:30,51.9
L25,Sep,Sunday,04:45,52.352
L25,Sep,Sunday,05:00,53.352
L25,Sep,Sunday,05:15,55.2
L25,Sep,Sunday,05:30,58.152
L25,Sep,Sunday,05:45,62.5
L25,Sep,Sunday,06:00,68.552
L25,Sep,Sunday,06:15,76.5
L25,Sep,Sunday,06:30,86.6
L25,Sep,Sunday,06:45,99.1
L25,Sep,Sunday,07:00,114.052
L25,Sep,Sunday,07:15,130.5
L25,Sep,Sunday,07:30,147.4
L25,Sep,Sunday,07:45,163.452
L25,Sep,Sunday,08:00,177.7
L25,Sep,Sunday,08:15,188.752
L25,Sep,Sunday,08:30,195.6
L25,Sep,Sunday,08:45,196.852
L25,Sep,Sunday,09:00,192.0
L25,Sep,Sunday,09:15,182.6
L25,Sep,Sunday,09:30,170.8
L25,Sep,Sunday,09:45,158.852
L25,Sep,Sunday,10:00,148.652
L25,Sep,Sunday,10:15,141.0
L25,Sep,Sunday,10:30,136.652
L25,Sep,Sunday,10:45,136.152
L25,Sep,Sunday,11:00,139.652
L25,Sep,Sunday,11:15,144.952
L25,Sep,Sunday,11:30,149.3
L25,Sep,Sunday,11:45,150.1
L25,Sep,Sunday,12:00,145.3
L25,Sep,Sunday,12:15,136.7
L25,Sep,Sunday,12:30,126.5
L25,Sep,Sunday,12:45,117.2
L25,Sep,Sunday,13:00,110.652
L25,Sep,Sunday,13:15,106.652
L25,Sep,Sunday,13:30,104.252
L25,Sep,Sunday,13:45,102.8
L25,Sep,Sunday,14:00,101.552
L25,Sep,Sunday,14:15,100.452
L25,Sep,Sunday,14:30,99.452
L25,Sep,Sunday,14:45,98.652
L25,Sep,Sunday,15:00,98.0
L25,Sep,Sunday,15:15,97.4
L25,Sep,Sunday,15:30,96.9
L25,Sep,Sunday,15:45,96.352
L25,Sep,Sunday,16:00,95.8
L25,Sep,Sunday,16:15,95.7
L25,Sep,Sunday,16:30,96.652
L25,Sep,Sunday,16:45,99.1
L25,Sep,Sunday,17:00,103.652
L25,Sep,Sunday,17:15,110.4
L25,Sep,Sunday,17:30,119.5
L25,Sep,Sunday,17:45,131.052
L25,Sep,Sunday,18:00,144.952
L25,Sep,Sunday,18:15,159.6
L25,Sep,Sunday,18:30,173.2
L25,Sep,Sunday,18:45,183.852
L25,Sep,Sunday,19:00,190.1
L25,Sep,Sunday,19:15,191.9
L25,Sep,Sunday,19:30,189.552
L25,Sep,Sunday,19:45,183.4
L25,Sep,Sunday,20:00,173.9
L25,Sep,Sunday,20:15,162.4
L25,Sep,Sunday,20:30,150.252
L25,Sep,Sunday,20:45,138.952
L25,Sep,Sunday,21:00,129.552
L25,Sep,Sunday,21:15,121.9
L25,Sep,Sunday,21:30,115.452
L25,Sep,Sunday,21:45,109.8
L25,Sep,Sunday,22:00,104.3
L25,Sep,Sunday,22:15,98.952
L25,Sep,Sunday,22:30,93.7
L25,Sep,Sunday,22:45,88.452
L25,Sep,Sunday,23:00,83.2
L25,Sep,Sunday,23:15,78.1
L25,Sep,Sunday,23:30,73.452
L25,Sep,Sunday,23:45,69.5
L25,Oct,Workday,00:00,70.3
L25,Oct,Workday,00:15,67.1
L25,Oct,Workday,00:30,64.3
L25,Oct,Workday,00:45,62.1
L25,Oct,Workday,01:00,60.3
L25,Oct,Workday,01:15,59.1
L25,Oct,Workday,01:30,58.1
L25,Oct,Workday,01:45,57.4
L25,Oct,Workday,02:00,56.9
L25,Oct,Workday,02:15,56.4
L25,Oct,Workday,02:30,56.0
L25,Oct,Workday,02:45,55.6
L25,Oct,Workday,03:00,55.1
L25,Oct,Workday,03:15,54.5
L25,Oct,Workday,03:30,54.1
L25,Oct,Workday,03:45,53.7
L25,Oct,Workday,04:00,53.6
L25,Oct,Workday,04:15,53.7
L25,Oct,Workday,04:30,54.0
L25,Oct,Workday,04:45,54.7
L25,Oct,Workday,05:00,55.6
L25,Oct,Workday,05:15,57.2
L25,Oct,Workday,05:30,59.8
L25,Oct,Workday,05:45,63.9
L25,Oct,Workday,06:00,69.8
L25,Oct,Workday,06:15,77.6
L25,Oct,Workday,06:30,87.6
L25,Oct,Workday,06:45,100.0
L25,Oct,Workday,07:00,114.8
L25,Oct,Workday,07:15,131.3
L25,Oct,Workday,07:30,148.6
L25,Oct,Workday,07:45,165.8
L25,Oct,Workday,08:00,181.9
L25,Oct,Workday,08:15,195.1
L25,Oct,Workday,08:30,203.4
L25,Oct,Workday,08:45,204.7
L25,Oct,Workday,09:00,198.0
L25,Oct,Workday,09:15,185.5
L25,Oct,Workday,09:30,170.6
L25,Oct,Workday,09:45,156.5
L25,Oct,Workday,10:00,145.9
L25,Oct,Workday,10:15,139.0
L25,Oct,Workday,10:30,135.5
L25,Oct,Workday,10:45,135.2
L25,Oct,Workday,11:00,137.5
L25,Oct,Workday,11:15,140.7
L25,Oct,Workday,11:30,143.1
L25,Oct,Workday,11:45,142.6
L25,Oct,Workday,12:00,138.2
L25,Oct,Workday,12:15,130.9
L25,Oct,Workday,12:30,122.5
L25,Oct,Workday,12:45,114.9
L25,Oct,Workday,13:00,109.4
L25,Oct,Workday,13:15,105.9
L25,Oct,Workday,13:30,103.9
L25,Oct,Workday,13:45,102.8
L25,Oct,Workday,14:00,102.1
L25,Oct,Workday,14:15,101.7
L25,Oct,Workday,14:30,101.4
L25,Oct,Workday,14:45,101.0
L25,Oct,Workday,15:00,100.4
L25,Oct,Workday,15:15,99.9
L25,Oct,Workday,15:30,99.4
L25,Oct,Workday,15:45,99.1
L25,Oct,Workday,16:00,99.2
L25,Oct,Workday,16:15,99.9
L25,Oct,Workday,16:30,101.6
L25,Oct,Workday,16:45,104.7
L25,Oct,Workday,17:00,109.4
L25,Oct,Workday,17:15,116.2
L25,Oct,Workday,17:30,125.6
L25,Oct,Workday,17:45,138.0
L25,Oct,Workday,18:00,153.5
L25,Oct,Workday,18:15,170.2
L25,Oct,Workday,18:30,185.8
L25,Oct,Workday,18:45,198.2
L25,Oct,Workday,19:00,205.5
L25,Oct,Workday,19:15,207.5
L25,Oct,Workday,19:30,204.7
L25,Oct,Workday,19:45,197.3
L25,Oct,Workday,20:00,185.9
L25,Oct,Workday,20:15,172.1
L25,Oct,Workday,20:30,157.7
L25,Oct,Workday,20:45,144.5
L25,Oct,Workday,21:00,133.8
L25,Oct,Workday,21:15,125.5
L25,Oct,Workday,21:30,118.8
L25,Oct,Workday,21:45,113.0
L25,Oct,Workday,22:00,107.7
L25,Oct,Workday,22:15,102.5
L25,Oct,Workday,22:30,97.6
L25,Oct,Workday,22:45,92.6
L25,Oct,Workday,23:00,87.7
L25,Oct,Workday,23:15,82.9
L25,Oct,Workday,23:30,78.3
L25,Oct,Workday,23:45,74.1
L25,Oct,Saturday,00:00,71.4
L25,Oct,Saturday,00:15,69.4
L25,Oct,Saturday,00:30,68.0
L25,Oct,Saturday,00:45,66.7
L25,Oct,Saturday,01:00,65.3
L25,Oct,Saturday,01:15,63.9
L25,Oct,Saturday,01:30,62.4
L25,Oct,Saturday,01:45,61.1
L25,Oct,Saturday,02:00,60.0
L25,Oct,Saturday,02:15,59.1
L25,Oct,Saturday,02:30,58.3
L25,Oct,Saturday,02:45,57.4
L25,Oct,Saturday,03:00,56.6
L25,Oct,Saturday,03:15,55.7
L25,Oct,Saturday,03:30,55.1
L25,Oct,Saturday,03:45,54.7
L25,Oct,Saturday,04:00,54.6
L25,Oct,Saturday,04:15,54.7
L25,Oct,Saturday,04:30,55.1
L25,Oct,Saturday,04:45,55.6
L25,Oct,Saturday,05:00,56.1
L25,Oct,Saturday,05:15,56.6
L25,Oct,Saturday,05:30,57.4
L25,Oct,Saturday,05:45,58.4
L25,Oct,Saturday,06:00,59.9
L25,Oct,Saturday,06:15,62.9
L25,Oct,Saturday,06:30,68.8
L25,Oct,Saturday,06:45,78.7
L25,Oct,Saturday,07:00,93.4
L25,Oct,Saturday,07:15,111.6
L25,Oct,Saturday,07:30,131.4
L25,Oct,Saturday,07:45,151.0
L25,Oct,Saturday,08:00,168.6
L25,Oct,Saturday,08:15,183.2
L25,Oct,Saturday,08:30,193.7
L25,Oct,Saturday,08:45,199.2
L25,Oct,Saturday,09:00,198.9
L25,Oct,Saturday,09:15,194.1
L25,Oct,Saturday,09:30,186.2
L25,Oct,Saturday,09:45,176.9
L25,Oct,Saturday,10:00,167.6
L25,Oct,Saturday,10:15,159.6
L25,Oct,Saturday,10:30,154.0
L25,Oct,Saturday,10:45,151.9
L25,Oct,Saturday,11:00,153.9
L25,Oct,Saturday,11:15,157.9
L25,Oct,Saturday,11:30,161.3
L25,Oct,Saturday,11:45,161.2
L25,Oct,Saturday,12:00,155.8
L25,Oct,Saturday,12:15,146.7
L25,Oct,Saturday,12:30,135.9
L25,Oct,Saturday,12:45,126.0
L25,Oct,Saturday,13:00,118.5
L25,Oct,Saturday,13:15,113.1
L25,Oct,Saturday,13:30,108.8
L25,Oct,Saturday,13:45,104.7
L25,Oct,Saturday,14:00,100.0
L25,Oct,Saturday,14:15,95.3
L25,Oct,Saturday,14:30,91.1
L25,Oct,Saturday,14:45,88.0
L25,Oct,Saturday,15:00,86.6
L25,Oct,Saturday,15:15,86.3
L25,Oct,Saturday,15:30,86.7
L25,Oct,Saturday,15:45,87.1
L25,Oct,Saturday,16:00,87.1
L25,Oct,Saturday,16:15,87.3
L25,Oct,Saturday,16:30,88.5
L25,Oct,Saturday,16:45,91.7
L25,Oct,Saturday,17:00,97.4
L25,Oct,Saturday,17:15,105.7
L25,Oct,Saturday,17:30,116.2
L25,Oct,Saturday,17:45,128.8
L25,Oct,Saturday,18:00,142.9
L25,Oct,Saturday,18:15,157.3
L25,Oct,Saturday,18:30,170.7
L25,Oct,Saturday,18:45,181.6
L25,Oct,Saturday,19:00,188.7
L25,Oct,Saturday,19:15,191.7
L25,Oct,Saturday,19:30,190.6
L25,Oct,Saturday,19:45,185.3
L25,Oct,Saturday,20:00,175.8
L25,Oct,Saturday,20:15,163.7
L25,Oct,Saturday,20:30,150.5
L25,Oct,Saturday,20:45,138.0
L25,Oct,Saturday,21:00,127.4
L25,Oct,Saturday,21:15,118.8
L25,Oct,Saturday,21:30,111.6
L25,Oct,Saturday,21:45,105.6
L25,Oct,Saturday,22:00,100.3
L25,Oct,Saturday,22:15,95.5
L25,Oct,Saturday,22:30,90.9
L25,Oct,Saturday,22:45,86.1
L25,Oct,Saturday,23:00,81.1
L25,Oct,Saturday,23:15,76.1
L25,Oct,Saturday,23:30,71.5
L25,Oct,Saturday,23:45,67.6
L25,Oct,Sunday,00:00,64.8
L25,Oct,Sunday,00:15,62.7
L25,Oct,Sunday,00:30,61.3
L25,Oct,Sunday,00:45,60.2
L25,Oct,Sunday,01:00,59.2
L25,Oct,Sunday,01:15,58.2
L25,Oct,Sunday,01:30,57.3
L25,Oct,Sunday,01:45,56.5
L25,Oct,Sunday,02:00,55.8
L25,Oct,Sunday,02:15,55.3
L25,Oct,Sunday,02:30,54.9
L25,Oct,Sunday,02:45,54.7
L25,Oct,Sunday,03:00,54.6
L25,Oct,Sunday,03:15,54.6
L25,Oct,Sunday,03:30,54.7
L25,Oct,Sunday,03:45,54.7
L25,Oct,Sunday,04:00,54.5
L25,Oct,Sunday,04:15,54.3
L25,Oct,Sunday,04:30,54.3
L25,Oct,Sunday,04:45,54.7
L25,Oct,Sunday,05:00,55.5
L25,Oct,Sunday,05:15,57.3
L25,Oct,Sunday,05:30,60.3
L25,Oct,Sunday,05:45,64.8
L25,Oct,Sunday,06:00,71.3
L25,Oct,Sunday,06:15,79.8
L25,Oct,Sunday,06:30,90.6
L25,Oct,Sunday,06:45,103.7
L25,Oct,Sunday,07:00,119.3
L25,Oct,Sunday,07:15,136.3
L25,Oct,Sunday,07:30,153.8
L25,Oct,Sunday,07:45,170.4
L25,Oct,Sunday,08:00,185.3
L25,Oct,Sunday,08:15,197.0
L25,Oct,Sunday,08:30,204.6
L25,Oct,Sunday,08:45,206.6
L25,Oct,Sunday,09:00,202.4
L25,Oct,Sunday,09:15,193.4
L25,Oct,Sunday,09:30,181.5
L25,Oct,Sunday,09:45,168.6
L25,Oct,Sunday,10:00,156.5
L25,Oct,Sunday,10:15,146.4
L25,Oct,Sunday,10:30,139.6
L25,Oct,Sunday,10:45,137.1
L25,Oct,Sunday,11:00,139.4
L25,Oct,Sunday,11:15,144.3
L25,Oct,Sunday,11:30,148.8
L25,Oct,Sunday,11:45,150.1
L25,Oct,Sunday,12:00,146.0
L25,Oct,Sunday,12:15,138.1
L25,Oct,Sunday,12:30,128.5
L25,Oct,Sunday,12:45,119.5
L25,Oct,Sunday,13:00,112.9
L25,Oct,Sunday,13:15,108.6
L25,Oct,Sunday,13:30,105.7
L25,Oct,Sunday,13:45,103.7
L25,Oct,Sunday,14:00,102.0
L25,Oct,Sunday,14:15,100.5
L25,Oct,Sunday,14:30,99.2
L25,Oct,Sunday,14:45,98.2
L25,Oct,Sunday,15:00,97.4
L25,Oct,Sunday,15:15,96.7
L25,Oct,Sunday,15:30,96.1
L25,Oct,Sunday,15:45,95.4
L25,Oct,Sunday,16:00,94.7
L25,Oct,Sunday,16:15,94.5
L25,Oct,Sunday,16:30,95.8
L25,Oct,Sunday,16:45,99.1
L25,Oct,Sunday,17:00,105.2
L25,Oct,Sunday,17:15,114.0
L25,Oct,Sunday,17:30,125.3
L25,Oct,Sunday,17:45,138.9
L25,Oct,Sunday,18:00,154.5
L25,Oct,Sunday,18:15,170.3
L25,Oct,Sunday,18:30,184.6
L25,Oct,Sunday,18:45,195.4
L25,Oct,Sunday,19:00,201.4
L25,Oct,Sunday,19:15,202.7
L25,Oct,Sunday,19:30,199.9
L25,Oct,Sunday,19:45,193.6
L25,Oct,Sunday,20:00,184.4
L25,Oct,Sunday,20:15,173.4
L25,Oct,Sunday,20:30,161.6
L25,Oct,Sunday,20:45,150.1
L25,Oct,Sunday,21:00,139.6
L25,Oct,Sunday,21:15,130.3
L25,Oct,Sunday,21:30,122.1
L25,Oct,Sunday,21:45,114.9
L25,Oct,Sunday,22:00,108.4
L25,Oct,Sunday,22:15,102.5
L25,Oct,Sunday,22:30,97.0
L25,Oct,Sunday,22:45,91.7
L25,Oct,Sunday,23:00,86.4
L25,Oct,Sunday,23:15,81.2
L25,Oct,Sunday,23:30,76.4
L25,Oct,Sunday,23:45,72.3
L25,Nov,Workday,00:00,72.4
L25,Nov,Workday,00:15,69.4
L25,Nov,Workday,00:30,66.9
L25,Nov,Workday,00:45,64.8
L25,Nov,Workday,01:00,63.2
L25,Nov,Workday,01:15,61.9
L25,Nov,Workday,01:30,61.0
L25,Nov,Workday,01:45,60.2
L25,Nov,Workday,02:00,59.6
L25,Nov,Workday,02:15,59.2
L25,Nov,Workday,02:30,58.8
L25,Nov,Workday,02:45,58.4
L25,Nov,Workday,03:00,57.9
L25,Nov,Workday,03:15,57.4
L25,Nov,Workday,03:30,56.9
L25,Nov,Workday,03:45,56.5
L25,Nov,Workday,04:00,56.3
L25,Nov,Workday,04:15,56.3
L25,Nov,Workday,04:30,56.6
L25,Nov,Workday,04:45,57.4
L25,Nov,Workday,05:00,58.8
L25,Nov,Workday,05:15,60.9
L25,Nov,Workday,05:30,63.8
L25,Nov,Workday,05:45,67.6
L25,Nov,Workday,06:00,72.5
L25,Nov,Workday,06:15,79.0
L25,Nov,Workday,06:30,87.7
L25,Nov,Workday,06:45,99.1
L25,Nov,Workday,07:00,113.6
L25,Nov,Workday,07:15,130.5
L25,Nov,Workday,07:30,148.9
L25,Nov,Workday,07:45,167.7
L25,Nov,Workday,08:00,185.8
L25,Nov,Workday,08:15,201.7
L25,Nov,Workday,08:30,213.6
L25,Nov,Workday,08:45,219.5
L25,Nov,Workday,09:00,218.5
L25,Nov,Workday,09:15,211.6
L25,Nov,Workday,09:30,200.8
L25,Nov,Workday,09:45,188.0
L25,Nov,Workday,10:00,175.0
L25,Nov,Workday,10:15,163.4
L25,Nov,Workday,10:30,154.5
L25,Nov,Workday,10:45,150.1
L25,Nov,Workday,11:00,150.7
L25,Nov,Workday,11:15,154.1
L25,Nov,Workday,11:30,157.4
L25,Nov,Workday,11:45,157.5
L25,Nov,Workday,12:00,152.2
L25,Nov,Workday,12:15,143.2
L25,Nov,Workday,12:30,132.7
L25,Nov,Workday,12:45,123.2
L25,Nov,Workday,13:00,116.5
L25,Nov,Workday,13:15,112.5
L25,Nov,Workday,13:30,110.3
L25,Nov,Workday,13:45,109.3
L25,Nov,Workday,14:00,108.8
L25,Nov,Workday,14:15,108.5
L25,Nov,Workday,14:30,108.4
L25,Nov,Workday,14:45,108.4
L25,Nov,Workday,15:00,108.3
L25,Nov,Workday,15:15,108.3
L25,Nov,Workday,15:30,108.6
L25,Nov,Workday,15:45,109.3
L25,Nov,Workday,16:00,110.6
L25,Nov,Workday,16:15,113.1
L25,Nov,Workday,16:30,117.4
L25,Nov,Workday,16:45,124.1
L25,Nov,Workday,17:00,133.7
L25,Nov,Workday,17:15,146.0
L25,Nov,Workday,17:30,160.5
L25,Nov,Workday,17:45,176.9
L25,Nov,Workday,18:00,194.5
L25,Nov,Workday,18:15,211.5
L25,Nov,Workday,18:30,226.1
L25,Nov,Workday,18:45,236.2
L25,Nov,Workday,19:00,240.4
L25,Nov,Workday,19:15,238.7
L25,Nov,Workday,19:30,231.5
L25,Nov,Workday,19:45,219.5
L25,Nov,Workday,20:00,203.4
L25,Nov,Workday,20:15,184.9
L25,Nov,Workday,20:30,166.1
L25,Nov,Workday,20:45,149.1
L25,Nov,Workday,21:00,135.6
L25,Nov,Workday,21:15,125.2
L25,Nov,Workday,21:30,117.3
L25,Nov,Workday,21:45,111.2
L25,Nov,Workday,22:00,106.1
L25,Nov,Workday,22:15,101.7
L25,Nov,Workday,22:30,97.7
L25,Nov,Workday,22:45,93.6
L25,Nov,Workday,23:00,89.1
L25,Nov,Workday,23:15,84.6
L25,Nov,Workday,23:30,80.1
L25,Nov,Workday,23:45,76.0
L25,Nov,Saturday,00:00,73.9
L25,Nov,Saturday,00:15,73.0
L25,Nov,Saturday,00:30,72.6
L25,Nov,Saturday,00:45,72.3
L25,Nov,Saturday,01:00,71.5
L25,Nov,Saturday,01:15,70.4
L25,Nov,Saturday,01:30,69.1
L25,Nov,Saturday,01:45,67.6
L25,Nov,Saturday,02:00,66.2
L25,Nov,Saturday,02:15,64.8
L25,Nov,Saturday,02:30,63.4
L25,Nov,Saturday,02:45,62.1
L25,Nov,Saturday,03:00,60.7
L25,Nov,Saturday,03:15,59.4
L25,Nov,Saturday,03:30,58.3
L25,Nov,Saturday,03:45,57.4
L25,Nov,Saturday,04:00,56.9
L25,Nov,Saturday,04:15,56.8
L25,Nov,Saturday,04:30,57.0
L25,Nov,Saturday,04:45,57.4
L25,Nov,Saturday,05:00,58.2
L25,Nov,Saturday,05:15,59.2
L25,Nov,Saturday,05:30,60.5
L25,Nov,Saturday,05:45,62.1
L25,Nov,Saturday,06:00,64.1
L25,Nov,Saturday,06:15,67.4
L25,Nov,Saturday,06:30,72.9
L25,Nov,Saturday,06:45,81.5
L25,Nov,Saturday,07:00,93.9
L25,Nov,Saturday,07:15,109.4
L25,Nov,Saturday,07:30,126.9
L25,Nov,Saturday,07:45,145.4
L25,Nov,Saturday,08:00,163.8
L25,Nov,Saturday,08:15,181.0
L25,Nov,Saturday,08:30,195.6
L25,Nov,Saturday,08:45,206.6
L25,Nov,Saturday,09:00,212.9
L25,Nov,Saturday,09:15,214.6
L25,Nov,Saturday,09:30,212.1
L25,Nov,Saturday,09:45,205.6
L25,Nov,Saturday,10:00,195.9
L25,Nov,Saturday,10:15,185.0
L25,Nov,Saturday,10:30,175.4
L25,Nov,Saturday,10:45,169.5
L25,Nov,Saturday,11:00,168.9
L25,Nov,Saturday,11:15,171.3
L25,Nov,Saturday,11:30,173.5
L25,Nov,Saturday,11:45,172.3
L25,Nov,Saturday,12:00,165.4
L25,Nov,Saturday,12:15,154.5
L25,Nov,Saturday,12:30,142.0
L25,Nov,Saturday,12:45,130.6
L25,Nov,Saturday,13:00,122.1
L25,Nov,Saturday,13:15,116.1
L25,Nov,Saturday,13:30,111.6
L25,Nov,Saturday,13:45,107.4
L25,Nov,Saturday,14:00,102.9
L25,Nov,Saturday,14:15,98.2
L25,Nov,Saturday,14:30,94.0
L25,Nov,Saturday,14:45,90.8
L25,Nov,Saturday,15:00,88.9
L25,Nov,Saturday,15:15,88.2
L25,Nov,Saturday,15:30,88.0
L25,Nov,Saturday,15:45,88.0
L25,Nov,Saturday,16:00,87.9
L25,Nov,Saturday,16:15,88.5
L25,Nov,Saturday,16:30,90.9
L25,Nov,Saturday,16:45,96.3
L25,Nov,Saturday,17:00,105.5
L25,Nov,Saturday,17:15,117.8
L25,Nov,Saturday,17:30,132.7
L25,Nov,Saturday,17:45,149.1
L25,Nov,Saturday,18:00,166.4
L25,Nov,Saturday,18:15,183.4
L25,Nov,Saturday,18:30,199.0
L25,Nov,Saturday,18:45,212.1
L25,Nov,Saturday,19:00,221.5
L25,Nov,Saturday,19:15,226.2
L25,Nov,Saturday,19:30,224.9
L25,Nov,Saturday,19:45,216.8
L25,Nov,Saturday,20:00,201.3
L25,Nov,Saturday,20:15,181.3
L25,Nov,Saturday,20:30,160.3
L25,Nov,Saturday,20:45,141.7
L25,Nov,Saturday,21:00,128.3
L25,Nov,Saturday,21:15,119.3
L25,Nov,Saturday,21:30,113.2
L25,Nov,Saturday,21:45,108.4
L25,Nov,Saturday,22:00,103.7
L25,Nov,Saturday,22:15,98.8
L25,Nov,Saturday,22:30,93.9
L25,Nov,Saturday,22:45,88.9
L25,Nov,Saturday,23:00,84.0
L25,Nov,Saturday,23:15,79.3
L25,Nov,Saturday,23:30,75.0
L25,Nov,Saturday,23:45,71.3
L25,Nov,Sunday,00:00,68.3
L25,Nov,Sunday,00:15,66.0
L25,Nov,Sunday,00:30,64.3
L25,Nov,Sunday,00:45,63.0
L25,Nov,Sunday,01:00,62.1
L25,Nov,Sunday,01:15,61.4
L25,Nov,Sunday,01:30,60.8
L25,Nov,Sunday,01:45,60.2
L25,Nov,Sunday,02:00,59.5
L25,Nov,Sunday,02:15,58.8
L25,Nov,Sunday,02:30,58.0
L25,Nov,Sunday,02:45,57.4
L25,Nov,Sunday,03:00,57.0
L25,Nov,Sunday,03:15,56.7
L25,Nov,Sunday,03:30,56.6
L25,Nov,Sunday,03:45,56.5
L25,Nov,Sunday,04:00,56.4
L25,Nov,Sunday,04:15,56.5
L25,Nov,Sunday,04:30,56.8
L25,Nov,Sunday,04:45,57.4
L25,Nov,Sunday,05:00,58.5
L25,Nov,Sunday,05:15,60.5
L25,Nov,Sunday,05:30,63.7
L25,Nov,Sunday,05:45,68.5
L25,Nov,Sunday,06:00,75.3
L25,Nov,Sunday,06:15,84.1
L25,Nov,Sunday,06:30,94.8
L25,Nov,Sunday,06:45,107.4
L25,Nov,Sunday,07:00,121.9
L25,Nov,Sunday,07:15,137.8
L25,Nov,Sunday,07:30,155.0
L25,Nov,Sunday,07:45,173.2
L25,Nov,Sunday,08:00,191.7
L25,Nov,Sunday,08:15,208.6
L25,Nov,Sunday,08:30,221.4
L25,Nov,Sunday,08:45,227.9
L25,Nov,Sunday,09:00,226.4
L25,Nov,Sunday,09:15,218.6
L25,Nov,Sunday,09:30,206.6
L25,Nov,Sunday,09:45,192.7
L25,Nov,Sunday,10:00,178.9
L25,Nov,Sunday,10:15,167.0
L25,Nov,Sunday,10:30,158.1
L25,Nov,Sunday,10:45,153.8
L25,Nov,Sunday,11:00,154.6
L25,Nov,Sunday,11:15,158.2
L25,Nov,Sunday,11:30,161.5
L25,Nov,Sunday,11:45,161.2
L25,Nov,Sunday,12:00,155.2
L25,Nov,Sunday,12:15,145.4
L25,Nov,Sunday,12:30,134.4
L25,Nov,Sunday,12:45,125.0
L25,Nov,Sunday,13:00,119.4
L25,Nov,Sunday,13:15,116.9
L25,Nov,Sunday,13:30,116.1
L25,Nov,Sunday,13:45,115.8
L25,Nov,Sunday,14:00,114.8
L25,Nov,Sunday,14:15,113.2
L25,Nov,Sunday,14:30,111.3
L25,Nov,Sunday,14:45,109.3
L25,Nov,Sunday,15:00,107.5
L25,Nov,Sunday,15:15,106.1
L25,Nov,Sunday,15:30,105.4
L25,Nov,Sunday,15:45,105.6
L25,Nov,Sunday,16:00,106.9
L25,Nov,Sunday,16:15,109.8
L25,Nov,Sunday,16:30,114.4
L25,Nov,Sunday,16:45,121.3
L25,Nov,Sunday,17:00,130.7
L25,Nov,Sunday,17:15,142.4
L25,Nov,Sunday,17:30,156.1
L25,Nov,Sunday,17:45,171.4
L25,Nov,Sunday,18:00,187.8
L25,Nov,Sunday,18:15,204.1
L25,Nov,Sunday,18:30,218.5
L25,Nov,Sunday,18:45,229.7
L25,Nov,Sunday,19:00,236.2
L25,Nov,Sunday,19:15,237.4
L25,Nov,Sunday,19:30,232.9
L25,Nov,Sunday,19:45,222.3
L25,Nov,Sunday,20:00,205.7
L25,Nov,Sunday,20:15,185.5
L25,Nov,Sunday,20:30,164.7
L25,Nov,Sunday,20:45,146.4
L25,Nov,Sunday,21:00,132.6
L25,Nov,Sunday,21:15,123.0
L25,Nov,Sunday,21:30,116.3
L25,Nov,Sunday,21:45,111.2
L25,Nov,Sunday,22:00,106.6
L25,Nov,Sunday,22:15,102.1
L25,Nov,Sunday,22:30,97.6
L25,Nov,Sunday,22:45,92.6
L25,Nov,Sunday,23:00,87.2
L25,Nov,Sunday,23:15,81.6
L25,Nov,Sunday,23:30,76.5
L25,Nov,Sunday,23:45,72.3
L25,Dec,Workday,00:00,72.4
L25,Dec,Workday,00:15,69.4
L25,Dec,Workday,00:30,66.9
L25,Dec,Workday,00:45,64.8
L25,Dec,Workday,01:00,63.2
L25,Dec,Workday,01:15,61.9
L25,Dec,Workday,01:30,61.0
L25,Dec,Workday,01:45,60.2
L25,Dec,Workday,02:00,59.6
L25,Dec,Workday,02:15,59.2
L25,Dec,Workday,02:30,58.8
L25,Dec,Workday,02:45,58.4
L25,Dec,Workday,03:00,57.9
L25,Dec,Workday,03:15,57.4
L25,Dec,Workday,03:30,56.9
L25,Dec,Workday,03:45,56.5
L25,Dec,Workday,04:00,56.3
L25,Dec,Workday,04:15,56.3
L25,Dec,Workday,04:30,56.6
L25,Dec,Workday,04:45,57.4
L25,Dec,Workday,05:00,58.8
L25,Dec,Workday,05:15,60.9
L25,Dec,Workday,05:30,63.8
L25,Dec,Workday,05:45,67.6
L25,Dec,Workday,06:00,72.5
L25,Dec,Workday,06:15,79.0
L25,Dec,Workday,06:30,87.7
L25,Dec,Workday,06:45,99.1
L25,Dec,Workday,07:00,113.6
L25,Dec,Workday,07:15,130.5
L25,Dec,Workday,07:30,148.9
L25,Dec,Workday,07:45,167.7
L25,Dec,Workday,08:00,185.8
L25,Dec,Workday,08:15,201.7
L25,Dec,Workday,08:30,213.6
L25,Dec,Workday,08:45,219.5
L25,Dec,Workday,09:00,218.5
L25,Dec,Workday,09:15,211.6
L25,Dec,Workday,09:30,200.8
L25,Dec,Workday,09:45,188.0
L25,Dec,Workday,10:00,175.0
L25,Dec,Workday,10:15,163.4
L25,Dec,Workday,10:30,154.5
L25,Dec,Workday,10:45,150.1
L25,Dec,Workday,11:00,150.7
L25,Dec,Workday,11:15,154.1
L25,Dec,Workday,11:30,157.4
L25,Dec,Workday,11:45,157.5
L25,Dec,Workday,12:00,152.2
L25,Dec,Workday,12:15,143.2
L25,Dec,Workday,12:30,132.7
L25,Dec,Workday,12:45,123.2
L25,Dec,Workday,13:00,116.5
L25,Dec,Workday,13:15,112.5
L25,Dec,Workday,13:30,110.3
L25,Dec,Workday,13:45,109.3
L25,Dec,Workday,14:00,108.8
L25,Dec,Workday,14:15,108.5
L25,Dec,Workday,14:30,108.4
L25,Dec,Workday,14:45,108.4
L25,Dec,Workday,15:00,108.3
L25,Dec,Workday,15:15,108.3
L25,Dec,Workday,15:30,108.6
L25,Dec,Workday,15:45,109.3
L25,Dec,Workday,16:00,110.6
L25,Dec,Workday,16:15,113.1
L25,Dec,Workday,16:30,117.4
L25,Dec,Workday,16:45,124.1
L25,Dec,Workday,17:00,133.7
L25,Dec,Workday,17:15,146.0
L25,Dec,Workday,17:30,160.5
L25,Dec,Workday,17:45,176.9
L25,Dec,Workday,18:00,194.5
L25,Dec,Workday,18:15,211.5
L25,Dec,Workday,18:30,226.1
L25,Dec,Workday,18:45,236.2
L25,Dec,Workday,19:00,240.4
L25,Dec,Workday,19:15,238.7
L25,Dec,Workday,19:30,231.5
L25,Dec,Workday,19:45,219.5
L25,Dec,Workday,20:00,203.4
L25,Dec,Workday,20:15,184.9
L25,Dec,Workday,20:30,166.1
L25,Dec,Workday,20:45,149.1
L25,Dec,Workday,21:00,135.6
L25,Dec,Workday,21:15,125.2
L25,Dec,Workday,21:30,117.3
L25,Dec,Workday,21:45,111.2
L25,Dec,Workday,22:00,106.1
L25,Dec,Workday,22:15,101.7
L25,Dec,Workday,22:30,97.7
L25,Dec,Workday,22:45,93.6
L25,Dec,Workday,23:00,89.1
L25,Dec,Workday,23:15,84.6
L25,Dec,Workday,23:30,80.1
L25,Dec,Workday,23:45,76.0
L25,Dec,Saturday,00:00,73.9
L25,Dec,Saturday,00:15,73.0
L25,Dec,Saturday,00:30,72.6
L25,Dec,Saturday,00:45,72.3
L25,Dec,Saturday,01:00,71.5
L25,Dec,Saturday,01:15,70.4
L25,Dec,Saturday,01:30,69.1
L25,Dec,Saturday,01:45,67.6
L25,Dec,Saturday,02:00,66.2
L25,Dec,Saturday,02:15,64.8
L25,Dec,Saturday,02:30,63.4
L25,Dec,Saturday,02:45,62.1
L25,Dec,Saturday,03:00,60.7
L25,Dec,Saturday,03:15,59.4
L25,Dec,Saturday,03:30,58.3
L25,Dec,Saturday,03:45,57.4
L25,Dec,Saturday,04:00,56.9
L25,Dec,Saturday,04:15,56.8
L25,Dec,Saturday,04:30,57.0
L25,Dec,Saturday,04:45,57.4
L25,Dec,Saturday,05:00,58.2
L25,Dec,Saturday,05:15,59.2
L25,Dec,Saturday,05:30,60.5
L25,Dec,Saturday,05:45,62.1
L25,Dec,Saturday,06:00,64.1
L25,Dec,Saturday,06:15,67.4
L25,Dec,Saturday,06:30,72.9
L25,Dec,Saturday,06:45,81.5
L25,Dec,Saturday,07:00,93.9
L25,Dec,Saturday,07:15,109.4
L25,Dec,Saturday,07:30,126.9
L25,Dec,Saturday,07:45,145.4
L25,Dec,Saturday,08:00,163.8
L25,Dec,Saturday,08:15,181.0
L25,Dec,Saturday,08:30,195.6
L25,Dec,Saturday,08:45,206.6
L25,Dec,Saturday,09:00,212.9
L25,Dec,Saturday,09:15,214.6
L25,Dec,Saturday,09:30,212.1
L25,Dec,Saturday,09:45,205.6
L25,Dec,Saturday,10:00,195.9
L25,Dec,Saturday,10:15,185.0
L25,Dec,Saturday,10:30,175.4
L25,Dec,Saturday,10:45,169.5
L25,Dec,Saturday,11:00,168.9
L25,Dec,Saturday,11:15,171.3
L25,Dec,Saturday,11:30,173.5
L25,Dec,Saturday,11:45,172.3
L25,Dec,Saturday,12:00,165.4
L25,Dec,Saturday,12:15,154.5
L25,Dec,Saturday,12:30,142.0
L25,Dec,Saturday,12:45,130.6
L25,Dec,Saturday,13:00,122.1
L25,Dec,Saturday,13:15,116.1
L25,Dec,Saturday,13:30,111.6
L25,Dec,Saturday,13:45,107.4
L25,Dec,Saturday,14:00,102.9
L25,Dec,Saturday,14:15,98.2
L25,Dec,Saturday,14:30,94.0
L25,Dec,Saturday,14:45,90.8
L25,Dec,Saturday,15:00,88.9
L25,Dec,Saturday,15:15,88.2
L25,Dec,Saturday,15:30,88.0
L25,Dec,Saturday,15:45,88.0
L25,Dec,Saturday,16:00,87.9
L25,Dec,Saturday,16:15,88.5
L25,Dec,Saturday,16:30,90.9
L25,Dec,Saturday,16:45,96.3
L25,Dec,Saturday,17:00,105.5
L25,Dec,Saturday,17:15,117.8
L25,Dec,Saturday,17:30,132.7
L25,Dec,Saturday,17:45,149.1
L25,Dec,Saturday,18:00,166.4
L25,Dec,Saturday,18:15,183.4
L25,Dec,Saturday,18:30,199.0
L25,Dec,Saturday,18:45,212.1
L25,Dec,Saturday,19:00,221.5
L25,Dec,Saturday,19:15,226.2
L25,Dec,Saturday,19:30,224.9
L25,Dec,Saturday,19:45,216.8
L25,Dec,Saturday,20:00,201.3
L25,Dec,Saturday,20:15,181.3
L25,Dec,Saturday,20:30,160.3
L25,Dec,Saturday,20:45,141.7
L25,Dec,Saturday,21:00,128.3
L25,Dec,Saturday,21:15,119.3
L25,Dec,Saturday,21:30,113.2
L25,Dec,Saturday,21:45,108.4
L25,Dec,Saturday,22:00,103.7
L25,Dec,Saturday,22:15,98.8
L25,Dec,Saturday,22:30,93.9
L25,Dec,Saturday,22:45,88.9
L25,Dec,Saturday,23:00,84.0
L25,Dec,Saturday,23:15,79.3
L25,Dec,Saturday,23:30,75.0
L25,Dec,Saturday,23:45,71.3
L25,Dec,Sunday,00:00,68.3
L25,Dec,Sunday,00:15,66.0
L25,Dec,Sunday,00:30,64.3
L25,Dec,Sunday,00:45,63.0
L25,Dec,Sunday,01:00,62.1
L25,Dec,Sunday,01:15,61.4
L25,Dec,Sunday,01:30,60.8
L25,Dec,Sunday,01:45,60.2
L25,Dec,Sunday,02:00,59.5
L25,Dec,Sunday,02:15,58.8
L25,Dec,Sunday,02:30,58.0
L25,Dec,Sunday,02:45,57.4
L25,Dec,Sunday,03:00,57.0
L25,Dec,Sunday,03:15,56.7
L25,Dec,Sunday,03:30,56.6
L25,Dec,Sunday,03:45,56.5
L25,Dec,Sunday,04:00,56.4
L25,Dec,Sunday,04:15,56.5
L25,Dec,Sunday,04:30,56.8
L25,Dec,Sunday,04:45,57.4
L25,Dec,Sunday,05:00,58.5
L25,Dec,Sunday,05:15,60.5
L25,Dec,Sunday,05:30,63.7
L25,Dec,Sunday,05:45,68.5
L25,Dec,Sunday,06:00,75.3
L25,Dec,Sunday,06:15,84.1
L25,Dec,Sunday,06:30,94.8
L25,Dec,Sunday,06:45,107.4
L25,Dec,Sunday,07:00,121.9
L25,Dec,Sunday,07:15,137.8
L25,Dec,Sunday,07:30,155.0
L25,Dec,Sunday,07:45,173.2
L25,Dec,Sunday,08:00,191.7
L25,Dec,Sunday,08:15,208.6
L25,Dec,Sunday,08:30,221.4
L25,Dec,Sunday,08:45,227.9
L25,Dec,Sunday,09:00,226.4
L25,Dec,Sunday,09:15,218.6
L25,Dec,Sunday,09:30,206.6
L25,Dec,Sunday,09:45,192.7
L25,Dec,Sunday,10:00,178.9
L25,Dec,Sunday,10:15,167.0
L25,Dec,Sunday,10:30,158.1
L25,Dec,Sunday,10:45,153.8
L25,Dec,Sunday,11:00,154.6
L25,Dec,Sunday,11:15,158.2
L25,Dec,Sunday,11:30,161.5
L25,Dec,Sunday,11:45,161.2
L25,Dec,Sunday,12:00,155.2
L25,Dec,Sunday,12:15,145.4
L25,Dec,Sunday,12:30,134.4
L25,Dec,Sunday,12:45,125.0
L25,Dec,Sunday,13:00,119.4
L25,Dec,Sunday,13:15,116.9
L25,Dec,Sunday,13:30,116.1
L25,Dec,Sunday,13:45,115.8
L25,Dec,Sunday,14:00,114.8
L25,Dec,Sunday,14:15,113.2
L25,Dec,Sunday,14:30,111.3
L25,Dec,Sunday,14:45,109.3
L25,Dec,Sunday,15:00,107.5
L25,Dec,Sunday,15:15,106.1
L25,Dec,Sunday,15:30,105.4
L25,Dec,Sunday,15:45,105.6
L25,Dec,Sunday,16:00,106.9
L25,Dec,Sunday,16:15,109.8
L25,Dec,Sunday,16:30,114.4
L25,Dec,Sunday,16:45,121.3
L25,Dec,Sunday,17:00,130.7
L25,Dec,Sunday,17:15,142.4
L25,Dec,Sunday,17:30,156.1
L25,Dec,Sunday,17:45,171.4
L25,Dec,Sunday,18:00,187.8
L25,Dec,Sunday,18:15,204.1
L25,Dec,Sunday,18:30,218.5
L25,Dec,Sunday,18:45,229.7
L25,Dec,Sunday,19:00,236.2
L25,Dec,Sunday,19:15,237.4
L25,Dec,Sunday,19:30,232.9
L25,Dec,Sunday,19:45,222.3
L25,Dec,Sunday,20:00,205.7
L25,Dec,Sunday,20:15,185.5
L25,Dec,Sunday,20:30,164.7
L25,Dec,Sunday,20:45,146.4
L25,Dec,Sunday,21:00,132.6
L25,Dec,Sunday,21:15,123.0
L25,Dec,Sunday,21:30,116.3
L25,Dec,Sunday,21:45,111.2
L25,Dec,Sunday,22:00,106.6
L25,Dec,Sunday,22:15,102.1
L25,Dec,Sunday,22:30,97.6
L25,Dec,Sunday,22:45,92.6
L25,Dec,Sunday,23:00,87.2
L25,Dec,Sunday,23:15,81.6
L25,Dec,Sunday,23:30,76.5
L25,Dec,Sunday,23:45,72.3
S25,Jan,Workday,00:00,182.612
S25,Jan,Workday,00:15,184.196
S25,Jan,Workday,00:30,176.852
S25,Jan,Workday,00:45,168.196
S25,Jan,Workday,01:00,172.128
S25,Jan,Workday,01:15,169.952
S25,Jan,Workday,01:30,167.248
S25,Jan,Workday,01:45,167.52
S25,Jan,Workday,02:00,173.152
S25,Jan,Workday,02:15,169.808
S25,Jan,Workday,02:30,172.356
S25,Jan,Workday,02:45,173.444
S25,Jan,Workday,03:00,175.116
S25,Jan,Workday,03:15,178.604
S25,Jan,Workday,03:30,184.192
S25,Jan,Workday,03:45,188.82
S25,Jan,Workday,04:00,194.712
S25,Jan,Workday,04:15,191.34
S25,Jan,Workday,04:30,187.624
S25,Jan,Workday,04:45,198.812
S25,Jan,Workday,05:00,217.9
S25,Jan,Workday,05:15,211.14
S25,Jan,Workday,05:30,225.096
S25,Jan,Workday,05:45,227.412
S25,Jan,Workday,06:00,235.876
S25,Jan,Workday,06:15,247.368
S25,Jan,Workday,06:30,260.428
S25,Jan,Workday,06:45,257.524
S25,Jan,Workday,07:00,262.692
S25,Jan,Workday,07:15,268.228
S25,Jan,Workday,07:30,272.16
S25,Jan,Workday,07:45,280.708
S25,Jan,Workday,08:00,280.688
S25,Jan,Workday,08:15,283.848
S25,Jan,Workday,08:30,266.724
S25,Jan,Workday,08:45,249.992
S25,Jan,Workday,09:00,245.78
S25,Jan,Workday,09:15,225.768
S25,Jan,Workday,09:30,215.428
S25,Jan,Workday,09:45,201.096
S25,Jan,Workday,10:00,190.796
S25,Jan,Workday,10:15,183.708
S25,Jan,Workday,10:30,170.4
S25,Jan,Workday,10:45,161.444
S25,Jan,Workday,11:00,160.016
S25,Jan,Workday,11:15,157.868
S25,Jan,Workday,11:30,160.272
S25,Jan,Workday,11:45,154.932
S25,Jan,Workday,12:00,155.172
S25,Jan,Workday,12:15,155.1
S25,Jan,Workday,12:30,156.16
S25,Jan,Workday,12:45,153.496
S25,Jan,Workday,13:00,146.988
S25,Jan,Workday,13:15,141.388
S25,Jan,Workday,13:30,139.788
S25,Jan,Workday,13:45,135.128
S25,Jan,Workday,14:00,141.98
S25,Jan,Workday,14:15,145.336
S25,Jan,Workday,14:30,146.564
S25,Jan,Workday,14:45,152.04
S25,Jan,Workday,15:00,162.932
S25,Jan,Workday,15:15,176.036
S25,Jan,Workday,15:30,185.0
S25,Jan,Workday,15:45,201.5
S25,Jan,Workday,16:00,220.036
S25,Jan,Workday,16:15,233.688
S25,Jan,Workday,16:30,244.968
S25,Jan,Workday,16:45,256.664
S25,Jan,Workday,17:00,274.536
S25,Jan,Workday,17:15,279.692
S25,Jan,Workday,17:30,287.152
S25,Jan,Workday,17:45,294.98
S25,Jan,Workday,18:00,306.956
S25,Jan,Workday,18:15,309.3
S25,Jan,Workday,18:30,302.44
S25,Jan,Workday,18:45,299.74
S25,Jan,Workday,19:00,296.592
S25,Jan,Workday,19:15,293.948
S25,Jan,Workday,19:30,286.476
S25,Jan,Workday,19:45,282.904
S25,Jan,Workday,20:00,292.476
S25,Jan,Workday,20:15,283.732
S25,Jan,Workday,20:30,281.44
S25,Jan,Workday,20:45,278.652
S25,Jan,Workday,21:00,274.304
S25,Jan,Workday,21:15,260.88
S25,Jan,Workday,21:30,258.348
S25,Jan,Workday,21:45,255.416
S25,Jan,Workday,22:00,246.052
S25,Jan,Workday,22:15,236.568
S25,Jan,Workday,22:30,225.084
S25,Jan,Workday,22:45,214.524
S25,Jan,Workday,23:00,208.972
S25,Jan,Workday,23:15,199.936
S25,Jan,Workday,23:30,192.38
S25,Jan,Workday,23:45,188.66
S25,Jan,Saturday,00:00,192.9
S25,Jan,Saturday,00:15,199.512
S25,Jan,Saturday,00:30,190.716
S25,Jan,Saturday,00:45,183.832
S25,Jan,Saturday,01:00,183.228
S25,Jan,Saturday,01:15,190.288
S25,Jan,Saturday,01:30,185.668
S25,Jan,Saturday,01:45,177.688
S25,Jan,Saturday,02:00,176.868
S25,Jan,Saturday,02:15,177.112
S25,Jan,Saturday,02:30,176.364
S25,Jan,Saturday,02:45,178.136
S25,Jan,Saturday,03:00,178.236
S25,Jan,Saturday,03:15,183.408
S25,Jan,Saturday,03:30,179.728
S25,Jan,Saturday,03:45,186.268
S25,Jan,Saturday,04:00,188.936
S25,Jan,Saturday,04:15,182.704
S25,Jan,Saturday,04:30,177.744
S25,Jan,Saturday,04:45,183.42
S25,Jan,Saturday,05:00,191.556
S25,Jan,Saturday,05:15,199.104
S25,Jan,Saturday,05:30,193.024
S25,Jan,Saturday,05:45,202.74
S25,Jan,Saturday,06:00,222.132
S25,Jan,Saturday,06:15,220.688
S25,Jan,Saturday,06:30,217.016
S25,Jan,Saturday,06:45,226.408
S25,Jan,Saturday,07:00,233.812
S25,Jan,Saturday,07:15,247.28
S25,Jan,Saturday,07:30,267.772
S25,Jan,Saturday,07:45,295.296
S25,Jan,Saturday,08:00,301.568
S25,Jan,Saturday,08:15,300.44
S25,Jan,Saturday,08:30,298.204
S25,Jan,Saturday,08:45,284.484
S25,Jan,Saturday,09:00,259.468
S25,Jan,Saturday,09:15,261.304
S25,Jan,Saturday,09:30,253.872
S25,Jan,Saturday,09:45,242.468
S25,Jan,Saturday,10:00,245.172
S25,Jan,Saturday,10:15,221.212
S25,Jan,Saturday,10:30,205.252
S25,Jan,Saturday,10:45,210.416
S25,Jan,Saturday,11:00,199.796
S25,Jan,Saturday,11:15,201.876
S25,Jan,Saturday,11:30,197.284
S25,Jan,Saturday,11:45,200.336
S25,Jan,Saturday,12:00,197.108
S25,Jan,Saturday,12:15,196.432
S25,Jan,Saturday,12:30,185.104
S25,Jan,Saturday,12:45,183.68
S25,Jan,Saturday,13:00,177.068
S25,Jan,Saturday,13:15,175.356
S25,Jan,Saturday,13:30,167.72
S25,Jan,Saturday,13:45,170.356
S25,Jan,Saturday,14:00,179.9
S25,Jan,Saturday,14:15,172.48
S25,Jan,Saturday,14:30,181.724
S25,Jan,Saturday,14:45,185.964
S25,Jan,Saturday,15:00,213.84
S25,Jan,Saturday,15:15,228.844
S25,Jan,Saturday,15:30,251.224
S25,Jan,Saturday,15:45,264.016
S25,Jan,Saturday,16:00,257.896
S25,Jan,Saturday,16:15,263.7
S25,Jan,Saturday,16:30,285.712
S25,Jan,Saturday,16:45,309.128
S25,Jan,Saturday,17:00,352.888
S25,Jan,Saturday,17:15,333.792
S25,Jan,Saturday,17:30,353.8
S25,Jan,Saturday,17:45,361.768
S25,Jan,Saturday,18:00,360.712
S25,Jan,Saturday,18:15,373.248
S25,Jan,Saturday,18:30,372.912
S25,Jan,Saturday,18:45,381.06
S25,Jan,Saturday,19:00,376.208
S25,Jan,Saturday,19:15,357.82
S25,Jan,Saturday,19:30,349.816
S25,Jan,Saturday,19:45,326.82
S25,Jan,Saturday,20:00,323.696
S25,Jan,Saturday,20:15,313.44
S25,Jan,Saturday,20:30,297.46
S25,Jan,Saturday,20:45,299.524
S25,Jan,Saturday,21:00,297.0
S25,Jan,Saturday,21:15,278.12
S25,Jan,Saturday,21:30,277.704
S25,Jan,Saturday,21:45,264.376
S25,Jan,Saturday,22:00,263.312
S25,Jan,Saturday,22:15,264.168
S25,Jan,Saturday,22:30,255.168
S25,Jan,Saturday,22:45,241.152
S25,Jan,Saturday,23:00,226.816
S25,Jan,Saturday,23:15,231.132
S25,Jan,Saturday,23:30,218.808
S25,Jan,Saturday,23:45,217.34
S25,Jan,Sunday,00:00,207.216
S25,Jan,Sunday,00:15,201.864
S25,Jan,Sunday,00:30,199.468
S25,Jan,Sunday,00:45,203.776
S25,Jan,Sunday,01:00,199.432
S25,Jan,Sunday,01:15,198.436
S25,Jan,Sunday,01:30,188.6
S25,Jan,Sunday,01:45,187.692
S25,Jan,Sunday,02:00,192.452
S25,Jan,Sunday,02:15,185.048
S25,Jan,Sunday,02:30,184.964
S25,Jan,Sunday,02:45,184.244
S25,Jan,Sunday,03:00,186.048
S25,Jan,Sunday,03:15,188.308
S25,Jan,Sunday,03:30,186.704
S25,Jan,Sunday,03:45,186.144
S25,Jan,Sunday,04:00,189.54
S25,Jan,Sunday,04:15,183.7
S25,Jan,Sunday,04:30,175.144
S25,Jan,Sunday,04:45,173.524
S25,Jan,Sunday,05:00,183.44
S25,Jan,Sunday,05:15,184.408
S25,Jan,Sunday,05:30,194.684
S25,Jan,Sunday,05:45,198.776
S25,Jan,Sunday,06:00,206.664
S25,Jan,Sunday,06:15,217.364
S25,Jan,Sunday,06:30,222.644
S25,Jan,Sunday,06:45,218.236
S25,Jan,Sunday,07:00,214.252
S25,Jan,Sunday,07:15,222.46
S25,Jan,Sunday,07:30,242.212
S25,Jan,Sunday,07:45,250.552
S25,Jan,Sunday,08:00,274.232
S25,Jan,Sunday,08:15,283.68
S25,Jan,Sunday,08:30,276.292
S25,Jan,Sunday,08:45,270.66
S25,Jan,Sunday,09:00,270.124
S25,Jan,Sunday,09:15,272.572
S25,Jan,Sunday,09:30,264.624
S25,Jan,Sunday,09:45,277.252
S25,Jan,Sunday,10:00,252.528
S25,Jan,Sunday,10:15,235.352
S25,Jan,Sunday,10:30,244.38
S25,Jan,Sunday,10:45,244.404
S25,Jan,Sunday,11:00,226.508
S25,Jan,Sunday,11:15,243.344
S25,Jan,Sunday,11:30,239.82
S25,Jan,Sunday,11:45,215.584
S25,Jan,Sunday,12:00,196.428
S25,Jan,Sunday,12:15,184.296
S25,Jan,Sunday,12:30,189.784
S25,Jan,Sunday,12:45,198.48
S25,Jan,Sunday,13:00,183.12
S25,Jan,Sunday,13:15,175.984
S25,Jan,Sunday,13:30,183.88
S25,Jan,Sunday,13:45,186.332
S25,Jan,Sunday,14:00,172.244
S25,Jan,Sunday,14:15,184.04
S25,Jan,Sunday,14:30,183.876
S25,Jan,Sunday,14:45,206.432
S25,Jan,Sunday,15:00,214.248
S25,Jan,Sunday,15:15,216.716
S25,Jan,Sunday,15:30,220.712
S25,Jan,Sunday,15:45,246.488
S25,Jan,Sunday,16:00,261.08
S25,Jan,Sunday,16:15,265.416
S25,Jan,Sunday,16:30,274.828
S25,Jan,Sunday,16:45,294.456
S25,Jan,Sunday,17:00,317.776
S25,Jan,Sunday,17:15,335.428
S25,Jan,Sunday,17:30,339.92
S25,Jan,Sunday,17:45,338.168
S25,Jan,Sunday,18:00,354.232
S25,Jan,Sunday,18:15,343.952
S25,Jan,Sunday,18:30,345.652
S25,Jan,Sunday,18:45,334.712
S25,Jan,Sunday,19:00,345.92
S25,Jan,Sunday,19:15,323.404
S25,Jan,Sunday,19:30,320.164
S25,Jan,Sunday,19:45,327.388
S25,Jan,Sunday,20:00,314.424
S25,Jan,Sunday,20:15,307.528
S25,Jan,Sunday,20:30,291.388
S25,Jan,Sunday,20:45,283.62
S25,Jan,Sunday,21:00,272.24
S25,Jan,Sunday,21:15,262.124
S25,Jan,Sunday,21:30,262.76
S25,Jan,Sunday,21:45,262.648
S25,Jan,Sunday,22:00,253.02
S25,Jan,Sunday,22:15,241.564
S25,Jan,Sunday,22:30,234.7
S25,Jan,Sunday,22:45,218.344
S25,Jan,Sunday,23:00,211.172
S25,Jan,Sunday,23:15,195.596
S25,Jan,Sunday,23:30,189.308
S25,Jan,Sunday,23:45,187.828
S25,Feb,Workday,00:00,153.14
S25,Feb,Workday,00:15,150.812
S25,Feb,Workday,00:30,149.636
S25,Feb,Workday,00:45,147.684
S25,Feb,Workday,01:00,146.196
S25,Feb,Workday,01:15,146.816
S25,Feb,Workday,01:30,143.4
S25,Feb,Workday,01:45,142.704
S25,Feb,Workday,02:00,149.04
S25,Feb,Workday,02:15,150.176
S25,Feb,Workday,02:30,154.46
S25,Feb,Workday,02:45,153.82
S25,Feb,Workday,03:00,153.584
S25,Feb,Workday,03:15,153.86
S25,Feb,Workday,03:30,159.312
S25,Feb,Workday,03:45,165.82
S25,Feb,Workday,04:00,174.58
S25,Feb,Workday,04:15,174.928
S25,Feb,Workday,04:30,170.584
S25,Feb,Workday,04:45,175.844
S25,Feb,Workday,05:00,188.008
S25,Feb,Workday,05:15,189.452
S25,Feb,Workday,05:30,199.14
S25,Feb,Workday,05:45,207.084
S25,Feb,Workday,06:00,218.768
S25,Feb,Workday,06:15,228.384
S25,Feb,Workday,06:30,238.216
S25,Feb,Workday,06:45,246.396
S25,Feb,Workday,07:00,248.464
S25,Feb,Workday,07:15,250.396
S25,Feb,Workday,07:30,234.496
S25,Feb,Workday,07:45,238.048
S25,Feb,Workday,08:00,219.476
S25,Feb,Workday,08:15,200.764
S25,Feb,Workday,08:30,172.424
S25,Feb,Workday,08:45,151.42
S25,Feb,Workday,09:00,147.62
S25,Feb,Workday,09:15,133.864
S25,Feb,Workday,09:30,120.488
S25,Feb,Workday,09:45,113.416
S25,Feb,Workday,10:00,103.456
S25,Feb,Workday,10:15,96.616
S25,Feb,Workday,10:30,89.696
S25,Feb,Workday,10:45,85.088
S25,Feb,Workday,11:00,80.492
S25,Feb,Workday,11:15,79.684
S25,Feb,Workday,11:30,79.344
S25,Feb,Workday,11:45,76.508
S25,Feb,Workday,12:00,74.856
S25,Feb,Workday,12:15,77.256
S25,Feb,Workday,12:30,77.108
S25,Feb,Workday,12:45,74.452
S25,Feb,Workday,13:00,66.808
S25,Feb,Workday,13:15,65.72
S25,Feb,Workday,13:30,66.736
S25,Feb,Workday,13:45,69.296
S25,Feb,Workday,14:00,64.132
S25,Feb,Workday,14:15,63.532
S25,Feb,Workday,14:30,67.876
S25,Feb,Workday,14:45,68.552
S25,Feb,Workday,15:00,71.116
S25,Feb,Workday,15:15,75.012
S25,Feb,Workday,15:30,80.456
S25,Feb,Workday,15:45,80.468
S25,Feb,Workday,16:00,89.32
S25,Feb,Workday,16:15,98.732
S25,Feb,Workday,16:30,102.04
S25,Feb,Workday,16:45,118.052
S25,Feb,Workday,17:00,136.5
S25,Feb,Workday,17:15,151.656
S25,Feb,Workday,17:30,164.588
S25,Feb,Workday,17:45,174.224
S25,Feb,Workday,18:00,184.684
S25,Feb,Workday,18:15,194.276
S25,Feb,Workday,18:30,189.56
S25,Feb,Workday,18:45,188.768
S25,Feb,Workday,19:00,186.22
S25,Feb,Workday,19:15,185.0
S25,Feb,Workday,19:30,177.764
S25,Feb,Workday,19:45,174.496
S25,Feb,Workday,20:00,182.072
S25,Feb,Workday,20:15,175.332
S25,Feb,Workday,20:30,177.036
S25,Feb,Workday,20:45,172.676
S25,Feb,Workday,21:00,174.32
S25,Feb,Workday,21:15,175.012
S25,Feb,Workday,21:30,177.008
S25,Feb,Workday,21:45,177.696
S25,Feb,Workday,22:00,175.076
S25,Feb,Workday,22:15,168.004
S25,Feb,Workday,22:30,164.032
S25,Feb,Workday,22:45,161.972
S25,Feb,Workday,23:00,156.788
S25,Feb,Workday,23:15,154.836
S25,Feb,Workday,23:30,150.516
S25,Feb,Workday,23:45,149.936
S25,Feb,Saturday,00:00,187.48
S25,Feb,Saturday,00:15,173.672
S25,Feb,Saturday,00:30,174.416
S25,Feb,Saturday,00:45,164.252
S25,Feb,Saturday,01:00,162.116
S25,Feb,Saturday,01:15,163.788
S25,Feb,Saturday,01:30,166.52
S25,Feb,Saturday,01:45,158.412
S25,Feb,Saturday,02:00,163.136
S25,Feb,Saturday,02:15,162.98
S25,Feb,Saturday,02:30,163.856
S25,Feb,Saturday,02:45,158.036
S25,Feb,Saturday,03:00,160.008
S25,Feb,Saturday,03:15,160.812
S25,Feb,Saturday,03:30,161.968
S25,Feb,Saturday,03:45,170.104
S25,Feb,Saturday,04:00,169.116
S25,Feb,Saturday,04:15,165.244
S25,Feb,Saturday,04:30,171.216
S25,Feb,Saturday,04:45,171.724
S25,Feb,Saturday,05:00,175.372
S25,Feb,Saturday,05:15,184.712
S25,Feb,Saturday,05:30,188.34
S25,Feb,Saturday,05:45,195.448
S25,Feb,Saturday,06:00,214.924
S25,Feb,Saturday,06:15,223.088
S25,Feb,Saturday,06:30,216.372
S25,Feb,Saturday,06:45,222.416
S25,Feb,Saturday,07:00,236.836
S25,Feb,Saturday,07:15,242.492
S25,Feb,Saturday,07:30,262.64
S25,Feb,Saturday,07:45,268.54
S25,Feb,Saturday,08:00,256.416
S25,Feb,Saturday,08:15,243.296
S25,Feb,Saturday,08:30,211.876
S25,Feb,Saturday,08:45,184.864
S25,Feb,Saturday,09:00,185.196
S25,Feb,Saturday,09:15,183.216
S25,Feb,Saturday,09:30,176.412
S25,Feb,Saturday,09:45,152.688
S25,Feb,Saturday,10:00,145.156
S25,Feb,Saturday,10:15,131.768
S25,Feb,Saturday,10:30,113.216
S25,Feb,Saturday,10:45,117.092
S25,Feb,Saturday,11:00,122.5
S25,Feb,Saturday,11:15,132.432
S25,Feb,Saturday,11:30,134.384
S25,Feb,Saturday,11:45,117.648
S25,Feb,Saturday,12:00,122.152
S25,Feb,Saturday,12:15,115.044
S25,Feb,Saturday,12:30,108.608
S25,Feb,Saturday,12:45,110.824
S25,Feb,Saturday,13:00,110.848
S25,Feb,Saturday,13:15,97.468
S25,Feb,Saturday,13:30,92.296
S25,Feb,Saturday,13:45,105.052
S25,Feb,Saturday,14:00,93.444
S25,Feb,Saturday,14:15,96.624
S25,Feb,Saturday,14:30,97.788
S25,Feb,Saturday,14:45,94.112
S25,Feb,Saturday,15:00,94.896
S25,Feb,Saturday,15:15,88.368
S25,Feb,Saturday,15:30,91.88
S25,Feb,Saturday,15:45,91.216
S25,Feb,Saturday,16:00,95.14
S25,Feb,Saturday,16:15,97.94
S25,Feb,Saturday,16:30,107.364
S25,Feb,Saturday,16:45,119.868
S25,Feb,Saturday,17:00,129.524
S25,Feb,Saturday,17:15,141.076
S25,Feb,Saturday,17:30,157.716
S25,Feb,Saturday,17:45,159.22
S25,Feb,Saturday,18:00,171.496
S25,Feb,Saturday,18:15,176.016
S25,Feb,Saturday,18:30,182.408
S25,Feb,Saturday,18:45,180.624
S25,Feb,Saturday,19:00,168.648
S25,Feb,Saturday,19:15,175.74
S25,Feb,Saturday,19:30,173.404
S25,Feb,Saturday,19:45,179.584
S25,Feb,Saturday,20:00,193.728
S25,Feb,Saturday,20:15,201.404
S25,Feb,Saturday,20:30,190.396
S25,Feb,Saturday,20:45,201.944
S25,Feb,Saturday,21:00,189.548
S25,Feb,Saturday,21:15,185.984
S25,Feb,Saturday,21:30,184.308
S25,Feb,Saturday,21:45,190.268
S25,Feb,Saturday,22:00,179.936
S25,Feb,Saturday,22:15,178.288
S25,Feb,Saturday,22:30,170.096
S25,Feb,Saturday,22:45,169.124
S25,Feb,Saturday,23:00,170.872
S25,Feb,Saturday,23:15,163.568
S25,Feb,Saturday,23:30,164.04
S25,Feb,Saturday,23:45,165.768
S25,Feb,Sunday,00:00,165.172
S25,Feb,Sunday,00:15,162.12
S25,Feb,Sunday,00:30,158.06
S25,Feb,Sunday,00:45,152.608
S25,Feb,Sunday,01:00,153.512
S25,Feb,Sunday,01:15,157.24
S25,Feb,Sunday,01:30,150.76
S25,Feb,Sunday,01:45,143.384
S25,Feb,Sunday,02:00,158.796
S25,Feb,Sunday,02:15,156.804
S25,Feb,Sunday,02:30,153.548
S25,Feb,Sunday,02:45,154.764
S25,Feb,Sunday,03:00,155.676
S25,Feb,Sunday,03:15,166.236
S25,Feb,Sunday,03:30,172.58
S25,Feb,Sunday,03:45,170.352
S25,Feb,Sunday,04:00,173.576
S25,Feb,Sunday,04:15,170.052
S25,Feb,Sunday,04:30,164.928
S25,Feb,Sunday,04:45,172.292
S25,Feb,Sunday,05:00,171.404
S25,Feb,Sunday,05:15,175.176
S25,Feb,Sunday,05:30,178.892
S25,Feb,Sunday,05:45,178.304
S25,Feb,Sunday,06:00,193.524
S25,Feb,Sunday,06:15,205.964
S25,Feb,Sunday,06:30,227.188
S25,Feb,Sunday,06:45,231.488
S25,Feb,Sunday,07:00,231.676
S25,Feb,Sunday,07:15,233.392
S25,Feb,Sunday,07:30,238.92
S25,Feb,Sunday,07:45,238.108
S25,Feb,Sunday,08:00,243.484
S25,Feb,Sunday,08:15,239.92
S25,Feb,Sunday,08:30,210.316
S25,Feb,Sunday,08:45,192.884
S25,Feb,Sunday,09:00,190.68
S25,Feb,Sunday,09:15,161.664
S25,Feb,Sunday,09:30,152.024
S25,Feb,Sunday,09:45,178.592
S25,Feb,Sunday,10:00,186.864
S25,Feb,Sunday,10:15,198.52
S25,Feb,Sunday,10:30,183.344
S25,Feb,Sunday,10:45,177.56
S25,Feb,Sunday,11:00,166.664
S25,Feb,Sunday,11:15,146.268
S25,Feb,Sunday,11:30,118.624
S25,Feb,Sunday,11:45,117.584
S25,Feb,Sunday,12:00,108.28
S25,Feb,Sunday,12:15,106.316
S25,Feb,Sunday,12:30,87.5
S25,Feb,Sunday,12:45,94.144
S25,Feb,Sunday,13:00,105.088
S25,Feb,Sunday,13:15,104.02
S25,Feb,Sunday,13:30,106.66
S25,Feb,Sunday,13:45,98.4
S25,Feb,Sunday,14:00,79.916
S25,Feb,Sunday,14:15,84.06
S25,Feb,Sunday,14:30,81.544
S25,Feb,Sunday,14:45,80.96
S25,Feb,Sunday,15:00,87.108
S25,Feb,Sunday,15:15,100.056
S25,Feb,Sunday,15:30,94.984
S25,Feb,Sunday,15:45,95.744
S25,Feb,Sunday,16:00,112.44
S25,Feb,Sunday,16:15,125.804
S25,Feb,Sunday,16:30,135.98
S25,Feb,Sunday,16:45,143.976
S25,Feb,Sunday,17:00,156.8
S25,Feb,Sunday,17:15,174.192
S25,Feb,Sunday,17:30,183.764
S25,Feb,Sunday,17:45,207.112
S25,Feb,Sunday,18:00,206.276
S25,Feb,Sunday,18:15,207.932
S25,Feb,Sunday,18:30,217.86
S25,Feb,Sunday,18:45,225.084
S25,Feb,Sunday,19:00,218.052
S25,Feb,Sunday,19:15,221.596
S25,Feb,Sunday,19:30,221.34
S25,Feb,Sunday,19:45,210.828
S25,Feb,Sunday,20:00,200.92
S25,Feb,Sunday,20:15,201.288
S25,Feb,Sunday,20:30,197.872
S25,Feb,Sunday,20:45,199.588
S25,Feb,Sunday,21:00,202.268
S25,Feb,Sunday,21:15,197.448
S25,Feb,Sunday,21:30,193.536
S25,Feb,Sunday,21:45,186.452
S25,Feb,Sunday,22:00,175.86
S25,Feb,Sunday,22:15,168.528
S25,Feb,Sunday,22:30,164.368
S25,Feb,Sunday,22:45,159.624
S25,Feb,Sunday,23:00,149.58
S25,Feb,Sunday,23:15,153.684
S25,Feb,Sunday,23:30,155.912
S25,Feb,Sunday,23:45,155.888
S25,Mar,Workday,00:00,94.848
S25,Mar,Workday,00:15,94.916
S25,Mar,Workday,00:30,96.832
S25,Mar,Workday,00:45,96.224
S25,Mar,Workday,01:00,96.54
S25,Mar,Workday,01:15,97.784
S25,Mar,Workday,01:30,97.432
S25,Mar,Workday,01:45,98.992
S25,Mar,Workday,02:00,100.94
S25,Mar,Workday,02:15,100.396
S25,Mar,Workday,02:30,102.58
S25,Mar,Workday,02:45,105.024
S25,Mar,Workday,03:00,104.192
S25,Mar,Workday,03:15,108.328
S25,Mar,Workday,03:30,111.064
S25,Mar,Workday,03:45,114.12
S25,Mar,Workday,04:00,123.088
S25,Mar,Workday,04:15,126.468
S25,Mar,Workday,04:30,122.552
S25,Mar,Workday,04:45,128.832
S25,Mar,Workday,05:00,141.608
S25,Mar,Workday,05:15,148.544
S25,Mar,Workday,05:30,160.32
S25,Mar,Workday,05:45,166.44
S25,Mar,Workday,06:00,183.32
S25,Mar,Workday,06:15,192.48
S25,Mar,Workday,06:30,200.132
S25,Mar,Workday,06:45,199.356
S25,Mar,Workday,07:00,189.232
S25,Mar,Workday,07:15,169.968
S25,Mar,Workday,07:30,153.324
S25,Mar,Workday,07:45,140.64
S25,Mar,Workday,08:00,126.516
S25,Mar,Workday,08:15,113.316
S25,Mar,Workday,08:30,98.464
S25,Mar,Workday,08:45,87.06
S25,Mar,Workday,09:00,79.54
S25,Mar,Workday,09:15,71.848
S25,Mar,Workday,09:30,67.464
S25,Mar,Workday,09:45,63.88
S25,Mar,Workday,10:00,57.756
S25,Mar,Workday,10:15,55.612
S25,Mar,Workday,10:30,52.548
S25,Mar,Workday,10:45,50.144
S25,Mar,Workday,11:00,47.54
S25,Mar,Workday,11:15,46.904
S25,Mar,Workday,11:30,41.78
S25,Mar,Workday,11:45,40.292
S25,Mar,Workday,12:00,39.84
S25,Mar,Workday,12:15,39.016
S25,Mar,Workday,12:30,39.572
S25,Mar,Workday,12:45,39.832
S25,Mar,Workday,13:00,37.272
S25,Mar,Workday,13:15,36.04
S25,Mar,Workday,13:30,33.992
S25,Mar,Workday,13:45,31.46
S25,Mar,Workday,14:00,31.24
S25,Mar,Workday,14:15,31.004
S25,Mar,Workday,14:30,32.228
S25,Mar,Workday,14:45,33.736
S25,Mar,Workday,15:00,34.128
S25,Mar,Workday,15:15,38.392
S25,Mar,Workday,15:30,41.492
S25,Mar,Workday,15:45,44.056
S25,Mar,Workday,16:00,48.36
S25,Mar,Workday,16:15,50.28
S25,Mar,Workday,16:30,53.964
S25,Mar,Workday,16:45,56.556
S25,Mar,Workday,17:00,60.956
S25,Mar,Workday,17:15,66.444
S25,Mar,Workday,17:30,77.072
S25,Mar,Workday,17:45,85.292
S25,Mar,Workday,18:00,93.92
S25,Mar,Workday,18:15,100.132
S25,Mar,Workday,18:30,103.368
S25,Mar,Workday,18:45,106.208
S25,Mar,Workday,19:00,108.364
S25,Mar,Workday,19:15,112.068
S25,Mar,Workday,19:30,108.956
S25,Mar,Workday,19:45,112.1
S25,Mar,Workday,20:00,114.532
S25,Mar,Workday,20:15,114.82
S25,Mar,Workday,20:30,114.82
S25,Mar,Workday,20:45,117.616
S25,Mar,Workday,21:00,116.452
S25,Mar,Workday,21:15,114.6
S25,Mar,Workday,21:30,113.192
S25,Mar,Workday,21:45,112.872
S25,Mar,Workday,22:00,107.848
S25,Mar,Workday,22:15,104.072
S25,Mar,Workday,22:30,104.144
S25,Mar,Workday,22:45,102.516
S25,Mar,Workday,23:00,99.48
S25,Mar,Workday,23:15,98.888
S25,Mar,Workday,23:30,96.312
S25,Mar,Workday,23:45,97.892
S25,Mar,Saturday,00:00,110.632
S25,Mar,Saturday,00:15,97.796
S25,Mar,Saturday,00:30,101.332
S25,Mar,Saturday,00:45,101.248
S25,Mar,Saturday,01:00,106.78
S25,Mar,Saturday,01:15,104.156
S25,Mar,Saturday,01:30,105.264
S25,Mar,Saturday,01:45,107.984
S25,Mar,Saturday,02:00,112.112
S25,Mar,Saturday,02:15,113.908
S25,Mar,Saturday,02:30,108.808
S25,Mar,Saturday,02:45,104.3
S25,Mar,Saturday,03:00,108.528
S25,Mar,Saturday,03:15,113.124
S25,Mar,Saturday,03:30,114.94
S25,Mar,Saturday,03:45,112.976
S25,Mar,Saturday,04:00,125.264
S25,Mar,Saturday,04:15,131.14
S25,Mar,Saturday,04:30,130.892
S25,Mar,Saturday,04:45,136.236
S25,Mar,Saturday,05:00,137.892
S25,Mar,Saturday,05:15,143.048
S25,Mar,Saturday,05:30,145.324
S25,Mar,Saturday,05:45,145.204
S25,Mar,Saturday,06:00,162.2
S25,Mar,Saturday,06:15,160.208
S25,Mar,Saturday,06:30,163.82
S25,Mar,Saturday,06:45,170.352
S25,Mar,Saturday,07:00,168.092
S25,Mar,Saturday,07:15,168.976
S25,Mar,Saturday,07:30,159.18
S25,Mar,Saturday,07:45,149.38
S25,Mar,Saturday,08:00,152.356
S25,Mar,Saturday,08:15,145.856
S25,Mar,Saturday,08:30,129.016
S25,Mar,Saturday,08:45,106.96
S25,Mar,Saturday,09:00,106.148
S25,Mar,Saturday,09:15,105.112
S25,Mar,Saturday,09:30,90.248
S25,Mar,Saturday,09:45,74.876
S25,Mar,Saturday,10:00,67.192
S25,Mar,Saturday,10:15,61.38
S25,Mar,Saturday,10:30,58.416
S25,Mar,Saturday,10:45,68.992
S25,Mar,Saturday,11:00,73.372
S25,Mar,Saturday,11:15,60.976
S25,Mar,Saturday,11:30,58.636
S25,Mar,Saturday,11:45,59.38
S25,Mar,Saturday,12:00,47.988
S25,Mar,Saturday,12:15,53.62
S25,Mar,Saturday,12:30,48.988
S25,Mar,Saturday,12:45,51.548
S25,Mar,Saturday,13:00,47.672
S25,Mar,Saturday,13:15,34.96
S25,Mar,Saturday,13:30,35.896
S25,Mar,Saturday,13:45,34.696
S25,Mar,Saturday,14:00,36.72
S25,Mar,Saturday,14:15,33.832
S25,Mar,Saturday,14:30,34.708
S25,Mar,Saturday,14:45,36.096
S25,Mar,Saturday,15:00,41.332
S25,Mar,Saturday,15:15,37.924
S25,Mar,Saturday,15:30,36.008
S25,Mar,Saturday,15:45,37.936
S25,Mar,Saturday,16:00,37.372
S25,Mar,Saturday,16:15,39.54
S25,Mar,Saturday,16:30,45.736
S25,Mar,Saturday,16:45,56.648
S25,Mar,Saturday,17:00,62.72
S25,Mar,Saturday,17:15,72.016
S25,Mar,Saturday,17:30,81.532
S25,Mar,Saturday,17:45,90.348
S25,Mar,Saturday,18:00,105.64
S25,Mar,Saturday,18:15,103.732
S25,Mar,Saturday,18:30,107.844
S25,Mar,Saturday,18:45,102.384
S25,Mar,Saturday,19:00,107.004
S25,Mar,Saturday,19:15,115.42
S25,Mar,Saturday,19:30,113.284
S25,Mar,Saturday,19:45,130.048
S25,Mar,Saturday,20:00,115.692
S25,Mar,Saturday,20:15,106.468
S25,Mar,Saturday,20:30,118.212
S25,Mar,Saturday,20:45,114.16
S25,Mar,Saturday,21:00,111.464
S25,Mar,Saturday,21:15,111.704
S25,Mar,Saturday,21:30,110.236
S25,Mar,Saturday,21:45,110.868
S25,Mar,Saturday,22:00,108.852
S25,Mar,Saturday,22:15,106.816
S25,Mar,Saturday,22:30,97.88
S25,Mar,Saturday,22:45,100.324
S25,Mar,Saturday,23:00,102.84
S25,Mar,Saturday,23:15,100.696
S25,Mar,Saturday,23:30,103.584
S25,Mar,Saturday,23:45,100.276
S25,Mar,Sunday,00:00,107.996
S25,Mar,Sunday,00:15,103.78
S25,Mar,Sunday,00:30,111.136
S25,Mar,Sunday,00:45,108.404
S25,Mar,Sunday,01:00,102.516
S25,Mar,Sunday,01:15,100.428
S25,Mar,Sunday,01:30,103.604
S25,Mar,Sunday,01:45,107.544
S25,Mar,Sunday,02:00,113.852
S25,Mar,Sunday,02:15,122.392
S25,Mar,Sunday,02:30,117.748
S25,Mar,Sunday,02:45,114.46
S25,Mar,Sunday,03:00,103.04
S25,Mar,Sunday,03:15,102.788
S25,Mar,Sunday,03:30,106.864
S25,Mar,Sunday,03:45,117.22
S25,Mar,Sunday,04:00,115.74
S25,Mar,Sunday,04:15,117.868
S25,Mar,Sunday,04:30,117.336
S25,Mar,Sunday,04:45,115.904
S25,Mar,Sunday,05:00,131.396
S25,Mar,Sunday,05:15,133.124
S25,Mar,Sunday,05:30,130.62
S25,Mar,Sunday,05:45,132.748
S25,Mar,Sunday,06:00,147.632
S25,Mar,Sunday,06:15,159.516
S25,Mar,Sunday,06:30,171.904
S25,Mar,Sunday,06:45,175.18
S25,Mar,Sunday,07:00,165.624
S25,Mar,Sunday,07:15,148.98
S25,Mar,Sunday,07:30,145.544
S25,Mar,Sunday,07:45,134.888
S25,Mar,Sunday,08:00,122.796
S25,Mar,Sunday,08:15,112.428
S25,Mar,Sunday,08:30,104.704
S25,Mar,Sunday,08:45,93.444
S25,Mar,Sunday,09:00,78.276
S25,Mar,Sunday,09:15,69.608
S25,Mar,Sunday,09:30,76.292
S25,Mar,Sunday,09:45,84.832
S25,Mar,Sunday,10:00,79.94
S25,Mar,Sunday,10:15,82.52
S25,Mar,Sunday,10:30,82.408
S25,Mar,Sunday,10:45,72.872
S25,Mar,Sunday,11:00,65.008
S25,Mar,Sunday,11:15,63.648
S25,Mar,Sunday,11:30,46.372
S25,Mar,Sunday,11:45,44.736
S25,Mar,Sunday,12:00,43.12
S25,Mar,Sunday,12:15,44.008
S25,Mar,Sunday,12:30,39.528
S25,Mar,Sunday,12:45,46.364
S25,Mar,Sunday,13:00,34.616
S25,Mar,Sunday,13:15,32.376
S25,Mar,Sunday,13:30,32.96
S25,Mar,Sunday,13:45,32.472
S25,Mar,Sunday,14:00,33.46
S25,Mar,Sunday,14:15,34.076
S25,Mar,Sunday,14:30,35.584
S25,Mar,Sunday,14:45,42.288
S25,Mar,Sunday,15:00,45.644
S25,Mar,Sunday,15:15,49.012
S25,Mar,Sunday,15:30,46.048
S25,Mar,Sunday,15:45,47.776
S25,Mar,Sunday,16:00,50.736
S25,Mar,Sunday,16:15,53.544
S25,Mar,Sunday,16:30,55.624
S25,Mar,Sunday,16:45,65.064
S25,Mar,Sunday,17:00,74.632
S25,Mar,Sunday,17:15,71.016
S25,Mar,Sunday,17:30,89.556
S25,Mar,Sunday,17:45,105.216
S25,Mar,Sunday,18:00,110.156
S25,Mar,Sunday,18:15,116.236
S25,Mar,Sunday,18:30,111.216
S25,Mar,Sunday,18:45,113.924
S25,Mar,Sunday,19:00,112.984
S25,Mar,Sunday,19:15,112.328
S25,Mar,Sunday,19:30,115.86
S25,Mar,Sunday,19:45,111.536
S25,Mar,Sunday,20:00,123.416
S25,Mar,Sunday,20:15,116.548
S25,Mar,Sunday,20:30,118.944
S25,Mar,Sunday,20:45,116.384
S25,Mar,Sunday,21:00,115.416
S25,Mar,Sunday,21:15,114.796
S25,Mar,Sunday,21:30,115.452
S25,Mar,Sunday,21:45,118.016
S25,Mar,Sunday,22:00,113.216
S25,Mar,Sunday,22:15,106.244
S25,Mar,Sunday,22:30,104.228
S25,Mar,Sunday,22:45,109.652
S25,Mar,Sunday,23:00,98.732
S25,Mar,Sunday,23:15,96.356
S25,Mar,Sunday,23:30,92.924
S25,Mar,Sunday,23:45,90.068
S25,Apr,Workday,00:00,52.728
S25,Apr,Workday,00:15,53.152
S25,Apr,Workday,00:30,53.332
S25,Apr,Workday,00:45,53.9
S25,Apr,Workday,01:00,55.292
S25,Apr,Workday,01:15,55.256
S25,Apr,Workday,01:30,57.284
S25,Apr,Workday,01:45,59.84
S25,Apr,Workday,02:00,62.528
S25,Apr,Workday,02:15,62.168
S25,Apr,Workday,02:30,63.364
S25,Apr,Workday,02:45,65.22
S25,Apr,Workday,03:00,69.104
S25,Apr,Workday,03:15,70.624
S25,Apr,Workday,03:30,70.912
S25,Apr,Workday,03:45,75.632
S25,Apr,Workday,04:00,80.48
S25,Apr,Workday,04:15,84.644
S25,Apr,Workday,04:30,84.3
S25,Apr,Workday,04:45,90.132
S25,Apr,Workday,05:00,104.632
S25,Apr,Workday,05:15,105.656
S25,Apr,Workday,05:30,112.268
S25,Apr,Workday,05:45,121.064
S25,Apr,Workday,06:00,132.428
S25,Apr,Workday,06:15,138.792
S25,Apr,Workday,06:30,137.252
S25,Apr,Workday,06:45,133.464
S25,Apr,Workday,07:00,121.284
S25,Apr,Workday,07:15,109.316
S25,Apr,Workday,07:30,88.396
S25,Apr,Workday,07:45,86.18
S25,Apr,Workday,08:00,72.196
S25,Apr,Workday,08:15,71.02
S25,Apr,Workday,08:30,58.028
S25,Apr,Workday,08:45,48.828
S25,Apr,Workday,09:00,45.312
S25,Apr,Workday,09:15,42.396
S25,Apr,Workday,09:30,37.9
S25,Apr,Workday,09:45,35.084
S25,Apr,Workday,10:00,30.644
S25,Apr,Workday,10:15,26.644
S25,Apr,Workday,10:30,23.452
S25,Apr,Workday,10:45,23.572
S25,Apr,Workday,11:00,24.896
S25,Apr,Workday,11:15,22.988
S25,Apr,Workday,11:30,22.036
S25,Apr,Workday,11:45,20.092
S25,Apr,Workday,12:00,19.528
S25,Apr,Workday,12:15,21.172
S25,Apr,Workday,12:30,19.74
S25,Apr,Workday,12:45,17.784
S25,Apr,Workday,13:00,16.892
S25,Apr,Workday,13:15,16.484
S25,Apr,Workday,13:30,16.132
S25,Apr,Workday,13:45,15.224
S25,Apr,Workday,14:00,14.18
S25,Apr,Workday,14:15,13.036
S25,Apr,Workday,14:30,14.076
S25,Apr,Workday,14:45,13.568
S25,Apr,Workday,15:00,14.392
S25,Apr,Workday,15:15,14.952
S25,Apr,Workday,15:30,18.076
S25,Apr,Workday,15:45,21.616
S25,Apr,Workday,16:00,25.94
S25,Apr,Workday,16:15,27.412
S25,Apr,Workday,16:30,28.476
S25,Apr,Workday,16:45,25.592
S25,Apr,Workday,17:00,25.62
S25,Apr,Workday,17:15,25.308
S25,Apr,Workday,17:30,27.792
S25,Apr,Workday,17:45,30.228
S25,Apr,Workday,18:00,33.956
S25,Apr,Workday,18:15,36.004
S25,Apr,Workday,18:30,37.816
S25,Apr,Workday,18:45,38.416
S25,Apr,Workday,19:00,41.388
S25,Apr,Workday,19:15,43.608
S25,Apr,Workday,19:30,45.456
S25,Apr,Workday,19:45,49.024
S25,Apr,Workday,20:00,51.916
S25,Apr,Workday,20:15,52.512
S25,Apr,Workday,20:30,53.656
S25,Apr,Workday,20:45,52.84
S25,Apr,Workday,21:00,52.556
S25,Apr,Workday,21:15,51.84
S25,Apr,Workday,21:30,51.716
S25,Apr,Workday,21:45,53.064
S25,Apr,Workday,22:00,53.46
S25,Apr,Workday,22:15,54.476
S25,Apr,Workday,22:30,55.14
S25,Apr,Workday,22:45,54.888
S25,Apr,Workday,23:00,53.38
S25,Apr,Workday,23:15,50.748
S25,Apr,Workday,23:30,50.38
S25,Apr,Workday,23:45,51.952
S25,Apr,Saturday,00:00,62.368
S25,Apr,Saturday,00:15,62.624
S25,Apr,Saturday,00:30,64.988
S25,Apr,Saturday,00:45,60.068
S25,Apr,Saturday,01:00,61.588
S25,Apr,Saturday,01:15,63.488
S25,Apr,Saturday,01:30,65.252
S25,Apr,Saturday,01:45,65.224
S25,Apr,Saturday,02:00,66.352
S25,Apr,Saturday,02:15,66.644
S25,Apr,Saturday,02:30,66.944
S25,Apr,Saturday,02:45,68.12
S25,Apr,Saturday,03:00,68.6
S25,Apr,Saturday,03:15,69.008
S25,Apr,Saturday,03:30,73.884
S25,Apr,Saturday,03:45,72.792
S25,Apr,Saturday,04:00,73.44
S25,Apr,Saturday,04:15,79.008
S25,Apr,Saturday,04:30,79.6
S25,Apr,Saturday,04:45,86.452
S25,Apr,Saturday,05:00,90.8
S25,Apr,Saturday,05:15,88.052
S25,Apr,Saturday,05:30,93.792
S25,Apr,Saturday,05:45,103.884
S25,Apr,Saturday,06:00,124.996
S25,Apr,Saturday,06:15,125.848
S25,Apr,Saturday,06:30,115.14
S25,Apr,Saturday,06:45,113.044
S25,Apr,Saturday,07:00,119.052
S25,Apr,Saturday,07:15,125.352
S25,Apr,Saturday,07:30,119.068
S25,Apr,Saturday,07:45,127.42
S25,Apr,Saturday,08:00,120.02
S25,Apr,Saturday,08:15,112.104
S25,Apr,Saturday,08:30,105.876
S25,Apr,Saturday,08:45,109.308
S25,Apr,Saturday,09:00,101.148
S25,Apr,Saturday,09:15,90.928
S25,Apr,Saturday,09:30,95.896
S25,Apr,Saturday,09:45,86.956
S25,Apr,Saturday,10:00,91.484
S25,Apr,Saturday,10:15,92.764
S25,Apr,Saturday,10:30,78.284
S25,Apr,Saturday,10:45,72.636
S25,Apr,Saturday,11:00,84.224
S25,Apr,Saturday,11:15,80.964
S25,Apr,Saturday,11:30,77.156
S25,Apr,Saturday,11:45,67.24
S25,Apr,Saturday,12:00,71.2
S25,Apr,Saturday,12:15,73.224
S25,Apr,Saturday,12:30,69.704
S25,Apr,Saturday,12:45,59.18
S25,Apr,Saturday,13:00,59.008
S25,Apr,Saturday,13:15,53.76
S25,Apr,Saturday,13:30,38.756
S25,Apr,Saturday,13:45,46.852
S25,Apr,Saturday,14:00,40.656
S25,Apr,Saturday,14:15,37.012
S25,Apr,Saturday,14:30,40.224
S25,Apr,Saturday,14:45,40.9
S25,Apr,Saturday,15:00,37.288
S25,Apr,Saturday,15:15,30.6
S25,Apr,Saturday,15:30,32.392
S25,Apr,Saturday,15:45,32.44
S25,Apr,Saturday,16:00,37.144
S25,Apr,Saturday,16:15,41.348
S25,Apr,Saturday,16:30,48.188
S25,Apr,Saturday,16:45,52.484
S25,Apr,Saturday,17:00,60.988
S25,Apr,Saturday,17:15,65.792
S25,Apr,Saturday,17:30,72.168
S25,Apr,Saturday,17:45,67.088
S25,Apr,Saturday,18:00,69.532
S25,Apr,Saturday,18:15,77.52
S25,Apr,Saturday,18:30,93.492
S25,Apr,Saturday,18:45,80.988
S25,Apr,Saturday,19:00,97.284
S25,Apr,Saturday,19:15,91.108
S25,Apr,Saturday,19:30,102.48
S25,Apr,Saturday,19:45,111.868
S25,Apr,Saturday,20:00,106.688
S25,Apr,Saturday,20:15,107.524
S25,Apr,Saturday,20:30,101.196
S25,Apr,Saturday,20:45,105.804
S25,Apr,Saturday,21:00,104.264
S25,Apr,Saturday,21:15,103.516
S25,Apr,Saturday,21:30,98.52
S25,Apr,Saturday,21:45,96.884
S25,Apr,Saturday,22:00,100.652
S25,Apr,Saturday,22:15,99.048
S25,Apr,Saturday,22:30,98.86
S25,Apr,Saturday,22:45,96.864
S25,Apr,Saturday,23:00,94.132
S25,Apr,Saturday,23:15,89.552
S25,Apr,Saturday,23:30,88.276
S25,Apr,Saturday,23:45,87.6
S25,Apr,Sunday,00:00,75.144
S25,Apr,Sunday,00:15,70.944
S25,Apr,Sunday,00:30,69.524
S25,Apr,Sunday,00:45,72.216
S25,Apr,Sunday,01:00,72.828
S25,Apr,Sunday,01:15,71.268
S25,Apr,Sunday,01:30,71.12
S25,Apr,Sunday,01:45,70.864
S25,Apr,Sunday,02:00,79.232
S25,Apr,Sunday,02:15,80.62
S25,Apr,Sunday,02:30,77.108
S25,Apr,Sunday,02:45,78.388
S25,Apr,Sunday,03:00,81.676
S25,Apr,Sunday,03:15,80.112
S25,Apr,Sunday,03:30,83.608
S25,Apr,Sunday,03:45,87.936
S25,Apr,Sunday,04:00,91.628
S25,Apr,Sunday,04:15,91.008
S25,Apr,Sunday,04:30,90.996
S25,Apr,Sunday,04:45,98.856
S25,Apr,Sunday,05:00,104.044
S25,Apr,Sunday,05:15,104.664
S25,Apr,Sunday,05:30,111.572
S25,Apr,Sunday,05:45,115.976
S25,Apr,Sunday,06:00,123.976
S25,Apr,Sunday,06:15,132.66
S25,Apr,Sunday,06:30,138.204
S25,Apr,Sunday,06:45,126.564
S25,Apr,Sunday,07:00,120.872
S25,Apr,Sunday,07:15,123.984
S25,Apr,Sunday,07:30,117.04
S25,Apr,Sunday,07:45,107.416
S25,Apr,Sunday,08:00,101.476
S25,Apr,Sunday,08:15,91.444
S25,Apr,Sunday,08:30,81.932
S25,Apr,Sunday,08:45,75.58
S25,Apr,Sunday,09:00,73.52
S25,Apr,Sunday,09:15,78.208
S25,Apr,Sunday,09:30,72.944
S25,Apr,Sunday,09:45,74.916
S25,Apr,Sunday,10:00,71.672
S25,Apr,Sunday,10:15,72.24
S25,Apr,Sunday,10:30,63.736
S25,Apr,Sunday,10:45,55.232
S25,Apr,Sunday,11:00,55.684
S25,Apr,Sunday,11:15,51.384
S25,Apr,Sunday,11:30,47.412
S25,Apr,Sunday,11:45,42.572
S25,Apr,Sunday,12:00,41.208
S25,Apr,Sunday,12:15,34.808
S25,Apr,Sunday,12:30,38.552
S25,Apr,Sunday,12:45,34.972
S25,Apr,Sunday,13:00,33.112
S25,Apr,Sunday,13:15,37.652
S25,Apr,Sunday,13:30,32.716
S25,Apr,Sunday,13:45,25.024
S25,Apr,Sunday,14:00,22.936
S25,Apr,Sunday,14:15,30.148
S25,Apr,Sunday,14:30,33.624
S25,Apr,Sunday,14:45,33.876
S25,Apr,Sunday,15:00,33.632
S25,Apr,Sunday,15:15,35.652
S25,Apr,Sunday,15:30,38.204
S25,Apr,Sunday,15:45,36.352
S25,Apr,Sunday,16:00,33.084
S25,Apr,Sunday,16:15,34.12
S25,Apr,Sunday,16:30,34.74
S25,Apr,Sunday,16:45,34.948
S25,Apr,Sunday,17:00,34.988
S25,Apr,Sunday,17:15,40.824
S25,Apr,Sunday,17:30,39.32
S25,Apr,Sunday,17:45,41.472
S25,Apr,Sunday,18:00,40.916
S25,Apr,Sunday,18:15,46.336
S25,Apr,Sunday,18:30,51.46
S25,Apr,Sunday,18:45,48.872
S25,Apr,Sunday,19:00,58.944
S25,Apr,Sunday,19:15,54.384
S25,Apr,Sunday,19:30,66.888
S25,Apr,Sunday,19:45,68.836
S25,Apr,Sunday,20:00,70.852
S25,Apr,Sunday,20:15,70.224
S25,Apr,Sunday,20:30,68.964
S25,Apr,Sunday,20:45,67.348
S25,Apr,Sunday,21:00,66.036
S25,Apr,Sunday,21:15,67.216
S25,Apr,Sunday,21:30,63.892
S25,Apr,Sunday,21:45,66.136
S25,Apr,Sunday,22:00,58.848
S25,Apr,Sunday,22:15,58.348
S25,Apr,Sunday,22:30,57.016
S25,Apr,Sunday,22:45,59.628
S25,Apr,Sunday,23:00,60.2
S25,Apr,Sunday,23:15,57.868
S25,Apr,Sunday,23:30,55.772
S25,Apr,Sunday,23:45,57.652
S25,May,Workday,00:00,24.296
S25,May,Workday,00:15,22.412
S25,May,Workday,00:30,21.036
S25,May,Workday,00:45,21.904
S25,May,Workday,01:00,21.752
S25,May,Workday,01:15,22.164
S25,May,Workday,01:30,22.312
S25,May,Workday,01:45,22.716
S25,May,Workday,02:00,22.692
S25,May,Workday,02:15,23.512
S25,May,Workday,02:30,25.136
S25,May,Workday,02:45,24.724
S25,May,Workday,03:00,24.688
S25,May,Workday,03:15,25.508
S25,May,Workday,03:30,27.592
S25,May,Workday,03:45,30.048
S25,May,Workday,04:00,31.74
S25,May,Workday,04:15,32.628
S25,May,Workday,04:30,33.748
S25,May,Workday,04:45,41.104
S25,May,Workday,05:00,46.492
S25,May,Workday,05:15,47.864
S25,May,Workday,05:30,51.08
S25,May,Workday,05:45,51.38
S25,May,Workday,06:00,48.452
S25,May,Workday,06:15,48.312
S25,May,Workday,06:30,46.32
S25,May,Workday,06:45,44.504
S25,May,Workday,07:00,42.076
S25,May,Workday,07:15,38.196
S25,May,Workday,07:30,36.152
S25,May,Workday,07:45,32.432
S25,May,Workday,08:00,31.904
S25,May,Workday,08:15,29.184
S25,May,Workday,08:30,23.476
S25,May,Workday,08:45,22.404
S25,May,Workday,09:00,20.252
S25,May,Workday,09:15,20.388
S25,May,Workday,09:30,19.38
S25,May,Workday,09:45,17.92
S25,May,Workday,10:00,16.464
S25,May,Workday,10:15,14.664
S25,May,Workday,10:30,14.196
S25,May,Workday,10:45,14.42
S25,May,Workday,11:00,13.964
S25,May,Workday,11:15,11.996
S25,May,Workday,11:30,10.94
S25,May,Workday,11:45,11.608
S25,May,Workday,12:00,10.496
S25,May,Workday,12:15,9.528
S25,May,Workday,12:30,12.048
S25,May,Workday,12:45,10.54
S25,May,Workday,13:00,9.752
S25,May,Workday,13:15,7.868
S25,May,Workday,13:30,6.548
S25,May,Workday,13:45,5.592
S25,May,Workday,14:00,5.952
S25,May,Workday,14:15,7.32
S25,May,Workday,14:30,6.468
S25,May,Workday,14:45,6.548
S25,May,Workday,15:00,5.348
S25,May,Workday,15:15,5.924
S25,May,Workday,15:30,7.712
S25,May,Workday,15:45,7.244
S25,May,Workday,16:00,8.264
S25,May,Workday,16:15,8.576
S25,May,Workday,16:30,8.572
S25,May,Workday,16:45,10.028
S25,May,Workday,17:00,11.528
S25,May,Workday,17:15,13.844
S25,May,Workday,17:30,13.576
S25,May,Workday,17:45,14.98
S25,May,Workday,18:00,17.552
S25,May,Workday,18:15,19.944
S25,May,Workday,18:30,18.268
S25,May,Workday,18:45,19.852
S25,May,Workday,19:00,21.468
S25,May,Workday,19:15,24.108
S25,May,Workday,19:30,23.38
S25,May,Workday,19:45,21.924
S25,May,Workday,20:00,26.116
S25,May,Workday,20:15,28.4
S25,May,Workday,20:30,27.496
S25,May,Workday,20:45,26.824
S25,May,Workday,21:00,24.576
S25,May,Workday,21:15,24.248
S25,May,Workday,21:30,23.852
S25,May,Workday,21:45,24.844
S25,May,Workday,22:00,23.592
S25,May,Workday,22:15,23.336
S25,May,Workday,22:30,23.352
S25,May,Workday,22:45,22.472
S25,May,Workday,23:00,20.908
S25,May,Workday,23:15,20.996
S25,May,Workday,23:30,21.04
S25,May,Workday,23:45,24.348
S25,May,Saturday,00:00,22.292
S25,May,Saturday,00:15,20.212
S25,May,Saturday,00:30,18.712
S25,May,Saturday,00:45,16.8
S25,May,Saturday,01:00,18.632
S25,May,Saturday,01:15,18.232
S25,May,Saturday,01:30,19.06
S25,May,Saturday,01:45,19.596
S25,May,Saturday,02:00,18.684
S25,May,Saturday,02:15,18.856
S25,May,Saturday,02:30,20.42
S25,May,Saturday,02:45,20.12
S25,May,Saturday,03:00,22.224
S25,May,Saturday,03:15,22.964
S25,May,Saturday,03:30,22.556
S25,May,Saturday,03:45,23.44
S25,May,Saturday,04:00,25.616
S25,May,Saturday,04:15,27.504
S25,May,Saturday,04:30,33.676
S25,May,Saturday,04:45,41.56
S25,May,Saturday,05:00,40.148
S25,May,Saturday,05:15,38.92
S25,May,Saturday,05:30,43.708
S25,May,Saturday,05:45,40.648
S25,May,Saturday,06:00,43.048
S25,May,Saturday,06:15,38.252
S25,May,Saturday,06:30,33.456
S25,May,Saturday,06:45,32.032
S25,May,Saturday,07:00,33.504
S25,May,Saturday,07:15,30.68
S25,May,Saturday,07:30,29.832
S25,May,Saturday,07:45,24.04
S25,May,Saturday,08:00,27.416
S25,May,Saturday,08:15,28.332
S25,May,Saturday,08:30,32.156
S25,May,Saturday,08:45,27.344
S25,May,Saturday,09:00,23.008
S25,May,Saturday,09:15,20.448
S25,May,Saturday,09:30,17.068
S25,May,Saturday,09:45,18.832
S25,May,Saturday,10:00,22.476
S25,May,Saturday,10:15,15.936
S25,May,Saturday,10:30,15.224
S25,May,Saturday,10:45,15.956
S25,May,Saturday,11:00,11.176
S25,May,Saturday,11:15,15.764
S25,May,Saturday,11:30,14.16
S25,May,Saturday,11:45,12.864
S25,May,Saturday,12:00,13.684
S25,May,Saturday,12:15,13.516
S25,May,Saturday,12:30,9.232
S25,May,Saturday,12:45,8.608
S25,May,Saturday,13:00,7.716
S25,May,Saturday,13:15,8.652
S25,May,Saturday,13:30,7.1
S25,May,Saturday,13:45,8.372
S25,May,Saturday,14:00,7.192
S25,May,Saturday,14:15,7.156
S25,May,Saturday,14:30,4.86
S25,May,Saturday,14:45,6.604
S25,May,Saturday,15:00,6.86
S25,May,Saturday,15:15,8.048
S25,May,Saturday,15:30,7.568
S25,May,Saturday,15:45,9.736
S25,May,Saturday,16:00,9.644
S25,May,Saturday,16:15,10.992
S25,May,Saturday,16:30,10.208
S25,May,Saturday,16:45,12.26
S25,May,Saturday,17:00,15.308
S25,May,Saturday,17:15,22.244
S25,May,Saturday,17:30,24.54
S25,May,Saturday,17:45,19.412
S25,May,Saturday,18:00,19.5
S25,May,Saturday,18:15,19.568
S25,May,Saturday,18:30,22.564
S25,May,Saturday,18:45,25.544
S25,May,Saturday,19:00,26.54
S25,May,Saturday,19:15,26.996
S25,May,Saturday,19:30,34.316
S25,May,Saturday,19:45,34.144
S25,May,Saturday,20:00,28.024
S25,May,Saturday,20:15,26.276
S25,May,Saturday,20:30,30.756
S25,May,Saturday,20:45,27.512
S25,May,Saturday,21:00,25.56
S25,May,Saturday,21:15,26.884
S25,May,Saturday,21:30,24.888
S25,May,Saturday,21:45,28.948
S25,May,Saturday,22:00,25.892
S25,May,Saturday,22:15,26.1
S25,May,Saturday,22:30,27.276
S25,May,Saturday,22:45,27.412
S25,May,Saturday,23:00,25.408
S25,May,Saturday,23:15,23.536
S25,May,Saturday,23:30,23.036
S25,May,Saturday,23:45,21.76
S25,May,Sunday,00:00,19.708
S25,May,Sunday,00:15,18.288
S25,May,Sunday,00:30,18.952
S25,May,Sunday,00:45,19.908
S25,May,Sunday,01:00,19.432
S25,May,Sunday,01:15,19.332
S25,May,Sunday,01:30,21.484
S25,May,Sunday,01:45,21.964
S25,May,Sunday,02:00,22.06
S25,May,Sunday,02:15,21.904
S25,May,Sunday,02:30,23.4
S25,May,Sunday,02:45,24.708
S25,May,Sunday,03:00,27.044
S25,May,Sunday,03:15,28.948
S25,May,Sunday,03:30,29.86
S25,May,Sunday,03:45,29.6
S25,May,Sunday,04:00,32.432
S25,May,Sunday,04:15,33.524
S25,May,Sunday,04:30,34.124
S25,May,Sunday,04:45,39.528
S25,May,Sunday,05:00,42.384
S25,May,Sunday,05:15,45.168
S25,May,Sunday,05:30,43.044
S25,May,Sunday,05:45,43.444
S25,May,Sunday,06:00,38.596
S25,May,Sunday,06:15,38.664
S25,May,Sunday,06:30,38.088
S25,May,Sunday,06:45,32.064
S25,May,Sunday,07:00,26.704
S25,May,Sunday,07:15,31.48
S25,May,Sunday,07:30,28.072
S25,May,Sunday,07:45,26.252
S25,May,Sunday,08:00,34.5
S25,May,Sunday,08:15,26.996
S25,May,Sunday,08:30,23.512
S25,May,Sunday,08:45,21.064
S25,May,Sunday,09:00,19.624
S25,May,Sunday,09:15,29.34
S25,May,Sunday,09:30,30.584
S25,May,Sunday,09:45,21.14
S25,May,Sunday,10:00,14.872
S25,May,Sunday,10:15,25.9
S25,May,Sunday,10:30,29.72
S25,May,Sunday,10:45,32.044
S25,May,Sunday,11:00,36.996
S25,May,Sunday,11:15,28.96
S25,May,Sunday,11:30,22.612
S25,May,Sunday,11:45,16.188
S25,May,Sunday,12:00,14.64
S25,May,Sunday,12:15,12.556
S25,May,Sunday,12:30,9.308
S25,May,Sunday,12:45,7.564
S25,May,Sunday,13:00,6.656
S25,May,Sunday,13:15,5.912
S25,May,Sunday,13:30,6.468
S25,May,Sunday,13:45,7.576
S25,May,Sunday,14:00,5.436
S25,May,Sunday,14:15,5.644
S25,May,Sunday,14:30,6.776
S25,May,Sunday,14:45,5.316
S25,May,Sunday,15:00,8.208
S25,May,Sunday,15:15,6.028
S25,May,Sunday,15:30,5.3
S25,May,Sunday,15:45,4.476
S25,May,Sunday,16:00,6.464
S25,May,Sunday,16:15,7.028
S25,May,Sunday,16:30,6.396
S25,May,Sunday,16:45,6.872
S25,May,Sunday,17:00,10.808
S25,May,Sunday,17:15,11.744
S25,May,Sunday,17:30,13.064
S25,May,Sunday,17:45,20.784
S25,May,Sunday,18:00,16.212
S25,May,Sunday,18:15,18.204
S25,May,Sunday,18:30,15.676
S25,May,Sunday,18:45,15.024
S25,May,Sunday,19:00,17.948
S25,May,Sunday,19:15,21.472
S25,May,Sunday,19:30,24.18
S25,May,Sunday,19:45,22.268
S25,May,Sunday,20:00,24.38
S25,May,Sunday,20:15,26.388
S25,May,Sunday,20:30,26.388
S25,May,Sunday,20:45,22.296
S25,May,Sunday,21:00,22.808
S25,May,Sunday,21:15,23.652
S25,May,Sunday,21:30,21.732
S25,May,Sunday,21:45,23.364
S25,May,Sunday,22:00,21.736
S25,May,Sunday,22:15,23.564
S25,May,Sunday,22:30,20.204
S25,May,Sunday,22:45,21.612
S25,May,Sunday,23:00,21.512
S25,May,Sunday,23:15,21.724
S25,May,Sunday,23:30,21.44
S25,May,Sunday,23:45,21.188
S25,Jun,Workday,00:00,17.34
S25,Jun,Workday,00:15,15.028
S25,Jun,Workday,00:30,14.8
S25,Jun,Workday,00:45,15.508
S25,Jun,Workday,01:00,15.396
S25,Jun,Workday,01:15,15.376
S25,Jun,Workday,01:30,15.716
S25,Jun,Workday,01:45,16.392
S25,Jun,Workday,02:00,16.164
S25,Jun,Workday,02:15,16.66
S25,Jun,Workday,02:30,17.248
S25,Jun,Workday,02:45,18.06
S25,Jun,Workday,03:00,19.232
S25,Jun,Workday,03:15,19.796
S25,Jun,Workday,03:30,20.816
S25,Jun,Workday,03:45,21.968
S25,Jun,Workday,04:00,22.744
S25,Jun,Workday,04:15,26.184
S25,Jun,Workday,04:30,30.516
S25,Jun,Workday,04:45,33.936
S25,Jun,Workday,05:00,34.988
S25,Jun,Workday,05:15,34.84
S25,Jun,Workday,05:30,35.224
S25,Jun,Workday,05:45,31.152
S25,Jun,Workday,06:00,30.808
S25,Jun,Workday,06:15,33.0
S25,Jun,Workday,06:30,33.82
S25,Jun,Workday,06:45,34.248
S25,Jun,Workday,07:00,34.62
S25,Jun,Workday,07:15,33.556
S25,Jun,Workday,07:30,27.896
S25,Jun,Workday,07:45,25.984
S25,Jun,Workday,08:00,23.812
S25,Jun,Workday,08:15,23.472
S25,Jun,Workday,08:30,21.872
S25,Jun,Workday,08:45,20.716
S25,Jun,Workday,09:00,17.088
S25,Jun,Workday,09:15,14.668
S25,Jun,Workday,09:30,13.984
S25,Jun,Workday,09:45,14.652
S25,Jun,Workday,10:00,15.276
S25,Jun,Workday,10:15,15.104
S25,Jun,Workday,10:30,12.736
S25,Jun,Workday,10:45,11.352
S25,Jun,Workday,11:00,10.848
S25,Jun,Workday,11:15,9.584
S25,Jun,Workday,11:30,9.108
S25,Jun,Workday,11:45,8.08
S25,Jun,Workday,12:00,9.828
S25,Jun,Workday,12:15,11.148
S25,Jun,Workday,12:30,12.204
S25,Jun,Workday,12:45,10.308
S25,Jun,Workday,13:00,8.7
S25,Jun,Workday,13:15,7.572
S25,Jun,Workday,13:30,8.024
S25,Jun,Workday,13:45,7.976
S25,Jun,Workday,14:00,7.5
S25,Jun,Workday,14:15,7.864
S25,Jun,Workday,14:30,6.772
S25,Jun,Workday,14:45,7.176
S25,Jun,Workday,15:00,6.936
S25,Jun,Workday,15:15,7.788
S25,Jun,Workday,15:30,7.784
S25,Jun,Workday,15:45,8.284
S25,Jun,Workday,16:00,8.52
S25,Jun,Workday,16:15,10.08
S25,Jun,Workday,16:30,9.12
S25,Jun,Workday,16:45,10.576
S25,Jun,Workday,17:00,11.628
S25,Jun,Workday,17:15,11.74
S25,Jun,Workday,17:30,14.152
S25,Jun,Workday,17:45,15.664
S25,Jun,Workday,18:00,13.94
S25,Jun,Workday,18:15,15.1
S25,Jun,Workday,18:30,17.212
S25,Jun,Workday,18:45,19.076
S25,Jun,Workday,19:00,18.332
S25,Jun,Workday,19:15,17.28
S25,Jun,Workday,19:30,17.552
S25,Jun,Workday,19:45,20.424
S25,Jun,Workday,20:00,21.816
S25,Jun,Workday,20:15,23.444
S25,Jun,Workday,20:30,22.192
S25,Jun,Workday,20:45,22.52
S25,Jun,Workday,21:00,24.228
S25,Jun,Workday,21:15,22.608
S25,Jun,Workday,21:30,22.38
S25,Jun,Workday,21:45,26.148
S25,Jun,Workday,22:00,26.808
S25,Jun,Workday,22:15,23.8
S25,Jun,Workday,22:30,24.132
S25,Jun,Workday,22:45,22.376
S25,Jun,Workday,23:00,20.656
S25,Jun,Workday,23:15,19.244
S25,Jun,Workday,23:30,19.128
S25,Jun,Workday,23:45,19.336
S25,Jun,Saturday,00:00,30.192
S25,Jun,Saturday,00:15,28.936
S25,Jun,Saturday,00:30,27.66
S25,Jun,Saturday,00:45,28.48
S25,Jun,Saturday,01:00,26.656
S25,Jun,Saturday,01:15,28.672
S25,Jun,Saturday,01:30,27.192
S25,Jun,Saturday,01:45,23.532
S25,Jun,Saturday,02:00,24.62
S25,Jun,Saturday,02:15,24.216
S25,Jun,Saturday,02:30,23.604
S25,Jun,Saturday,02:45,26.748
S25,Jun,Saturday,03:00,25.86
S25,Jun,Saturday,03:15,26.244
S25,Jun,Saturday,03:30,27.332
S25,Jun,Saturday,03:45,31.284
S25,Jun,Saturday,04:00,30.28
S25,Jun,Saturday,04:15,32.848
S25,Jun,Saturday,04:30,35.772
S25,Jun,Saturday,04:45,38.14
S25,Jun,Saturday,05:00,40.164
S25,Jun,Saturday,05:15,43.32
S25,Jun,Saturday,05:30,36.556
S25,Jun,Saturday,05:45,34.292
S25,Jun,Saturday,06:00,35.604
S25,Jun,Saturday,06:15,32.192
S25,Jun,Saturday,06:30,29.524
S25,Jun,Saturday,06:45,24.636
S25,Jun,Saturday,07:00,19.88
S25,Jun,Saturday,07:15,23.68
S25,Jun,Saturday,07:30,24.704
S25,Jun,Saturday,07:45,24.304
S25,Jun,Saturday,08:00,28.06
S25,Jun,Saturday,08:15,27.988
S25,Jun,Saturday,08:30,32.148
S25,Jun,Saturday,08:45,24.764
S25,Jun,Saturday,09:00,26.184
S25,Jun,Saturday,09:15,14.272
S25,Jun,Saturday,09:30,15.72
S25,Jun,Saturday,09:45,11.556
S25,Jun,Saturday,10:00,10.488
S25,Jun,Saturday,10:15,9.612
S25,Jun,Saturday,10:30,12.672
S25,Jun,Saturday,10:45,13.952
S25,Jun,Saturday,11:00,8.492
S25,Jun,Saturday,11:15,11.24
S25,Jun,Saturday,11:30,10.304
S25,Jun,Saturday,11:45,9.528
S25,Jun,Saturday,12:00,9.48
S25,Jun,Saturday,12:15,8.412
S25,Jun,Saturday,12:30,10.812
S25,Jun,Saturday,12:45,4.952
S25,Jun,Saturday,13:00,3.256
S25,Jun,Saturday,13:15,9.784
S25,Jun,Saturday,13:30,5.276
S25,Jun,Saturday,13:45,4.192
S25,Jun,Saturday,14:00,6.284
S25,Jun,Saturday,14:15,8.008
S25,Jun,Saturday,14:30,9.944
S25,Jun,Saturday,14:45,8.88
S25,Jun,Saturday,15:00,9.872
S25,Jun,Saturday,15:15,8.668
S25,Jun,Saturday,15:30,6.88
S25,Jun,Saturday,15:45,7.06
S25,Jun,Saturday,16:00,5.02
S25,Jun,Saturday,16:15,6.464
S25,Jun,Saturday,16:30,9.12
S25,Jun,Saturday,16:45,11.072
S25,Jun,Saturday,17:00,10.348
S25,Jun,Saturday,17:15,8.368
S25,Jun,Saturday,17:30,11.156
S25,Jun,Saturday,17:45,10.796
S25,Jun,Saturday,18:00,12.576
S25,Jun,Saturday,18:15,14.72
S25,Jun,Saturday,18:30,20.06
S25,Jun,Saturday,18:45,18.432
S25,Jun,Saturday,19:00,12.764
S25,Jun,Saturday,19:15,17.768
S25,Jun,Saturday,19:30,21.388
S25,Jun,Saturday,19:45,18.868
S25,Jun,Saturday,20:00,23.056
S25,Jun,Saturday,20:15,24.644
S25,Jun,Saturday,20:30,22.836
S25,Jun,Saturday,20:45,24.8
S25,Jun,Saturday,21:00,24.04
S25,Jun,Saturday,21:15,26.1
S25,Jun,Saturday,21:30,22.5
S25,Jun,Saturday,21:45,22.728
S25,Jun,Saturday,22:00,23.476
S25,Jun,Saturday,22:15,21.612
S25,Jun,Saturday,22:30,21.408
S25,Jun,Saturday,22:45,18.716
S25,Jun,Saturday,23:00,15.184
S25,Jun,Saturday,23:15,17.268
S25,Jun,Saturday,23:30,17.676
S25,Jun,Saturday,23:45,17.916
S25,Jun,Sunday,00:00,19.764
S25,Jun,Sunday,00:15,18.884
S25,Jun,Sunday,00:30,19.996
S25,Jun,Sunday,00:45,17.8
S25,Jun,Sunday,01:00,20.08
S25,Jun,Sunday,01:15,20.968
S25,Jun,Sunday,01:30,22.376
S25,Jun,Sunday,01:45,21.688
S25,Jun,Sunday,02:00,22.38
S25,Jun,Sunday,02:15,22.66
S25,Jun,Sunday,02:30,22.92
S25,Jun,Sunday,02:45,24.052
S25,Jun,Sunday,03:00,26.496
S25,Jun,Sunday,03:15,31.232
S25,Jun,Sunday,03:30,26.576
S25,Jun,Sunday,03:45,25.936
S25,Jun,Sunday,04:00,27.036
S25,Jun,Sunday,04:15,28.716
S25,Jun,Sunday,04:30,32.904
S25,Jun,Sunday,04:45,34.852
S25,Jun,Sunday,05:00,33.444
S25,Jun,Sunday,05:15,31.872
S25,Jun,Sunday,05:30,31.86
S25,Jun,Sunday,05:45,26.512
S25,Jun,Sunday,06:00,24.172
S25,Jun,Sunday,06:15,26.212
S25,Jun,Sunday,06:30,31.92
S25,Jun,Sunday,06:45,23.952
S25,Jun,Sunday,07:00,24.8
S25,Jun,Sunday,07:15,21.312
S25,Jun,Sunday,07:30,22.832
S25,Jun,Sunday,07:45,22.068
S25,Jun,Sunday,08:00,22.288
S25,Jun,Sunday,08:15,18.916
S25,Jun,Sunday,08:30,14.824
S25,Jun,Sunday,08:45,15.904
S25,Jun,Sunday,09:00,13.652
S25,Jun,Sunday,09:15,13.416
S25,Jun,Sunday,09:30,13.26
S25,Jun,Sunday,09:45,10.616
S25,Jun,Sunday,10:00,9.14
S25,Jun,Sunday,10:15,8.544
S25,Jun,Sunday,10:30,7.864
S25,Jun,Sunday,10:45,9.512
S25,Jun,Sunday,11:00,9.38
S25,Jun,Sunday,11:15,8.252
S25,Jun,Sunday,11:30,10.244
S25,Jun,Sunday,11:45,9.86
S25,Jun,Sunday,12:00,11.752
S25,Jun,Sunday,12:15,15.456
S25,Jun,Sunday,12:30,10.256
S25,Jun,Sunday,12:45,7.58
S25,Jun,Sunday,13:00,4.964
S25,Jun,Sunday,13:15,4.804
S25,Jun,Sunday,13:30,5.756
S25,Jun,Sunday,13:45,3.92
S25,Jun,Sunday,14:00,6.264
S25,Jun,Sunday,14:15,5.716
S25,Jun,Sunday,14:30,5.66
S25,Jun,Sunday,14:45,6.336
S25,Jun,Sunday,15:00,5.148
S25,Jun,Sunday,15:15,6.108
S25,Jun,Sunday,15:30,9.296
S25,Jun,Sunday,15:45,7.304
S25,Jun,Sunday,16:00,9.208
S25,Jun,Sunday,16:15,10.452
S25,Jun,Sunday,16:30,9.048
S25,Jun,Sunday,16:45,7.968
S25,Jun,Sunday,17:00,7.292
S25,Jun,Sunday,17:15,8.336
S25,Jun,Sunday,17:30,8.608
S25,Jun,Sunday,17:45,10.04
S25,Jun,Sunday,18:00,12.036
S25,Jun,Sunday,18:15,13.348
S25,Jun,Sunday,18:30,18.896
S25,Jun,Sunday,18:45,14.824
S25,Jun,Sunday,19:00,11.828
S25,Jun,Sunday,19:15,16.2
S25,Jun,Sunday,19:30,15.98
S25,Jun,Sunday,19:45,18.028
S25,Jun,Sunday,20:00,22.4
S25,Jun,Sunday,20:15,22.888
S25,Jun,Sunday,20:30,19.348
S25,Jun,Sunday,20:45,20.748
S25,Jun,Sunday,21:00,18.94
S25,Jun,Sunday,21:15,19.204
S25,Jun,Sunday,21:30,19.124
S25,Jun,Sunday,21:45,24.744
S25,Jun,Sunday,22:00,22.044
S25,Jun,Sunday,22:15,21.144
S25,Jun,Sunday,22:30,17.572
S25,Jun,Sunday,22:45,14.848
S25,Jun,Sunday,23:00,13.176
S25,Jun,Sunday,23:15,14.324
S25,Jun,Sunday,23:30,14.26
S25,Jun,Sunday,23:45,14.852
S25,Jul,Workday,00:00,22.048
S25,Jul,Workday,00:15,21.456
S25,Jul,Workday,00:30,19.768
S25,Jul,Workday,00:45,20.448
S25,Jul,Workday,01:00,20.288
S25,Jul,Workday,01:15,19.66
S25,Jul,Workday,01:30,20.788
S25,Jul,Workday,01:45,21.264
S25,Jul,Workday,02:00,22.176
S25,Jul,Workday,02:15,22.508
S25,Jul,Workday,02:30,22.912
S25,Jul,Workday,02:45,22.72
S25,Jul,Workday,03:00,23.58
S25,Jul,Workday,03:15,24.768
S25,Jul,Workday,03:30,26.324
S25,Jul,Workday,03:45,26.628
S25,Jul,Workday,04:00,27.592
S25,Jul,Workday,04:15,29.048
S25,Jul,Workday,04:30,32.992
S25,Jul,Workday,04:45,35.64
S25,Jul,Workday,05:00,40.26
S25,Jul,Workday,05:15,40.672
S25,Jul,Workday,05:30,40.22
S25,Jul,Workday,05:45,42.976
S25,Jul,Workday,06:00,40.7
S25,Jul,Workday,06:15,41.608
S25,Jul,Workday,06:30,36.584
S25,Jul,Workday,06:45,35.916
S25,Jul,Workday,07:00,34.716
S25,Jul,Workday,07:15,31.44
S25,Jul,Workday,07:30,32.636
S25,Jul,Workday,07:45,31.892
S25,Jul,Workday,08:00,28.848
S25,Jul,Workday,08:15,29.352
S25,Jul,Workday,08:30,26.188
S25,Jul,Workday,08:45,24.792
S25,Jul,Workday,09:00,24.432
S25,Jul,Workday,09:15,22.24
S25,Jul,Workday,09:30,23.636
S25,Jul,Workday,09:45,23.468
S25,Jul,Workday,10:00,21.944
S25,Jul,Workday,10:15,21.476
S25,Jul,Workday,10:30,20.996
S25,Jul,Workday,10:45,21.372
S25,Jul,Workday,11:00,20.82
S25,Jul,Workday,11:15,18.52
S25,Jul,Workday,11:30,17.752
S25,Jul,Workday,11:45,16.076
S25,Jul,Workday,12:00,17.28
S25,Jul,Workday,12:15,17.18
S25,Jul,Workday,12:30,15.48
S25,Jul,Workday,12:45,14.684
S25,Jul,Workday,13:00,12.248
S25,Jul,Workday,13:15,11.036
S25,Jul,Workday,13:30,10.252
S25,Jul,Workday,13:45,9.244
S25,Jul,Workday,14:00,9.692
S25,Jul,Workday,14:15,11.26
S25,Jul,Workday,14:30,9.952
S25,Jul,Workday,14:45,9.516
S25,Jul,Workday,15:00,9.708
S25,Jul,Workday,15:15,10.64
S25,Jul,Workday,15:30,9.792
S25,Jul,Workday,15:45,9.8
S25,Jul,Workday,16:00,11.664
S25,Jul,Workday,16:15,12.816
S25,Jul,Workday,16:30,11.064
S25,Jul,Workday,16:45,12.68
S25,Jul,Workday,17:00,14.112
S25,Jul,Workday,17:15,15.796
S25,Jul,Workday,17:30,18.736
S25,Jul,Workday,17:45,20.684
S25,Jul,Workday,18:00,19.332
S25,Jul,Workday,18:15,20.704
S25,Jul,Workday,18:30,21.144
S25,Jul,Workday,18:45,23.072
S25,Jul,Workday,19:00,21.868
S25,Jul,Workday,19:15,21.864
S25,Jul,Workday,19:30,24.204
S25,Jul,Workday,19:45,23.58
S25,Jul,Workday,20:00,23.584
S25,Jul,Workday,20:15,24.324
S25,Jul,Workday,20:30,26.012
S25,Jul,Workday,20:45,27.732
S25,Jul,Workday,21:00,27.696
S25,Jul,Workday,21:15,29.4
S25,Jul,Workday,21:30,29.356
S25,Jul,Workday,21:45,31.496
S25,Jul,Workday,22:00,30.644
S25,Jul,Workday,22:15,27.512
S25,Jul,Workday,22:30,26.68
S25,Jul,Workday,22:45,24.968
S25,Jul,Workday,23:00,23.648
S25,Jul,Workday,23:15,23.44
S25,Jul,Workday,23:30,23.588
S25,Jul,Workday,23:45,24.008
S25,Jul,Saturday,00:00,27.832
S25,Jul,Saturday,00:15,25.24
S25,Jul,Saturday,00:30,26.408
S25,Jul,Saturday,00:45,25.924
S25,Jul,Saturday,01:00,26.528
S25,Jul,Saturday,01:15,26.732
S25,Jul,Saturday,01:30,28.712
S25,Jul,Saturday,01:45,27.48
S25,Jul,Saturday,02:00,30.824
S25,Jul,Saturday,02:15,31.892
S25,Jul,Saturday,02:30,30.36
S25,Jul,Saturday,02:45,31.584
S25,Jul,Saturday,03:00,31.168
S25,Jul,Saturday,03:15,31.524
S25,Jul,Saturday,03:30,33.764
S25,Jul,Saturday,03:45,34.324
S25,Jul,Saturday,04:00,35.26
S25,Jul,Saturday,04:15,35.792
S25,Jul,Saturday,04:30,39.112
S25,Jul,Saturday,04:45,43.148
S25,Jul,Saturday,05:00,45.64
S25,Jul,Saturday,05:15,47.188
S25,Jul,Saturday,05:30,44.876
S25,Jul,Saturday,05:45,42.616
S25,Jul,Saturday,06:00,50.52
S25,Jul,Saturday,06:15,43.088
S25,Jul,Saturday,06:30,36.588
S25,Jul,Saturday,06:45,33.996
S25,Jul,Saturday,07:00,35.08
S25,Jul,Saturday,07:15,38.46
S25,Jul,Saturday,07:30,35.636
S25,Jul,Saturday,07:45,29.38
S25,Jul,Saturday,08:00,30.992
S25,Jul,Saturday,08:15,29.192
S25,Jul,Saturday,08:30,24.356
S25,Jul,Saturday,08:45,26.016
S25,Jul,Saturday,09:00,23.352
S25,Jul,Saturday,09:15,22.048
S25,Jul,Saturday,09:30,18.588
S25,Jul,Saturday,09:45,17.128
S25,Jul,Saturday,10:00,29.676
S25,Jul,Saturday,10:15,23.296
S25,Jul,Saturday,10:30,27.688
S25,Jul,Saturday,10:45,28.836
S25,Jul,Saturday,11:00,30.916
S25,Jul,Saturday,11:15,21.496
S25,Jul,Saturday,11:30,28.02
S25,Jul,Saturday,11:45,28.848
S25,Jul,Saturday,12:00,29.028
S25,Jul,Saturday,12:15,27.292
S25,Jul,Saturday,12:30,19.38
S25,Jul,Saturday,12:45,20.104
S25,Jul,Saturday,13:00,23.68
S25,Jul,Saturday,13:15,15.972
S25,Jul,Saturday,13:30,16.24
S25,Jul,Saturday,13:45,14.612
S25,Jul,Saturday,14:00,16.104
S25,Jul,Saturday,14:15,17.3
S25,Jul,Saturday,14:30,12.856
S25,Jul,Saturday,14:45,14.704
S25,Jul,Saturday,15:00,13.012
S25,Jul,Saturday,15:15,12.228
S25,Jul,Saturday,15:30,12.356
S25,Jul,Saturday,15:45,13.128
S25,Jul,Saturday,16:00,15.032
S25,Jul,Saturday,16:15,14.028
S25,Jul,Saturday,16:30,13.932
S25,Jul,Saturday,16:45,13.672
S25,Jul,Saturday,17:00,17.72
S25,Jul,Saturday,17:15,19.78
S25,Jul,Saturday,17:30,16.968
S25,Jul,Saturday,17:45,23.78
S25,Jul,Saturday,18:00,25.208
S25,Jul,Saturday,18:15,23.984
S25,Jul,Saturday,18:30,20.692
S25,Jul,Saturday,18:45,23.996
S25,Jul,Saturday,19:00,26.18
S25,Jul,Saturday,19:15,29.448
S25,Jul,Saturday,19:30,30.46
S25,Jul,Saturday,19:45,33.592
S25,Jul,Saturday,20:00,40.288
S25,Jul,Saturday,20:15,32.08
S25,Jul,Saturday,20:30,33.388
S25,Jul,Saturday,20:45,34.544
S25,Jul,Saturday,21:00,34.128
S25,Jul,Saturday,21:15,35.12
S25,Jul,Saturday,21:30,31.312
S25,Jul,Saturday,21:45,32.684
S25,Jul,Saturday,22:00,31.86
S25,Jul,Saturday,22:15,30.16
S25,Jul,Saturday,22:30,30.736
S25,Jul,Saturday,22:45,28.716
S25,Jul,Saturday,23:00,26.0
S25,Jul,Saturday,23:15,24.508
S25,Jul,Saturday,23:30,23.524
S25,Jul,Saturday,23:45,27.648
S25,Jul,Sunday,00:00,26.56
S25,Jul,Sunday,00:15,26.564
S25,Jul,Sunday,00:30,25.524
S25,Jul,Sunday,00:45,24.856
S25,Jul,Sunday,01:00,25.492
S25,Jul,Sunday,01:15,26.028
S25,Jul,Sunday,01:30,25.264
S25,Jul,Sunday,01:45,25.884
S25,Jul,Sunday,02:00,26.152
S25,Jul,Sunday,02:15,27.068
S25,Jul,Sunday,02:30,29.42
S25,Jul,Sunday,02:45,28.58
S25,Jul,Sunday,03:00,29.804
S25,Jul,Sunday,03:15,35.092
S25,Jul,Sunday,03:30,31.164
S25,Jul,Sunday,03:45,33.192
S25,Jul,Sunday,04:00,33.792
S25,Jul,Sunday,04:15,33.424
S25,Jul,Sunday,04:30,34.98
S25,Jul,Sunday,04:45,40.692
S25,Jul,Sunday,05:00,42.44
S25,Jul,Sunday,05:15,43.552
S25,Jul,Sunday,05:30,43.824
S25,Jul,Sunday,05:45,42.28
S25,Jul,Sunday,06:00,41.072
S25,Jul,Sunday,06:15,37.848
S25,Jul,Sunday,06:30,39.008
S25,Jul,Sunday,06:45,35.564
S25,Jul,Sunday,07:00,28.88
S25,Jul,Sunday,07:15,28.492
S25,Jul,Sunday,07:30,23.228
S25,Jul,Sunday,07:45,29.616
S25,Jul,Sunday,08:00,26.78
S25,Jul,Sunday,08:15,27.348
S25,Jul,Sunday,08:30,23.42
S25,Jul,Sunday,08:45,20.056
S25,Jul,Sunday,09:00,21.608
S25,Jul,Sunday,09:15,20.368
S25,Jul,Sunday,09:30,20.612
S25,Jul,Sunday,09:45,19.104
S25,Jul,Sunday,10:00,17.764
S25,Jul,Sunday,10:15,22.66
S25,Jul,Sunday,10:30,17.652
S25,Jul,Sunday,10:45,18.136
S25,Jul,Sunday,11:00,18.32
S25,Jul,Sunday,11:15,23.916
S25,Jul,Sunday,11:30,20.268
S25,Jul,Sunday,11:45,18.816
S25,Jul,Sunday,12:00,18.936
S25,Jul,Sunday,12:15,25.784
S25,Jul,Sunday,12:30,20.508
S25,Jul,Sunday,12:45,16.228
S25,Jul,Sunday,13:00,15.58
S25,Jul,Sunday,13:15,12.352
S25,Jul,Sunday,13:30,13.252
S25,Jul,Sunday,13:45,18.056
S25,Jul,Sunday,14:00,13.272
S25,Jul,Sunday,14:15,20.82
S25,Jul,Sunday,14:30,19.112
S25,Jul,Sunday,14:45,16.904
S25,Jul,Sunday,15:00,14.564
S25,Jul,Sunday,15:15,12.54
S25,Jul,Sunday,15:30,15.132
S25,Jul,Sunday,15:45,13.12
S25,Jul,Sunday,16:00,15.068
S25,Jul,Sunday,16:15,13.348
S25,Jul,Sunday,16:30,13.128
S25,Jul,Sunday,16:45,13.076
S25,Jul,Sunday,17:00,17.308
S25,Jul,Sunday,17:15,18.04
S25,Jul,Sunday,17:30,17.164
S25,Jul,Sunday,17:45,16.264
S25,Jul,Sunday,18:00,16.476
S25,Jul,Sunday,18:15,17.416
S25,Jul,Sunday,18:30,16.188
S25,Jul,Sunday,18:45,18.128
S25,Jul,Sunday,19:00,18.488
S25,Jul,Sunday,19:15,16.608
S25,Jul,Sunday,19:30,21.884
S25,Jul,Sunday,19:45,22.468
S25,Jul,Sunday,20:00,23.508
S25,Jul,Sunday,20:15,25.472
S25,Jul,Sunday,20:30,31.324
S25,Jul,Sunday,20:45,24.852
S25,Jul,Sunday,21:00,22.284
S25,Jul,Sunday,21:15,24.184
S25,Jul,Sunday,21:30,25.08
S25,Jul,Sunday,21:45,27.676
S25,Jul,Sunday,22:00,24.1
S25,Jul,Sunday,22:15,23.3
S25,Jul,Sunday,22:30,21.816
S25,Jul,Sunday,22:45,20.176
S25,Jul,Sunday,23:00,19.288
S25,Jul,Sunday,23:15,19.772
S25,Jul,Sunday,23:30,19.188
S25,Jul,Sunday,23:45,19.54
S25,Aug,Workday,00:00,30.804
S25,Aug,Workday,00:15,29.64
S25,Aug,Workday,00:30,29.852
S25,Aug,Workday,00:45,31.372
S25,Aug,Workday,01:00,30.656
S25,Aug,Workday,01:15,30.908
S25,Aug,Workday,01:30,30.764
S25,Aug,Workday,01:45,30.932
S25,Aug,Workday,02:00,30.636
S25,Aug,Workday,02:15,30.86
S25,Aug,Workday,02:30,31.728
S25,Aug,Workday,02:45,32.812
S25,Aug,Workday,03:00,33.552
S25,Aug,Workday,03:15,34.124
S25,Aug,Workday,03:30,35.456
S25,Aug,Workday,03:45,36.324
S25,Aug,Workday,04:00,37.784
S25,Aug,Workday,04:15,39.964
S25,Aug,Workday,04:30,42.24
S25,Aug,Workday,04:45,45.16
S25,Aug,Workday,05:00,50.644
S25,Aug,Workday,05:15,57.676
S25,Aug,Workday,05:30,60.688
S25,Aug,Workday,05:45,67.36
S25,Aug,Workday,06:00,70.5
S25,Aug,Workday,06:15,70.752
S25,Aug,Workday,06:30,71.684
S25,Aug,Workday,06:45,72.86
S25,Aug,Workday,07:00,68.612
S25,Aug,Workday,07:15,65.16
S25,Aug,Workday,07:30,60.22
S25,Aug,Workday,07:45,56.484
S25,Aug,Workday,08:00,48.24
S25,Aug,Workday,08:15,42.456
S25,Aug,Workday,08:30,41.756
S25,Aug,Workday,08:45,38.28
S25,Aug,Workday,09:00,32.544
S25,Aug,Workday,09:15,30.936
S25,Aug,Workday,09:30,27.112
S25,Aug,Workday,09:45,25.412
S25,Aug,Workday,10:00,24.248
S25,Aug,Workday,10:15,23.092
S25,Aug,Workday,10:30,21.112
S25,Aug,Workday,10:45,21.668
S25,Aug,Workday,11:00,21.484
S25,Aug,Workday,11:15,19.84
S25,Aug,Workday,11:30,17.86
S25,Aug,Workday,11:45,15.796
S25,Aug,Workday,12:00,17.516
S25,Aug,Workday,12:15,16.508
S25,Aug,Workday,12:30,15.716
S25,Aug,Workday,12:45,15.284
S25,Aug,Workday,13:00,13.704
S25,Aug,Workday,13:15,11.148
S25,Aug,Workday,13:30,10.164
S25,Aug,Workday,13:45,10.516
S25,Aug,Workday,14:00,10.656
S25,Aug,Workday,14:15,11.116
S25,Aug,Workday,14:30,10.492
S25,Aug,Workday,14:45,9.636
S25,Aug,Workday,15:00,9.616
S25,Aug,Workday,15:15,9.436
S25,Aug,Workday,15:30,8.896
S25,Aug,Workday,15:45,9.748
S25,Aug,Workday,16:00,11.272
S25,Aug,Workday,16:15,10.984
S25,Aug,Workday,16:30,12.172
S25,Aug,Workday,16:45,12.924
S25,Aug,Workday,17:00,16.188
S25,Aug,Workday,17:15,16.888
S25,Aug,Workday,17:30,19.688
S25,Aug,Workday,17:45,20.908
S25,Aug,Workday,18:00,23.588
S25,Aug,Workday,18:15,24.616
S25,Aug,Workday,18:30,24.484
S25,Aug,Workday,18:45,26.112
S25,Aug,Workday,19:00,29.04
S25,Aug,Workday,19:15,29.344
S25,Aug,Workday,19:30,31.052
S25,Aug,Workday,19:45,31.056
S25,Aug,Workday,20:00,31.932
S25,Aug,Workday,20:15,30.644
S25,Aug,Workday,20:30,30.736
S25,Aug,Workday,20:45,31.228
S25,Aug,Workday,21:00,31.488
S25,Aug,Workday,21:15,31.632
S25,Aug,Workday,21:30,30.26
S25,Aug,Workday,21:45,30.416
S25,Aug,Workday,22:00,29.964
S25,Aug,Workday,22:15,29.52
S25,Aug,Workday,22:30,29.396
S25,Aug,Workday,22:45,29.612
S25,Aug,Workday,23:00,30.252
S25,Aug,Workday,23:15,29.984
S25,Aug,Workday,23:30,29.184
S25,Aug,Workday,23:45,29.94
S25,Aug,Saturday,00:00,34.04
S25,Aug,Saturday,00:15,32.456
S25,Aug,Saturday,00:30,36.096
S25,Aug,Saturday,00:45,35.364
S25,Aug,Saturday,01:00,35.584
S25,Aug,Saturday,01:15,37.396
S25,Aug,Saturday,01:30,34.492
S25,Aug,Saturday,01:45,34.708
S25,Aug,Saturday,02:00,37.072
S25,Aug,Saturday,02:15,37.148
S25,Aug,Saturday,02:30,35.3
S25,Aug,Saturday,02:45,34.572
S25,Aug,Saturday,03:00,34.048
S25,Aug,Saturday,03:15,34.448
S25,Aug,Saturday,03:30,37.584
S25,Aug,Saturday,03:45,40.112
S25,Aug,Saturday,04:00,41.6
S25,Aug,Saturday,04:15,44.168
S25,Aug,Saturday,04:30,45.652
S25,Aug,Saturday,04:45,46.26
S25,Aug,Saturday,05:00,50.992
S25,Aug,Saturday,05:15,51.908
S25,Aug,Saturday,05:30,53.004
S25,Aug,Saturday,05:45,57.956
S25,Aug,Saturday,06:00,64.224
S25,Aug,Saturday,06:15,70.032
S25,Aug,Saturday,06:30,64.132
S25,Aug,Saturday,06:45,61.648
S25,Aug,Saturday,07:00,62.44
S25,Aug,Saturday,07:15,64.268
S25,Aug,Saturday,07:30,57.42
S25,Aug,Saturday,07:45,59.232
S25,Aug,Saturday,08:00,58.664
S25,Aug,Saturday,08:15,59.268
S25,Aug,Saturday,08:30,55.712
S25,Aug,Saturday,08:45,46.36
S25,Aug,Saturday,09:00,46.136
S25,Aug,Saturday,09:15,45.896
S25,Aug,Saturday,09:30,44.7
S25,Aug,Saturday,09:45,37.384
S25,Aug,Saturday,10:00,28.22
S25,Aug,Saturday,10:15,30.488
S25,Aug,Saturday,10:30,24.036
S25,Aug,Saturday,10:45,29.692
S25,Aug,Saturday,11:00,28.42
S25,Aug,Saturday,11:15,26.316
S25,Aug,Saturday,11:30,25.972
S25,Aug,Saturday,11:45,24.14
S25,Aug,Saturday,12:00,19.812
S25,Aug,Saturday,12:15,25.136
S25,Aug,Saturday,12:30,20.556
S25,Aug,Saturday,12:45,18.424
S25,Aug,Saturday,13:00,20.308
S25,Aug,Saturday,13:15,13.212
S25,Aug,Saturday,13:30,10.184
S25,Aug,Saturday,13:45,10.072
S25,Aug,Saturday,14:00,11.232
S25,Aug,Saturday,14:15,8.24
S25,Aug,Saturday,14:30,7.692
S25,Aug,Saturday,14:45,9.976
S25,Aug,Saturday,15:00,9.544
S25,Aug,Saturday,15:15,9.404
S25,Aug,Saturday,15:30,12.432
S25,Aug,Saturday,15:45,10.82
S25,Aug,Saturday,16:00,14.684
S25,Aug,Saturday,16:15,17.58
S25,Aug,Saturday,16:30,15.96
S25,Aug,Saturday,16:45,22.056
S25,Aug,Saturday,17:00,18.032
S25,Aug,Saturday,17:15,17.832
S25,Aug,Saturday,17:30,21.452
S25,Aug,Saturday,17:45,20.708
S25,Aug,Saturday,18:00,24.668
S25,Aug,Saturday,18:15,26.92
S25,Aug,Saturday,18:30,27.04
S25,Aug,Saturday,18:45,24.964
S25,Aug,Saturday,19:00,30.04
S25,Aug,Saturday,19:15,18.76
S25,Aug,Saturday,19:30,23.644
S25,Aug,Saturday,19:45,30.36
S25,Aug,Saturday,20:00,30.488
S25,Aug,Saturday,20:15,26.888
S25,Aug,Saturday,20:30,28.432
S25,Aug,Saturday,20:45,29.396
S25,Aug,Saturday,21:00,31.164
S25,Aug,Saturday,21:15,30.976
S25,Aug,Saturday,21:30,28.888
S25,Aug,Saturday,21:45,26.568
S25,Aug,Saturday,22:00,28.58
S25,Aug,Saturday,22:15,33.472
S25,Aug,Saturday,22:30,37.144
S25,Aug,Saturday,22:45,38.652
S25,Aug,Saturday,23:00,36.54
S25,Aug,Saturday,23:15,36.44
S25,Aug,Saturday,23:30,31.408
S25,Aug,Saturday,23:45,33.1
S25,Aug,Sunday,00:00,33.76
S25,Aug,Sunday,00:15,31.052
S25,Aug,Sunday,00:30,30.964
S25,Aug,Sunday,00:45,31.712
S25,Aug,Sunday,01:00,31.816
S25,Aug,Sunday,01:15,32.26
S25,Aug,Sunday,01:30,33.64
S25,Aug,Sunday,01:45,33.412
S25,Aug,Sunday,02:00,33.784
S25,Aug,Sunday,02:15,35.076
S25,Aug,Sunday,02:30,35.484
S25,Aug,Sunday,02:45,34.084
S25,Aug,Sunday,03:00,38.984
S25,Aug,Sunday,03:15,41.996
S25,Aug,Sunday,03:30,38.076
S25,Aug,Sunday,03:45,41.348
S25,Aug,Sunday,04:00,42.824
S25,Aug,Sunday,04:15,47.352
S25,Aug,Sunday,04:30,47.088
S25,Aug,Sunday,04:45,51.968
S25,Aug,Sunday,05:00,53.26
S25,Aug,Sunday,05:15,53.1
S25,Aug,Sunday,05:30,56.756
S25,Aug,Sunday,05:45,60.888
S25,Aug,Sunday,06:00,65.192
S25,Aug,Sunday,06:15,66.1
S25,Aug,Sunday,06:30,68.012
S25,Aug,Sunday,06:45,58.488
S25,Aug,Sunday,07:00,62.604
S25,Aug,Sunday,07:15,52.412
S25,Aug,Sunday,07:30,51.18
S25,Aug,Sunday,07:45,38.816
S25,Aug,Sunday,08:00,43.48
S25,Aug,Sunday,08:15,43.1
S25,Aug,Sunday,08:30,64.452
S25,Aug,Sunday,08:45,62.584
S25,Aug,Sunday,09:00,51.244
S25,Aug,Sunday,09:15,34.192
S25,Aug,Sunday,09:30,29.432
S25,Aug,Sunday,09:45,33.716
S25,Aug,Sunday,10:00,32.056
S25,Aug,Sunday,10:15,35.208
S25,Aug,Sunday,10:30,27.376
S25,Aug,Sunday,10:45,27.592
S25,Aug,Sunday,11:00,29.296
S25,Aug,Sunday,11:15,22.896
S25,Aug,Sunday,11:30,18.156
S25,Aug,Sunday,11:45,17.732
S25,Aug,Sunday,12:00,18.928
S25,Aug,Sunday,12:15,17.188
S25,Aug,Sunday,12:30,14.02
S25,Aug,Sunday,12:45,12.664
S25,Aug,Sunday,13:00,14.416
S25,Aug,Sunday,13:15,11.172
S25,Aug,Sunday,13:30,9.94
S25,Aug,Sunday,13:45,8.288
S25,Aug,Sunday,14:00,9.232
S25,Aug,Sunday,14:15,12.972
S25,Aug,Sunday,14:30,9.972
S25,Aug,Sunday,14:45,8.004
S25,Aug,Sunday,15:00,9.948
S25,Aug,Sunday,15:15,12.924
S25,Aug,Sunday,15:30,11.992
S25,Aug,Sunday,15:45,13.04
S25,Aug,Sunday,16:00,11.272
S25,Aug,Sunday,16:15,11.372
S25,Aug,Sunday,16:30,10.74
S25,Aug,Sunday,16:45,10.884
S25,Aug,Sunday,17:00,11.904
S25,Aug,Sunday,17:15,16.08
S25,Aug,Sunday,17:30,19.64
S25,Aug,Sunday,17:45,25.688
S25,Aug,Sunday,18:00,26.076
S25,Aug,Sunday,18:15,28.592
S25,Aug,Sunday,18:30,30.06
S25,Aug,Sunday,18:45,34.952
S25,Aug,Sunday,19:00,37.308
S25,Aug,Sunday,19:15,42.108
S25,Aug,Sunday,19:30,42.136
S25,Aug,Sunday,19:45,39.584
S25,Aug,Sunday,20:00,39.784
S25,Aug,Sunday,20:15,37.464
S25,Aug,Sunday,20:30,37.344
S25,Aug,Sunday,20:45,34.572
S25,Aug,Sunday,21:00,31.812
S25,Aug,Sunday,21:15,32.78
S25,Aug,Sunday,21:30,34.208
S25,Aug,Sunday,21:45,35.688
S25,Aug,Sunday,22:00,33.064
S25,Aug,Sunday,22:15,31.28
S25,Aug,Sunday,22:30,35.936
S25,Aug,Sunday,22:45,32.536
S25,Aug,Sunday,23:00,31.452
S25,Aug,Sunday,23:15,30.128
S25,Aug,Sunday,23:30,30.872
S25,Aug,Sunday,23:45,30.54
S25,Sep,Workday,00:00,28.176
S25,Sep,Workday,00:15,27.28
S25,Sep,Workday,00:30,27.744
S25,Sep,Workday,00:45,27.764
S25,Sep,Workday,01:00,28.572
S25,Sep,Workday,01:15,29.432
S25,Sep,Workday,01:30,30.136
S25,Sep,Workday,01:45,31.128
S25,Sep,Workday,02:00,31.592
S25,Sep,Workday,02:15,32.444
S25,Sep,Workday,02:30,33.556
S25,Sep,Workday,02:45,35.624
S25,Sep,Workday,03:00,36.66
S25,Sep,Workday,03:15,38.192
S25,Sep,Workday,03:30,39.0
S25,Sep,Workday,03:45,39.744
S25,Sep,Workday,04:00,41.908
S25,Sep,Workday,04:15,45.012
S25,Sep,Workday,04:30,46.972
S25,Sep,Workday,04:45,51.28
S25,Sep,Workday,05:00,57.268
S25,Sep,Workday,05:15,60.336
S25,Sep,Workday,05:30,64.38
S25,Sep,Workday,05:45,70.04
S25,Sep,Workday,06:00,80.26
S25,Sep,Workday,06:15,88.504
S25,Sep,Workday,06:30,97.96
S25,Sep,Workday,06:45,103.5
S25,Sep,Workday,07:00,105.896
S25,Sep,Workday,07:15,101.248
S25,Sep,Workday,07:30,93.104
S25,Sep,Workday,07:45,84.888
S25,Sep,Workday,08:00,70.196
S25,Sep,Workday,08:15,60.384
S25,Sep,Workday,08:30,48.668
S25,Sep,Workday,08:45,41.088
S25,Sep,Workday,09:00,38.668
S25,Sep,Workday,09:15,33.472
S25,Sep,Workday,09:30,29.836
S25,Sep,Workday,09:45,28.708
S25,Sep,Workday,10:00,24.984
S25,Sep,Workday,10:15,22.46
S25,Sep,Workday,10:30,19.796
S25,Sep,Workday,10:45,19.932
S25,Sep,Workday,11:00,18.276
S25,Sep,Workday,11:15,16.656
S25,Sep,Workday,11:30,16.688
S25,Sep,Workday,11:45,17.032
S25,Sep,Workday,12:00,19.936
S25,Sep,Workday,12:15,17.24
S25,Sep,Workday,12:30,16.588
S25,Sep,Workday,12:45,15.804
S25,Sep,Workday,13:00,14.264
S25,Sep,Workday,13:15,13.828
S25,Sep,Workday,13:30,13.976
S25,Sep,Workday,13:45,11.244
S25,Sep,Workday,14:00,10.376
S25,Sep,Workday,14:15,10.748
S25,Sep,Workday,14:30,11.752
S25,Sep,Workday,14:45,11.548
S25,Sep,Workday,15:00,12.6
S25,Sep,Workday,15:15,10.732
S25,Sep,Workday,15:30,10.288
S25,Sep,Workday,15:45,11.296
S25,Sep,Workday,16:00,13.904
S25,Sep,Workday,16:15,15.644
S25,Sep,Workday,16:30,14.832
S25,Sep,Workday,16:45,16.984
S25,Sep,Workday,17:00,18.364
S25,Sep,Workday,17:15,20.24
S25,Sep,Workday,17:30,25.964
S25,Sep,Workday,17:45,29.216
S25,Sep,Workday,18:00,32.992
S25,Sep,Workday,18:15,33.28
S25,Sep,Workday,18:30,35.648
S25,Sep,Workday,18:45,37.924
S25,Sep,Workday,19:00,38.044
S25,Sep,Workday,19:15,37.692
S25,Sep,Workday,19:30,37.192
S25,Sep,Workday,19:45,32.464
S25,Sep,Workday,20:00,31.588
S25,Sep,Workday,20:15,32.32
S25,Sep,Workday,20:30,30.92
S25,Sep,Workday,20:45,31.768
S25,Sep,Workday,21:00,31.692
S25,Sep,Workday,21:15,32.592
S25,Sep,Workday,21:30,30.624
S25,Sep,Workday,21:45,29.884
S25,Sep,Workday,22:00,29.776
S25,Sep,Workday,22:15,31.704
S25,Sep,Workday,22:30,30.532
S25,Sep,Workday,22:45,30.44
S25,Sep,Workday,23:00,32.364
S25,Sep,Workday,23:15,30.568
S25,Sep,Workday,23:30,29.424
S25,Sep,Workday,23:45,30.172
S25,Sep,Saturday,00:00,35.424
S25,Sep,Saturday,00:15,34.28
S25,Sep,Saturday,00:30,33.972
S25,Sep,Saturday,00:45,32.844
S25,Sep,Saturday,01:00,32.792
S25,Sep,Saturday,01:15,33.716
S25,Sep,Saturday,01:30,36.268
S25,Sep,Saturday,01:45,37.06
S25,Sep,Saturday,02:00,38.34
S25,Sep,Saturday,02:15,37.976
S25,Sep,Saturday,02:30,39.936
S25,Sep,Saturday,02:45,38.344
S25,Sep,Saturday,03:00,42.348
S25,Sep,Saturday,03:15,43.504
S25,Sep,Saturday,03:30,46.104
S25,Sep,Saturday,03:45,47.852
S25,Sep,Saturday,04:00,47.12
S25,Sep,Saturday,04:15,49.276
S25,Sep,Saturday,04:30,49.504
S25,Sep,Saturday,04:45,54.02
S25,Sep,Saturday,05:00,60.124
S25,Sep,Saturday,05:15,67.068
S25,Sep,Saturday,05:30,68.82
S25,Sep,Saturday,05:45,69.0
S25,Sep,Saturday,06:00,79.084
S25,Sep,Saturday,06:15,83.76
S25,Sep,Saturday,06:30,87.392
S25,Sep,Saturday,06:45,93.808
S25,Sep,Saturday,07:00,100.228
S25,Sep,Saturday,07:15,102.268
S25,Sep,Saturday,07:30,98.036
S25,Sep,Saturday,07:45,88.076
S25,Sep,Saturday,08:00,74.62
S25,Sep,Saturday,08:15,65.948
S25,Sep,Saturday,08:30,60.352
S25,Sep,Saturday,08:45,44.896
S25,Sep,Saturday,09:00,42.592
S25,Sep,Saturday,09:15,33.548
S25,Sep,Saturday,09:30,31.528
S25,Sep,Saturday,09:45,25.012
S25,Sep,Saturday,10:00,21.796
S25,Sep,Saturday,10:15,16.296
S25,Sep,Saturday,10:30,16.684
S25,Sep,Saturday,10:45,17.62
S25,Sep,Saturday,11:00,15.508
S25,Sep,Saturday,11:15,12.776
S25,Sep,Saturday,11:30,15.924
S25,Sep,Saturday,11:45,12.772
S25,Sep,Saturday,12:00,14.536
S25,Sep,Saturday,12:15,12.968
S25,Sep,Saturday,12:30,13.752
S25,Sep,Saturday,12:45,12.164
S25,Sep,Saturday,13:00,12.108
S25,Sep,Saturday,13:15,11.676
S25,Sep,Saturday,13:30,11.144
S25,Sep,Saturday,13:45,13.544
S25,Sep,Saturday,14:00,12.052
S25,Sep,Saturday,14:15,11.132
S25,Sep,Saturday,14:30,12.852
S25,Sep,Saturday,14:45,12.92
S25,Sep,Saturday,15:00,14.216
S25,Sep,Saturday,15:15,14.684
S25,Sep,Saturday,15:30,11.812
S25,Sep,Saturday,15:45,11.596
S25,Sep,Saturday,16:00,12.412
S25,Sep,Saturday,16:15,13.404
S25,Sep,Saturday,16:30,11.96
S25,Sep,Saturday,16:45,12.316
S25,Sep,Saturday,17:00,14.832
S25,Sep,Saturday,17:15,15.552
S25,Sep,Saturday,17:30,19.332
S25,Sep,Saturday,17:45,27.764
S25,Sep,Saturday,18:00,26.208
S25,Sep,Saturday,18:15,30.58
S25,Sep,Saturday,18:30,29.22
S25,Sep,Saturday,18:45,31.548
S25,Sep,Saturday,19:00,36.808
S25,Sep,Saturday,19:15,33.38
S25,Sep,Saturday,19:30,28.644
S25,Sep,Saturday,19:45,29.512
S25,Sep,Saturday,20:00,28.084
S25,Sep,Saturday,20:15,29.912
S25,Sep,Saturday,20:30,28.532
S25,Sep,Saturday,20:45,30.704
S25,Sep,Saturday,21:00,30.988
S25,Sep,Saturday,21:15,33.2
S25,Sep,Saturday,21:30,33.316
S25,Sep,Saturday,21:45,32.008
S25,Sep,Saturday,22:00,30.164
S25,Sep,Saturday,22:15,32.612
S25,Sep,Saturday,22:30,31.088
S25,Sep,Saturday,22:45,30.612
S25,Sep,Saturday,23:00,31.856
S25,Sep,Saturday,23:15,32.136
S25,Sep,Saturday,23:30,29.748
S25,Sep,Saturday,23:45,29.604
S25,Sep,Sunday,00:00,32.944
S25,Sep,Sunday,00:15,29.512
S25,Sep,Sunday,00:30,28.684
S25,Sep,Sunday,00:45,26.512
S25,Sep,Sunday,01:00,28.068
S25,Sep,Sunday,01:15,25.368
S25,Sep,Sunday,01:30,28.588
S25,Sep,Sunday,01:45,30.4
S25,Sep,Sunday,02:00,28.924
S25,Sep,Sunday,02:15,31.012
S25,Sep,Sunday,02:30,33.5
S25,Sep,Sunday,02:45,32.504
S25,Sep,Sunday,03:00,33.88
S25,Sep,Sunday,03:15,38.324
S25,Sep,Sunday,03:30,35.54
S25,Sep,Sunday,03:45,36.132
S25,Sep,Sunday,04:00,37.9
S25,Sep,Sunday,04:15,39.324
S25,Sep,Sunday,04:30,46.72
S25,Sep,Sunday,04:45,47.552
S25,Sep,Sunday,05:00,50.808
S25,Sep,Sunday,05:15,48.404
S25,Sep,Sunday,05:30,53.38
S25,Sep,Sunday,05:45,60.26
S25,Sep,Sunday,06:00,64.068
S25,Sep,Sunday,06:15,75.264
S25,Sep,Sunday,06:30,83.952
S25,Sep,Sunday,06:45,86.312
S25,Sep,Sunday,07:00,86.008
S25,Sep,Sunday,07:15,83.536
S25,Sep,Sunday,07:30,76.508
S25,Sep,Sunday,07:45,75.932
S25,Sep,Sunday,08:00,74.44
S25,Sep,Sunday,08:15,80.264
S25,Sep,Sunday,08:30,62.68
S25,Sep,Sunday,08:45,37.16
S25,Sep,Sunday,09:00,40.688
S25,Sep,Sunday,09:15,48.912
S25,Sep,Sunday,09:30,41.408
S25,Sep,Sunday,09:45,41.308
S25,Sep,Sunday,10:00,43.508
S25,Sep,Sunday,10:15,36.104
S25,Sep,Sunday,10:30,29.776
S25,Sep,Sunday,10:45,24.776
S25,Sep,Sunday,11:00,27.556
S25,Sep,Sunday,11:15,29.532
S25,Sep,Sunday,11:30,30.48
S25,Sep,Sunday,11:45,22.132
S25,Sep,Sunday,12:00,18.6
S25,Sep,Sunday,12:15,15.264
S25,Sep,Sunday,12:30,12.152
S25,Sep,Sunday,12:45,12.456
S25,Sep,Sunday,13:00,10.756
S25,Sep,Sunday,13:15,12.24
S25,Sep,Sunday,13:30,8.4
S25,Sep,Sunday,13:45,7.832
S25,Sep,Sunday,14:00,8.228
S25,Sep,Sunday,14:15,8.008
S25,Sep,Sunday,14:30,6.28
S25,Sep,Sunday,14:45,6.808
S25,Sep,Sunday,15:00,15.512
S25,Sep,Sunday,15:15,11.284
S25,Sep,Sunday,15:30,16.296
S25,Sep,Sunday,15:45,13.928
S25,Sep,Sunday,16:00,17.648
S25,Sep,Sunday,16:15,19.96
S25,Sep,Sunday,16:30,34.636
S25,Sep,Sunday,16:45,24.448
S25,Sep,Sunday,17:00,24.26
S25,Sep,Sunday,17:15,28.432
S25,Sep,Sunday,17:30,26.864
S25,Sep,Sunday,17:45,25.972
S25,Sep,Sunday,18:00,27.908
S25,Sep,Sunday,18:15,32.928
S25,Sep,Sunday,18:30,36.864
S25,Sep,Sunday,18:45,37.616
S25,Sep,Sunday,19:00,34.136
S25,Sep,Sunday,19:15,35.336
S25,Sep,Sunday,19:30,31.816
S25,Sep,Sunday,19:45,28.656
S25,Sep,Sunday,20:00,31.152
S25,Sep,Sunday,20:15,25.832
S25,Sep,Sunday,20:30,24.04
S25,Sep,Sunday,20:45,24.008
S25,Sep,Sunday,21:00,24.472
S25,Sep,Sunday,21:15,27.56
S25,Sep,Sunday,21:30,24.608
S25,Sep,Sunday,21:45,25.4
S25,Sep,Sunday,22:00,24.752
S25,Sep,Sunday,22:15,22.396
S25,Sep,Sunday,22:30,26.492
S25,Sep,Sunday,22:45,24.136
S25,Sep,Sunday,23:00,23.156
S25,Sep,Sunday,23:15,24.292
S25,Sep,Sunday,23:30,25.276
S25,Sep,Sunday,23:45,26.512
S25,Oct,Workday,00:00,79.796
S25,Oct,Workday,00:15,77.88
S25,Oct,Workday,00:30,77.544
S25,Oct,Workday,00:45,75.756
S25,Oct,Workday,01:00,76.036
S25,Oct,Workday,01:15,75.532
S25,Oct,Workday,01:30,78.52
S25,Oct,Workday,01:45,79.796
S25,Oct,Workday,02:00,79.428
S25,Oct,Workday,02:15,80.272
S25,Oct,Workday,02:30,81.48
S25,Oct,Workday,02:45,82.02
S25,Oct,Workday,03:00,83.26
S25,Oct,Workday,03:15,85.616
S25,Oct,Workday,03:30,87.532
S25,Oct,Workday,03:45,89.828
S25,Oct,Workday,04:00,91.808
S25,Oct,Workday,04:15,97.72
S25,Oct,Workday,04:30,101.96
S25,Oct,Workday,04:45,100.908
S25,Oct,Workday,05:00,112.536
S25,Oct,Workday,05:15,116.42
S25,Oct,Workday,05:30,120.98
S25,Oct,Workday,05:45,130.824
S25,Oct,Workday,06:00,145.288
S25,Oct,Workday,06:15,149.104
S25,Oct,Workday,06:30,158.252
S25,Oct,Workday,06:45,174.536
S25,Oct,Workday,07:00,179.832
S25,Oct,Workday,07:15,190.248
S25,Oct,Workday,07:30,187.144
S25,Oct,Workday,07:45,197.72
S25,Oct,Workday,08:00,188.908
S25,Oct,Workday,08:15,174.456
S25,Oct,Workday,08:30,146.052
S25,Oct,Workday,08:45,127.164
S25,Oct,Workday,09:00,121.16
S25,Oct,Workday,09:15,111.6
S25,Oct,Workday,09:30,101.852
S25,Oct,Workday,09:45,98.26
S25,Oct,Workday,10:00,86.476
S25,Oct,Workday,10:15,71.732
S25,Oct,Workday,10:30,68.996
S25,Oct,Workday,10:45,71.972
S25,Oct,Workday,11:00,69.076
S25,Oct,Workday,11:15,60.616
S25,Oct,Workday,11:30,60.096
S25,Oct,Workday,11:45,58.18
S25,Oct,Workday,12:00,61.232
S25,Oct,Workday,12:15,60.092
S25,Oct,Workday,12:30,56.372
S25,Oct,Workday,12:45,52.472
S25,Oct,Workday,13:00,45.272
S25,Oct,Workday,13:15,43.596
S25,Oct,Workday,13:30,43.964
S25,Oct,Workday,13:45,44.572
S25,Oct,Workday,14:00,42.84
S25,Oct,Workday,14:15,41.36
S25,Oct,Workday,14:30,41.464
S25,Oct,Workday,14:45,41.632
S25,Oct,Workday,15:00,44.776
S25,Oct,Workday,15:15,44.324
S25,Oct,Workday,15:30,49.756
S25,Oct,Workday,15:45,54.388
S25,Oct,Workday,16:00,66.692
S25,Oct,Workday,16:15,70.208
S25,Oct,Workday,16:30,74.736
S25,Oct,Workday,16:45,79.952
S25,Oct,Workday,17:00,85.276
S25,Oct,Workday,17:15,95.248
S25,Oct,Workday,17:30,100.96
S25,Oct,Workday,17:45,108.612
S25,Oct,Workday,18:00,116.332
S25,Oct,Workday,18:15,119.204
S25,Oct,Workday,18:30,118.736
S25,Oct,Workday,18:45,118.32
S25,Oct,Workday,19:00,122.612
S25,Oct,Workday,19:15,121.312
S25,Oct,Workday,19:30,114.74
S25,Oct,Workday,19:45,116.036
S25,Oct,Workday,20:00,118.644
S25,Oct,Workday,20:15,117.116
S25,Oct,Workday,20:30,114.116
S25,Oct,Workday,20:45,110.944
S25,Oct,Workday,21:00,114.524
S25,Oct,Workday,21:15,115.896
S25,Oct,Workday,21:30,116.556
S25,Oct,Workday,21:45,114.188
S25,Oct,Workday,22:00,113.936
S25,Oct,Workday,22:15,110.508
S25,Oct,Workday,22:30,104.376
S25,Oct,Workday,22:45,100.964
S25,Oct,Workday,23:00,99.244
S25,Oct,Workday,23:15,94.552
S25,Oct,Workday,23:30,92.508
S25,Oct,Workday,23:45,93.132
S25,Oct,Saturday,00:00,120.8
S25,Oct,Saturday,00:15,114.912
S25,Oct,Saturday,00:30,113.16
S25,Oct,Saturday,00:45,108.852
S25,Oct,Saturday,01:00,106.968
S25,Oct,Saturday,01:15,102.928
S25,Oct,Saturday,01:30,100.616
S25,Oct,Saturday,01:45,99.916
S25,Oct,Saturday,02:00,101.8
S25,Oct,Saturday,02:15,97.224
S25,Oct,Saturday,02:30,97.76
S25,Oct,Saturday,02:45,98.424
S25,Oct,Saturday,03:00,103.8
S25,Oct,Saturday,03:15,103.364
S25,Oct,Saturday,03:30,104.456
S25,Oct,Saturday,03:45,105.88
S25,Oct,Saturday,04:00,104.276
S25,Oct,Saturday,04:15,107.496
S25,Oct,Saturday,04:30,111.092
S25,Oct,Saturday,04:45,112.892
S25,Oct,Saturday,05:00,118.896
S25,Oct,Saturday,05:15,125.104
S25,Oct,Saturday,05:30,126.096
S25,Oct,Saturday,05:45,122.532
S25,Oct,Saturday,06:00,137.648
S25,Oct,Saturday,06:15,144.02
S25,Oct,Saturday,06:30,147.168
S25,Oct,Saturday,06:45,151.352
S25,Oct,Saturday,07:00,163.608
S25,Oct,Saturday,07:15,201.192
S25,Oct,Saturday,07:30,202.78
S25,Oct,Saturday,07:45,217.508
S25,Oct,Saturday,08:00,207.344
S25,Oct,Saturday,08:15,213.84
S25,Oct,Saturday,08:30,193.008
S25,Oct,Saturday,08:45,197.844
S25,Oct,Saturday,09:00,175.772
S25,Oct,Saturday,09:15,156.568
S25,Oct,Saturday,09:30,154.252
S25,Oct,Saturday,09:45,168.2
S25,Oct,Saturday,10:00,145.04
S25,Oct,Saturday,10:15,110.144
S25,Oct,Saturday,10:30,101.796
S25,Oct,Saturday,10:45,97.48
S25,Oct,Saturday,11:00,103.584
S25,Oct,Saturday,11:15,92.148
S25,Oct,Saturday,11:30,83.776
S25,Oct,Saturday,11:45,82.94
S25,Oct,Saturday,12:00,76.148
S25,Oct,Saturday,12:15,73.956
S25,Oct,Saturday,12:30,72.328
S25,Oct,Saturday,12:45,63.808
S25,Oct,Saturday,13:00,52.984
S25,Oct,Saturday,13:15,48.244
S25,Oct,Saturday,13:30,44.468
S25,Oct,Saturday,13:45,44.304
S25,Oct,Saturday,14:00,50.276
S25,Oct,Saturday,14:15,42.532
S25,Oct,Saturday,14:30,36.272
S25,Oct,Saturday,14:45,40.808
S25,Oct,Saturday,15:00,50.264
S25,Oct,Saturday,15:15,51.44
S25,Oct,Saturday,15:30,46.324
S25,Oct,Saturday,15:45,52.176
S25,Oct,Saturday,16:00,51.632
S25,Oct,Saturday,16:15,64.028
S25,Oct,Saturday,16:30,75.812
S25,Oct,Saturday,16:45,60.264
S25,Oct,Saturday,17:00,59.384
S25,Oct,Saturday,17:15,77.188
S25,Oct,Saturday,17:30,76.852
S25,Oct,Saturday,17:45,81.508
S25,Oct,Saturday,18:00,90.384
S25,Oct,Saturday,18:15,100.344
S25,Oct,Saturday,18:30,99.256
S25,Oct,Saturday,18:45,97.604
S25,Oct,Saturday,19:00,103.824
S25,Oct,Saturday,19:15,101.34
S25,Oct,Saturday,19:30,103.4
S25,Oct,Saturday,19:45,107.136
S25,Oct,Saturday,20:00,105.852
S25,Oct,Saturday,20:15,111.692
S25,Oct,Saturday,20:30,106.18
S25,Oct,Saturday,20:45,100.52
S25,Oct,Saturday,21:00,104.436
S25,Oct,Saturday,21:15,104.264
S25,Oct,Saturday,21:30,107.152
S25,Oct,Saturday,21:45,109.232
S25,Oct,Saturday,22:00,108.768
S25,Oct,Saturday,22:15,104.48
S25,Oct,Saturday,22:30,102.168
S25,Oct,Saturday,22:45,98.048
S25,Oct,Saturday,23:00,103.872
S25,Oct,Saturday,23:15,97.132
S25,Oct,Saturday,23:30,105.136
S25,Oct,Saturday,23:45,106.048
S25,Oct,Sunday,00:00,87.316
S25,Oct,Sunday,00:15,85.632
S25,Oct,Sunday,00:30,82.36
S25,Oct,Sunday,00:45,82.312
S25,Oct,Sunday,01:00,81.016
S25,Oct,Sunday,01:15,81.344
S25,Oct,Sunday,01:30,79.74
S25,Oct,Sunday,01:45,82.032
S25,Oct,Sunday,02:00,84.784
S25,Oct,Sunday,02:15,85.692
S25,Oct,Sunday,02:30,84.1
S25,Oct,Sunday,02:45,87.936
S25,Oct,Sunday,03:00,86.144
S25,Oct,Sunday,03:15,87.656
S25,Oct,Sunday,03:30,90.012
S25,Oct,Sunday,03:45,92.212
S25,Oct,Sunday,04:00,92.968
S25,Oct,Sunday,04:15,97.08
S25,Oct,Sunday,04:30,95.18
S25,Oct,Sunday,04:45,96.552
S25,Oct,Sunday,05:00,102.504
S25,Oct,Sunday,05:15,104.264
S25,Oct,Sunday,05:30,105.568
S25,Oct,Sunday,05:45,112.908
S25,Oct,Sunday,06:00,122.304
S25,Oct,Sunday,06:15,131.08
S25,Oct,Sunday,06:30,144.544
S25,Oct,Sunday,06:45,140.628
S25,Oct,Sunday,07:00,153.564
S25,Oct,Sunday,07:15,163.504
S25,Oct,Sunday,07:30,167.788
S25,Oct,Sunday,07:45,172.8
S25,Oct,Sunday,08:00,162.56
S25,Oct,Sunday,08:15,163.984
S25,Oct,Sunday,08:30,153.78
S25,Oct,Sunday,08:45,139.772
S25,Oct,Sunday,09:00,131.496
S25,Oct,Sunday,09:15,140.36
S25,Oct,Sunday,09:30,118.076
S25,Oct,Sunday,09:45,99.808
S25,Oct,Sunday,10:00,100.136
S25,Oct,Sunday,10:15,82.212
S25,Oct,Sunday,10:30,76.576
S25,Oct,Sunday,10:45,67.316
S25,Oct,Sunday,11:00,69.832
S25,Oct,Sunday,11:15,62.552
S25,Oct,Sunday,11:30,52.248
S25,Oct,Sunday,11:45,46.488
S25,Oct,Sunday,12:00,44.684
S25,Oct,Sunday,12:15,41.984
S25,Oct,Sunday,12:30,43.012
S25,Oct,Sunday,12:45,39.604
S25,Oct,Sunday,13:00,35.968
S25,Oct,Sunday,13:15,36.016
S25,Oct,Sunday,13:30,33.068
S25,Oct,Sunday,13:45,35.18
S25,Oct,Sunday,14:00,35.288
S25,Oct,Sunday,14:15,34.48
S25,Oct,Sunday,14:30,42.488
S25,Oct,Sunday,14:45,41.328
S25,Oct,Sunday,15:00,47.388
S25,Oct,Sunday,15:15,45.74
S25,Oct,Sunday,15:30,44.492
S25,Oct,Sunday,15:45,44.16
S25,Oct,Sunday,16:00,46.832
S25,Oct,Sunday,16:15,51.808
S25,Oct,Sunday,16:30,49.3
S25,Oct,Sunday,16:45,54.384
S25,Oct,Sunday,17:00,64.364
S25,Oct,Sunday,17:15,88.18
S25,Oct,Sunday,17:30,97.796
S25,Oct,Sunday,17:45,103.42
S25,Oct,Sunday,18:00,102.304
S25,Oct,Sunday,18:15,99.9
S25,Oct,Sunday,18:30,103.744
S25,Oct,Sunday,18:45,103.744
S25,Oct,Sunday,19:00,102.46
S25,Oct,Sunday,19:15,100.14
S25,Oct,Sunday,19:30,103.832
S25,Oct,Sunday,19:45,98.936
S25,Oct,Sunday,20:00,104.352
S25,Oct,Sunday,20:15,104.412
S25,Oct,Sunday,20:30,110.396
S25,Oct,Sunday,20:45,107.768
S25,Oct,Sunday,21:00,101.4
S25,Oct,Sunday,21:15,101.892
S25,Oct,Sunday,21:30,104.1
S25,Oct,Sunday,21:45,105.952
S25,Oct,Sunday,22:00,102.372
S25,Oct,Sunday,22:15,100.176
S25,Oct,Sunday,22:30,100.044
S25,Oct,Sunday,22:45,91.444
S25,Oct,Sunday,23:00,90.564
S25,Oct,Sunday,23:15,87.652
S25,Oct,Sunday,23:30,89.568
S25,Oct,Sunday,23:45,84.292
S25,Nov,Workday,00:00,169.86
S25,Nov,Workday,00:15,168.524
S25,Nov,Workday,00:30,165.972
S25,Nov,Workday,00:45,159.204
S25,Nov,Workday,01:00,164.192
S25,Nov,Workday,01:15,162.244
S25,Nov,Workday,01:30,160.864
S25,Nov,Workday,01:45,157.764
S25,Nov,Workday,02:00,157.304
S25,Nov,Workday,02:15,158.956
S25,Nov,Workday,02:30,157.508
S25,Nov,Workday,02:45,159.78
S25,Nov,Workday,03:00,164.372
S25,Nov,Workday,03:15,164.336
S25,Nov,Workday,03:30,170.748
S25,Nov,Workday,03:45,165.348
S25,Nov,Workday,04:00,171.328
S25,Nov,Workday,04:15,176.056
S25,Nov,Workday,04:30,176.624
S25,Nov,Workday,04:45,185.044
S25,Nov,Workday,05:00,195.668
S25,Nov,Workday,05:15,200.172
S25,Nov,Workday,05:30,216.704
S25,Nov,Workday,05:45,210.756
S25,Nov,Workday,06:00,238.104
S25,Nov,Workday,06:15,249.552
S25,Nov,Workday,06:30,257.68
S25,Nov,Workday,06:45,262.02
S25,Nov,Workday,07:00,266.876
S25,Nov,Workday,07:15,272.488
S25,Nov,Workday,07:30,263.552
S25,Nov,Workday,07:45,259.008
S25,Nov,Workday,08:00,242.876
S25,Nov,Workday,08:15,238.328
S25,Nov,Workday,08:30,211.844
S25,Nov,Workday,08:45,200.06
S25,Nov,Workday,09:00,202.108
S25,Nov,Workday,09:15,179.432
S25,Nov,Workday,09:30,163.104
S25,Nov,Workday,09:45,155.516
S25,Nov,Workday,10:00,151.476
S25,Nov,Workday,10:15,132.952
S25,Nov,Workday,10:30,130.104
S25,Nov,Workday,10:45,123.608
S25,Nov,Workday,11:00,118.852
S25,Nov,Workday,11:15,122.252
S25,Nov,Workday,11:30,122.184
S25,Nov,Workday,11:45,115.2
S25,Nov,Workday,12:00,121.596
S25,Nov,Workday,12:15,119.572
S25,Nov,Workday,12:30,122.18
S25,Nov,Workday,12:45,122.268
S25,Nov,Workday,13:00,115.764
S25,Nov,Workday,13:15,112.304
S25,Nov,Workday,13:30,107.92
S25,Nov,Workday,13:45,107.772
S25,Nov,Workday,14:00,122.476
S25,Nov,Workday,14:15,125.936
S25,Nov,Workday,14:30,126.416
S25,Nov,Workday,14:45,137.576
S25,Nov,Workday,15:00,150.072
S25,Nov,Workday,15:15,162.704
S25,Nov,Workday,15:30,176.756
S25,Nov,Workday,15:45,185.728
S25,Nov,Workday,16:00,195.696
S25,Nov,Workday,16:15,210.52
S25,Nov,Workday,16:30,218.944
S25,Nov,Workday,16:45,222.28
S25,Nov,Workday,17:00,234.08
S25,Nov,Workday,17:15,245.4
S25,Nov,Workday,17:30,253.196
S25,Nov,Workday,17:45,264.752
S25,Nov,Workday,18:00,269.036
S25,Nov,Workday,18:15,272.376
S25,Nov,Workday,18:30,268.356
S25,Nov,Workday,18:45,264.692
S25,Nov,Workday,19:00,268.464
S25,Nov,Workday,19:15,259.344
S25,Nov,Workday,19:30,256.96
S25,Nov,Workday,19:45,260.66
S25,Nov,Workday,20:00,268.144
S25,Nov,Workday,20:15,261.756
S25,Nov,Workday,20:30,258.908
S25,Nov,Workday,20:45,257.368
S25,Nov,Workday,21:00,248.52
S25,Nov,Workday,21:15,240.528
S25,Nov,Workday,21:30,239.184
S25,Nov,Workday,21:45,234.42
S25,Nov,Workday,22:00,220.216
S25,Nov,Workday,22:15,213.952
S25,Nov,Workday,22:30,206.344
S25,Nov,Workday,22:45,202.344
S25,Nov,Workday,23:00,198.468
S25,Nov,Workday,23:15,188.4
S25,Nov,Workday,23:30,181.432
S25,Nov,Workday,23:45,179.256
S25,Nov,Saturday,00:00,179.568
S25,Nov,Saturday,00:15,179.74
S25,Nov,Saturday,00:30,185.228
S25,Nov,Saturday,00:45,171.948
S25,Nov,Saturday,01:00,165.324
S25,Nov,Saturday,01:15,164.692
S25,Nov,Saturday,01:30,168.32
S25,Nov,Saturday,01:45,172.4
S25,Nov,Saturday,02:00,160.08
S25,Nov,Saturday,02:15,167.232
S25,Nov,Saturday,02:30,164.396
S25,Nov,Saturday,02:45,165.996
S25,Nov,Saturday,03:00,168.836
S25,Nov,Saturday,03:15,174.036
S25,Nov,Saturday,03:30,177.3
S25,Nov,Saturday,03:45,164.388
S25,Nov,Saturday,04:00,168.468
S25,Nov,Saturday,04:15,173.52
S25,Nov,Saturday,04:30,178.224
S25,Nov,Saturday,04:45,179.004
S25,Nov,Saturday,05:00,188.452
S25,Nov,Saturday,05:15,197.864
S25,Nov,Saturday,05:30,195.656
S25,Nov,Saturday,05:45,204.524
S25,Nov,Saturday,06:00,228.24
S25,Nov,Saturday,06:15,225.396
S25,Nov,Saturday,06:30,240.692
S25,Nov,Saturday,06:45,231.852
S25,Nov,Saturday,07:00,242.696
S25,Nov,Saturday,07:15,272.68
S25,Nov,Saturday,07:30,283.624
S25,Nov,Saturday,07:45,271.836
S25,Nov,Saturday,08:00,277.448
S25,Nov,Saturday,08:15,274.096
S25,Nov,Saturday,08:30,271.216
S25,Nov,Saturday,08:45,231.652
S25,Nov,Saturday,09:00,209.096
S25,Nov,Saturday,09:15,188.308
S25,Nov,Saturday,09:30,187.188
S25,Nov,Saturday,09:45,173.984
S25,Nov,Saturday,10:00,177.224
S25,Nov,Saturday,10:15,154.312
S25,Nov,Saturday,10:30,133.636
S25,Nov,Saturday,10:45,130.888
S25,Nov,Saturday,11:00,134.456
S25,Nov,Saturday,11:15,129.656
S25,Nov,Saturday,11:30,139.72
S25,Nov,Saturday,11:45,135.62
S25,Nov,Saturday,12:00,136.176
S25,Nov,Saturday,12:15,116.148
S25,Nov,Saturday,12:30,129.696
S25,Nov,Saturday,12:45,128.612
S25,Nov,Saturday,13:00,133.408
S25,Nov,Saturday,13:15,140.504
S25,Nov,Saturday,13:30,148.624
S25,Nov,Saturday,13:45,144.212
S25,Nov,Saturday,14:00,132.544
S25,Nov,Saturday,14:15,127.82
S25,Nov,Saturday,14:30,130.996
S25,Nov,Saturday,14:45,140.684
S25,Nov,Saturday,15:00,163.456
S25,Nov,Saturday,15:15,173.384
S25,Nov,Saturday,15:30,176.472
S25,Nov,Saturday,15:45,201.272
S25,Nov,Saturday,16:00,189.572
S25,Nov,Saturday,16:15,212.312
S25,Nov,Saturday,16:30,212.48
S25,Nov,Saturday,16:45,228.576
S25,Nov,Saturday,17:00,225.596
S25,Nov,Saturday,17:15,236.148
S25,Nov,Saturday,17:30,234.312
S25,Nov,Saturday,17:45,240.528
S25,Nov,Saturday,18:00,264.56
S25,Nov,Saturday,18:15,256.052
S25,Nov,Saturday,18:30,241.76
S25,Nov,Saturday,18:45,240.0
S25,Nov,Saturday,19:00,237.812
S25,Nov,Saturday,19:15,235.284
S25,Nov,Saturday,19:30,238.452
S25,Nov,Saturday,19:45,240.052
S25,Nov,Saturday,20:00,244.348
S25,Nov,Saturday,20:15,234.44
S25,Nov,Saturday,20:30,231.268
S25,Nov,Saturday,20:45,228.436
S25,Nov,Saturday,21:00,232.6
S25,Nov,Saturday,21:15,227.768
S25,Nov,Saturday,21:30,211.172
S25,Nov,Saturday,21:45,203.724
S25,Nov,Saturday,22:00,199.192
S25,Nov,Saturday,22:15,200.792
S25,Nov,Saturday,22:30,197.444
S25,Nov,Saturday,22:45,193.46
S25,Nov,Saturday,23:00,190.416
S25,Nov,Saturday,23:15,191.404
S25,Nov,Saturday,23:30,185.224
S25,Nov,Saturday,23:45,177.816
S25,Nov,Sunday,00:00,179.716
S25,Nov,Sunday,00:15,176.604
S25,Nov,Sunday,00:30,171.552
S25,Nov,Sunday,00:45,169.484
S25,Nov,Sunday,01:00,168.748
S25,Nov,Sunday,01:15,161.132
S25,Nov,Sunday,01:30,163.744
S25,Nov,Sunday,01:45,164.068
S25,Nov,Sunday,02:00,158.388
S25,Nov,Sunday,02:15,162.884
S25,Nov,Sunday,02:30,162.788
S25,Nov,Sunday,02:45,164.8
S25,Nov,Sunday,03:00,163.196
S25,Nov,Sunday,03:15,168.748
S25,Nov,Sunday,03:30,166.068
S25,Nov,Sunday,03:45,166.652
S25,Nov,Sunday,04:00,170.256
S25,Nov,Sunday,04:15,168.756
S25,Nov,Sunday,04:30,177.364
S25,Nov,Sunday,04:45,175.916
S25,Nov,Sunday,05:00,181.656
S25,Nov,Sunday,05:15,190.156
S25,Nov,Sunday,05:30,190.044
S25,Nov,Sunday,05:45,204.596
S25,Nov,Sunday,06:00,222.732
S25,Nov,Sunday,06:15,224.5
S25,Nov,Sunday,06:30,248.2
S25,Nov,Sunday,06:45,243.812
S25,Nov,Sunday,07:00,239.164
S25,Nov,Sunday,07:15,251.94
S25,Nov,Sunday,07:30,273.472
S25,Nov,Sunday,07:45,280.072
S25,Nov,Sunday,08:00,264.228
S25,Nov,Sunday,08:15,252.392
S25,Nov,Sunday,08:30,230.728
S25,Nov,Sunday,08:45,215.08
S25,Nov,Sunday,09:00,201.292
S25,Nov,Sunday,09:15,162.128
S25,Nov,Sunday,09:30,155.556
S25,Nov,Sunday,09:45,159.944
S25,Nov,Sunday,10:00,168.184
S25,Nov,Sunday,10:15,183.888
S25,Nov,Sunday,10:30,178.14
S25,Nov,Sunday,10:45,171.344
S25,Nov,Sunday,11:00,153.416
S25,Nov,Sunday,11:15,165.516
S25,Nov,Sunday,11:30,152.876
S25,Nov,Sunday,11:45,135.796
S25,Nov,Sunday,12:00,113.304
S25,Nov,Sunday,12:15,104.248
S25,Nov,Sunday,12:30,93.476
S25,Nov,Sunday,12:45,86.584
S25,Nov,Sunday,13:00,88.164
S25,Nov,Sunday,13:15,88.652
S25,Nov,Sunday,13:30,102.64
S25,Nov,Sunday,13:45,99.06
S25,Nov,Sunday,14:00,104.52
S25,Nov,Sunday,14:15,106.948
S25,Nov,Sunday,14:30,101.14
S25,Nov,Sunday,14:45,112.52
S25,Nov,Sunday,15:00,125.352
S25,Nov,Sunday,15:15,121.792
S25,Nov,Sunday,15:30,124.948
S25,Nov,Sunday,15:45,139.76
S25,Nov,Sunday,16:00,152.364
S25,Nov,Sunday,16:15,165.048
S25,Nov,Sunday,16:30,189.096
S25,Nov,Sunday,16:45,195.096
S25,Nov,Sunday,17:00,198.744
S25,Nov,Sunday,17:15,210.672
S25,Nov,Sunday,17:30,217.316
S25,Nov,Sunday,17:45,224.312
S25,Nov,Sunday,18:00,225.9
S25,Nov,Sunday,18:15,229.496
S25,Nov,Sunday,18:30,230.596
S25,Nov,Sunday,18:45,229.248
S25,Nov,Sunday,19:00,231.748
S25,Nov,Sunday,19:15,230.932
S25,Nov,Sunday,19:30,235.152
S25,Nov,Sunday,19:45,236.452
S25,Nov,Sunday,20:00,223.424
S25,Nov,Sunday,20:15,226.364
S25,Nov,Sunday,20:30,215.612
S25,Nov,Sunday,20:45,214.412
S25,Nov,Sunday,21:00,212.296
S25,Nov,Sunday,21:15,209.632
S25,Nov,Sunday,21:30,206.016
S25,Nov,Sunday,21:45,212.924
S25,Nov,Sunday,22:00,201.816
S25,Nov,Sunday,22:15,207.296
S25,Nov,Sunday,22:30,208.844
S25,Nov,Sunday,22:45,198.448
S25,Nov,Sunday,23:00,183.472
S25,Nov,Sunday,23:15,181.076
S25,Nov,Sunday,23:30,164.816
S25,Nov,Sunday,23:45,163.54
S25,Dec,Workday,00:00,233.56
S25,Dec,Workday,00:15,232.988
S25,Dec,Workday,00:30,225.456
S25,Dec,Workday,00:45,217.432
S25,Dec,Workday,01:00,215.456
S25,Dec,Workday,01:15,213.268
S25,Dec,Workday,01:30,208.336
S25,Dec,Workday,01:45,207.776
S25,Dec,Workday,02:00,204.06
S25,Dec,Workday,02:15,204.484
S25,Dec,Workday,02:30,202.54
S25,Dec,Workday,02:45,204.568
S25,Dec,Workday,03:00,206.0
S25,Dec,Workday,03:15,210.364
S25,Dec,Workday,03:30,205.936
S25,Dec,Workday,03:45,207.688
S25,Dec,Workday,04:00,214.444
S25,Dec,Workday,04:15,225.252
S25,Dec,Workday,04:30,217.492
S25,Dec,Workday,04:45,225.048
S25,Dec,Workday,05:00,233.204
S25,Dec,Workday,05:15,238.44
S25,Dec,Workday,05:30,253.016
S25,Dec,Workday,05:45,255.256
S25,Dec,Workday,06:00,265.044
S25,Dec,Workday,06:15,291.136
S25,Dec,Workday,06:30,301.548
S25,Dec,Workday,06:45,304.988
S25,Dec,Workday,07:00,306.284
S25,Dec,Workday,07:15,318.46
S25,Dec,Workday,07:30,311.82
S25,Dec,Workday,07:45,331.592
S25,Dec,Workday,08:00,328.352
S25,Dec,Workday,08:15,322.888
S25,Dec,Workday,08:30,318.0
S25,Dec,Workday,08:45,301.132
S25,Dec,Workday,09:00,299.908
S25,Dec,Workday,09:15,277.556
S25,Dec,Workday,09:30,268.592
S25,Dec,Workday,09:45,263.868
S25,Dec,Workday,10:00,255.288
S25,Dec,Workday,10:15,244.64
S25,Dec,Workday,10:30,235.96
S25,Dec,Workday,10:45,224.864
S25,Dec,Workday,11:00,215.032
S25,Dec,Workday,11:15,223.412
S25,Dec,Workday,11:30,209.668
S25,Dec,Workday,11:45,202.46
S25,Dec,Workday,12:00,202.724
S25,Dec,Workday,12:15,205.792
S25,Dec,Workday,12:30,197.008
S25,Dec,Workday,12:45,191.392
S25,Dec,Workday,13:00,202.288
S25,Dec,Workday,13:15,196.348
S25,Dec,Workday,13:30,197.188
S25,Dec,Workday,13:45,206.308
S25,Dec,Workday,14:00,213.756
S25,Dec,Workday,14:15,221.476
S25,Dec,Workday,14:30,225.96
S25,Dec,Workday,14:45,229.92
S25,Dec,Workday,15:00,249.26
S25,Dec,Workday,15:15,261.52
S25,Dec,Workday,15:30,271.252
S25,Dec,Workday,15:45,291.836
S25,Dec,Workday,16:00,314.98
S25,Dec,Workday,16:15,325.776
S25,Dec,Workday,16:30,339.364
S25,Dec,Workday,16:45,337.4
S25,Dec,Workday,17:00,354.64
S25,Dec,Workday,17:15,359.728
S25,Dec,Workday,17:30,371.996
S25,Dec,Workday,17:45,365.772
S25,Dec,Workday,18:00,366.304
S25,Dec,Workday,18:15,374.796
S25,Dec,Workday,18:30,358.66
S25,Dec,Workday,18:45,351.888
S25,Dec,Workday,19:00,359.676
S25,Dec,Workday,19:15,359.072
S25,Dec,Workday,19:30,350.584
S25,Dec,Workday,19:45,345.128
S25,Dec,Workday,20:00,357.516
S25,Dec,Workday,20:15,347.484
S25,Dec,Workday,20:30,349.532
S25,Dec,Workday,20:45,340.392
S25,Dec,Workday,21:00,323.4
S25,Dec,Workday,21:15,315.408
S25,Dec,Workday,21:30,310.36
S25,Dec,Workday,21:45,309.876
S25,Dec,Workday,22:00,294.284
S25,Dec,Workday,22:15,279.668
S25,Dec,Workday,22:30,274.728
S25,Dec,Workday,22:45,267.98
S25,Dec,Workday,23:00,252.044
S25,Dec,Workday,23:15,241.916
S25,Dec,Workday,23:30,236.448
S25,Dec,Workday,23:45,236.564
S25,Dec,Saturday,00:00,230.388
S25,Dec,Saturday,00:15,225.636
S25,Dec,Saturday,00:30,229.376
S25,Dec,Saturday,00:45,222.972
S25,Dec,Saturday,01:00,217.728
S25,Dec,Saturday,01:15,213.472
S25,Dec,Saturday,01:30,221.4
S25,Dec,Saturday,01:45,210.716
S25,Dec,Saturday,02:00,203.464
S25,Dec,Saturday,02:15,210.056
S25,Dec,Saturday,02:30,207.592
S25,Dec,Saturday,02:45,204.892
S25,Dec,Saturday,03:00,204.096
S25,Dec,Saturday,03:15,211.112
S25,Dec,Saturday,03:30,200.092
S25,Dec,Saturday,03:45,197.108
S25,Dec,Saturday,04:00,207.856
S25,Dec,Saturday,04:15,203.976
S25,Dec,Saturday,04:30,201.616
S25,Dec,Saturday,04:45,196.248
S25,Dec,Saturday,05:00,209.424
S25,Dec,Saturday,05:15,227.144
S25,Dec,Saturday,05:30,232.58
S25,Dec,Saturday,05:45,219.436
S25,Dec,Saturday,06:00,245.704
S25,Dec,Saturday,06:15,251.424
S25,Dec,Saturday,06:30,249.996
S25,Dec,Saturday,06:45,258.356
S25,Dec,Saturday,07:00,263.62
S25,Dec,Saturday,07:15,279.628
S25,Dec,Saturday,07:30,291.2
S25,Dec,Saturday,07:45,322.984
S25,Dec,Saturday,08:00,332.572
S25,Dec,Saturday,08:15,341.7
S25,Dec,Saturday,08:30,344.336
S25,Dec,Saturday,08:45,348.248
S25,Dec,Saturday,09:00,321.356
S25,Dec,Saturday,09:15,321.128
S25,Dec,Saturday,09:30,311.812
S25,Dec,Saturday,09:45,307.536
S25,Dec,Saturday,10:00,282.352
S25,Dec,Saturday,10:15,267.112
S25,Dec,Saturday,10:30,263.328
S25,Dec,Saturday,10:45,220.756
S25,Dec,Saturday,11:00,241.8
S25,Dec,Saturday,11:15,260.352
S25,Dec,Saturday,11:30,262.676
S25,Dec,Saturday,11:45,247.976
S25,Dec,Saturday,12:00,236.112
S25,Dec,Saturday,12:15,241.908
S25,Dec,Saturday,12:30,247.592
S25,Dec,Saturday,12:45,230.032
S25,Dec,Saturday,13:00,236.488
S25,Dec,Saturday,13:15,235.86
S25,Dec,Saturday,13:30,234.324
S25,Dec,Saturday,13:45,238.74
S25,Dec,Saturday,14:00,258.368
S25,Dec,Saturday,14:15,270.432
S25,Dec,Saturday,14:30,272.2
S25,Dec,Saturday,14:45,280.22
S25,Dec,Saturday,15:00,289.184
S25,Dec,Saturday,15:15,301.22
S25,Dec,Saturday,15:30,329.172
S25,Dec,Saturday,15:45,339.14
S25,Dec,Saturday,16:00,359.36
S25,Dec,Saturday,16:15,371.276
S25,Dec,Saturday,16:30,381.752
S25,Dec,Saturday,16:45,383.592
S25,Dec,Saturday,17:00,388.848
S25,Dec,Saturday,17:15,401.988
S25,Dec,Saturday,17:30,418.84
S25,Dec,Saturday,17:45,423.148
S25,Dec,Saturday,18:00,411.344
S25,Dec,Saturday,18:15,389.656
S25,Dec,Saturday,18:30,377.352
S25,Dec,Saturday,18:45,384.0
S25,Dec,Saturday,19:00,387.512
S25,Dec,Saturday,19:15,358.632
S25,Dec,Saturday,19:30,366.024
S25,Dec,Saturday,19:45,364.4
S25,Dec,Saturday,20:00,365.912
S25,Dec,Saturday,20:15,369.116
S25,Dec,Saturday,20:30,351.292
S25,Dec,Saturday,20:45,335.34
S25,Dec,Saturday,21:00,333.08
S25,Dec,Saturday,21:15,323.824
S25,Dec,Saturday,21:30,306.304
S25,Dec,Saturday,21:45,310.836
S25,Dec,Saturday,22:00,291.684
S25,Dec,Saturday,22:15,290.104
S25,Dec,Saturday,22:30,278.28
S25,Dec,Saturday,22:45,268.652
S25,Dec,Saturday,23:00,260.408
S25,Dec,Saturday,23:15,243.172
S25,Dec,Saturday,23:30,233.076
S25,Dec,Saturday,23:45,237.592
S25,Dec,Sunday,00:00,234.288
S25,Dec,Sunday,00:15,232.508
S25,Dec,Sunday,00:30,231.648
S25,Dec,Sunday,00:45,226.432
S25,Dec,Sunday,01:00,218.728
S25,Dec,Sunday,01:15,215.16
S25,Dec,Sunday,01:30,211.908
S25,Dec,Sunday,01:45,206.24
S25,Dec,Sunday,02:00,204.66
S25,Dec,Sunday,02:15,204.8
S25,Dec,Sunday,02:30,201.7
S25,Dec,Sunday,02:45,198.172
S25,Dec,Sunday,03:00,214.424
S25,Dec,Sunday,03:15,204.368
S25,Dec,Sunday,03:30,194.5
S25,Dec,Sunday,03:45,195.988
S25,Dec,Sunday,04:00,197.088
S25,Dec,Sunday,04:15,202.72
S25,Dec,Sunday,04:30,200.976
S25,Dec,Sunday,04:45,206.028
S25,Dec,Sunday,05:00,213.572
S25,Dec,Sunday,05:15,220.888
S25,Dec,Sunday,05:30,222.952
S25,Dec,Sunday,05:45,219.032
S25,Dec,Sunday,06:00,232.088
S25,Dec,Sunday,06:15,245.132
S25,Dec,Sunday,06:30,264.356
S25,Dec,Sunday,06:45,258.748
S25,Dec,Sunday,07:00,263.664
S25,Dec,Sunday,07:15,263.76
S25,Dec,Sunday,07:30,276.82
S25,Dec,Sunday,07:45,308.324
S25,Dec,Sunday,08:00,323.9
S25,Dec,Sunday,08:15,339.004
S25,Dec,Sunday,08:30,338.628
S25,Dec,Sunday,08:45,331.416
S25,Dec,Sunday,09:00,332.108
S25,Dec,Sunday,09:15,317.044
S25,Dec,Sunday,09:30,340.544
S25,Dec,Sunday,09:45,325.064
S25,Dec,Sunday,10:00,305.552
S25,Dec,Sunday,10:15,306.592
S25,Dec,Sunday,10:30,304.4
S25,Dec,Sunday,10:45,323.396
S25,Dec,Sunday,11:00,322.528
S25,Dec,Sunday,11:15,327.16
S25,Dec,Sunday,11:30,310.928
S25,Dec,Sunday,11:45,298.14
S25,Dec,Sunday,12:00,297.996
S25,Dec,Sunday,12:15,299.892
S25,Dec,Sunday,12:30,281.7
S25,Dec,Sunday,12:45,269.032
S25,Dec,Sunday,13:00,255.9
S25,Dec,Sunday,13:15,250.62
S25,Dec,Sunday,13:30,252.596
S25,Dec,Sunday,13:45,245.404
S25,Dec,Sunday,14:00,235.16
S25,Dec,Sunday,14:15,239.4
S25,Dec,Sunday,14:30,248.656
S25,Dec,Sunday,14:45,258.044
S25,Dec,Sunday,15:00,283.1
S25,Dec,Sunday,15:15,275.652
S25,Dec,Sunday,15:30,292.004
S25,Dec,Sunday,15:45,301.148
S25,Dec,Sunday,16:00,317.196
S25,Dec,Sunday,16:15,323.58
S25,Dec,Sunday,16:30,337.856
S25,Dec,Sunday,16:45,339.732
S25,Dec,Sunday,17:00,359.104
S25,Dec,Sunday,17:15,381.072
S25,Dec,Sunday,17:30,391.436
S25,Dec,Sunday,17:45,397.924
S25,Dec,Sunday,18:00,394.524
S25,Dec,Sunday,18:15,409.228
S25,Dec,Sunday,18:30,409.084
S25,Dec,Sunday,18:45,395.352
S25,Dec,Sunday,19:00,374.576
S25,Dec,Sunday,19:15,370.696
S25,Dec,Sunday,19:30,360.972
S25,Dec,Sunday,19:45,349.028
S25,Dec,Sunday,20:00,351.216
S25,Dec,Sunday,20:15,330.992
S25,Dec,Sunday,20:30,323.572
S25,Dec,Sunday,20:45,321.052
S25,Dec,Sunday,21:00,318.492
S25,Dec,Sunday,21:15,300.804
S25,Dec,Sunday,21:30,294.552
S25,Dec,Sunday,21:45,303.82
S25,Dec,Sunday,22:00,280.34
S25,Dec,Sunday,22:15,268.34
S25,Dec,Sunday,22:30,267.964
S25,Dec,Sunday,22:45,259.52
S25,Dec,Sunday,23:00,247.272
S25,Dec,Sunday,23:15,244.404
S25,Dec,Sunday,23:30,233.324
S25,Dec,Sunday,23:45,228.732
P25,Jan,Workday,00:00,131.2
P25,Jan,Workday,00:15,132.508
P25,Jan,Workday,00:30,128.48
P25,Jan,Workday,00:45,124.28
P25,Jan,Workday,01:00,123.544
P25,Jan,Workday,01:15,122.76
P25,Jan,Workday,01:30,123.9
P25,Jan,Workday,01:45,119.976
P25,Jan,Workday,02:00,123.052
P25,Jan,Workday,02:15,120.016
P25,Jan,Workday,02:30,119.048
P25,Jan,Workday,02:45,119.736
P25,Jan,Workday,03:00,119.012
P25,Jan,Workday,03:15,118.74
P25,Jan,Workday,03:30,117.588
P25,Jan,Workday,03:45,119.08
P25,Jan,Workday,04:00,125.888
P25,Jan,Workday,04:15,122.588
P25,Jan,Workday,04:30,121.968
P25,Jan,Workday,04:45,123.932
P25,Jan,Workday,05:00,131.3
P25,Jan,Workday,05:15,137.432
P25,Jan,Workday,05:30,141.076
P25,Jan,Workday,05:45,146.936
P25,Jan,Workday,06:00,157.052
P25,Jan,Workday,06:15,165.42
P25,Jan,Workday,06:30,168.504
P25,Jan,Workday,06:45,168.648
P25,Jan,Workday,07:00,169.324
P25,Jan,Workday,07:15,169.396
P25,Jan,Workday,07:30,166.744
P25,Jan,Workday,07:45,175.228
P25,Jan,Workday,08:00,181.06
P25,Jan,Workday,08:15,176.688
P25,Jan,Workday,08:30,172.004
P25,Jan,Workday,08:45,160.752
P25,Jan,Workday,09:00,156.28
P25,Jan,Workday,09:15,147.848
P25,Jan,Workday,09:30,136.044
P25,Jan,Workday,09:45,127.268
P25,Jan,Workday,10:00,118.22
P25,Jan,Workday,10:15,112.272
P25,Jan,Workday,10:30,108.104
P25,Jan,Workday,10:45,104.604
P25,Jan,Workday,11:00,101.704
P25,Jan,Workday,11:15,96.712
P25,Jan,Workday,11:30,99.224
P25,Jan,Workday,11:45,100.468
P25,Jan,Workday,12:00,102.692
P25,Jan,Workday,12:15,102.848
P25,Jan,Workday,12:30,101.228
P25,Jan,Workday,12:45,102.704
P25,Jan,Workday,13:00,100.092
P25,Jan,Workday,13:15,106.66
P25,Jan,Workday,13:30,105.28
P25,Jan,Workday,13:45,106.028
P25,Jan,Workday,14:00,110.212
P25,Jan,Workday,14:15,111.364
P25,Jan,Workday,14:30,111.12
P25,Jan,Workday,14:45,117.604
P25,Jan,Workday,15:00,122.568
P25,Jan,Workday,15:15,134.776
P25,Jan,Workday,15:30,146.972
P25,Jan,Workday,15:45,161.324
P25,Jan,Workday,16:00,181.212
P25,Jan,Workday,16:15,184.48
P25,Jan,Workday,16:30,195.696
P25,Jan,Workday,16:45,196.356
P25,Jan,Workday,17:00,202.368
P25,Jan,Workday,17:15,218.464
P25,Jan,Workday,17:30,226.132
P25,Jan,Workday,17:45,233.852
P25,Jan,Workday,18:00,241.528
P25,Jan,Workday,18:15,243.108
P25,Jan,Workday,18:30,242.0
P25,Jan,Workday,18:45,238.144
P25,Jan,Workday,19:00,231.66
P25,Jan,Workday,19:15,232.692
P25,Jan,Workday,19:30,225.696
P25,Jan,Workday,19:45,223.444
P25,Jan,Workday,20:00,217.64
P25,Jan,Workday,20:15,221.456
P25,Jan,Workday,20:30,218.036
P25,Jan,Workday,20:45,211.876
P25,Jan,Workday,21:00,209.556
P25,Jan,Workday,21:15,198.64
P25,Jan,Workday,21:30,188.864
P25,Jan,Workday,21:45,185.672
P25,Jan,Workday,22:00,175.516
P25,Jan,Workday,22:15,169.952
P25,Jan,Workday,22:30,164.612
P25,Jan,Workday,22:45,157.248
P25,Jan,Workday,23:00,149.732
P25,Jan,Workday,23:15,145.268
P25,Jan,Workday,23:30,140.672
P25,Jan,Workday,23:45,137.652
P25,Jan,Saturday,00:00,144.196
P25,Jan,Saturday,00:15,145.668
P25,Jan,Saturday,00:30,135.068
P25,Jan,Saturday,00:45,132.108
P25,Jan,Saturday,01:00,132.672
P25,Jan,Saturday,01:15,129.548
P25,Jan,Saturday,01:30,128.832
P25,Jan,Saturday,01:45,121.944
P25,Jan,Saturday,02:00,122.608
P25,Jan,Saturday,02:15,124.296
P25,Jan,Saturday,02:30,122.924
P25,Jan,Saturday,02:45,126.072
P25,Jan,Saturday,03:00,119.38
P25,Jan,Saturday,03:15,123.472
P25,Jan,Saturday,03:30,125.716
P25,Jan,Saturday,03:45,122.064
P25,Jan,Saturday,04:00,122.996
P25,Jan,Saturday,04:15,123.52
P25,Jan,Saturday,04:30,124.948
P25,Jan,Saturday,04:45,123.912
P25,Jan,Saturday,05:00,126.804
P25,Jan,Saturday,05:15,124.36
P25,Jan,Saturday,05:30,132.716
P25,Jan,Saturday,05:45,132.208
P25,Jan,Saturday,06:00,132.404
P25,Jan,Saturday,06:15,136.928
P25,Jan,Saturday,06:30,139.744
P25,Jan,Saturday,06:45,141.788
P25,Jan,Saturday,07:00,147.568
P25,Jan,Saturday,07:15,155.588
P25,Jan,Saturday,07:30,166.952
P25,Jan,Saturday,07:45,182.18
P25,Jan,Saturday,08:00,184.016
P25,Jan,Saturday,08:15,186.368
P25,Jan,Saturday,08:30,195.256
P25,Jan,Saturday,08:45,188.18
P25,Jan,Saturday,09:00,182.904
P25,Jan,Saturday,09:15,173.044
P25,Jan,Saturday,09:30,172.26
P25,Jan,Saturday,09:45,162.856
P25,Jan,Saturday,10:00,164.848
P25,Jan,Saturday,10:15,164.308
P25,Jan,Saturday,10:30,155.024
P25,Jan,Saturday,10:45,157.908
P25,Jan,Saturday,11:00,146.6
P25,Jan,Saturday,11:15,140.392
P25,Jan,Saturday,11:30,133.4
P25,Jan,Saturday,11:45,130.564
P25,Jan,Saturday,12:00,132.712
P25,Jan,Saturday,12:15,136.9
P25,Jan,Saturday,12:30,137.744
P25,Jan,Saturday,12:45,132.764
P25,Jan,Saturday,13:00,125.544
P25,Jan,Saturday,13:15,124.096
P25,Jan,Saturday,13:30,117.556
P25,Jan,Saturday,13:45,136.1
P25,Jan,Saturday,14:00,131.892
P25,Jan,Saturday,14:15,141.028
P25,Jan,Saturday,14:30,143.804
P25,Jan,Saturday,14:45,153.256
P25,Jan,Saturday,15:00,157.72
P25,Jan,Saturday,15:15,170.748
P25,Jan,Saturday,15:30,190.064
P25,Jan,Saturday,15:45,182.364
P25,Jan,Saturday,16:00,198.736
P25,Jan,Saturday,16:15,205.028
P25,Jan,Saturday,16:30,212.764
P25,Jan,Saturday,16:45,215.624
P25,Jan,Saturday,17:00,217.696
P25,Jan,Saturday,17:15,225.524
P25,Jan,Saturday,17:30,228.04
P25,Jan,Saturday,17:45,239.696
P25,Jan,Saturday,18:00,242.772
P25,Jan,Saturday,18:15,253.756
P25,Jan,Saturday,18:30,242.336
P25,Jan,Saturday,18:45,234.96
P25,Jan,Saturday,19:00,224.284
P25,Jan,Saturday,19:15,221.928
P25,Jan,Saturday,19:30,225.096
P25,Jan,Saturday,19:45,222.892
P25,Jan,Saturday,20:00,214.836
P25,Jan,Saturday,20:15,211.316
P25,Jan,Saturday,20:30,208.7
P25,Jan,Saturday,20:45,200.66
P25,Jan,Saturday,21:00,205.34
P25,Jan,Saturday,21:15,199.452
P25,Jan,Saturday,21:30,193.072
P25,Jan,Saturday,21:45,194.616
P25,Jan,Saturday,22:00,180.292
P25,Jan,Saturday,22:15,171.452
P25,Jan,Saturday,22:30,167.944
P25,Jan,Saturday,22:45,163.324
P25,Jan,Saturday,23:00,157.716
P25,Jan,Saturday,23:15,153.12
P25,Jan,Saturday,23:30,146.232
P25,Jan,Saturday,23:45,146.12
P25,Jan,Sunday,00:00,142.296
P25,Jan,Sunday,00:15,135.532
P25,Jan,Sunday,00:30,132.768
P25,Jan,Sunday,00:45,125.64
P25,Jan,Sunday,01:00,122.612
P25,Jan,Sunday,01:15,125.296
P25,Jan,Sunday,01:30,122.368
P25,Jan,Sunday,01:45,123.264
P25,Jan,Sunday,02:00,119.696
P25,Jan,Sunday,02:15,120.468
P25,Jan,Sunday,02:30,113.268
P25,Jan,Sunday,02:45,116.252
P25,Jan,Sunday,03:00,120.292
P25,Jan,Sunday,03:15,118.432
P25,Jan,Sunday,03:30,113.448
P25,Jan,Sunday,03:45,116.348
P25,Jan,Sunday,04:00,121.712
P25,Jan,Sunday,04:15,115.5
P25,Jan,Sunday,04:30,116.472
P25,Jan,Sunday,04:45,114.008
P25,Jan,Sunday,05:00,118.352
P25,Jan,Sunday,05:15,121.12
P25,Jan,Sunday,05:30,122.012
P25,Jan,Sunday,05:45,125.332
P25,Jan,Sunday,06:00,124.748
P25,Jan,Sunday,06:15,122.02
P25,Jan,Sunday,06:30,129.032
P25,Jan,Sunday,06:45,129.44
P25,Jan,Sunday,07:00,127.52
P25,Jan,Sunday,07:15,134.704
P25,Jan,Sunday,07:30,140.8
P25,Jan,Sunday,07:45,146.404
P25,Jan,Sunday,08:00,155.82
P25,Jan,Sunday,08:15,168.444
P25,Jan,Sunday,08:30,169.34
P25,Jan,Sunday,08:45,164.752
P25,Jan,Sunday,09:00,165.86
P25,Jan,Sunday,09:15,157.688
P25,Jan,Sunday,09:30,159.04
P25,Jan,Sunday,09:45,152.644
P25,Jan,Sunday,10:00,146.976
P25,Jan,Sunday,10:15,141.576
P25,Jan,Sunday,10:30,145.24
P25,Jan,Sunday,10:45,145.488
P25,Jan,Sunday,11:00,140.504
P25,Jan,Sunday,11:15,144.524
P25,Jan,Sunday,11:30,149.656
P25,Jan,Sunday,11:45,152.728
P25,Jan,Sunday,12:00,140.976
P25,Jan,Sunday,12:15,140.956
P25,Jan,Sunday,12:30,137.604
P25,Jan,Sunday,12:45,142.828
P25,Jan,Sunday,13:00,136.3
P25,Jan,Sunday,13:15,137.752
P25,Jan,Sunday,13:30,130.976
P25,Jan,Sunday,13:45,137.088
P25,Jan,Sunday,14:00,142.224
P25,Jan,Sunday,14:15,140.84
P25,Jan,Sunday,14:30,142.488
P25,Jan,Sunday,14:45,155.18
P25,Jan,Sunday,15:00,158.772
P25,Jan,Sunday,15:15,156.94
P25,Jan,Sunday,15:30,168.58
P25,Jan,Sunday,15:45,184.66
P25,Jan,Sunday,16:00,194.352
P25,Jan,Sunday,16:15,207.82
P25,Jan,Sunday,16:30,213.116
P25,Jan,Sunday,16:45,220.52
P25,Jan,Sunday,17:00,222.812
P25,Jan,Sunday,17:15,233.164
P25,Jan,Sunday,17:30,229.792
P25,Jan,Sunday,17:45,239.952
P25,Jan,Sunday,18:00,244.988
P25,Jan,Sunday,18:15,241.72
P25,Jan,Sunday,18:30,250.624
P25,Jan,Sunday,18:45,246.208
P25,Jan,Sunday,19:00,246.144
P25,Jan,Sunday,19:15,246.224
P25,Jan,Sunday,19:30,232.228
P25,Jan,Sunday,19:45,228.088
P25,Jan,Sunday,20:00,231.288
P25,Jan,Sunday,20:15,222.712
P25,Jan,Sunday,20:30,208.436
P25,Jan,Sunday,20:45,211.08
P25,Jan,Sunday,21:00,208.252
P25,Jan,Sunday,21:15,194.296
P25,Jan,Sunday,21:30,186.212
P25,Jan,Sunday,21:45,180.78
P25,Jan,Sunday,22:00,167.996
P25,Jan,Sunday,22:15,160.308
P25,Jan,Sunday,22:30,154.16
P25,Jan,Sunday,22:45,146.584
P25,Jan,Sunday,23:00,142.292
P25,Jan,Sunday,23:15,138.144
P25,Jan,Sunday,23:30,133.644
P25,Jan,Sunday,23:45,131.612
P25,Feb,Workday,00:00,126.424
P25,Feb,Workday,00:15,122.144
P25,Feb,Workday,00:30,122.016
P25,Feb,Workday,00:45,118.008
P25,Feb,Workday,01:00,117.268
P25,Feb,Workday,01:15,119.628
P25,Feb,Workday,01:30,115.32
P25,Feb,Workday,01:45,116.064
P25,Feb,Workday,02:00,117.3
P25,Feb,Workday,02:15,117.32
P25,Feb,Workday,02:30,118.136
P25,Feb,Workday,02:45,116.18
P25,Feb,Workday,03:00,118.624
P25,Feb,Workday,03:15,116.888
P25,Feb,Workday,03:30,119.176
P25,Feb,Workday,03:45,117.804
P25,Feb,Workday,04:00,121.944
P25,Feb,Workday,04:15,121.296
P25,Feb,Workday,04:30,123.516
P25,Feb,Workday,04:45,125.112
P25,Feb,Workday,05:00,134.156
P25,Feb,Workday,05:15,136.1
P25,Feb,Workday,05:30,141.656
P25,Feb,Workday,05:45,147.044
P25,Feb,Workday,06:00,157.6
P25,Feb,Workday,06:15,164.34
P25,Feb,Workday,06:30,170.76
P25,Feb,Workday,06:45,166.552
P25,Feb,Workday,07:00,167.54
P25,Feb,Workday,07:15,164.348
P25,Feb,Workday,07:30,159.436
P25,Feb,Workday,07:45,155.176
P25,Feb,Workday,08:00,143.308
P25,Feb,Workday,08:15,129.68
P25,Feb,Workday,08:30,117.712
P25,Feb,Workday,08:45,109.436
P25,Feb,Workday,09:00,99.352
P25,Feb,Workday,09:15,88.672
P25,Feb,Workday,09:30,84.352
P25,Feb,Workday,09:45,76.66
P25,Feb,Workday,10:00,72.212
P25,Feb,Workday,10:15,65.812
P25,Feb,Workday,10:30,61.28
P25,Feb,Workday,10:45,56.288
P25,Feb,Workday,11:00,51.292
P25,Feb,Workday,11:15,50.584
P25,Feb,Workday,11:30,49.272
P25,Feb,Workday,11:45,55.58
P25,Feb,Workday,12:00,56.364
P25,Feb,Workday,12:15,53.208
P25,Feb,Workday,12:30,52.86
P25,Feb,Workday,12:45,52.664
P25,Feb,Workday,13:00,52.412
P25,Feb,Workday,13:15,54.384
P25,Feb,Workday,13:30,57.464
P25,Feb,Workday,13:45,61.66
P25,Feb,Workday,14:00,56.072
P25,Feb,Workday,14:15,54.716
P25,Feb,Workday,14:30,57.18
P25,Feb,Workday,14:45,59.74
P25,Feb,Workday,15:00,64.956
P25,Feb,Workday,15:15,69.956
P25,Feb,Workday,15:30,78.576
P25,Feb,Workday,15:45,87.28
P25,Feb,Workday,16:00,99.232
P25,Feb,Workday,16:15,110.336
P25,Feb,Workday,16:30,127.424
P25,Feb,Workday,16:45,138.284
P25,Feb,Workday,17:00,155.14
P25,Feb,Workday,17:15,169.56
P25,Feb,Workday,17:30,187.432
P25,Feb,Workday,17:45,195.38
P25,Feb,Workday,18:00,207.96
P25,Feb,Workday,18:15,220.076
P25,Feb,Workday,18:30,215.8
P25,Feb,Workday,18:45,216.172
P25,Feb,Workday,19:00,216.144
P25,Feb,Workday,19:15,212.272
P25,Feb,Workday,19:30,206.904
P25,Feb,Workday,19:45,202.896
P25,Feb,Workday,20:00,204.636
P25,Feb,Workday,20:15,206.604
P25,Feb,Workday,20:30,198.588
P25,Feb,Workday,20:45,196.436
P25,Feb,Workday,21:00,192.908
P25,Feb,Workday,21:15,183.936
P25,Feb,Workday,21:30,177.956
P25,Feb,Workday,21:45,170.824
P25,Feb,Workday,22:00,162.348
P25,Feb,Workday,22:15,154.828
P25,Feb,Workday,22:30,149.992
P25,Feb,Workday,22:45,143.256
P25,Feb,Workday,23:00,136.996
P25,Feb,Workday,23:15,132.72
P25,Feb,Workday,23:30,132.52
P25,Feb,Workday,23:45,127.704
P25,Feb,Saturday,00:00,146.896
P25,Feb,Saturday,00:15,140.064
P25,Feb,Saturday,00:30,139.2
P25,Feb,Saturday,00:45,127.788
P25,Feb,Saturday,01:00,136.348
P25,Feb,Saturday,01:15,128.492
P25,Feb,Saturday,01:30,125.52
P25,Feb,Saturday,01:45,123.288
P25,Feb,Saturday,02:00,120.444
P25,Feb,Saturday,02:15,118.324
P25,Feb,Saturday,02:30,121.132
P25,Feb,Saturday,02:45,121.604
P25,Feb,Saturday,03:00,116.444
P25,Feb,Saturday,03:15,119.54
P25,Feb,Saturday,03:30,119.516
P25,Feb,Saturday,03:45,117.74
P25,Feb,Saturday,04:00,123.056
P25,Feb,Saturday,04:15,127.268
P25,Feb,Saturday,04:30,122.264
P25,Feb,Saturday,04:45,124.248
P25,Feb,Saturday,05:00,118.364
P25,Feb,Saturday,05:15,123.96
P25,Feb,Saturday,05:30,128.128
P25,Feb,Saturday,05:45,134.144
P25,Feb,Saturday,06:00,135.78
P25,Feb,Saturday,06:15,140.104
P25,Feb,Saturday,06:30,142.52
P25,Feb,Saturday,06:45,145.948
P25,Feb,Saturday,07:00,148.624
P25,Feb,Saturday,07:15,150.936
P25,Feb,Saturday,07:30,161.72
P25,Feb,Saturday,07:45,153.504
P25,Feb,Saturday,08:00,157.3
P25,Feb,Saturday,08:15,146.992
P25,Feb,Saturday,08:30,125.88
P25,Feb,Saturday,08:45,112.66
P25,Feb,Saturday,09:00,109.008
P25,Feb,Saturday,09:15,100.6
P25,Feb,Saturday,09:30,95.284
P25,Feb,Saturday,09:45,88.528
P25,Feb,Saturday,10:00,88.008
P25,Feb,Saturday,10:15,85.144
P25,Feb,Saturday,10:30,70.892
P25,Feb,Saturday,10:45,75.26
P25,Feb,Saturday,11:00,82.84
P25,Feb,Saturday,11:15,81.6
P25,Feb,Saturday,11:30,88.632
P25,Feb,Saturday,11:45,82.568
P25,Feb,Saturday,12:00,87.556
P25,Feb,Saturday,12:15,82.368
P25,Feb,Saturday,12:30,76.676
P25,Feb,Saturday,12:45,78.672
P25,Feb,Saturday,13:00,78.776
P25,Feb,Saturday,13:15,71.912
P25,Feb,Saturday,13:30,68.496
P25,Feb,Saturday,13:45,69.496
P25,Feb,Saturday,14:00,68.108
P25,Feb,Saturday,14:15,77.212
P25,Feb,Saturday,14:30,74.28
P25,Feb,Saturday,14:45,72.376
P25,Feb,Saturday,15:00,83.484
P25,Feb,Saturday,15:15,87.42
P25,Feb,Saturday,15:30,92.368
P25,Feb,Saturday,15:45,99.096
P25,Feb,Saturday,16:00,104.78
P25,Feb,Saturday,16:15,123.468
P25,Feb,Saturday,16:30,139.012
P25,Feb,Saturday,16:45,147.18
P25,Feb,Saturday,17:00,177.516
P25,Feb,Saturday,17:15,184.904
P25,Feb,Saturday,17:30,207.968
P25,Feb,Saturday,17:45,232.628
P25,Feb,Saturday,18:00,223.64
P25,Feb,Saturday,18:15,238.916
P25,Feb,Saturday,18:30,235.996
P25,Feb,Saturday,18:45,232.852
P25,Feb,Saturday,19:00,237.424
P25,Feb,Saturday,19:15,224.856
P25,Feb,Saturday,19:30,215.568
P25,Feb,Saturday,19:45,203.248
P25,Feb,Saturday,20:00,206.304
P25,Feb,Saturday,20:15,196.096
P25,Feb,Saturday,20:30,195.392
P25,Feb,Saturday,20:45,182.732
P25,Feb,Saturday,21:00,187.7
P25,Feb,Saturday,21:15,184.944
P25,Feb,Saturday,21:30,169.332
P25,Feb,Saturday,21:45,170.584
P25,Feb,Saturday,22:00,155.704
P25,Feb,Saturday,22:15,160.152
P25,Feb,Saturday,22:30,150.788
P25,Feb,Saturday,22:45,149.208
P25,Feb,Saturday,23:00,152.216
P25,Feb,Saturday,23:15,143.08
P25,Feb,Saturday,23:30,147.452
P25,Feb,Saturday,23:45,140.712
P25,Feb,Sunday,00:00,131.216
P25,Feb,Sunday,00:15,133.048
P25,Feb,Sunday,00:30,137.74
P25,Feb,Sunday,00:45,133.544
P25,Feb,Sunday,01:00,131.888
P25,Feb,Sunday,01:15,123.032
P25,Feb,Sunday,01:30,125.316
P25,Feb,Sunday,01:45,122.284
P25,Feb,Sunday,02:00,120.464
P25,Feb,Sunday,02:15,123.756
P25,Feb,Sunday,02:30,119.276
P25,Feb,Sunday,02:45,118.772
P25,Feb,Sunday,03:00,125.92
P25,Feb,Sunday,03:15,119.6
P25,Feb,Sunday,03:30,119.908
P25,Feb,Sunday,03:45,122.096
P25,Feb,Sunday,04:00,123.108
P25,Feb,Sunday,04:15,125.848
P25,Feb,Sunday,04:30,129.596
P25,Feb,Sunday,04:45,125.708
P25,Feb,Sunday,05:00,124.112
P25,Feb,Sunday,05:15,132.484
P25,Feb,Sunday,05:30,128.588
P25,Feb,Sunday,05:45,136.348
P25,Feb,Sunday,06:00,125.996
P25,Feb,Sunday,06:15,131.648
P25,Feb,Sunday,06:30,139.568
P25,Feb,Sunday,06:45,139.904
P25,Feb,Sunday,07:00,138.476
P25,Feb,Sunday,07:15,143.968
P25,Feb,Sunday,07:30,148.988
P25,Feb,Sunday,07:45,147.88
P25,Feb,Sunday,08:00,144.28
P25,Feb,Sunday,08:15,134.744
P25,Feb,Sunday,08:30,131.364
P25,Feb,Sunday,08:45,126.856
P25,Feb,Sunday,09:00,141.236
P25,Feb,Sunday,09:15,127.1
P25,Feb,Sunday,09:30,118.656
P25,Feb,Sunday,09:45,107.776
P25,Feb,Sunday,10:00,110.38
P25,Feb,Sunday,10:15,109.508
P25,Feb,Sunday,10:30,114.424
P25,Feb,Sunday,10:45,105.068
P25,Feb,Sunday,11:00,111.556
P25,Feb,Sunday,11:15,107.188
P25,Feb,Sunday,11:30,107.464
P25,Feb,Sunday,11:45,112.8
P25,Feb,Sunday,12:00,108.98
P25,Feb,Sunday,12:15,105.12
P25,Feb,Sunday,12:30,97.308
P25,Feb,Sunday,12:45,91.324
P25,Feb,Sunday,13:00,91.26
P25,Feb,Sunday,13:15,86.392
P25,Feb,Sunday,13:30,83.352
P25,Feb,Sunday,13:45,76.372
P25,Feb,Sunday,14:00,82.78
P25,Feb,Sunday,14:15,95.176
P25,Feb,Sunday,14:30,95.032
P25,Feb,Sunday,14:45,92.328
P25,Feb,Sunday,15:00,90.076
P25,Feb,Sunday,15:15,96.728
P25,Feb,Sunday,15:30,101.908
P25,Feb,Sunday,15:45,105.068
P25,Feb,Sunday,16:00,105.44
P25,Feb,Sunday,16:15,124.808
P25,Feb,Sunday,16:30,145.684
P25,Feb,Sunday,16:45,149.448
P25,Feb,Sunday,17:00,170.6
P25,Feb,Sunday,17:15,188.112
P25,Feb,Sunday,17:30,209.16
P25,Feb,Sunday,17:45,223.808
P25,Feb,Sunday,18:00,233.14
P25,Feb,Sunday,18:15,225.6
P25,Feb,Sunday,18:30,221.556
P25,Feb,Sunday,18:45,219.432
P25,Feb,Sunday,19:00,221.096
P25,Feb,Sunday,19:15,232.9
P25,Feb,Sunday,19:30,223.104
P25,Feb,Sunday,19:45,222.36
P25,Feb,Sunday,20:00,223.248
P25,Feb,Sunday,20:15,220.928
P25,Feb,Sunday,20:30,208.36
P25,Feb,Sunday,20:45,207.84
P25,Feb,Sunday,21:00,189.6
P25,Feb,Sunday,21:15,190.376
P25,Feb,Sunday,21:30,176.512
P25,Feb,Sunday,21:45,163.264
P25,Feb,Sunday,22:00,170.76
P25,Feb,Sunday,22:15,156.424
P25,Feb,Sunday,22:30,154.58
P25,Feb,Sunday,22:45,147.412
P25,Feb,Sunday,23:00,133.352
P25,Feb,Sunday,23:15,134.608
P25,Feb,Sunday,23:30,131.52
P25,Feb,Sunday,23:45,125.06
P25,Mar,Workday,00:00,117.716
P25,Mar,Workday,00:15,120.62
P25,Mar,Workday,00:30,118.832
P25,Mar,Workday,00:45,117.848
P25,Mar,Workday,01:00,116.252
P25,Mar,Workday,01:15,117.144
P25,Mar,Workday,01:30,117.636
P25,Mar,Workday,01:45,114.172
P25,Mar,Workday,02:00,116.284
P25,Mar,Workday,02:15,117.596
P25,Mar,Workday,02:30,118.432
P25,Mar,Workday,02:45,119.428
P25,Mar,Workday,03:00,120.732
P25,Mar,Workday,03:15,119.76
P25,Mar,Workday,03:30,121.528
P25,Mar,Workday,03:45,122.552
P25,Mar,Workday,04:00,124.092
P25,Mar,Workday,04:15,125.38
P25,Mar,Workday,04:30,123.684
P25,Mar,Workday,04:45,125.208
P25,Mar,Workday,05:00,139.396
P25,Mar,Workday,05:15,143.06
P25,Mar,Workday,05:30,151.864
P25,Mar,Workday,05:45,158.748
P25,Mar,Workday,06:00,166.384
P25,Mar,Workday,06:15,180.424
P25,Mar,Workday,06:30,174.776
P25,Mar,Workday,06:45,166.268
P25,Mar,Workday,07:00,151.932
P25,Mar,Workday,07:15,133.576
P25,Mar,Workday,07:30,114.94
P25,Mar,Workday,07:45,106.868
P25,Mar,Workday,08:00,96.06
P25,Mar,Workday,08:15,86.268
P25,Mar,Workday,08:30,74.62
P25,Mar,Workday,08:45,66.988
P25,Mar,Workday,09:00,60.988
P25,Mar,Workday,09:15,53.164
P25,Mar,Workday,09:30,47.868
P25,Mar,Workday,09:45,47.844
P25,Mar,Workday,10:00,41.852
P25,Mar,Workday,10:15,42.48
P25,Mar,Workday,10:30,40.372
P25,Mar,Workday,10:45,40.404
P25,Mar,Workday,11:00,38.532
P25,Mar,Workday,11:15,38.464
P25,Mar,Workday,11:30,38.744
P25,Mar,Workday,11:45,37.912
P25,Mar,Workday,12:00,38.304
P25,Mar,Workday,12:15,37.8
P25,Mar,Workday,12:30,35.46
P25,Mar,Workday,12:45,35.044
P25,Mar,Workday,13:00,33.56
P25,Mar,Workday,13:15,36.064
P25,Mar,Workday,13:30,35.94
P25,Mar,Workday,13:45,35.232
P25,Mar,Workday,14:00,34.784
P25,Mar,Workday,14:15,35.84
P25,Mar,Workday,14:30,37.36
P25,Mar,Workday,14:45,38.524
P25,Mar,Workday,15:00,41.696
P25,Mar,Workday,15:15,44.78
P25,Mar,Workday,15:30,51.128
P25,Mar,Workday,15:45,55.952
P25,Mar,Workday,16:00,60.308
P25,Mar,Workday,16:15,70.764
P25,Mar,Workday,16:30,75.784
P25,Mar,Workday,16:45,86.2
P25,Mar,Workday,17:00,93.788
P25,Mar,Workday,17:15,111.312
P25,Mar,Workday,17:30,132.4
P25,Mar,Workday,17:45,151.5
P25,Mar,Workday,18:00,175.756
P25,Mar,Workday,18:15,192.168
P25,Mar,Workday,18:30,203.296
P25,Mar,Workday,18:45,212.276
P25,Mar,Workday,19:00,213.448
P25,Mar,Workday,19:15,217.0
P25,Mar,Workday,19:30,211.624
P25,Mar,Workday,19:45,207.092
P25,Mar,Workday,20:00,210.084
P25,Mar,Workday,20:15,209.68
P25,Mar,Workday,20:30,196.292
P25,Mar,Workday,20:45,194.78
P25,Mar,Workday,21:00,189.68
P25,Mar,Workday,21:15,182.856
P25,Mar,Workday,21:30,173.292
P25,Mar,Workday,21:45,169.572
P25,Mar,Workday,22:00,162.716
P25,Mar,Workday,22:15,155.024
P25,Mar,Workday,22:30,146.32
P25,Mar,Workday,22:45,139.52
P25,Mar,Workday,23:00,135.444
P25,Mar,Workday,23:15,129.288
P25,Mar,Workday,23:30,127.844
P25,Mar,Workday,23:45,122.412
P25,Mar,Saturday,00:00,130.544
P25,Mar,Saturday,00:15,129.912
P25,Mar,Saturday,00:30,118.512
P25,Mar,Saturday,00:45,129.524
P25,Mar,Saturday,01:00,127.708
P25,Mar,Saturday,01:15,123.696
P25,Mar,Saturday,01:30,125.008
P25,Mar,Saturday,01:45,127.428
P25,Mar,Saturday,02:00,129.468
P25,Mar,Saturday,02:15,128.704
P25,Mar,Saturday,02:30,130.48
P25,Mar,Saturday,02:45,126.188
P25,Mar,Saturday,03:00,127.464
P25,Mar,Saturday,03:15,120.136
P25,Mar,Saturday,03:30,121.672
P25,Mar,Saturday,03:45,127.264
P25,Mar,Saturday,04:00,134.392
P25,Mar,Saturday,04:15,127.82
P25,Mar,Saturday,04:30,128.148
P25,Mar,Saturday,04:45,125.436
P25,Mar,Saturday,05:00,128.152
P25,Mar,Saturday,05:15,137.072
P25,Mar,Saturday,05:30,133.6
P25,Mar,Saturday,05:45,147.02
P25,Mar,Saturday,06:00,142.256
P25,Mar,Saturday,06:15,140.628
P25,Mar,Saturday,06:30,146.676
P25,Mar,Saturday,06:45,132.04
P25,Mar,Saturday,07:00,131.776
P25,Mar,Saturday,07:15,126.316
P25,Mar,Saturday,07:30,113.208
P25,Mar,Saturday,07:45,112.316
P25,Mar,Saturday,08:00,108.176
P25,Mar,Saturday,08:15,99.388
P25,Mar,Saturday,08:30,90.048
P25,Mar,Saturday,08:45,82.784
P25,Mar,Saturday,09:00,79.26
P25,Mar,Saturday,09:15,72.604
P25,Mar,Saturday,09:30,62.884
P25,Mar,Saturday,09:45,53.764
P25,Mar,Saturday,10:00,48.98
P25,Mar,Saturday,10:15,47.308
P25,Mar,Saturday,10:30,44.76
P25,Mar,Saturday,10:45,47.32
P25,Mar,Saturday,11:00,47.46
P25,Mar,Saturday,11:15,44.9
P25,Mar,Saturday,11:30,54.5
P25,Mar,Saturday,11:45,63.764
P25,Mar,Saturday,12:00,61.96
P25,Mar,Saturday,12:15,54.912
P25,Mar,Saturday,12:30,57.212
P25,Mar,Saturday,12:45,60.588
P25,Mar,Saturday,13:00,57.032
P25,Mar,Saturday,13:15,50.652
P25,Mar,Saturday,13:30,53.076
P25,Mar,Saturday,13:45,51.312
P25,Mar,Saturday,14:00,49.628
P25,Mar,Saturday,14:15,42.328
P25,Mar,Saturday,14:30,46.224
P25,Mar,Saturday,14:45,42.352
P25,Mar,Saturday,15:00,48.828
P25,Mar,Saturday,15:15,53.888
P25,Mar,Saturday,15:30,55.764
P25,Mar,Saturday,15:45,61.42
P25,Mar,Saturday,16:00,63.464
P25,Mar,Saturday,16:15,67.936
P25,Mar,Saturday,16:30,77.324
P25,Mar,Saturday,16:45,90.328
P25,Mar,Saturday,17:00,92.884
P25,Mar,Saturday,17:15,116.044
P25,Mar,Saturday,17:30,136.072
P25,Mar,Saturday,17:45,149.724
P25,Mar,Saturday,18:00,173.72
P25,Mar,Saturday,18:15,186.236
P25,Mar,Saturday,18:30,191.704
P25,Mar,Saturday,18:45,210.788
P25,Mar,Saturday,19:00,206.508
P25,Mar,Saturday,19:15,198.656
P25,Mar,Saturday,19:30,209.072
P25,Mar,Saturday,19:45,201.18
P25,Mar,Saturday,20:00,200.42
P25,Mar,Saturday,20:15,198.272
P25,Mar,Saturday,20:30,201.48
P25,Mar,Saturday,20:45,182.728
P25,Mar,Saturday,21:00,192.876
P25,Mar,Saturday,21:15,187.748
P25,Mar,Saturday,21:30,171.272
P25,Mar,Saturday,21:45,174.932
P25,Mar,Saturday,22:00,160.976
P25,Mar,Saturday,22:15,163.788
P25,Mar,Saturday,22:30,154.24
P25,Mar,Saturday,22:45,149.812
P25,Mar,Saturday,23:00,151.532
P25,Mar,Saturday,23:15,154.464
P25,Mar,Saturday,23:30,134.96
P25,Mar,Saturday,23:45,130.312
P25,Mar,Sunday,00:00,128.196
P25,Mar,Sunday,00:15,130.128
P25,Mar,Sunday,00:30,121.256
P25,Mar,Sunday,00:45,130.14
P25,Mar,Sunday,01:00,119.972
P25,Mar,Sunday,01:15,125.756
P25,Mar,Sunday,01:30,122.06
P25,Mar,Sunday,01:45,114.752
P25,Mar,Sunday,02:00,118.744
P25,Mar,Sunday,02:15,126.848
P25,Mar,Sunday,02:30,116.152
P25,Mar,Sunday,02:45,120.556
P25,Mar,Sunday,03:00,117.696
P25,Mar,Sunday,03:15,115.244
P25,Mar,Sunday,03:30,123.284
P25,Mar,Sunday,03:45,121.48
P25,Mar,Sunday,04:00,121.26
P25,Mar,Sunday,04:15,120.164
P25,Mar,Sunday,04:30,120.86
P25,Mar,Sunday,04:45,118.132
P25,Mar,Sunday,05:00,128.672
P25,Mar,Sunday,05:15,126.496
P25,Mar,Sunday,05:30,129.772
P25,Mar,Sunday,05:45,134.244
P25,Mar,Sunday,06:00,135.812
P25,Mar,Sunday,06:15,132.02
P25,Mar,Sunday,06:30,145.22
P25,Mar,Sunday,06:45,137.408
P25,Mar,Sunday,07:00,116.456
P25,Mar,Sunday,07:15,105.764
P25,Mar,Sunday,07:30,103.948
P25,Mar,Sunday,07:45,91.68
P25,Mar,Sunday,08:00,95.044
P25,Mar,Sunday,08:15,86.248
P25,Mar,Sunday,08:30,81.848
P25,Mar,Sunday,08:45,78.984
P25,Mar,Sunday,09:00,73.48
P25,Mar,Sunday,09:15,68.352
P25,Mar,Sunday,09:30,68.852
P25,Mar,Sunday,09:45,73.372
P25,Mar,Sunday,10:00,64.844
P25,Mar,Sunday,10:15,63.696
P25,Mar,Sunday,10:30,67.372
P25,Mar,Sunday,10:45,63.68
P25,Mar,Sunday,11:00,61.468
P25,Mar,Sunday,11:15,62.892
P25,Mar,Sunday,11:30,60.856
P25,Mar,Sunday,11:45,71.7
P25,Mar,Sunday,12:00,72.88
P25,Mar,Sunday,12:15,69.344
P25,Mar,Sunday,12:30,70.056
P25,Mar,Sunday,12:45,68.768
P25,Mar,Sunday,13:00,60.312
P25,Mar,Sunday,13:15,57.976
P25,Mar,Sunday,13:30,64.176
P25,Mar,Sunday,13:45,64.744
P25,Mar,Sunday,14:00,58.952
P25,Mar,Sunday,14:15,67.82
P25,Mar,Sunday,14:30,64.84
P25,Mar,Sunday,14:45,62.48
P25,Mar,Sunday,15:00,74.528
P25,Mar,Sunday,15:15,81.376
P25,Mar,Sunday,15:30,83.432
P25,Mar,Sunday,15:45,84.508
P25,Mar,Sunday,16:00,87.58
P25,Mar,Sunday,16:15,95.356
P25,Mar,Sunday,16:30,102.132
P25,Mar,Sunday,16:45,106.408
P25,Mar,Sunday,17:00,109.164
P25,Mar,Sunday,17:15,115.052
P25,Mar,Sunday,17:30,143.592
P25,Mar,Sunday,17:45,174.904
P25,Mar,Sunday,18:00,181.272
P25,Mar,Sunday,18:15,201.36
P25,Mar,Sunday,18:30,200.376
P25,Mar,Sunday,18:45,211.404
P25,Mar,Sunday,19:00,216.852
P25,Mar,Sunday,19:15,209.392
P25,Mar,Sunday,19:30,213.176
P25,Mar,Sunday,19:45,215.064
P25,Mar,Sunday,20:00,214.86
P25,Mar,Sunday,20:15,209.872
P25,Mar,Sunday,20:30,200.94
P25,Mar,Sunday,20:45,188.084
P25,Mar,Sunday,21:00,183.772
P25,Mar,Sunday,21:15,178.552
P25,Mar,Sunday,21:30,169.904
P25,Mar,Sunday,21:45,162.336
P25,Mar,Sunday,22:00,158.992
P25,Mar,Sunday,22:15,147.828
P25,Mar,Sunday,22:30,146.76
P25,Mar,Sunday,22:45,138.22
P25,Mar,Sunday,23:00,131.788
P25,Mar,Sunday,23:15,120.736
P25,Mar,Sunday,23:30,124.688
P25,Mar,Sunday,23:45,118.76
P25,Apr,Workday,00:00,119.144
P25,Apr,Workday,00:15,118.548
P25,Apr,Workday,00:30,113.056
P25,Apr,Workday,00:45,113.98
P25,Apr,Workday,01:00,112.82
P25,Apr,Workday,01:15,111.84
P25,Apr,Workday,01:30,118.288
P25,Apr,Workday,01:45,111.04
P25,Apr,Workday,02:00,111.84
P25,Apr,Workday,02:15,111.724
P25,Apr,Workday,02:30,109.428
P25,Apr,Workday,02:45,112.368
P25,Apr,Workday,03:00,114.812
P25,Apr,Workday,03:15,114.208
P25,Apr,Workday,03:30,115.876
P25,Apr,Workday,03:45,117.308
P25,Apr,Workday,04:00,118.636
P25,Apr,Workday,04:15,120.112
P25,Apr,Workday,04:30,119.408
P25,Apr,Workday,04:45,119.488
P25,Apr,Workday,05:00,134.532
P25,Apr,Workday,05:15,136.8
P25,Apr,Workday,05:30,148.012
P25,Apr,Workday,05:45,147.276
P25,Apr,Workday,06:00,156.632
P25,Apr,Workday,06:15,162.12
P25,Apr,Workday,06:30,154.22
P25,Apr,Workday,06:45,141.892
P25,Apr,Workday,07:00,128.288
P25,Apr,Workday,07:15,111.636
P25,Apr,Workday,07:30,95.324
P25,Apr,Workday,07:45,84.396
P25,Apr,Workday,08:00,79.32
P25,Apr,Workday,08:15,68.68
P25,Apr,Workday,08:30,63.02
P25,Apr,Workday,08:45,56.784
P25,Apr,Workday,09:00,49.976
P25,Apr,Workday,09:15,44.984
P25,Apr,Workday,09:30,41.996
P25,Apr,Workday,09:45,40.216
P25,Apr,Workday,10:00,37.248
P25,Apr,Workday,10:15,34.976
P25,Apr,Workday,10:30,33.828
P25,Apr,Workday,10:45,32.592
P25,Apr,Workday,11:00,31.1
P25,Apr,Workday,11:15,28.988
P25,Apr,Workday,11:30,28.972
P25,Apr,Workday,11:45,29.964
P25,Apr,Workday,12:00,28.572
P25,Apr,Workday,12:15,26.996
P25,Apr,Workday,12:30,27.98
P25,Apr,Workday,12:45,28.096
P25,Apr,Workday,13:00,27.86
P25,Apr,Workday,13:15,32.048
P25,Apr,Workday,13:30,32.656
P25,Apr,Workday,13:45,29.396
P25,Apr,Workday,14:00,29.352
P25,Apr,Workday,14:15,32.396
P25,Apr,Workday,14:30,32.34
P25,Apr,Workday,14:45,31.816
P25,Apr,Workday,15:00,32.336
P25,Apr,Workday,15:15,33.76
P25,Apr,Workday,15:30,37.156
P25,Apr,Workday,15:45,44.068
P25,Apr,Workday,16:00,43.076
P25,Apr,Workday,16:15,45.876
P25,Apr,Workday,16:30,50.2
P25,Apr,Workday,16:45,49.344
P25,Apr,Workday,17:00,55.904
P25,Apr,Workday,17:15,64.044
P25,Apr,Workday,17:30,73.888
P25,Apr,Workday,17:45,82.988
P25,Apr,Workday,18:00,94.72
P25,Apr,Workday,18:15,112.888
P25,Apr,Workday,18:30,124.468
P25,Apr,Workday,18:45,139.116
P25,Apr,Workday,19:00,146.048
P25,Apr,Workday,19:15,156.104
P25,Apr,Workday,19:30,169.404
P25,Apr,Workday,19:45,189.724
P25,Apr,Workday,20:00,198.1
P25,Apr,Workday,20:15,198.908
P25,Apr,Workday,20:30,191.172
P25,Apr,Workday,20:45,188.532
P25,Apr,Workday,21:00,183.876
P25,Apr,Workday,21:15,170.968
P25,Apr,Workday,21:30,168.224
P25,Apr,Workday,21:45,162.64
P25,Apr,Workday,22:00,156.076
P25,Apr,Workday,22:15,151.304
P25,Apr,Workday,22:30,145.608
P25,Apr,Workday,22:45,140.188
P25,Apr,Workday,23:00,132.86
P25,Apr,Workday,23:15,125.432
P25,Apr,Workday,23:30,121.36
P25,Apr,Workday,23:45,117.228
P25,Apr,Saturday,00:00,126.212
P25,Apr,Saturday,00:15,116.708
P25,Apr,Saturday,00:30,116.784
P25,Apr,Saturday,00:45,114.864
P25,Apr,Saturday,01:00,115.948
P25,Apr,Saturday,01:15,114.368
P25,Apr,Saturday,01:30,120.132
P25,Apr,Saturday,01:45,114.824
P25,Apr,Saturday,02:00,115.252
P25,Apr,Saturday,02:15,112.836
P25,Apr,Saturday,02:30,108.168
P25,Apr,Saturday,02:45,110.728
P25,Apr,Saturday,03:00,111.716
P25,Apr,Saturday,03:15,109.244
P25,Apr,Saturday,03:30,114.532
P25,Apr,Saturday,03:45,110.48
P25,Apr,Saturday,04:00,118.956
P25,Apr,Saturday,04:15,120.652
P25,Apr,Saturday,04:30,116.46
P25,Apr,Saturday,04:45,117.228
P25,Apr,Saturday,05:00,119.972
P25,Apr,Saturday,05:15,124.412
P25,Apr,Saturday,05:30,135.756
P25,Apr,Saturday,05:45,130.372
P25,Apr,Saturday,06:00,130.992
P25,Apr,Saturday,06:15,126.944
P25,Apr,Saturday,06:30,127.248
P25,Apr,Saturday,06:45,118.768
P25,Apr,Saturday,07:00,115.964
P25,Apr,Saturday,07:15,107.536
P25,Apr,Saturday,07:30,107.988
P25,Apr,Saturday,07:45,106.216
P25,Apr,Saturday,08:00,105.684
P25,Apr,Saturday,08:15,104.604
P25,Apr,Saturday,08:30,97.732
P25,Apr,Saturday,08:45,94.924
P25,Apr,Saturday,09:00,90.616
P25,Apr,Saturday,09:15,92.24
P25,Apr,Saturday,09:30,82.888
P25,Apr,Saturday,09:45,75.188
P25,Apr,Saturday,10:00,62.376
P25,Apr,Saturday,10:15,63.04
P25,Apr,Saturday,10:30,67.132
P25,Apr,Saturday,10:45,72.164
P25,Apr,Saturday,11:00,70.316
P25,Apr,Saturday,11:15,72.044
P25,Apr,Saturday,11:30,68.628
P25,Apr,Saturday,11:45,73.352
P25,Apr,Saturday,12:00,69.264
P25,Apr,Saturday,12:15,67.368
P25,Apr,Saturday,12:30,61.34
P25,Apr,Saturday,12:45,57.448
P25,Apr,Saturday,13:00,52.392
P25,Apr,Saturday,13:15,47.936
P25,Apr,Saturday,13:30,50.1
P25,Apr,Saturday,13:45,45.92
P25,Apr,Saturday,14:00,43.16
P25,Apr,Saturday,14:15,40.052
P25,Apr,Saturday,14:30,40.64
P25,Apr,Saturday,14:45,44.048
P25,Apr,Saturday,15:00,44.064
P25,Apr,Saturday,15:15,47.296
P25,Apr,Saturday,15:30,46.656
P25,Apr,Saturday,15:45,45.64
P25,Apr,Saturday,16:00,52.168
P25,Apr,Saturday,16:15,68.7
P25,Apr,Saturday,16:30,71.692
P25,Apr,Saturday,16:45,71.24
P25,Apr,Saturday,17:00,65.588
P25,Apr,Saturday,17:15,68.328
P25,Apr,Saturday,17:30,77.544
P25,Apr,Saturday,17:45,86.128
P25,Apr,Saturday,18:00,97.712
P25,Apr,Saturday,18:15,99.192
P25,Apr,Saturday,18:30,113.24
P25,Apr,Saturday,18:45,120.388
P25,Apr,Saturday,19:00,137.3
P25,Apr,Saturday,19:15,146.804
P25,Apr,Saturday,19:30,162.768
P25,Apr,Saturday,19:45,173.904
P25,Apr,Saturday,20:00,185.948
P25,Apr,Saturday,20:15,188.28
P25,Apr,Saturday,20:30,193.96
P25,Apr,Saturday,20:45,189.704
P25,Apr,Saturday,21:00,180.996
P25,Apr,Saturday,21:15,177.392
P25,Apr,Saturday,21:30,171.072
P25,Apr,Saturday,21:45,167.2
P25,Apr,Saturday,22:00,162.408
P25,Apr,Saturday,22:15,155.352
P25,Apr,Saturday,22:30,147.724
P25,Apr,Saturday,22:45,150.76
P25,Apr,Saturday,23:00,141.156
P25,Apr,Saturday,23:15,138.548
P25,Apr,Saturday,23:30,138.552
P25,Apr,Saturday,23:45,129.308
P25,Apr,Sunday,00:00,135.724
P25,Apr,Sunday,00:15,127.172
P25,Apr,Sunday,00:30,117.032
P25,Apr,Sunday,00:45,116.388
P25,Apr,Sunday,01:00,115.624
P25,Apr,Sunday,01:15,122.28
P25,Apr,Sunday,01:30,113.736
P25,Apr,Sunday,01:45,117.34
P25,Apr,Sunday,02:00,112.508
P25,Apr,Sunday,02:15,117.332
P25,Apr,Sunday,02:30,115.136
P25,Apr,Sunday,02:45,112.084
P25,Apr,Sunday,03:00,115.696
P25,Apr,Sunday,03:15,121.34
P25,Apr,Sunday,03:30,120.732
P25,Apr,Sunday,03:45,124.364
P25,Apr,Sunday,04:00,123.62
P25,Apr,Sunday,04:15,121.332
P25,Apr,Sunday,04:30,126.924
P25,Apr,Sunday,04:45,120.136
P25,Apr,Sunday,05:00,124.32
P25,Apr,Sunday,05:15,135.04
P25,Apr,Sunday,05:30,131.724
P25,Apr,Sunday,05:45,133.252
P25,Apr,Sunday,06:00,127.148
P25,Apr,Sunday,06:15,130.5
P25,Apr,Sunday,06:30,133.592
P25,Apr,Sunday,06:45,119.856
P25,Apr,Sunday,07:00,115.388
P25,Apr,Sunday,07:15,105.5
P25,Apr,Sunday,07:30,98.04
P25,Apr,Sunday,07:45,85.612
P25,Apr,Sunday,08:00,87.536
P25,Apr,Sunday,08:15,84.276
P25,Apr,Sunday,08:30,79.572
P25,Apr,Sunday,08:45,70.76
P25,Apr,Sunday,09:00,68.248
P25,Apr,Sunday,09:15,69.972
P25,Apr,Sunday,09:30,72.536
P25,Apr,Sunday,09:45,76.356
P25,Apr,Sunday,10:00,63.336
P25,Apr,Sunday,10:15,66.932
P25,Apr,Sunday,10:30,67.424
P25,Apr,Sunday,10:45,60.18
P25,Apr,Sunday,11:00,54.152
P25,Apr,Sunday,11:15,59.904
P25,Apr,Sunday,11:30,71.252
P25,Apr,Sunday,11:45,71.996
P25,Apr,Sunday,12:00,68.712
P25,Apr,Sunday,12:15,58.836
P25,Apr,Sunday,12:30,57.136
P25,Apr,Sunday,12:45,53.836
P25,Apr,Sunday,13:00,50.252
P25,Apr,Sunday,13:15,49.432
P25,Apr,Sunday,13:30,39.848
P25,Apr,Sunday,13:45,45.396
P25,Apr,Sunday,14:00,44.804
P25,Apr,Sunday,14:15,37.072
P25,Apr,Sunday,14:30,40.828
P25,Apr,Sunday,14:45,41.036
P25,Apr,Sunday,15:00,44.608
P25,Apr,Sunday,15:15,46.592
P25,Apr,Sunday,15:30,46.616
P25,Apr,Sunday,15:45,46.192
P25,Apr,Sunday,16:00,51.604
P25,Apr,Sunday,16:15,58.564
P25,Apr,Sunday,16:30,57.324
P25,Apr,Sunday,16:45,57.788
P25,Apr,Sunday,17:00,68.032
P25,Apr,Sunday,17:15,72.62
P25,Apr,Sunday,17:30,85.508
P25,Apr,Sunday,17:45,89.364
P25,Apr,Sunday,18:00,98.8
P25,Apr,Sunday,18:15,115.408
P25,Apr,Sunday,18:30,118.148
P25,Apr,Sunday,18:45,124.892
P25,Apr,Sunday,19:00,147.388
P25,Apr,Sunday,19:15,161.46
P25,Apr,Sunday,19:30,161.484
P25,Apr,Sunday,19:45,173.868
P25,Apr,Sunday,20:00,187.14
P25,Apr,Sunday,20:15,188.464
P25,Apr,Sunday,20:30,186.452
P25,Apr,Sunday,20:45,182.568
P25,Apr,Sunday,21:00,171.796
P25,Apr,Sunday,21:15,168.012
P25,Apr,Sunday,21:30,168.372
P25,Apr,Sunday,21:45,163.2
P25,Apr,Sunday,22:00,155.392
P25,Apr,Sunday,22:15,152.724
P25,Apr,Sunday,22:30,145.904
P25,Apr,Sunday,22:45,133.008
P25,Apr,Sunday,23:00,127.312
P25,Apr,Sunday,23:15,122.424
P25,Apr,Sunday,23:30,119.592
P25,Apr,Sunday,23:45,117.12
P25,May,Workday,00:00,88.02
P25,May,Workday,00:15,86.324
P25,May,Workday,00:30,87.248
P25,May,Workday,00:45,85.796
P25,May,Workday,01:00,86.66
P25,May,Workday,01:15,84.996
P25,May,Workday,01:30,86.24
P25,May,Workday,01:45,83.428
P25,May,Workday,02:00,87.196
P25,May,Workday,02:15,88.06
P25,May,Workday,02:30,85.168
P25,May,Workday,02:45,84.728
P25,May,Workday,03:00,85.508
P25,May,Workday,03:15,84.608
P25,May,Workday,03:30,84.12
P25,May,Workday,03:45,87.444
P25,May,Workday,04:00,88.072
P25,May,Workday,04:15,91.976
P25,May,Workday,04:30,92.564
P25,May,Workday,04:45,94.004
P25,May,Workday,05:00,104.544
P25,May,Workday,05:15,102.676
P25,May,Workday,05:30,103.2
P25,May,Workday,05:45,100.332
P25,May,Workday,06:00,92.348
P25,May,Workday,06:15,87.988
P25,May,Workday,06:30,80.552
P25,May,Workday,06:45,67.172
P25,May,Workday,07:00,60.788
P25,May,Workday,07:15,55.124
P25,May,Workday,07:30,49.524
P25,May,Workday,07:45,51.784
P25,May,Workday,08:00,46.7
P25,May,Workday,08:15,40.256
P25,May,Workday,08:30,36.82
P25,May,Workday,08:45,34.556
P25,May,Workday,09:00,33.252
P25,May,Workday,09:15,31.58
P25,May,Workday,09:30,25.564
P25,May,Workday,09:45,22.236
P25,May,Workday,10:00,20.492
P25,May,Workday,10:15,20.092
P25,May,Workday,10:30,19.6
P25,May,Workday,10:45,19.676
P25,May,Workday,11:00,20.844
P25,May,Workday,11:15,18.352
P25,May,Workday,11:30,20.308
P25,May,Workday,11:45,21.42
P25,May,Workday,12:00,20.328
P25,May,Workday,12:15,19.184
P25,May,Workday,12:30,22.472
P25,May,Workday,12:45,22.284
P25,May,Workday,13:00,21.4
P25,May,Workday,13:15,19.28
P25,May,Workday,13:30,18.7
P25,May,Workday,13:45,17.144
P25,May,Workday,14:00,20.044
P25,May,Workday,14:15,19.38
P25,May,Workday,14:30,18.528
P25,May,Workday,14:45,17.448
P25,May,Workday,15:00,18.98
P25,May,Workday,15:15,18.62
P25,May,Workday,15:30,18.04
P25,May,Workday,15:45,18.652
P25,May,Workday,16:00,25.668
P25,May,Workday,16:15,26.636
P25,May,Workday,16:30,27.42
P25,May,Workday,16:45,29.688
P25,May,Workday,17:00,32.34
P25,May,Workday,17:15,37.144
P25,May,Workday,17:30,44.1
P25,May,Workday,17:45,53.828
P25,May,Workday,18:00,61.224
P25,May,Workday,18:15,69.38
P25,May,Workday,18:30,78.68
P25,May,Workday,18:45,84.508
P25,May,Workday,19:00,91.228
P25,May,Workday,19:15,95.832
P25,May,Workday,19:30,104.452
P25,May,Workday,19:45,114.304
P25,May,Workday,20:00,127.312
P25,May,Workday,20:15,141.524
P25,May,Workday,20:30,145.952
P25,May,Workday,20:45,152.764
P25,May,Workday,21:00,150.988
P25,May,Workday,21:15,148.492
P25,May,Workday,21:30,145.424
P25,May,Workday,21:45,136.86
P25,May,Workday,22:00,126.96
P25,May,Workday,22:15,122.54
P25,May,Workday,22:30,119.296
P25,May,Workday,22:45,113.632
P25,May,Workday,23:00,106.512
P25,May,Workday,23:15,102.56
P25,May,Workday,23:30,99.212
P25,May,Workday,23:45,93.256
P25,May,Saturday,00:00,97.564
P25,May,Saturday,00:15,99.908
P25,May,Saturday,00:30,97.368
P25,May,Saturday,00:45,94.132
P25,May,Saturday,01:00,92.02
P25,May,Saturday,01:15,94.652
P25,May,Saturday,01:30,86.724
P25,May,Saturday,01:45,91.476
P25,May,Saturday,02:00,93.272
P25,May,Saturday,02:15,83.508
P25,May,Saturday,02:30,82.508
P25,May,Saturday,02:45,84.104
P25,May,Saturday,03:00,93.436
P25,May,Saturday,03:15,80.78
P25,May,Saturday,03:30,80.012
P25,May,Saturday,03:45,78.136
P25,May,Saturday,04:00,83.428
P25,May,Saturday,04:15,88.58
P25,May,Saturday,04:30,86.98
P25,May,Saturday,04:45,87.008
P25,May,Saturday,05:00,83.144
P25,May,Saturday,05:15,90.288
P25,May,Saturday,05:30,91.152
P25,May,Saturday,05:45,79.96
P25,May,Saturday,06:00,71.532
P25,May,Saturday,06:15,58.32
P25,May,Saturday,06:30,49.876
P25,May,Saturday,06:45,46.356
P25,May,Saturday,07:00,42.448
P25,May,Saturday,07:15,44.872
P25,May,Saturday,07:30,46.276
P25,May,Saturday,07:45,46.588
P25,May,Saturday,08:00,45.62
P25,May,Saturday,08:15,48.204
P25,May,Saturday,08:30,40.768
P25,May,Saturday,08:45,42.172
P25,May,Saturday,09:00,44.98
P25,May,Saturday,09:15,40.384
P25,May,Saturday,09:30,35.896
P25,May,Saturday,09:45,38.256
P25,May,Saturday,10:00,35.48
P25,May,Saturday,10:15,32.824
P25,May,Saturday,10:30,37.792
P25,May,Saturday,10:45,32.26
P25,May,Saturday,11:00,33.964
P25,May,Saturday,11:15,30.144
P25,May,Saturday,11:30,24.244
P25,May,Saturday,11:45,23.34
P25,May,Saturday,12:00,30.448
P25,May,Saturday,12:15,29.596
P25,May,Saturday,12:30,30.468
P25,May,Saturday,12:45,29.84
P25,May,Saturday,13:00,25.952
P25,May,Saturday,13:15,27.456
P25,May,Saturday,13:30,21.392
P25,May,Saturday,13:45,22.584
P25,May,Saturday,14:00,24.88
P25,May,Saturday,14:15,28.564
P25,May,Saturday,14:30,21.28
P25,May,Saturday,14:45,22.82
P25,May,Saturday,15:00,21.128
P25,May,Saturday,15:15,23.056
P25,May,Saturday,15:30,25.04
P25,May,Saturday,15:45,24.208
P25,May,Saturday,16:00,22.98
P25,May,Saturday,16:15,25.88
P25,May,Saturday,16:30,30.328
P25,May,Saturday,16:45,35.98
P25,May,Saturday,17:00,37.236
P25,May,Saturday,17:15,45.404
P25,May,Saturday,17:30,53.212
P25,May,Saturday,17:45,51.272
P25,May,Saturday,18:00,58.032
P25,May,Saturday,18:15,60.004
P25,May,Saturday,18:30,72.032
P25,May,Saturday,18:45,71.228
P25,May,Saturday,19:00,69.812
P25,May,Saturday,19:15,81.012
P25,May,Saturday,19:30,98.44
P25,May,Saturday,19:45,97.272
P25,May,Saturday,20:00,104.548
P25,May,Saturday,20:15,114.9
P25,May,Saturday,20:30,121.024
P25,May,Saturday,20:45,140.816
P25,May,Saturday,21:00,139.676
P25,May,Saturday,21:15,129.424
P25,May,Saturday,21:30,122.08
P25,May,Saturday,21:45,131.088
P25,May,Saturday,22:00,132.88
P25,May,Saturday,22:15,120.856
P25,May,Saturday,22:30,122.588
P25,May,Saturday,22:45,121.616
P25,May,Saturday,23:00,118.944
P25,May,Saturday,23:15,111.8
P25,May,Saturday,23:30,110.12
P25,May,Saturday,23:45,101.88
P25,May,Sunday,00:00,102.352
P25,May,Sunday,00:15,95.556
P25,May,Sunday,00:30,95.464
P25,May,Sunday,00:45,92.212
P25,May,Sunday,01:00,89.62
P25,May,Sunday,01:15,91.132
P25,May,Sunday,01:30,90.272
P25,May,Sunday,01:45,83.84
P25,May,Sunday,02:00,92.22
P25,May,Sunday,02:15,83.04
P25,May,Sunday,02:30,86.48
P25,May,Sunday,02:45,84.92
P25,May,Sunday,03:00,89.644
P25,May,Sunday,03:15,85.672
P25,May,Sunday,03:30,86.892
P25,May,Sunday,03:45,89.128
P25,May,Sunday,04:00,92.52
P25,May,Sunday,04:15,90.188
P25,May,Sunday,04:30,90.468
P25,May,Sunday,04:45,92.336
P25,May,Sunday,05:00,91.196
P25,May,Sunday,05:15,91.972
P25,May,Sunday,05:30,90.02
P25,May,Sunday,05:45,74.264
P25,May,Sunday,06:00,69.396
P25,May,Sunday,06:15,64.836
P25,May,Sunday,06:30,60.848
P25,May,Sunday,06:45,46.432
P25,May,Sunday,07:00,48.372
P25,May,Sunday,07:15,43.196
P25,May,Sunday,07:30,43.588
P25,May,Sunday,07:45,42.596
P25,May,Sunday,08:00,54.712
P25,May,Sunday,08:15,45.52
P25,May,Sunday,08:30,44.736
P25,May,Sunday,08:45,40.064
P25,May,Sunday,09:00,42.176
P25,May,Sunday,09:15,44.244
P25,May,Sunday,09:30,35.168
P25,May,Sunday,09:45,40.48
P25,May,Sunday,10:00,34.364
P25,May,Sunday,10:15,30.208
P25,May,Sunday,10:30,29.644
P25,May,Sunday,10:45,28.44
P25,May,Sunday,11:00,31.856
P25,May,Sunday,11:15,30.892
P25,May,Sunday,11:30,35.388
P25,May,Sunday,11:45,34.872
P25,May,Sunday,12:00,32.296
P25,May,Sunday,12:15,34.892
P25,May,Sunday,12:30,33.444
P25,May,Sunday,12:45,30.62
P25,May,Sunday,13:00,31.512
P25,May,Sunday,13:15,27.664
P25,May,Sunday,13:30,25.78
P25,May,Sunday,13:45,21.58
P25,May,Sunday,14:00,23.812
P25,May,Sunday,14:15,25.348
P25,May,Sunday,14:30,27.476
P25,May,Sunday,14:45,25.828
P25,May,Sunday,15:00,24.152
P25,May,Sunday,15:15,23.344
P25,May,Sunday,15:30,21.924
P25,May,Sunday,15:45,22.748
P25,May,Sunday,16:00,22.372
P25,May,Sunday,16:15,23.184
P25,May,Sunday,16:30,26.412
P25,May,Sunday,16:45,31.852
P25,May,Sunday,17:00,33.848
P25,May,Sunday,17:15,39.952
P25,May,Sunday,17:30,46.676
P25,May,Sunday,17:45,52.892
P25,May,Sunday,18:00,65.3
P25,May,Sunday,18:15,71.332
P25,May,Sunday,18:30,76.796
P25,May,Sunday,18:45,84.784
P25,May,Sunday,19:00,89.32
P25,May,Sunday,19:15,97.168
P25,May,Sunday,19:30,99.228
P25,May,Sunday,19:45,105.084
P25,May,Sunday,20:00,124.636
P25,May,Sunday,20:15,132.92
P25,May,Sunday,20:30,136.948
P25,May,Sunday,20:45,145.248
P25,May,Sunday,21:00,146.24
P25,May,Sunday,21:15,140.748
P25,May,Sunday,21:30,142.756
P25,May,Sunday,21:45,136.304
P25,May,Sunday,22:00,127.176
P25,May,Sunday,22:15,127.704
P25,May,Sunday,22:30,120.348
P25,May,Sunday,22:45,109.736
P25,May,Sunday,23:00,101.4
P25,May,Sunday,23:15,107.216
P25,May,Sunday,23:30,100.752
P25,May,Sunday,23:45,91.704
P25,Jun,Workday,00:00,100.56
P25,Jun,Workday,00:15,95.732
P25,Jun,Workday,00:30,92.136
P25,Jun,Workday,00:45,94.5
P25,Jun,Workday,01:00,92.292
P25,Jun,Workday,01:15,89.824
P25,Jun,Workday,01:30,91.248
P25,Jun,Workday,01:45,88.244
P25,Jun,Workday,02:00,93.312
P25,Jun,Workday,02:15,88.94
P25,Jun,Workday,02:30,88.94
P25,Jun,Workday,02:45,87.572
P25,Jun,Workday,03:00,90.052
P25,Jun,Workday,03:15,87.756
P25,Jun,Workday,03:30,84.592
P25,Jun,Workday,03:45,85.44
P25,Jun,Workday,04:00,90.54
P25,Jun,Workday,04:15,90.284
P25,Jun,Workday,04:30,95.044
P25,Jun,Workday,04:45,93.168
P25,Jun,Workday,05:00,104.888
P25,Jun,Workday,05:15,95.172
P25,Jun,Workday,05:30,88.312
P25,Jun,Workday,05:45,81.752
P25,Jun,Workday,06:00,76.624
P25,Jun,Workday,06:15,72.02
P25,Jun,Workday,06:30,73.196
P25,Jun,Workday,06:45,67.236
P25,Jun,Workday,07:00,60.188
P25,Jun,Workday,07:15,53.02
P25,Jun,Workday,07:30,50.412
P25,Jun,Workday,07:45,49.4
P25,Jun,Workday,08:00,45.24
P25,Jun,Workday,08:15,41.636
P25,Jun,Workday,08:30,39.268
P25,Jun,Workday,08:45,35.332
P25,Jun,Workday,09:00,31.6
P25,Jun,Workday,09:15,28.076
P25,Jun,Workday,09:30,28.176
P25,Jun,Workday,09:45,27.144
P25,Jun,Workday,10:00,26.244
P25,Jun,Workday,10:15,24.224
P25,Jun,Workday,10:30,20.76
P25,Jun,Workday,10:45,22.824
P25,Jun,Workday,11:00,21.488
P25,Jun,Workday,11:15,19.656
P25,Jun,Workday,11:30,19.548
P25,Jun,Workday,11:45,21.916
P25,Jun,Workday,12:00,23.628
P25,Jun,Workday,12:15,22.024
P25,Jun,Workday,12:30,22.1
P25,Jun,Workday,12:45,21.976
P25,Jun,Workday,13:00,19.28
P25,Jun,Workday,13:15,20.044
P25,Jun,Workday,13:30,18.964
P25,Jun,Workday,13:45,20.588
P25,Jun,Workday,14:00,20.264
P25,Jun,Workday,14:15,19.544
P25,Jun,Workday,14:30,18.372
P25,Jun,Workday,14:45,18.04
P25,Jun,Workday,15:00,19.732
P25,Jun,Workday,15:15,20.532
P25,Jun,Workday,15:30,22.98
P25,Jun,Workday,15:45,23.416
P25,Jun,Workday,16:00,22.368
P25,Jun,Workday,16:15,24.064
P25,Jun,Workday,16:30,28.484
P25,Jun,Workday,16:45,31.06
P25,Jun,Workday,17:00,37.184
P25,Jun,Workday,17:15,39.2
P25,Jun,Workday,17:30,47.36
P25,Jun,Workday,17:45,57.984
P25,Jun,Workday,18:00,67.496
P25,Jun,Workday,18:15,72.568
P25,Jun,Workday,18:30,83.704
P25,Jun,Workday,18:45,91.744
P25,Jun,Workday,19:00,95.548
P25,Jun,Workday,19:15,99.124
P25,Jun,Workday,19:30,105.964
P25,Jun,Workday,19:45,113.236
P25,Jun,Workday,20:00,122.68
P25,Jun,Workday,20:15,129.964
P25,Jun,Workday,20:30,134.008
P25,Jun,Workday,20:45,142.66
P25,Jun,Workday,21:00,151.444
P25,Jun,Workday,21:15,151.832
P25,Jun,Workday,21:30,155.532
P25,Jun,Workday,21:45,149.412
P25,Jun,Workday,22:00,144.044
P25,Jun,Workday,22:15,136.008
P25,Jun,Workday,22:30,129.688
P25,Jun,Workday,22:45,123.064
P25,Jun,Workday,23:00,118.416
P25,Jun,Workday,23:15,116.52
P25,Jun,Workday,23:30,107.072
P25,Jun,Workday,23:45,107.876
P25,Jun,Saturday,00:00,106.496
P25,Jun,Saturday,00:15,102.468
P25,Jun,Saturday,00:30,95.992
P25,Jun,Saturday,00:45,100.476
P25,Jun,Saturday,01:00,98.04
P25,Jun,Saturday,01:15,92.136
P25,Jun,Saturday,01:30,98.52
P25,Jun,Saturday,01:45,84.26
P25,Jun,Saturday,02:00,91.108
P25,Jun,Saturday,02:15,89.076
P25,Jun,Saturday,02:30,91.068
P25,Jun,Saturday,02:45,96.064
P25,Jun,Saturday,03:00,91.532
P25,Jun,Saturday,03:15,88.772
P25,Jun,Saturday,03:30,84.3
P25,Jun,Saturday,03:45,85.852
P25,Jun,Saturday,04:00,87.724
P25,Jun,Saturday,04:15,95.788
P25,Jun,Saturday,04:30,94.828
P25,Jun,Saturday,04:45,92.348
P25,Jun,Saturday,05:00,90.628
P25,Jun,Saturday,05:15,85.908
P25,Jun,Saturday,05:30,79.856
P25,Jun,Saturday,05:45,62.416
P25,Jun,Saturday,06:00,58.28
P25,Jun,Saturday,06:15,52.092
P25,Jun,Saturday,06:30,52.876
P25,Jun,Saturday,06:45,46.092
P25,Jun,Saturday,07:00,47.26
P25,Jun,Saturday,07:15,45.184
P25,Jun,Saturday,07:30,39.708
P25,Jun,Saturday,07:45,45.784
P25,Jun,Saturday,08:00,47.716
P25,Jun,Saturday,08:15,48.492
P25,Jun,Saturday,08:30,46.636
P25,Jun,Saturday,08:45,46.376
P25,Jun,Saturday,09:00,40.108
P25,Jun,Saturday,09:15,38.644
P25,Jun,Saturday,09:30,29.712
P25,Jun,Saturday,09:45,28.172
P25,Jun,Saturday,10:00,28.748
P25,Jun,Saturday,10:15,28.18
P25,Jun,Saturday,10:30,23.104
P25,Jun,Saturday,10:45,20.416
P25,Jun,Saturday,11:00,21.384
P25,Jun,Saturday,11:15,25.02
P25,Jun,Saturday,11:30,26.104
P25,Jun,Saturday,11:45,28.496
P25,Jun,Saturday,12:00,29.448
P25,Jun,Saturday,12:15,26.452
P25,Jun,Saturday,12:30,23.92
P25,Jun,Saturday,12:45,22.356
P25,Jun,Saturday,13:00,21.288
P25,Jun,Saturday,13:15,23.944
P25,Jun,Saturday,13:30,28.06
P25,Jun,Saturday,13:45,28.076
P25,Jun,Saturday,14:00,28.096
P25,Jun,Saturday,14:15,29.012
P25,Jun,Saturday,14:30,23.976
P25,Jun,Saturday,14:45,20.116
P25,Jun,Saturday,15:00,25.936
P25,Jun,Saturday,15:15,27.34
P25,Jun,Saturday,15:30,26.104
P25,Jun,Saturday,15:45,23.5
P25,Jun,Saturday,16:00,24.436
P25,Jun,Saturday,16:15,35.468
P25,Jun,Saturday,16:30,30.864
P25,Jun,Saturday,16:45,31.2
P25,Jun,Saturday,17:00,33.508
P25,Jun,Saturday,17:15,34.612
P25,Jun,Saturday,17:30,35.636
P25,Jun,Saturday,17:45,39.696
P25,Jun,Saturday,18:00,50.34
P25,Jun,Saturday,18:15,50.644
P25,Jun,Saturday,18:30,55.208
P25,Jun,Saturday,18:45,58.344
P25,Jun,Saturday,19:00,63.428
P25,Jun,Saturday,19:15,65.688
P25,Jun,Saturday,19:30,68.84
P25,Jun,Saturday,19:45,80.296
P25,Jun,Saturday,20:00,88.432
P25,Jun,Saturday,20:15,102.66
P25,Jun,Saturday,20:30,111.404
P25,Jun,Saturday,20:45,117.632
P25,Jun,Saturday,21:00,135.164
P25,Jun,Saturday,21:15,141.272
P25,Jun,Saturday,21:30,144.088
P25,Jun,Saturday,21:45,148.112
P25,Jun,Saturday,22:00,144.712
P25,Jun,Saturday,22:15,139.908
P25,Jun,Saturday,22:30,131.204
P25,Jun,Saturday,22:45,124.176
P25,Jun,Saturday,23:00,115.76
P25,Jun,Saturday,23:15,111.732
P25,Jun,Saturday,23:30,117.848
P25,Jun,Saturday,23:45,109.524
P25,Jun,Sunday,00:00,104.192
P25,Jun,Sunday,00:15,104.592
P25,Jun,Sunday,00:30,108.544
P25,Jun,Sunday,00:45,99.32
P25,Jun,Sunday,01:00,102.736
P25,Jun,Sunday,01:15,90.98
P25,Jun,Sunday,01:30,89.896
P25,Jun,Sunday,01:45,89.944
P25,Jun,Sunday,02:00,85.216
P25,Jun,Sunday,02:15,97.008
P25,Jun,Sunday,02:30,94.336
P25,Jun,Sunday,02:45,85.324
P25,Jun,Sunday,03:00,86.724
P25,Jun,Sunday,03:15,82.864
P25,Jun,Sunday,03:30,82.044
P25,Jun,Sunday,03:45,81.124
P25,Jun,Sunday,04:00,91.036
P25,Jun,Sunday,04:15,91.136
P25,Jun,Sunday,04:30,89.792
P25,Jun,Sunday,04:45,86.42
P25,Jun,Sunday,05:00,87.38
P25,Jun,Sunday,05:15,80.408
P25,Jun,Sunday,05:30,67.1
P25,Jun,Sunday,05:45,54.392
P25,Jun,Sunday,06:00,46.156
P25,Jun,Sunday,06:15,43.176
P25,Jun,Sunday,06:30,37.64
P25,Jun,Sunday,06:45,34.104
P25,Jun,Sunday,07:00,34.592
P25,Jun,Sunday,07:15,38.56
P25,Jun,Sunday,07:30,34.66
P25,Jun,Sunday,07:45,30.32
P25,Jun,Sunday,08:00,31.788
P25,Jun,Sunday,08:15,35.556
P25,Jun,Sunday,08:30,43.128
P25,Jun,Sunday,08:45,37.348
P25,Jun,Sunday,09:00,31.032
P25,Jun,Sunday,09:15,29.484
P25,Jun,Sunday,09:30,30.62
P25,Jun,Sunday,09:45,27.452
P25,Jun,Sunday,10:00,27.252
P25,Jun,Sunday,10:15,29.964
P25,Jun,Sunday,10:30,25.856
P25,Jun,Sunday,10:45,26.648
P25,Jun,Sunday,11:00,25.46
P25,Jun,Sunday,11:15,30.908
P25,Jun,Sunday,11:30,29.216
P25,Jun,Sunday,11:45,38.412
P25,Jun,Sunday,12:00,38.388
P25,Jun,Sunday,12:15,35.464
P25,Jun,Sunday,12:30,38.084
P25,Jun,Sunday,12:45,32.852
P25,Jun,Sunday,13:00,28.908
P25,Jun,Sunday,13:15,27.396
P25,Jun,Sunday,13:30,27.148
P25,Jun,Sunday,13:45,23.44
P25,Jun,Sunday,14:00,27.92
P25,Jun,Sunday,14:15,27.44
P25,Jun,Sunday,14:30,30.512
P25,Jun,Sunday,14:45,28.164
P25,Jun,Sunday,15:00,30.86
P25,Jun,Sunday,15:15,34.24
P25,Jun,Sunday,15:30,36.372
P25,Jun,Sunday,15:45,37.864
P25,Jun,Sunday,16:00,33.84
P25,Jun,Sunday,16:15,34.604
P25,Jun,Sunday,16:30,31.76
P25,Jun,Sunday,16:45,34.08
P25,Jun,Sunday,17:00,45.856
P25,Jun,Sunday,17:15,45.132
P25,Jun,Sunday,17:30,46.708
P25,Jun,Sunday,17:45,52.348
P25,Jun,Sunday,18:00,59.492
P25,Jun,Sunday,18:15,61.396
P25,Jun,Sunday,18:30,70.488
P25,Jun,Sunday,18:45,77.652
P25,Jun,Sunday,19:00,90.0
P25,Jun,Sunday,19:15,89.18
P25,Jun,Sunday,19:30,100.536
P25,Jun,Sunday,19:45,111.944
P25,Jun,Sunday,20:00,126.392
P25,Jun,Sunday,20:15,118.372
P25,Jun,Sunday,20:30,132.28
P25,Jun,Sunday,20:45,145.012
P25,Jun,Sunday,21:00,153.824
P25,Jun,Sunday,21:15,151.724
P25,Jun,Sunday,21:30,150.436
P25,Jun,Sunday,21:45,154.568
P25,Jun,Sunday,22:00,144.096
P25,Jun,Sunday,22:15,142.7
P25,Jun,Sunday,22:30,129.564
P25,Jun,Sunday,22:45,119.66
P25,Jun,Sunday,23:00,116.556
P25,Jun,Sunday,23:15,112.432
P25,Jun,Sunday,23:30,110.08
P25,Jun,Sunday,23:45,99.84
P25,Jul,Workday,00:00,99.416
P25,Jul,Workday,00:15,97.204
P25,Jul,Workday,00:30,95.444
P25,Jul,Workday,00:45,92.636
P25,Jul,Workday,01:00,90.304
P25,Jul,Workday,01:15,92.704
P25,Jul,Workday,01:30,92.1
P25,Jul,Workday,01:45,91.568
P25,Jul,Workday,02:00,88.808
P25,Jul,Workday,02:15,92.668
P25,Jul,Workday,02:30,92.8
P25,Jul,Workday,02:45,89.98
P25,Jul,Workday,03:00,92.992
P25,Jul,Workday,03:15,90.512
P25,Jul,Workday,03:30,89.82
P25,Jul,Workday,03:45,91.612
P25,Jul,Workday,04:00,93.112
P25,Jul,Workday,04:15,95.284
P25,Jul,Workday,04:30,99.312
P25,Jul,Workday,04:45,96.004
P25,Jul,Workday,05:00,101.776
P25,Jul,Workday,05:15,99.772
P25,Jul,Workday,05:30,97.292
P25,Jul,Workday,05:45,91.6
P25,Jul,Workday,06:00,84.808
P25,Jul,Workday,06:15,76.408
P25,Jul,Workday,06:30,77.352
P25,Jul,Workday,06:45,63.716
P25,Jul,Workday,07:00,59.776
P25,Jul,Workday,07:15,57.46
P25,Jul,Workday,07:30,50.384
P25,Jul,Workday,07:45,50.028
P25,Jul,Workday,08:00,49.2
P25,Jul,Workday,08:15,42.768
P25,Jul,Workday,08:30,37.208
P25,Jul,Workday,08:45,38.9
P25,Jul,Workday,09:00,35.264
P25,Jul,Workday,09:15,31.348
P25,Jul,Workday,09:30,29.424
P25,Jul,Workday,09:45,27.956
P25,Jul,Workday,10:00,25.188
P25,Jul,Workday,10:15,24.34
P25,Jul,Workday,10:30,23.4
P25,Jul,Workday,10:45,24.476
P25,Jul,Workday,11:00,27.004
P25,Jul,Workday,11:15,24.852
P25,Jul,Workday,11:30,24.448
P25,Jul,Workday,11:45,25.772
P25,Jul,Workday,12:00,24.668
P25,Jul,Workday,12:15,22.384
P25,Jul,Workday,12:30,22.292
P25,Jul,Workday,12:45,21.04
P25,Jul,Workday,13:00,20.404
P25,Jul,Workday,13:15,21.22
P25,Jul,Workday,13:30,20.984
P25,Jul,Workday,13:45,20.556
P25,Jul,Workday,14:00,23.948
P25,Jul,Workday,14:15,22.332
P25,Jul,Workday,14:30,23.6
P25,Jul,Workday,14:45,24.464
P25,Jul,Workday,15:00,25.332
P25,Jul,Workday,15:15,25.72
P25,Jul,Workday,15:30,25.008
P25,Jul,Workday,15:45,26.412
P25,Jul,Workday,16:00,28.888
P25,Jul,Workday,16:15,28.624
P25,Jul,Workday,16:30,31.436
P25,Jul,Workday,16:45,34.776
P25,Jul,Workday,17:00,38.684
P25,Jul,Workday,17:15,44.176
P25,Jul,Workday,17:30,52.852
P25,Jul,Workday,17:45,56.308
P25,Jul,Workday,18:00,60.98
P25,Jul,Workday,18:15,70.692
P25,Jul,Workday,18:30,72.656
P25,Jul,Workday,18:45,80.996
P25,Jul,Workday,19:00,83.604
P25,Jul,Workday,19:15,89.692
P25,Jul,Workday,19:30,96.148
P25,Jul,Workday,19:45,106.844
P25,Jul,Workday,20:00,119.864
P25,Jul,Workday,20:15,128.184
P25,Jul,Workday,20:30,135.416
P25,Jul,Workday,20:45,145.404
P25,Jul,Workday,21:00,151.272
P25,Jul,Workday,21:15,153.18
P25,Jul,Workday,21:30,156.624
P25,Jul,Workday,21:45,149.84
P25,Jul,Workday,22:00,139.52
P25,Jul,Workday,22:15,137.676
P25,Jul,Workday,22:30,130.256
P25,Jul,Workday,22:45,127.016
P25,Jul,Workday,23:00,121.16
P25,Jul,Workday,23:15,115.172
P25,Jul,Workday,23:30,109.516
P25,Jul,Workday,23:45,107.104
P25,Jul,Saturday,00:00,108.256
P25,Jul,Saturday,00:15,107.36
P25,Jul,Saturday,00:30,102.436
P25,Jul,Saturday,00:45,112.608
P25,Jul,Saturday,01:00,99.408
P25,Jul,Saturday,01:15,98.26
P25,Jul,Saturday,01:30,105.572
P25,Jul,Saturday,01:45,96.7
P25,Jul,Saturday,02:00,97.716
P25,Jul,Saturday,02:15,97.992
P25,Jul,Saturday,02:30,95.612
P25,Jul,Saturday,02:45,94.316
P25,Jul,Saturday,03:00,89.636
P25,Jul,Saturday,03:15,90.104
P25,Jul,Saturday,03:30,92.48
P25,Jul,Saturday,03:45,93.764
P25,Jul,Saturday,04:00,99.308
P25,Jul,Saturday,04:15,96.492
P25,Jul,Saturday,04:30,94.228
P25,Jul,Saturday,04:45,102.72
P25,Jul,Saturday,05:00,106.352
P25,Jul,Saturday,05:15,102.264
P25,Jul,Saturday,05:30,94.216
P25,Jul,Saturday,05:45,88.7
P25,Jul,Saturday,06:00,74.624
P25,Jul,Saturday,06:15,71.576
P25,Jul,Saturday,06:30,73.44
P25,Jul,Saturday,06:45,58.184
P25,Jul,Saturday,07:00,62.036
P25,Jul,Saturday,07:15,60.412
P25,Jul,Saturday,07:30,59.08
P25,Jul,Saturday,07:45,57.504
P25,Jul,Saturday,08:00,58.18
P25,Jul,Saturday,08:15,50.384
P25,Jul,Saturday,08:30,49.012
P25,Jul,Saturday,08:45,49.32
P25,Jul,Saturday,09:00,57.22
P25,Jul,Saturday,09:15,49.776
P25,Jul,Saturday,09:30,44.908
P25,Jul,Saturday,09:45,45.864
P25,Jul,Saturday,10:00,46.356
P25,Jul,Saturday,10:15,42.552
P25,Jul,Saturday,10:30,51.74
P25,Jul,Saturday,10:45,50.736
P25,Jul,Saturday,11:00,48.228
P25,Jul,Saturday,11:15,46.572
P25,Jul,Saturday,11:30,46.88
P25,Jul,Saturday,11:45,46.176
P25,Jul,Saturday,12:00,44.4
P25,Jul,Saturday,12:15,42.768
P25,Jul,Saturday,12:30,41.808
P25,Jul,Saturday,12:45,38.904
P25,Jul,Saturday,13:00,37.764
P25,Jul,Saturday,13:15,37.044
P25,Jul,Saturday,13:30,38.212
P25,Jul,Saturday,13:45,37.952
P25,Jul,Saturday,14:00,40.572
P25,Jul,Saturday,14:15,29.876
P25,Jul,Saturday,14:30,36.284
P25,Jul,Saturday,14:45,35.572
P25,Jul,Saturday,15:00,40.304
P25,Jul,Saturday,15:15,34.408
P25,Jul,Saturday,15:30,37.988
P25,Jul,Saturday,15:45,38.304
P25,Jul,Saturday,16:00,39.036
P25,Jul,Saturday,16:15,48.132
P25,Jul,Saturday,16:30,42.984
P25,Jul,Saturday,16:45,46.736
P25,Jul,Saturday,17:00,42.856
P25,Jul,Saturday,17:15,44.52
P25,Jul,Saturday,17:30,46.568
P25,Jul,Saturday,17:45,60.124
P25,Jul,Saturday,18:00,61.136
P25,Jul,Saturday,18:15,62.616
P25,Jul,Saturday,18:30,77.712
P25,Jul,Saturday,18:45,90.072
P25,Jul,Saturday,19:00,87.856
P25,Jul,Saturday,19:15,91.792
P25,Jul,Saturday,19:30,85.108
P25,Jul,Saturday,19:45,91.304
P25,Jul,Saturday,20:00,110.668
P25,Jul,Saturday,20:15,125.412
P25,Jul,Saturday,20:30,129.1
P25,Jul,Saturday,20:45,133.14
P25,Jul,Saturday,21:00,141.896
P25,Jul,Saturday,21:15,149.372
P25,Jul,Saturday,21:30,144.22
P25,Jul,Saturday,21:45,151.568
P25,Jul,Saturday,22:00,142.192
P25,Jul,Saturday,22:15,141.66
P25,Jul,Saturday,22:30,138.732
P25,Jul,Saturday,22:45,135.148
P25,Jul,Saturday,23:00,125.908
P25,Jul,Saturday,23:15,125.012
P25,Jul,Saturday,23:30,123.8
P25,Jul,Saturday,23:45,117.36
P25,Jul,Sunday,00:00,114.56
P25,Jul,Sunday,00:15,112.28
P25,Jul,Sunday,00:30,100.132
P25,Jul,Sunday,00:45,102.336
P25,Jul,Sunday,01:00,95.788
P25,Jul,Sunday,01:15,102.62
P25,Jul,Sunday,01:30,97.884
P25,Jul,Sunday,01:45,99.464
P25,Jul,Sunday,02:00,99.3
P25,Jul,Sunday,02:15,95.14
P25,Jul,Sunday,02:30,102.84
P25,Jul,Sunday,02:45,100.608
P25,Jul,Sunday,03:00,94.32
P25,Jul,Sunday,03:15,91.196
P25,Jul,Sunday,03:30,90.94
P25,Jul,Sunday,03:45,91.896
P25,Jul,Sunday,04:00,98.848
P25,Jul,Sunday,04:15,98.304
P25,Jul,Sunday,04:30,100.248
P25,Jul,Sunday,04:45,94.332
P25,Jul,Sunday,05:00,98.592
P25,Jul,Sunday,05:15,94.792
P25,Jul,Sunday,05:30,93.916
P25,Jul,Sunday,05:45,80.868
P25,Jul,Sunday,06:00,70.688
P25,Jul,Sunday,06:15,61.024
P25,Jul,Sunday,06:30,54.272
P25,Jul,Sunday,06:45,47.8
P25,Jul,Sunday,07:00,48.216
P25,Jul,Sunday,07:15,39.86
P25,Jul,Sunday,07:30,37.908
P25,Jul,Sunday,07:45,41.18
P25,Jul,Sunday,08:00,45.12
P25,Jul,Sunday,08:15,46.38
P25,Jul,Sunday,08:30,39.556
P25,Jul,Sunday,08:45,42.692
P25,Jul,Sunday,09:00,45.388
P25,Jul,Sunday,09:15,41.448
P25,Jul,Sunday,09:30,41.08
P25,Jul,Sunday,09:45,38.348
P25,Jul,Sunday,10:00,37.6
P25,Jul,Sunday,10:15,47.324
P25,Jul,Sunday,10:30,40.636
P25,Jul,Sunday,10:45,39.828
P25,Jul,Sunday,11:00,37.0
P25,Jul,Sunday,11:15,37.056
P25,Jul,Sunday,11:30,39.196
P25,Jul,Sunday,11:45,37.888
P25,Jul,Sunday,12:00,33.936
P25,Jul,Sunday,12:15,47.144
P25,Jul,Sunday,12:30,44.208
P25,Jul,Sunday,12:45,38.792
P25,Jul,Sunday,13:00,29.976
P25,Jul,Sunday,13:15,29.76
P25,Jul,Sunday,13:30,31.848
P25,Jul,Sunday,13:45,35.132
P25,Jul,Sunday,14:00,27.868
P25,Jul,Sunday,14:15,33.48
P25,Jul,Sunday,14:30,30.544
P25,Jul,Sunday,14:45,26.164
P25,Jul,Sunday,15:00,21.984
P25,Jul,Sunday,15:15,27.42
P25,Jul,Sunday,15:30,28.344
P25,Jul,Sunday,15:45,33.012
P25,Jul,Sunday,16:00,32.864
P25,Jul,Sunday,16:15,34.68
P25,Jul,Sunday,16:30,32.556
P25,Jul,Sunday,16:45,33.956
P25,Jul,Sunday,17:00,39.744
P25,Jul,Sunday,17:15,43.924
P25,Jul,Sunday,17:30,47.576
P25,Jul,Sunday,17:45,55.588
P25,Jul,Sunday,18:00,60.664
P25,Jul,Sunday,18:15,67.628
P25,Jul,Sunday,18:30,69.028
P25,Jul,Sunday,18:45,70.196
P25,Jul,Sunday,19:00,80.976
P25,Jul,Sunday,19:15,92.512
P25,Jul,Sunday,19:30,102.368
P25,Jul,Sunday,19:45,112.976
P25,Jul,Sunday,20:00,110.368
P25,Jul,Sunday,20:15,121.68
P25,Jul,Sunday,20:30,131.804
P25,Jul,Sunday,20:45,147.304
P25,Jul,Sunday,21:00,151.812
P25,Jul,Sunday,21:15,156.568
P25,Jul,Sunday,21:30,159.72
P25,Jul,Sunday,21:45,148.936
P25,Jul,Sunday,22:00,145.92
P25,Jul,Sunday,22:15,138.992
P25,Jul,Sunday,22:30,135.704
P25,Jul,Sunday,22:45,124.664
P25,Jul,Sunday,23:00,123.52
P25,Jul,Sunday,23:15,111.824
P25,Jul,Sunday,23:30,106.684
P25,Jul,Sunday,23:45,100.004
P25,Aug,Workday,00:00,101.112
P25,Aug,Workday,00:15,101.476
P25,Aug,Workday,00:30,96.496
P25,Aug,Workday,00:45,93.052
P25,Aug,Workday,01:00,92.284
P25,Aug,Workday,01:15,91.344
P25,Aug,Workday,01:30,90.232
P25,Aug,Workday,01:45,92.004
P25,Aug,Workday,02:00,90.632
P25,Aug,Workday,02:15,92.3
P25,Aug,Workday,02:30,91.676
P25,Aug,Workday,02:45,94.42
P25,Aug,Workday,03:00,89.74
P25,Aug,Workday,03:15,90.56
P25,Aug,Workday,03:30,91.516
P25,Aug,Workday,03:45,90.516
P25,Aug,Workday,04:00,94.204
P25,Aug,Workday,04:15,97.288
P25,Aug,Workday,04:30,97.644
P25,Aug,Workday,04:45,97.296
P25,Aug,Workday,05:00,103.26
P25,Aug,Workday,05:15,106.008
P25,Aug,Workday,05:30,111.472
P25,Aug,Workday,05:45,112.016
P25,Aug,Workday,06:00,120.412
P25,Aug,Workday,06:15,117.984
P25,Aug,Workday,06:30,110.508
P25,Aug,Workday,06:45,93.4
P25,Aug,Workday,07:00,81.492
P25,Aug,Workday,07:15,74.556
P25,Aug,Workday,07:30,62.7
P25,Aug,Workday,07:45,58.624
P25,Aug,Workday,08:00,56.376
P25,Aug,Workday,08:15,50.872
P25,Aug,Workday,08:30,48.412
P25,Aug,Workday,08:45,43.532
P25,Aug,Workday,09:00,43.092
P25,Aug,Workday,09:15,38.692
P25,Aug,Workday,09:30,33.228
P25,Aug,Workday,09:45,31.86
P25,Aug,Workday,10:00,29.172
P25,Aug,Workday,10:15,27.096
P25,Aug,Workday,10:30,25.508
P25,Aug,Workday,10:45,24.46
P25,Aug,Workday,11:00,25.6
P25,Aug,Workday,11:15,22.884
P25,Aug,Workday,11:30,23.5
P25,Aug,Workday,11:45,25.16
P25,Aug,Workday,12:00,23.928
P25,Aug,Workday,12:15,23.872
P25,Aug,Workday,12:30,21.644
P25,Aug,Workday,12:45,21.444
P25,Aug,Workday,13:00,19.548
P25,Aug,Workday,13:15,18.748
P25,Aug,Workday,13:30,20.6
P25,Aug,Workday,13:45,19.804
P25,Aug,Workday,14:00,21.744
P25,Aug,Workday,14:15,21.216
P25,Aug,Workday,14:30,22.636
P25,Aug,Workday,14:45,25.692
P25,Aug,Workday,15:00,28.708
P25,Aug,Workday,15:15,29.156
P25,Aug,Workday,15:30,33.728
P25,Aug,Workday,15:45,35.532
P25,Aug,Workday,16:00,32.744
P25,Aug,Workday,16:15,33.356
P25,Aug,Workday,16:30,35.92
P25,Aug,Workday,16:45,39.224
P25,Aug,Workday,17:00,43.304
P25,Aug,Workday,17:15,52.444
P25,Aug,Workday,17:30,62.956
P25,Aug,Workday,17:45,70.64
P25,Aug,Workday,18:00,74.728
P25,Aug,Workday,18:15,80.992
P25,Aug,Workday,18:30,95.752
P25,Aug,Workday,18:45,105.968
P25,Aug,Workday,19:00,113.708
P25,Aug,Workday,19:15,120.472
P25,Aug,Workday,19:30,125.064
P25,Aug,Workday,19:45,138.688
P25,Aug,Workday,20:00,152.324
P25,Aug,Workday,20:15,157.504
P25,Aug,Workday,20:30,157.28
P25,Aug,Workday,20:45,158.896
P25,Aug,Workday,21:00,156.192
P25,Aug,Workday,21:15,153.148
P25,Aug,Workday,21:30,148.704
P25,Aug,Workday,21:45,144.368
P25,Aug,Workday,22:00,139.092
P25,Aug,Workday,22:15,134.556
P25,Aug,Workday,22:30,126.768
P25,Aug,Workday,22:45,121.516
P25,Aug,Workday,23:00,111.884
P25,Aug,Workday,23:15,108.964
P25,Aug,Workday,23:30,106.92
P25,Aug,Workday,23:45,101.736
P25,Aug,Saturday,00:00,106.952
P25,Aug,Saturday,00:15,103.116
P25,Aug,Saturday,00:30,105.392
P25,Aug,Saturday,00:45,102.456
P25,Aug,Saturday,01:00,102.888
P25,Aug,Saturday,01:15,98.304
P25,Aug,Saturday,01:30,106.616
P25,Aug,Saturday,01:45,98.044
P25,Aug,Saturday,02:00,94.396
P25,Aug,Saturday,02:15,100.632
P25,Aug,Saturday,02:30,95.728
P25,Aug,Saturday,02:45,96.276
P25,Aug,Saturday,03:00,95.772
P25,Aug,Saturday,03:15,102.064
P25,Aug,Saturday,03:30,95.1
P25,Aug,Saturday,03:45,92.944
P25,Aug,Saturday,04:00,102.432
P25,Aug,Saturday,04:15,96.108
P25,Aug,Saturday,04:30,99.924
P25,Aug,Saturday,04:45,96.484
P25,Aug,Saturday,05:00,93.604
P25,Aug,Saturday,05:15,97.364
P25,Aug,Saturday,05:30,112.084
P25,Aug,Saturday,05:45,103.156
P25,Aug,Saturday,06:00,99.78
P25,Aug,Saturday,06:15,91.896
P25,Aug,Saturday,06:30,84.08
P25,Aug,Saturday,06:45,76.54
P25,Aug,Saturday,07:00,74.312
P25,Aug,Saturday,07:15,63.628
P25,Aug,Saturday,07:30,77.828
P25,Aug,Saturday,07:45,73.168
P25,Aug,Saturday,08:00,78.764
P25,Aug,Saturday,08:15,77.724
P25,Aug,Saturday,08:30,80.084
P25,Aug,Saturday,08:45,73.476
P25,Aug,Saturday,09:00,72.592
P25,Aug,Saturday,09:15,66.384
P25,Aug,Saturday,09:30,59.928
P25,Aug,Saturday,09:45,54.976
P25,Aug,Saturday,10:00,41.668
P25,Aug,Saturday,10:15,46.404
P25,Aug,Saturday,10:30,54.888
P25,Aug,Saturday,10:45,55.988
P25,Aug,Saturday,11:00,56.608
P25,Aug,Saturday,11:15,44.112
P25,Aug,Saturday,11:30,52.492
P25,Aug,Saturday,11:45,52.176
P25,Aug,Saturday,12:00,51.48
P25,Aug,Saturday,12:15,45.652
P25,Aug,Saturday,12:30,42.092
P25,Aug,Saturday,12:45,35.736
P25,Aug,Saturday,13:00,29.848
P25,Aug,Saturday,13:15,32.548
P25,Aug,Saturday,13:30,35.132
P25,Aug,Saturday,13:45,31.028
P25,Aug,Saturday,14:00,34.44
P25,Aug,Saturday,14:15,32.364
P25,Aug,Saturday,14:30,34.924
P25,Aug,Saturday,14:45,25.012
P25,Aug,Saturday,15:00,29.22
P25,Aug,Saturday,15:15,26.696
P25,Aug,Saturday,15:30,31.044
P25,Aug,Saturday,15:45,29.868
P25,Aug,Saturday,16:00,28.052
P25,Aug,Saturday,16:15,39.476
P25,Aug,Saturday,16:30,43.832
P25,Aug,Saturday,16:45,44.456
P25,Aug,Saturday,17:00,48.684
P25,Aug,Saturday,17:15,52.412
P25,Aug,Saturday,17:30,61.964
P25,Aug,Saturday,17:45,65.132
P25,Aug,Saturday,18:00,69.544
P25,Aug,Saturday,18:15,71.628
P25,Aug,Saturday,18:30,77.848
P25,Aug,Saturday,18:45,79.096
P25,Aug,Saturday,19:00,85.888
P25,Aug,Saturday,19:15,90.716
P25,Aug,Saturday,19:30,108.024
P25,Aug,Saturday,19:45,124.968
P25,Aug,Saturday,20:00,136.556
P25,Aug,Saturday,20:15,150.036
P25,Aug,Saturday,20:30,151.856
P25,Aug,Saturday,20:45,150.796
P25,Aug,Saturday,21:00,140.892
P25,Aug,Saturday,21:15,141.548
P25,Aug,Saturday,21:30,132.132
P25,Aug,Saturday,21:45,133.268
P25,Aug,Saturday,22:00,131.828
P25,Aug,Saturday,22:15,125.296
P25,Aug,Saturday,22:30,129.032
P25,Aug,Saturday,22:45,129.456
P25,Aug,Saturday,23:00,116.22
P25,Aug,Saturday,23:15,113.46
P25,Aug,Saturday,23:30,106.18
P25,Aug,Saturday,23:45,104.988
P25,Aug,Sunday,00:00,106.976
P25,Aug,Sunday,00:15,102.496
P25,Aug,Sunday,00:30,100.556
P25,Aug,Sunday,00:45,99.472
P25,Aug,Sunday,01:00,98.976
P25,Aug,Sunday,01:15,96.568
P25,Aug,Sunday,01:30,92.3
P25,Aug,Sunday,01:45,96.52
P25,Aug,Sunday,02:00,90.68
P25,Aug,Sunday,02:15,100.268
P25,Aug,Sunday,02:30,95.632
P25,Aug,Sunday,02:45,98.36
P25,Aug,Sunday,03:00,108.688
P25,Aug,Sunday,03:15,95.18
P25,Aug,Sunday,03:30,93.6
P25,Aug,Sunday,03:45,91.828
P25,Aug,Sunday,04:00,95.584
P25,Aug,Sunday,04:15,93.42
P25,Aug,Sunday,04:30,107.208
P25,Aug,Sunday,04:45,98.372
P25,Aug,Sunday,05:00,101.164
P25,Aug,Sunday,05:15,97.78
P25,Aug,Sunday,05:30,100.696
P25,Aug,Sunday,05:45,100.736
P25,Aug,Sunday,06:00,95.716
P25,Aug,Sunday,06:15,97.724
P25,Aug,Sunday,06:30,94.344
P25,Aug,Sunday,06:45,76.764
P25,Aug,Sunday,07:00,74.216
P25,Aug,Sunday,07:15,67.016
P25,Aug,Sunday,07:30,54.748
P25,Aug,Sunday,07:45,46.256
P25,Aug,Sunday,08:00,58.708
P25,Aug,Sunday,08:15,57.056
P25,Aug,Sunday,08:30,54.8
P25,Aug,Sunday,08:45,52.772
P25,Aug,Sunday,09:00,49.068
P25,Aug,Sunday,09:15,48.456
P25,Aug,Sunday,09:30,55.276
P25,Aug,Sunday,09:45,49.52
P25,Aug,Sunday,10:00,46.524
P25,Aug,Sunday,10:15,45.1
P25,Aug,Sunday,10:30,42.904
P25,Aug,Sunday,10:45,42.572
P25,Aug,Sunday,11:00,42.236
P25,Aug,Sunday,11:15,39.964
P25,Aug,Sunday,11:30,45.84
P25,Aug,Sunday,11:45,44.636
P25,Aug,Sunday,12:00,40.756
P25,Aug,Sunday,12:15,43.568
P25,Aug,Sunday,12:30,40.664
P25,Aug,Sunday,12:45,39.8
P25,Aug,Sunday,13:00,34.852
P25,Aug,Sunday,13:15,38.904
P25,Aug,Sunday,13:30,37.212
P25,Aug,Sunday,13:45,31.484
P25,Aug,Sunday,14:00,34.788
P25,Aug,Sunday,14:15,34.556
P25,Aug,Sunday,14:30,31.916
P25,Aug,Sunday,14:45,31.108
P25,Aug,Sunday,15:00,26.952
P25,Aug,Sunday,15:15,27.652
P25,Aug,Sunday,15:30,34.412
P25,Aug,Sunday,15:45,38.388
P25,Aug,Sunday,16:00,35.928
P25,Aug,Sunday,16:15,38.304
P25,Aug,Sunday,16:30,42.412
P25,Aug,Sunday,16:45,46.252
P25,Aug,Sunday,17:00,51.088
P25,Aug,Sunday,17:15,63.276
P25,Aug,Sunday,17:30,69.012
P25,Aug,Sunday,17:45,70.884
P25,Aug,Sunday,18:00,80.148
P25,Aug,Sunday,18:15,85.564
P25,Aug,Sunday,18:30,95.116
P25,Aug,Sunday,18:45,101.976
P25,Aug,Sunday,19:00,117.668
P25,Aug,Sunday,19:15,121.456
P25,Aug,Sunday,19:30,134.452
P25,Aug,Sunday,19:45,144.364
P25,Aug,Sunday,20:00,163.768
P25,Aug,Sunday,20:15,167.36
P25,Aug,Sunday,20:30,164.656
P25,Aug,Sunday,20:45,163.836
P25,Aug,Sunday,21:00,170.584
P25,Aug,Sunday,21:15,146.116
P25,Aug,Sunday,21:30,150.292
P25,Aug,Sunday,21:45,140.2
P25,Aug,Sunday,22:00,141.42
P25,Aug,Sunday,22:15,137.084
P25,Aug,Sunday,22:30,123.392
P25,Aug,Sunday,22:45,125.556
P25,Aug,Sunday,23:00,108.304
P25,Aug,Sunday,23:15,119.284
P25,Aug,Sunday,23:30,109.684
P25,Aug,Sunday,23:45,102.544
P25,Sep,Workday,00:00,96.372
P25,Sep,Workday,00:15,94.3
P25,Sep,Workday,00:30,91.772
P25,Sep,Workday,00:45,87.988
P25,Sep,Workday,01:00,89.148
P25,Sep,Workday,01:15,88.468
P25,Sep,Workday,01:30,86.292
P25,Sep,Workday,01:45,87.484
P25,Sep,Workday,02:00,85.828
P25,Sep,Workday,02:15,86.096
P25,Sep,Workday,02:30,87.7
P25,Sep,Workday,02:45,87.996
P25,Sep,Workday,03:00,84.392
P25,Sep,Workday,03:15,85.608
P25,Sep,Workday,03:30,85.556
P25,Sep,Workday,03:45,85.148
P25,Sep,Workday,04:00,87.98
P25,Sep,Workday,04:15,90.036
P25,Sep,Workday,04:30,91.316
P25,Sep,Workday,04:45,92.14
P25,Sep,Workday,05:00,104.464
P25,Sep,Workday,05:15,106.276
P25,Sep,Workday,05:30,112.052
P25,Sep,Workday,05:45,121.144
P25,Sep,Workday,06:00,131.88
P25,Sep,Workday,06:15,141.868
P25,Sep,Workday,06:30,146.656
P25,Sep,Workday,06:45,141.952
P25,Sep,Workday,07:00,132.996
P25,Sep,Workday,07:15,116.616
P25,Sep,Workday,07:30,100.696
P25,Sep,Workday,07:45,87.58
P25,Sep,Workday,08:00,79.4
P25,Sep,Workday,08:15,70.212
P25,Sep,Workday,08:30,61.54
P25,Sep,Workday,08:45,56.544
P25,Sep,Workday,09:00,50.876
P25,Sep,Workday,09:15,45.064
P25,Sep,Workday,09:30,40.256
P25,Sep,Workday,09:45,35.596
P25,Sep,Workday,10:00,34.108
P25,Sep,Workday,10:15,31.68
P25,Sep,Workday,10:30,29.208
P25,Sep,Workday,10:45,27.664
P25,Sep,Workday,11:00,28.484
P25,Sep,Workday,11:15,26.312
P25,Sep,Workday,11:30,25.908
P25,Sep,Workday,11:45,29.504
P25,Sep,Workday,12:00,27.528
P25,Sep,Workday,12:15,29.092
P25,Sep,Workday,12:30,29.728
P25,Sep,Workday,12:45,28.104
P25,Sep,Workday,13:00,25.964
P25,Sep,Workday,13:15,25.516
P25,Sep,Workday,13:30,26.068
P25,Sep,Workday,13:45,25.064
P25,Sep,Workday,14:00,26.952
P25,Sep,Workday,14:15,24.6
P25,Sep,Workday,14:30,23.164
P25,Sep,Workday,14:45,23.108
P25,Sep,Workday,15:00,23.364
P25,Sep,Workday,15:15,24.412
P25,Sep,Workday,15:30,24.52
P25,Sep,Workday,15:45,27.228
P25,Sep,Workday,16:00,30.068
P25,Sep,Workday,16:15,35.972
P25,Sep,Workday,16:30,40.816
P25,Sep,Workday,16:45,47.532
P25,Sep,Workday,17:00,56.296
P25,Sep,Workday,17:15,65.92
P25,Sep,Workday,17:30,73.888
P25,Sep,Workday,17:45,85.708
P25,Sep,Workday,18:00,103.592
P25,Sep,Workday,18:15,121.04
P25,Sep,Workday,18:30,137.356
P25,Sep,Workday,18:45,150.796
P25,Sep,Workday,19:00,161.808
P25,Sep,Workday,19:15,171.46
P25,Sep,Workday,19:30,178.176
P25,Sep,Workday,19:45,182.46
P25,Sep,Workday,20:00,182.272
P25,Sep,Workday,20:15,173.924
P25,Sep,Workday,20:30,165.748
P25,Sep,Workday,20:45,160.1
P25,Sep,Workday,21:00,155.476
P25,Sep,Workday,21:15,149.564
P25,Sep,Workday,21:30,144.8
P25,Sep,Workday,21:45,142.488
P25,Sep,Workday,22:00,138.896
P25,Sep,Workday,22:15,133.696
P25,Sep,Workday,22:30,125.88
P25,Sep,Workday,22:45,119.88
P25,Sep,Workday,23:00,112.62
P25,Sep,Workday,23:15,109.336
P25,Sep,Workday,23:30,105.976
P25,Sep,Workday,23:45,102.172
P25,Sep,Saturday,00:00,101.9
P25,Sep,Saturday,00:15,98.656
P25,Sep,Saturday,00:30,95.636
P25,Sep,Saturday,00:45,96.26
P25,Sep,Saturday,01:00,94.356
P25,Sep,Saturday,01:15,92.212
P25,Sep,Saturday,01:30,90.74
P25,Sep,Saturday,01:45,89.876
P25,Sep,Saturday,02:00,85.36
P25,Sep,Saturday,02:15,86.792
P25,Sep,Saturday,02:30,86.56
P25,Sep,Saturday,02:45,84.58
P25,Sep,Saturday,03:00,86.78
P25,Sep,Saturday,03:15,88.112
P25,Sep,Saturday,03:30,84.86
P25,Sep,Saturday,03:45,86.028
P25,Sep,Saturday,04:00,90.908
P25,Sep,Saturday,04:15,90.604
P25,Sep,Saturday,04:30,91.416
P25,Sep,Saturday,04:45,92.184
P25,Sep,Saturday,05:00,94.436
P25,Sep,Saturday,05:15,89.856
P25,Sep,Saturday,05:30,97.572
P25,Sep,Saturday,05:45,96.624
P25,Sep,Saturday,06:00,99.324
P25,Sep,Saturday,06:15,100.3
P25,Sep,Saturday,06:30,107.848
P25,Sep,Saturday,06:45,107.264
P25,Sep,Saturday,07:00,106.0
P25,Sep,Saturday,07:15,99.236
P25,Sep,Saturday,07:30,94.536
P25,Sep,Saturday,07:45,85.672
P25,Sep,Saturday,08:00,80.932
P25,Sep,Saturday,08:15,66.468
P25,Sep,Saturday,08:30,64.056
P25,Sep,Saturday,08:45,61.052
P25,Sep,Saturday,09:00,57.544
P25,Sep,Saturday,09:15,54.468
P25,Sep,Saturday,09:30,55.764
P25,Sep,Saturday,09:45,48.116
P25,Sep,Saturday,10:00,43.916
P25,Sep,Saturday,10:15,38.236
P25,Sep,Saturday,10:30,42.924
P25,Sep,Saturday,10:45,40.616
P25,Sep,Saturday,11:00,35.368
P25,Sep,Saturday,11:15,34.64
P25,Sep,Saturday,11:30,34.092
P25,Sep,Saturday,11:45,33.128
P25,Sep,Saturday,12:00,31.56
P25,Sep,Saturday,12:15,36.524
P25,Sep,Saturday,12:30,36.96
P25,Sep,Saturday,12:45,36.488
P25,Sep,Saturday,13:00,33.34
P25,Sep,Saturday,13:15,31.448
P25,Sep,Saturday,13:30,30.312
P25,Sep,Saturday,13:45,33.792
P25,Sep,Saturday,14:00,33.4
P25,Sep,Saturday,14:15,28.764
P25,Sep,Saturday,14:30,27.14
P25,Sep,Saturday,14:45,28.208
P25,Sep,Saturday,15:00,30.044
P25,Sep,Saturday,15:15,29.608
P25,Sep,Saturday,15:30,27.276
P25,Sep,Saturday,15:45,35.776
P25,Sep,Saturday,16:00,38.808
P25,Sep,Saturday,16:15,40.504
P25,Sep,Saturday,16:30,40.708
P25,Sep,Saturday,16:45,37.504
P25,Sep,Saturday,17:00,44.792
P25,Sep,Saturday,17:15,51.072
P25,Sep,Saturday,17:30,67.564
P25,Sep,Saturday,17:45,78.936
P25,Sep,Saturday,18:00,91.508
P25,Sep,Saturday,18:15,104.748
P25,Sep,Saturday,18:30,120.544
P25,Sep,Saturday,18:45,138.784
P25,Sep,Saturday,19:00,150.704
P25,Sep,Saturday,19:15,158.756
P25,Sep,Saturday,19:30,155.992
P25,Sep,Saturday,19:45,158.992
P25,Sep,Saturday,20:00,153.44
P25,Sep,Saturday,20:15,146.968
P25,Sep,Saturday,20:30,140.424
P25,Sep,Saturday,20:45,137.116
P25,Sep,Saturday,21:00,132.104
P25,Sep,Saturday,21:15,139.888
P25,Sep,Saturday,21:30,135.144
P25,Sep,Saturday,21:45,135.92
P25,Sep,Saturday,22:00,133.428
P25,Sep,Saturday,22:15,125.644
P25,Sep,Saturday,22:30,122.728
P25,Sep,Saturday,22:45,124.088
P25,Sep,Saturday,23:00,114.7
P25,Sep,Saturday,23:15,113.36
P25,Sep,Saturday,23:30,106.236
P25,Sep,Saturday,23:45,106.296
P25,Sep,Sunday,00:00,103.176
P25,Sep,Sunday,00:15,98.456
P25,Sep,Sunday,00:30,98.684
P25,Sep,Sunday,00:45,95.096
P25,Sep,Sunday,01:00,92.728
P25,Sep,Sunday,01:15,92.232
P25,Sep,Sunday,01:30,87.92
P25,Sep,Sunday,01:45,86.128
P25,Sep,Sunday,02:00,86.556
P25,Sep,Sunday,02:15,85.908
P25,Sep,Sunday,02:30,84.192
P25,Sep,Sunday,02:45,86.812
P25,Sep,Sunday,03:00,82.844
P25,Sep,Sunday,03:15,84.252
P25,Sep,Sunday,03:30,83.732
P25,Sep,Sunday,03:45,85.152
P25,Sep,Sunday,04:00,86.744
P25,Sep,Sunday,04:15,89.52
P25,Sep,Sunday,04:30,86.516
P25,Sep,Sunday,04:45,86.116
P25,Sep,Sunday,05:00,84.388
P25,Sep,Sunday,05:15,88.372
P25,Sep,Sunday,05:30,91.648
P25,Sep,Sunday,05:45,93.72
P25,Sep,Sunday,06:00,97.424
P25,Sep,Sunday,06:15,99.1
P25,Sep,Sunday,06:30,104.276
P25,Sep,Sunday,06:45,104.628
P25,Sep,Sunday,07:00,97.572
P25,Sep,Sunday,07:15,85.912
P25,Sep,Sunday,07:30,87.948
P25,Sep,Sunday,07:45,81.572
P25,Sep,Sunday,08:00,79.7
P25,Sep,Sunday,08:15,81.452
P25,Sep,Sunday,08:30,85.136
P25,Sep,Sunday,08:45,82.084
P25,Sep,Sunday,09:00,84.316
P25,Sep,Sunday,09:15,88.46
P25,Sep,Sunday,09:30,80.024
P25,Sep,Sunday,09:45,68.644
P25,Sep,Sunday,10:00,63.52
P25,Sep,Sunday,10:15,56.924
P25,Sep,Sunday,10:30,52.364
P25,Sep,Sunday,10:45,49.36
P25,Sep,Sunday,11:00,51.088
P25,Sep,Sunday,11:15,54.412
P25,Sep,Sunday,11:30,55.912
P25,Sep,Sunday,11:45,55.088
P25,Sep,Sunday,12:00,57.056
P25,Sep,Sunday,12:15,47.648
P25,Sep,Sunday,12:30,46.624
P25,Sep,Sunday,12:45,49.992
P25,Sep,Sunday,13:00,47.436
P25,Sep,Sunday,13:15,41.808
P25,Sep,Sunday,13:30,36.324
P25,Sep,Sunday,13:45,33.108
P25,Sep,Sunday,14:00,36.72
P25,Sep,Sunday,14:15,36.02
P25,Sep,Sunday,14:30,31.252
P25,Sep,Sunday,14:45,34.532
P25,Sep,Sunday,15:00,33.848
P25,Sep,Sunday,15:15,36.668
P25,Sep,Sunday,15:30,36.356
P25,Sep,Sunday,15:45,38.844
P25,Sep,Sunday,16:00,39.9
P25,Sep,Sunday,16:15,41.2
P25,Sep,Sunday,16:30,48.392
P25,Sep,Sunday,16:45,56.508
P25,Sep,Sunday,17:00,62.588
P25,Sep,Sunday,17:15,71.256
P25,Sep,Sunday,17:30,83.02
P25,Sep,Sunday,17:45,84.448
P25,Sep,Sunday,18:00,97.252
P25,Sep,Sunday,18:15,116.644
P25,Sep,Sunday,18:30,137.444
P25,Sep,Sunday,18:45,144.252
P25,Sep,Sunday,19:00,171.2
P25,Sep,Sunday,19:15,174.664
P25,Sep,Sunday,19:30,180.992
P25,Sep,Sunday,19:45,181.708
P25,Sep,Sunday,20:00,178.544
P25,Sep,Sunday,20:15,170.364
P25,Sep,Sunday,20:30,163.048
P25,Sep,Sunday,20:45,159.44
P25,Sep,Sunday,21:00,154.284
P25,Sep,Sunday,21:15,148.796
P25,Sep,Sunday,21:30,144.884
P25,Sep,Sunday,21:45,135.412
P25,Sep,Sunday,22:00,135.328
P25,Sep,Sunday,22:15,127.808
P25,Sep,Sunday,22:30,127.952
P25,Sep,Sunday,22:45,116.66
P25,Sep,Sunday,23:00,107.12
P25,Sep,Sunday,23:15,100.432
P25,Sep,Sunday,23:30,94.932
P25,Sep,Sunday,23:45,92.624
P25,Oct,Workday,00:00,105.832
P25,Oct,Workday,00:15,103.376
P25,Oct,Workday,00:30,99.964
P25,Oct,Workday,00:45,100.548
P25,Oct,Workday,01:00,98.308
P25,Oct,Workday,01:15,97.688
P25,Oct,Workday,01:30,95.844
P25,Oct,Workday,01:45,95.268
P25,Oct,Workday,02:00,95.644
P25,Oct,Workday,02:15,95.4
P25,Oct,Workday,02:30,94.668
P25,Oct,Workday,02:45,93.964
P25,Oct,Workday,03:00,94.312
P25,Oct,Workday,03:15,93.6
P25,Oct,Workday,03:30,94.528
P25,Oct,Workday,03:45,94.632
P25,Oct,Workday,04:00,96.268
P25,Oct,Workday,04:15,99.104
P25,Oct,Workday,04:30,102.928
P25,Oct,Workday,04:45,103.36
P25,Oct,Workday,05:00,113.364
P25,Oct,Workday,05:15,114.84
P25,Oct,Workday,05:30,120.1
P25,Oct,Workday,05:45,124.112
P25,Oct,Workday,06:00,135.364
P25,Oct,Workday,06:15,140.86
P25,Oct,Workday,06:30,150.48
P25,Oct,Workday,06:45,149.628
P25,Oct,Workday,07:00,151.868
P25,Oct,Workday,07:15,150.968
P25,Oct,Workday,07:30,152.628
P25,Oct,Workday,07:45,142.784
P25,Oct,Workday,08:00,135.7
P25,Oct,Workday,08:15,121.828
P25,Oct,Workday,08:30,111.896
P25,Oct,Workday,08:45,97.868
P25,Oct,Workday,09:00,88.06
P25,Oct,Workday,09:15,79.484
P25,Oct,Workday,09:30,74.368
P25,Oct,Workday,09:45,69.68
P25,Oct,Workday,10:00,62.448
P25,Oct,Workday,10:15,57.204
P25,Oct,Workday,10:30,52.216
P25,Oct,Workday,10:45,51.044
P25,Oct,Workday,11:00,46.944
P25,Oct,Workday,11:15,44.616
P25,Oct,Workday,11:30,47.28
P25,Oct,Workday,11:45,47.704
P25,Oct,Workday,12:00,48.528
P25,Oct,Workday,12:15,48.368
P25,Oct,Workday,12:30,46.972
P25,Oct,Workday,12:45,44.824
P25,Oct,Workday,13:00,43.348
P25,Oct,Workday,13:15,42.676
P25,Oct,Workday,13:30,41.232
P25,Oct,Workday,13:45,41.492
P25,Oct,Workday,14:00,40.688
P25,Oct,Workday,14:15,41.944
P25,Oct,Workday,14:30,41.976
P25,Oct,Workday,14:45,42.828
P25,Oct,Workday,15:00,45.848
P25,Oct,Workday,15:15,49.388
P25,Oct,Workday,15:30,51.544
P25,Oct,Workday,15:45,56.424
P25,Oct,Workday,16:00,63.68
P25,Oct,Workday,16:15,72.82
P25,Oct,Workday,16:30,78.748
P25,Oct,Workday,16:45,88.472
P25,Oct,Workday,17:00,102.08
P25,Oct,Workday,17:15,117.716
P25,Oct,Workday,17:30,131.716
P25,Oct,Workday,17:45,155.944
P25,Oct,Workday,18:00,181.736
P25,Oct,Workday,18:15,200.668
P25,Oct,Workday,18:30,203.82
P25,Oct,Workday,18:45,202.228
P25,Oct,Workday,19:00,201.956
P25,Oct,Workday,19:15,196.624
P25,Oct,Workday,19:30,192.292
P25,Oct,Workday,19:45,189.412
P25,Oct,Workday,20:00,187.824
P25,Oct,Workday,20:15,183.536
P25,Oct,Workday,20:30,176.84
P25,Oct,Workday,20:45,172.36
P25,Oct,Workday,21:00,165.948
P25,Oct,Workday,21:15,162.912
P25,Oct,Workday,21:30,158.04
P25,Oct,Workday,21:45,153.312
P25,Oct,Workday,22:00,146.848
P25,Oct,Workday,22:15,141.556
P25,Oct,Workday,22:30,135.92
P25,Oct,Workday,22:45,131.372
P25,Oct,Workday,23:00,123.812
P25,Oct,Workday,23:15,118.604
P25,Oct,Workday,23:30,114.876
P25,Oct,Workday,23:45,110.276
P25,Oct,Saturday,00:00,115.696
P25,Oct,Saturday,00:15,114.496
P25,Oct,Saturday,00:30,105.928
P25,Oct,Saturday,00:45,106.204
P25,Oct,Saturday,01:00,107.44
P25,Oct,Saturday,01:15,103.812
P25,Oct,Saturday,01:30,104.652
P25,Oct,Saturday,01:45,103.54
P25,Oct,Saturday,02:00,103.392
P25,Oct,Saturday,02:15,100.676
P25,Oct,Saturday,02:30,100.548
P25,Oct,Saturday,02:45,100.344
P25,Oct,Saturday,03:00,98.236
P25,Oct,Saturday,03:15,98.156
P25,Oct,Saturday,03:30,96.692
P25,Oct,Saturday,03:45,96.892
P25,Oct,Saturday,04:00,101.628
P25,Oct,Saturday,04:15,99.396
P25,Oct,Saturday,04:30,102.332
P25,Oct,Saturday,04:45,100.172
P25,Oct,Saturday,05:00,102.968
P25,Oct,Saturday,05:15,104.472
P25,Oct,Saturday,05:30,108.58
P25,Oct,Saturday,05:45,107.776
P25,Oct,Saturday,06:00,111.032
P25,Oct,Saturday,06:15,110.168
P25,Oct,Saturday,06:30,117.784
P25,Oct,Saturday,06:45,126.42
P25,Oct,Saturday,07:00,134.756
P25,Oct,Saturday,07:15,139.208
P25,Oct,Saturday,07:30,147.68
P25,Oct,Saturday,07:45,145.212
P25,Oct,Saturday,08:00,143.748
P25,Oct,Saturday,08:15,144.212
P25,Oct,Saturday,08:30,135.996
P25,Oct,Saturday,08:45,127.124
P25,Oct,Saturday,09:00,120.116
P25,Oct,Saturday,09:15,116.28
P25,Oct,Saturday,09:30,115.38
P25,Oct,Saturday,09:45,102.872
P25,Oct,Saturday,10:00,97.02
P25,Oct,Saturday,10:15,84.984
P25,Oct,Saturday,10:30,91.764
P25,Oct,Saturday,10:45,91.32
P25,Oct,Saturday,11:00,91.828
P25,Oct,Saturday,11:15,80.276
P25,Oct,Saturday,11:30,78.192
P25,Oct,Saturday,11:45,78.52
P25,Oct,Saturday,12:00,68.064
P25,Oct,Saturday,12:15,73.86
P25,Oct,Saturday,12:30,88.04
P25,Oct,Saturday,12:45,79.388
P25,Oct,Saturday,13:00,77.072
P25,Oct,Saturday,13:15,72.408
P25,Oct,Saturday,13:30,68.112
P25,Oct,Saturday,13:45,60.448
P25,Oct,Saturday,14:00,64.784
P25,Oct,Saturday,14:15,62.432
P25,Oct,Saturday,14:30,61.732
P25,Oct,Saturday,14:45,63.748
P25,Oct,Saturday,15:00,71.308
P25,Oct,Saturday,15:15,70.896
P25,Oct,Saturday,15:30,63.052
P25,Oct,Saturday,15:45,67.984
P25,Oct,Saturday,16:00,67.164
P25,Oct,Saturday,16:15,70.912
P25,Oct,Saturday,16:30,78.628
P25,Oct,Saturday,16:45,94.096
P25,Oct,Saturday,17:00,112.94
P25,Oct,Saturday,17:15,120.16
P25,Oct,Saturday,17:30,132.912
P25,Oct,Saturday,17:45,153.532
P25,Oct,Saturday,18:00,166.884
P25,Oct,Saturday,18:15,180.548
P25,Oct,Saturday,18:30,200.2
P25,Oct,Saturday,18:45,207.012
P25,Oct,Saturday,19:00,207.516
P25,Oct,Saturday,19:15,197.704
P25,Oct,Saturday,19:30,189.624
P25,Oct,Saturday,19:45,180.836
P25,Oct,Saturday,20:00,177.756
P25,Oct,Saturday,20:15,172.28
P25,Oct,Saturday,20:30,169.428
P25,Oct,Saturday,20:45,160.504
P25,Oct,Saturday,21:00,157.08
P25,Oct,Saturday,21:15,159.388
P25,Oct,Saturday,21:30,153.096
P25,Oct,Saturday,21:45,148.6
P25,Oct,Saturday,22:00,145.588
P25,Oct,Saturday,22:15,139.308
P25,Oct,Saturday,22:30,142.692
P25,Oct,Saturday,22:45,135.484
P25,Oct,Saturday,23:00,131.74
P25,Oct,Saturday,23:15,127.704
P25,Oct,Saturday,23:30,120.736
P25,Oct,Saturday,23:45,118.952
P25,Oct,Sunday,00:00,114.42
P25,Oct,Sunday,00:15,110.656
P25,Oct,Sunday,00:30,105.84
P25,Oct,Sunday,00:45,103.38
P25,Oct,Sunday,01:00,100.532
P25,Oct,Sunday,01:15,101.08
P25,Oct,Sunday,01:30,94.344
P25,Oct,Sunday,01:45,92.848
P25,Oct,Sunday,02:00,95.68
P25,Oct,Sunday,02:15,93.628
P25,Oct,Sunday,02:30,92.664
P25,Oct,Sunday,02:45,93.788
P25,Oct,Sunday,03:00,92.892
P25,Oct,Sunday,03:15,96.14
P25,Oct,Sunday,03:30,96.068
P25,Oct,Sunday,03:45,94.56
P25,Oct,Sunday,04:00,93.64
P25,Oct,Sunday,04:15,95.64
P25,Oct,Sunday,04:30,93.76
P25,Oct,Sunday,04:45,96.952
P25,Oct,Sunday,05:00,99.272
P25,Oct,Sunday,05:15,101.116
P25,Oct,Sunday,05:30,105.224
P25,Oct,Sunday,05:45,106.28
P25,Oct,Sunday,06:00,104.98
P25,Oct,Sunday,06:15,109.04
P25,Oct,Sunday,06:30,110.384
P25,Oct,Sunday,06:45,119.72
P25,Oct,Sunday,07:00,126.296
P25,Oct,Sunday,07:15,125.292
P25,Oct,Sunday,07:30,125.732
P25,Oct,Sunday,07:45,122.968
P25,Oct,Sunday,08:00,121.584
P25,Oct,Sunday,08:15,117.028
P25,Oct,Sunday,08:30,105.64
P25,Oct,Sunday,08:45,101.932
P25,Oct,Sunday,09:00,99.648
P25,Oct,Sunday,09:15,101.676
P25,Oct,Sunday,09:30,97.968
P25,Oct,Sunday,09:45,91.616
P25,Oct,Sunday,10:00,81.812
P25,Oct,Sunday,10:15,77.064
P25,Oct,Sunday,10:30,70.284
P25,Oct,Sunday,10:45,68.692
P25,Oct,Sunday,11:00,65.332
P25,Oct,Sunday,11:15,62.96
P25,Oct,Sunday,11:30,72.084
P25,Oct,Sunday,11:45,77.284
P25,Oct,Sunday,12:00,74.016
P25,Oct,Sunday,12:15,70.768
P25,Oct,Sunday,12:30,66.572
P25,Oct,Sunday,12:45,63.484
P25,Oct,Sunday,13:00,60.168
P25,Oct,Sunday,13:15,64.928
P25,Oct,Sunday,13:30,62.22
P25,Oct,Sunday,13:45,63.364
P25,Oct,Sunday,14:00,61.956
P25,Oct,Sunday,14:15,64.412
P25,Oct,Sunday,14:30,56.732
P25,Oct,Sunday,14:45,61.2
P25,Oct,Sunday,15:00,68.44
P25,Oct,Sunday,15:15,75.164
P25,Oct,Sunday,15:30,76.396
P25,Oct,Sunday,15:45,75.1
P25,Oct,Sunday,16:00,79.24
P25,Oct,Sunday,16:15,88.288
P25,Oct,Sunday,16:30,103.252
P25,Oct,Sunday,16:45,109.88
P25,Oct,Sunday,17:00,123.136
P25,Oct,Sunday,17:15,127.232
P25,Oct,Sunday,17:30,140.708
P25,Oct,Sunday,17:45,150.588
P25,Oct,Sunday,18:00,168.876
P25,Oct,Sunday,18:15,183.728
P25,Oct,Sunday,18:30,192.844
P25,Oct,Sunday,18:45,194.48
P25,Oct,Sunday,19:00,191.156
P25,Oct,Sunday,19:15,192.712
P25,Oct,Sunday,19:30,182.784
P25,Oct,Sunday,19:45,185.464
P25,Oct,Sunday,20:00,175.72
P25,Oct,Sunday,20:15,171.832
P25,Oct,Sunday,20:30,168.164
P25,Oct,Sunday,20:45,165.912
P25,Oct,Sunday,21:00,153.812
P25,Oct,Sunday,21:15,153.268
P25,Oct,Sunday,21:30,144.656
P25,Oct,Sunday,21:45,141.444
P25,Oct,Sunday,22:00,139.548
P25,Oct,Sunday,22:15,135.432
P25,Oct,Sunday,22:30,128.8
P25,Oct,Sunday,22:45,120.936
P25,Oct,Sunday,23:00,114.12
P25,Oct,Sunday,23:15,109.1
P25,Oct,Sunday,23:30,108.636
P25,Oct,Sunday,23:45,103.568
P25,Nov,Workday,00:00,122.608
P25,Nov,Workday,00:15,123.08
P25,Nov,Workday,00:30,118.412
P25,Nov,Workday,00:45,117.492
P25,Nov,Workday,01:00,116.508
P25,Nov,Workday,01:15,114.684
P25,Nov,Workday,01:30,113.82
P25,Nov,Workday,01:45,114.184
P25,Nov,Workday,02:00,114.536
P25,Nov,Workday,02:15,115.016
P25,Nov,Workday,02:30,112.424
P25,Nov,Workday,02:45,112.756
P25,Nov,Workday,03:00,114.724
P25,Nov,Workday,03:15,114.98
P25,Nov,Workday,03:30,115.952
P25,Nov,Workday,03:45,114.2
P25,Nov,Workday,04:00,118.908
P25,Nov,Workday,04:15,119.38
P25,Nov,Workday,04:30,120.432
P25,Nov,Workday,04:45,122.472
P25,Nov,Workday,05:00,129.92
P25,Nov,Workday,05:15,131.616
P25,Nov,Workday,05:30,139.128
P25,Nov,Workday,05:45,144.62
P25,Nov,Workday,06:00,159.716
P25,Nov,Workday,06:15,168.144
P25,Nov,Workday,06:30,172.788
P25,Nov,Workday,06:45,174.144
P25,Nov,Workday,07:00,173.568
P25,Nov,Workday,07:15,172.724
P25,Nov,Workday,07:30,168.156
P25,Nov,Workday,07:45,158.804
P25,Nov,Workday,08:00,151.848
P25,Nov,Workday,08:15,140.548
P25,Nov,Workday,08:30,132.712
P25,Nov,Workday,08:45,122.38
P25,Nov,Workday,09:00,117.38
P25,Nov,Workday,09:15,107.76
P25,Nov,Workday,09:30,101.872
P25,Nov,Workday,09:45,94.292
P25,Nov,Workday,10:00,95.836
P25,Nov,Workday,10:15,91.516
P25,Nov,Workday,10:30,86.384
P25,Nov,Workday,10:45,88.736
P25,Nov,Workday,11:00,84.644
P25,Nov,Workday,11:15,82.54
P25,Nov,Workday,11:30,86.012
P25,Nov,Workday,11:45,87.228
P25,Nov,Workday,12:00,87.652
P25,Nov,Workday,12:15,89.8
P25,Nov,Workday,12:30,88.572
P25,Nov,Workday,12:45,88.516
P25,Nov,Workday,13:00,86.44
P25,Nov,Workday,13:15,83.564
P25,Nov,Workday,13:30,82.532
P25,Nov,Workday,13:45,86.784
P25,Nov,Workday,14:00,90.836
P25,Nov,Workday,14:15,97.976
P25,Nov,Workday,14:30,103.024
P25,Nov,Workday,14:45,112.268
P25,Nov,Workday,15:00,121.16
P25,Nov,Workday,15:15,125.452
P25,Nov,Workday,15:30,137.764
P25,Nov,Workday,15:45,150.944
P25,Nov,Workday,16:00,168.036
P25,Nov,Workday,16:15,182.668
P25,Nov,Workday,16:30,194.04
P25,Nov,Workday,16:45,201.28
P25,Nov,Workday,17:00,209.532
P25,Nov,Workday,17:15,217.384
P25,Nov,Workday,17:30,227.572
P25,Nov,Workday,17:45,234.432
P25,Nov,Workday,18:00,239.292
P25,Nov,Workday,18:15,239.904
P25,Nov,Workday,18:30,238.328
P25,Nov,Workday,18:45,235.584
P25,Nov,Workday,19:00,235.412
P25,Nov,Workday,19:15,229.38
P25,Nov,Workday,19:30,227.092
P25,Nov,Workday,19:45,222.924
P25,Nov,Workday,20:00,222.856
P25,Nov,Workday,20:15,222.532
P25,Nov,Workday,20:30,209.768
P25,Nov,Workday,20:45,206.324
P25,Nov,Workday,21:00,202.844
P25,Nov,Workday,21:15,193.972
P25,Nov,Workday,21:30,185.38
P25,Nov,Workday,21:45,180.86
P25,Nov,Workday,22:00,171.156
P25,Nov,Workday,22:15,166.924
P25,Nov,Workday,22:30,157.992
P25,Nov,Workday,22:45,151.16
P25,Nov,Workday,23:00,142.604
P25,Nov,Workday,23:15,138.24
P25,Nov,Workday,23:30,135.564
P25,Nov,Workday,23:45,130.056
P25,Nov,Saturday,00:00,133.776
P25,Nov,Saturday,00:15,133.668
P25,Nov,Saturday,00:30,125.416
P25,Nov,Saturday,00:45,126.192
P25,Nov,Saturday,01:00,127.192
P25,Nov,Saturday,01:15,121.816
P25,Nov,Saturday,01:30,120.52
P25,Nov,Saturday,01:45,117.128
P25,Nov,Saturday,02:00,119.256
P25,Nov,Saturday,02:15,118.576
P25,Nov,Saturday,02:30,117.912
P25,Nov,Saturday,02:45,121.908
P25,Nov,Saturday,03:00,122.696
P25,Nov,Saturday,03:15,123.456
P25,Nov,Saturday,03:30,121.112
P25,Nov,Saturday,03:45,121.276
P25,Nov,Saturday,04:00,122.62
P25,Nov,Saturday,04:15,129.292
P25,Nov,Saturday,04:30,126.492
P25,Nov,Saturday,04:45,121.876
P25,Nov,Saturday,05:00,127.872
P25,Nov,Saturday,05:15,130.552
P25,Nov,Saturday,05:30,134.248
P25,Nov,Saturday,05:45,137.492
P25,Nov,Saturday,06:00,138.18
P25,Nov,Saturday,06:15,144.124
P25,Nov,Saturday,06:30,143.952
P25,Nov,Saturday,06:45,149.596
P25,Nov,Saturday,07:00,158.244
P25,Nov,Saturday,07:15,166.42
P25,Nov,Saturday,07:30,174.228
P25,Nov,Saturday,07:45,175.164
P25,Nov,Saturday,08:00,169.844
P25,Nov,Saturday,08:15,159.076
P25,Nov,Saturday,08:30,149.072
P25,Nov,Saturday,08:45,136.796
P25,Nov,Saturday,09:00,126.016
P25,Nov,Saturday,09:15,122.96
P25,Nov,Saturday,09:30,118.076
P25,Nov,Saturday,09:45,118.484
P25,Nov,Saturday,10:00,111.328
P25,Nov,Saturday,10:15,106.616
P25,Nov,Saturday,10:30,103.02
P25,Nov,Saturday,10:45,107.948
P25,Nov,Saturday,11:00,100.788
P25,Nov,Saturday,11:15,100.604
P25,Nov,Saturday,11:30,102.904
P25,Nov,Saturday,11:45,93.932
P25,Nov,Saturday,12:00,99.876
P25,Nov,Saturday,12:15,104.348
P25,Nov,Saturday,12:30,104.492
P25,Nov,Saturday,12:45,95.94
P25,Nov,Saturday,13:00,100.072
P25,Nov,Saturday,13:15,99.216
P25,Nov,Saturday,13:30,96.016
P25,Nov,Saturday,13:45,98.332
P25,Nov,Saturday,14:00,105.172
P25,Nov,Saturday,14:15,113.588
P25,Nov,Saturday,14:30,120.784
P25,Nov,Saturday,14:45,123.044
P25,Nov,Saturday,15:00,132.4
P25,Nov,Saturday,15:15,143.52
P25,Nov,Saturday,15:30,153.956
P25,Nov,Saturday,15:45,164.64
P25,Nov,Saturday,16:00,175.192
P25,Nov,Saturday,16:15,197.828
P25,Nov,Saturday,16:30,202.876
P25,Nov,Saturday,16:45,216.576
P25,Nov,Saturday,17:00,219.904
P25,Nov,Saturday,17:15,221.472
P25,Nov,Saturday,17:30,230.352
P25,Nov,Saturday,17:45,233.38
P25,Nov,Saturday,18:00,240.696
P25,Nov,Saturday,18:15,245.912
P25,Nov,Saturday,18:30,236.952
P25,Nov,Saturday,18:45,238.668
P25,Nov,Saturday,19:00,230.292
P25,Nov,Saturday,19:15,221.36
P25,Nov,Saturday,19:30,212.076
P25,Nov,Saturday,19:45,211.72
P25,Nov,Saturday,20:00,209.88
P25,Nov,Saturday,20:15,209.808
P25,Nov,Saturday,20:30,198.684
P25,Nov,Saturday,20:45,194.876
P25,Nov,Saturday,21:00,194.816
P25,Nov,Saturday,21:15,191.408
P25,Nov,Saturday,21:30,178.2
P25,Nov,Saturday,21:45,179.912
P25,Nov,Saturday,22:00,172.584
P25,Nov,Saturday,22:15,171.124
P25,Nov,Saturday,22:30,162.564
P25,Nov,Saturday,22:45,163.692
P25,Nov,Saturday,23:00,158.216
P25,Nov,Saturday,23:15,148.504
P25,Nov,Saturday,23:30,139.784
P25,Nov,Saturday,23:45,136.896
P25,Nov,Sunday,00:00,137.324
P25,Nov,Sunday,00:15,136.132
P25,Nov,Sunday,00:30,129.024
P25,Nov,Sunday,00:45,126.364
P25,Nov,Sunday,01:00,127.72
P25,Nov,Sunday,01:15,124.128
P25,Nov,Sunday,01:30,119.888
P25,Nov,Sunday,01:45,121.172
P25,Nov,Sunday,02:00,120.48
P25,Nov,Sunday,02:15,120.028
P25,Nov,Sunday,02:30,117.032
P25,Nov,Sunday,02:45,115.268
P25,Nov,Sunday,03:00,115.884
P25,Nov,Sunday,03:15,117.78
P25,Nov,Sunday,03:30,119.696
P25,Nov,Sunday,03:45,114.312
P25,Nov,Sunday,04:00,116.832
P25,Nov,Sunday,04:15,121.196
P25,Nov,Sunday,04:30,117.348
P25,Nov,Sunday,04:45,117.624
P25,Nov,Sunday,05:00,118.728
P25,Nov,Sunday,05:15,119.82
P25,Nov,Sunday,05:30,126.716
P25,Nov,Sunday,05:45,130.524
P25,Nov,Sunday,06:00,132.752
P25,Nov,Sunday,06:15,134.912
P25,Nov,Sunday,06:30,143.392
P25,Nov,Sunday,06:45,139.356
P25,Nov,Sunday,07:00,142.744
P25,Nov,Sunday,07:15,152.492
P25,Nov,Sunday,07:30,156.724
P25,Nov,Sunday,07:45,148.248
P25,Nov,Sunday,08:00,148.888
P25,Nov,Sunday,08:15,140.924
P25,Nov,Sunday,08:30,137.576
P25,Nov,Sunday,08:45,131.684
P25,Nov,Sunday,09:00,128.336
P25,Nov,Sunday,09:15,120.432
P25,Nov,Sunday,09:30,109.604
P25,Nov,Sunday,09:45,107.224
P25,Nov,Sunday,10:00,109.38
P25,Nov,Sunday,10:15,105.14
P25,Nov,Sunday,10:30,108.352
P25,Nov,Sunday,10:45,110.132
P25,Nov,Sunday,11:00,107.304
P25,Nov,Sunday,11:15,114.136
P25,Nov,Sunday,11:30,124.812
P25,Nov,Sunday,11:45,121.76
P25,Nov,Sunday,12:00,108.64
P25,Nov,Sunday,12:15,100.904
P25,Nov,Sunday,12:30,98.7
P25,Nov,Sunday,12:45,100.124
P25,Nov,Sunday,13:00,101.884
P25,Nov,Sunday,13:15,105.328
P25,Nov,Sunday,13:30,103.848
P25,Nov,Sunday,13:45,101.3
P25,Nov,Sunday,14:00,107.228
P25,Nov,Sunday,14:15,110.204
P25,Nov,Sunday,14:30,114.672
P25,Nov,Sunday,14:45,116.612
P25,Nov,Sunday,15:00,133.352
P25,Nov,Sunday,15:15,139.588
P25,Nov,Sunday,15:30,148.636
P25,Nov,Sunday,15:45,173.156
P25,Nov,Sunday,16:00,200.976
P25,Nov,Sunday,16:15,210.5
P25,Nov,Sunday,16:30,215.512
P25,Nov,Sunday,16:45,228.752
P25,Nov,Sunday,17:00,232.916
P25,Nov,Sunday,17:15,237.66
P25,Nov,Sunday,17:30,236.496
P25,Nov,Sunday,17:45,236.508
P25,Nov,Sunday,18:00,250.236
P25,Nov,Sunday,18:15,247.656
P25,Nov,Sunday,18:30,240.612
P25,Nov,Sunday,18:45,249.056
P25,Nov,Sunday,19:00,231.98
P25,Nov,Sunday,19:15,230.104
P25,Nov,Sunday,19:30,225.084
P25,Nov,Sunday,19:45,225.532
P25,Nov,Sunday,20:00,219.464
P25,Nov,Sunday,20:15,215.4
P25,Nov,Sunday,20:30,205.812
P25,Nov,Sunday,20:45,201.356
P25,Nov,Sunday,21:00,199.676
P25,Nov,Sunday,21:15,183.856
P25,Nov,Sunday,21:30,178.436
P25,Nov,Sunday,21:45,178.888
P25,Nov,Sunday,22:00,162.688
P25,Nov,Sunday,22:15,153.484
P25,Nov,Sunday,22:30,145.648
P25,Nov,Sunday,22:45,145.416
P25,Nov,Sunday,23:00,137.112
P25,Nov,Sunday,23:15,134.632
P25,Nov,Sunday,23:30,124.888
P25,Nov,Sunday,23:45,126.072
P25,Dec,Workday,00:00,149.428
P25,Dec,Workday,00:15,146.656
P25,Dec,Workday,00:30,141.96
P25,Dec,Workday,00:45,138.82
P25,Dec,Workday,01:00,137.188
P25,Dec,Workday,01:15,134.78
P25,Dec,Workday,01:30,134.452
P25,Dec,Workday,01:45,134.976
P25,Dec,Workday,02:00,135.016
P25,Dec,Workday,02:15,133.972
P25,Dec,Workday,02:30,131.76
P25,Dec,Workday,02:45,131.904
P25,Dec,Workday,03:00,132.588
P25,Dec,Workday,03:15,131.86
P25,Dec,Workday,03:30,133.052
P25,Dec,Workday,03:45,130.708
P25,Dec,Workday,04:00,136.464
P25,Dec,Workday,04:15,136.36
P25,Dec,Workday,04:30,135.948
P25,Dec,Workday,04:45,138.508
P25,Dec,Workday,05:00,145.056
P25,Dec,Workday,05:15,146.716
P25,Dec,Workday,05:30,151.772
P25,Dec,Workday,05:45,158.952
P25,Dec,Workday,06:00,168.692
P25,Dec,Workday,06:15,177.8
P25,Dec,Workday,06:30,182.488
P25,Dec,Workday,06:45,181.128
P25,Dec,Workday,07:00,184.22
P25,Dec,Workday,07:15,186.456
P25,Dec,Workday,07:30,183.528
P25,Dec,Workday,07:45,189.32
P25,Dec,Workday,08:00,191.464
P25,Dec,Workday,08:15,190.516
P25,Dec,Workday,08:30,188.428
P25,Dec,Workday,08:45,184.708
P25,Dec,Workday,09:00,176.992
P25,Dec,Workday,09:15,172.328
P25,Dec,Workday,09:30,167.572
P25,Dec,Workday,09:45,164.284
P25,Dec,Workday,10:00,157.108
P25,Dec,Workday,10:15,151.864
P25,Dec,Workday,10:30,144.644
P25,Dec,Workday,10:45,144.592
P25,Dec,Workday,11:00,137.06
P25,Dec,Workday,11:15,133.616
P25,Dec,Workday,11:30,134.924
P25,Dec,Workday,11:45,137.008
P25,Dec,Workday,12:00,138.928
P25,Dec,Workday,12:15,136.736
P25,Dec,Workday,12:30,132.776
P25,Dec,Workday,12:45,136.836
P25,Dec,Workday,13:00,141.66
P25,Dec,Workday,13:15,139.904
P25,Dec,Workday,13:30,140.852
P25,Dec,Workday,13:45,148.084
P25,Dec,Workday,14:00,149.656
P25,Dec,Workday,14:15,152.848
P25,Dec,Workday,14:30,156.38
P25,Dec,Workday,14:45,160.16
P25,Dec,Workday,15:00,171.1
P25,Dec,Workday,15:15,180.704
P25,Dec,Workday,15:30,190.596
P25,Dec,Workday,15:45,203.524
P25,Dec,Workday,16:00,213.124
P25,Dec,Workday,16:15,222.516
P25,Dec,Workday,16:30,224.424
P25,Dec,Workday,16:45,227.392
P25,Dec,Workday,17:00,237.796
P25,Dec,Workday,17:15,243.12
P25,Dec,Workday,17:30,244.464
P25,Dec,Workday,17:45,250.16
P25,Dec,Workday,18:00,258.408
P25,Dec,Workday,18:15,259.908
P25,Dec,Workday,18:30,262.216
P25,Dec,Workday,18:45,257.9
P25,Dec,Workday,19:00,253.056
P25,Dec,Workday,19:15,249.804
P25,Dec,Workday,19:30,244.484
P25,Dec,Workday,19:45,243.756
P25,Dec,Workday,20:00,244.368
P25,Dec,Workday,20:15,241.384
P25,Dec,Workday,20:30,232.72
P25,Dec,Workday,20:45,230.956
P25,Dec,Workday,21:00,227.484
P25,Dec,Workday,21:15,221.316
P25,Dec,Workday,21:30,211.776
P25,Dec,Workday,21:45,208.384
P25,Dec,Workday,22:00,198.924
P25,Dec,Workday,22:15,191.552
P25,Dec,Workday,22:30,180.928
P25,Dec,Workday,22:45,173.424
P25,Dec,Workday,23:00,166.636
P25,Dec,Workday,23:15,162.94
P25,Dec,Workday,23:30,155.708
P25,Dec,Workday,23:45,151.524
P25,Dec,Saturday,00:00,149.916
P25,Dec,Saturday,00:15,150.124
P25,Dec,Saturday,00:30,148.572
P25,Dec,Saturday,00:45,143.808
P25,Dec,Saturday,01:00,140.716
P25,Dec,Saturday,01:15,137.076
P25,Dec,Saturday,01:30,135.152
P25,Dec,Saturday,01:45,131.688
P25,Dec,Saturday,02:00,130.936
P25,Dec,Saturday,02:15,131.16
P25,Dec,Saturday,02:30,128.712
P25,Dec,Saturday,02:45,128.76
P25,Dec,Saturday,03:00,129.968
P25,Dec,Saturday,03:15,125.884
P25,Dec,Saturday,03:30,128.92
P25,Dec,Saturday,03:45,129.408
P25,Dec,Saturday,04:00,134.892
P25,Dec,Saturday,04:15,130.732
P25,Dec,Saturday,04:30,130.88
P25,Dec,Saturday,04:45,126.748
P25,Dec,Saturday,05:00,134.464
P25,Dec,Saturday,05:15,138.536
P25,Dec,Saturday,05:30,138.456
P25,Dec,Saturday,05:45,141.708
P25,Dec,Saturday,06:00,142.36
P25,Dec,Saturday,06:15,146.584
P25,Dec,Saturday,06:30,148.488
P25,Dec,Saturday,06:45,154.564
P25,Dec,Saturday,07:00,156.408
P25,Dec,Saturday,07:15,164.484
P25,Dec,Saturday,07:30,172.58
P25,Dec,Saturday,07:45,179.856
P25,Dec,Saturday,08:00,189.488
P25,Dec,Saturday,08:15,207.32
P25,Dec,Saturday,08:30,212.504
P25,Dec,Saturday,08:45,213.18
P25,Dec,Saturday,09:00,207.772
P25,Dec,Saturday,09:15,197.98
P25,Dec,Saturday,09:30,194.916
P25,Dec,Saturday,09:45,187.9
P25,Dec,Saturday,10:00,191.04
P25,Dec,Saturday,10:15,189.152
P25,Dec,Saturday,10:30,178.5
P25,Dec,Saturday,10:45,168.352
P25,Dec,Saturday,11:00,175.3
P25,Dec,Saturday,11:15,173.916
P25,Dec,Saturday,11:30,181.7
P25,Dec,Saturday,11:45,172.356
P25,Dec,Saturday,12:00,168.756
P25,Dec,Saturday,12:15,178.772
P25,Dec,Saturday,12:30,181.308
P25,Dec,Saturday,12:45,173.272
P25,Dec,Saturday,13:00,179.2
P25,Dec,Saturday,13:15,174.176
P25,Dec,Saturday,13:30,172.484
P25,Dec,Saturday,13:45,175.948
P25,Dec,Saturday,14:00,180.024
P25,Dec,Saturday,14:15,184.736
P25,Dec,Saturday,14:30,182.584
P25,Dec,Saturday,14:45,187.576
P25,Dec,Saturday,15:00,189.276
P25,Dec,Saturday,15:15,200.424
P25,Dec,Saturday,15:30,211.884
P25,Dec,Saturday,15:45,213.552
P25,Dec,Saturday,16:00,220.86
P25,Dec,Saturday,16:15,231.664
P25,Dec,Saturday,16:30,230.172
P25,Dec,Saturday,16:45,234.544
P25,Dec,Saturday,17:00,232.224
P25,Dec,Saturday,17:15,243.136
P25,Dec,Saturday,17:30,252.856
P25,Dec,Saturday,17:45,252.956
P25,Dec,Saturday,18:00,255.344
P25,Dec,Saturday,18:15,256.56
P25,Dec,Saturday,18:30,254.888
P25,Dec,Saturday,18:45,242.848
P25,Dec,Saturday,19:00,234.624
P25,Dec,Saturday,19:15,234.892
P25,Dec,Saturday,19:30,241.8
P25,Dec,Saturday,19:45,235.116
P25,Dec,Saturday,20:00,226.34
P25,Dec,Saturday,20:15,224.416
P25,Dec,Saturday,20:30,227.532
P25,Dec,Saturday,20:45,217.672
P25,Dec,Saturday,21:00,210.756
P25,Dec,Saturday,21:15,208.92
P25,Dec,Saturday,21:30,197.652
P25,Dec,Saturday,21:45,195.896
P25,Dec,Saturday,22:00,184.76
P25,Dec,Saturday,22:15,179.892
P25,Dec,Saturday,22:30,176.876
P25,Dec,Saturday,22:45,175.616
P25,Dec,Saturday,23:00,166.728
P25,Dec,Saturday,23:15,164.544
P25,Dec,Saturday,23:30,159.284
P25,Dec,Saturday,23:45,155.096
P25,Dec,Sunday,00:00,148.684
P25,Dec,Sunday,00:15,151.108
P25,Dec,Sunday,00:30,144.656
P25,Dec,Sunday,00:45,138.952
P25,Dec,Sunday,01:00,135.512
P25,Dec,Sunday,01:15,136.864
P25,Dec,Sunday,01:30,132.116
P25,Dec,Sunday,01:45,133.064
P25,Dec,Sunday,02:00,130.652
P25,Dec,Sunday,02:15,128.808
P25,Dec,Sunday,02:30,127.528
P25,Dec,Sunday,02:45,127.092
P25,Dec,Sunday,03:00,130.592
P25,Dec,Sunday,03:15,129.036
P25,Dec,Sunday,03:30,126.432
P25,Dec,Sunday,03:45,125.192
P25,Dec,Sunday,04:00,129.816
P25,Dec,Sunday,04:15,127.04
P25,Dec,Sunday,04:30,129.82
P25,Dec,Sunday,04:45,128.996
P25,Dec,Sunday,05:00,130.616
P25,Dec,Sunday,05:15,132.336
P25,Dec,Sunday,05:30,136.78
P25,Dec,Sunday,05:45,142.272
P25,Dec,Sunday,06:00,139.88
P25,Dec,Sunday,06:15,142.584
P25,Dec,Sunday,06:30,145.808
P25,Dec,Sunday,06:45,146.476
P25,Dec,Sunday,07:00,152.424
P25,Dec,Sunday,07:15,153.684
P25,Dec,Sunday,07:30,168.512
P25,Dec,Sunday,07:45,178.028
P25,Dec,Sunday,08:00,184.172
P25,Dec,Sunday,08:15,190.756
P25,Dec,Sunday,08:30,201.592
P25,Dec,Sunday,08:45,206.684
P25,Dec,Sunday,09:00,216.724
P25,Dec,Sunday,09:15,210.904
P25,Dec,Sunday,09:30,207.4
P25,Dec,Sunday,09:45,201.476
P25,Dec,Sunday,10:00,198.448
P25,Dec,Sunday,10:15,197.208
P25,Dec,Sunday,10:30,196.436
P25,Dec,Sunday,10:45,198.456
P25,Dec,Sunday,11:00,205.292
P25,Dec,Sunday,11:15,217.232
P25,Dec,Sunday,11:30,223.376
P25,Dec,Sunday,11:45,227.6
P25,Dec,Sunday,12:00,227.78
P25,Dec,Sunday,12:15,222.656
P25,Dec,Sunday,12:30,208.78
P25,Dec,Sunday,12:45,195.316
P25,Dec,Sunday,13:00,178.384
P25,Dec,Sunday,13:15,179.196
P25,Dec,Sunday,13:30,190.2
P25,Dec,Sunday,13:45,184.588
P25,Dec,Sunday,14:00,183.744
P25,Dec,Sunday,14:15,186.372
P25,Dec,Sunday,14:30,193.916
P25,Dec,Sunday,14:45,194.52
P25,Dec,Sunday,15:00,200.0
P25,Dec,Sunday,15:15,209.748
P25,Dec,Sunday,15:30,217.708
P25,Dec,Sunday,15:45,228.072
P25,Dec,Sunday,16:00,235.172
P25,Dec,Sunday,16:15,242.24
P25,Dec,Sunday,16:30,242.692
P25,Dec,Sunday,16:45,242.868
P25,Dec,Sunday,17:00,246.72
P25,Dec,Sunday,17:15,243.32
P25,Dec,Sunday,17:30,252.128
P25,Dec,Sunday,17:45,245.048
P25,Dec,Sunday,18:00,252.256
P25,Dec,Sunday,18:15,255.476
P25,Dec,Sunday,18:30,261.948
P25,Dec,Sunday,18:45,258.468
P25,Dec,Sunday,19:00,250.08
P25,Dec,Sunday,19:15,245.448
P25,Dec,Sunday,19:30,235.988
P25,Dec,Sunday,19:45,234.788
P25,Dec,Sunday,20:00,236.036
P25,Dec,Sunday,20:15,229.832
P25,Dec,Sunday,20:30,228.06
P25,Dec,Sunday,20:45,217.396
P25,Dec,Sunday,21:00,213.992
P25,Dec,Sunday,21:15,208.1
P25,Dec,Sunday,21:30,203.68
P25,Dec,Sunday,21:45,192.528
P25,Dec,Sunday,22:00,184.36
P25,Dec,Sunday,22:15,178.924
P25,Dec,Sunday,22:30,170.424
P25,Dec,Sunday,22:45,166.716
P25,Dec,Sunday,23:00,158.336
P25,Dec,Sunday,23:15,153.472
P25,Dec,Sunday,23:30,149.968
P25,Dec,Sunday,23:45,144.2
