"Source: https://www.bdew.de/energie/standardlastprofile-strom/",,,,,,,,,,,,,,,,,,,,,,,,,,,,,,,,,,,,,,,,,,,,,,,,,,,,,,,,,,,,,,,,,,,,,,,,,,,,,,,,,,,,,,,,,,,,,,,,,,,,,,,,,,,,,,,,,,,,,,,,,,,,,,,,,,,,,,,,,,,,,,,,,,,,,,,,,,,,,,,,,,,,,,,,,,,,,,,,,,,,,,,,,,,,,,,,,,,,,,,,,,,,,,,,,,,,,,,,,,,,,,,,,,,,,,,,,,,,,,,,,,,,,,,,,,,,,,,,,,,,,,,,,,,,,,,,,,,,,,,
Profile,H0,H0,H0,H0,H0,H0,H0,H0,H0,G0,G0,G0,G0,G0,G0,G0,G0,G0,G1,G1,G1,G1,G1,G1,G1,G1,G1,G2,G2,G2,G2,G2,G2,G2,G2,G2,G3,G3,G3,G3,G3,G3,G3,G3,G3,G4,G4,G4,G4,G4,G4,G4,G4,G4,G5,G5,G5,G5,G5,G5,G5,G5,G5,G6,G6,G6,G6,G6,G6,G6,G6,G6,L0,L0,L0,L0,L0,L0,L0,L0,L0,L1,L1,L1,L1,L1,L1,L1,L1,L1,L2,L2,L2,L2,L2,L2,L2,L2,L2,H25,H25,H25,H25,H25,H25,H25,H25,H25,H25,H25,H25,H25,H25,H25,H25,H25,H25,H25,H25,H25,H25,H25,H25,H25,H25,H25,H25,H25,H25,H25,H25,H25,H25,H25,H25,G25,G25,G25,G25,G25,G25,G25,G25,G25,G25,G25,G25,G25,G25,G25,G25,G25,G25,G25,G25,G25,G25,G25,G25,G25,G25,G25,G25,G25,G25,G25,G25,G25,G25,G25,G25,L25,L25,L25,L25,L25,L25,L25,L25,L25,L25,L25,L25,L25,L25,L25,L25,L25,L25,L25,L25,L25,L25,L25,L25,L25,L25,L25,L25,L25,L25,L25,L25,L25,L25,L25,L25,P25,P25,P25,P25,P25,P25,P25,P25,P25,P25,P25,P25,P25,P25,P25,P25,P25,P25,P25,P25,P25,P25,P25,P25,P25,P25,P25,P25,P25,P25,P25,P25,P25,P25,P25,P25,S25,S25,S25,S25,S25,S25,S25,S25,S25,S25,S25,S25,S25,S25,S25,S25,S25,S25,S25,S25,S25,S25,S25,S25,S25,S25,S25,S25,S25,S25,S25,S25,S25,S25,S25,S25
Period,Winter,Winter,Winter,Summer,Summer,Summer,Transition,Transition,Transition,Winter,Winter,Winter,Summer,Summer,Summer,Transition,Transition,Transition,Winter,Winter,Winter,Summer,Summer,Summer,Transition,Transition,Transition,Winter,Winter,Winter,Summer,Summer,Summer,Transition,Transition,Transition,Winter,Winter,Winter,Summer,Summer,Summer,Transition,Transition,Transition,Winter,Winter,Winter,Summer,Summer,Summer,Transition,Transition,Transition,Winter,Winter,Winter,Summer,Summer,Summer,Transition,Transition,Transition,Winter,Winter,Winter,Summer,Summer,Summer,Transition,Transition,Transition,Winter,Winter,Winter,Summer,Summer,Summer,Transition,Transition,Transition,Winter,Winter,Winter,Summer,Summer,Summer,Transition,Transition,Transition,Winter,Winter,Winter,Summer,Summer,Summer,Transition,Transition,Transition,Jan,Jan,Jan,Feb,Feb,Feb,Mar,Mar,Mar,Apr,Apr,Apr,May,May,May,Jun,Jun,Jun,Jul,Jul,Jul,Aug,Aug,Aug,Sep,Sep,Sep,Oct,Oct,Oct,Nov,Nov,Nov,Dec,Dec,Dec,Jan,Jan,Jan,Feb,Feb,Feb,Mar,Mar,Mar,Apr,Apr,Apr,May,May,May,Jun,Jun,Jun,Jul,Jul,Jul,Aug,Aug,Aug,Sep,Sep,Sep,Oct,Oct,Oct,Nov,Nov,Nov,Dec,Dec,Dec,Jan,Jan,Jan,Feb,Feb,Feb,Mar,Mar,Mar,Apr,Apr,Apr,May,May,May,Jun,Jun,Jun,Jul,Jul,Jul,Aug,Aug,Aug,Sep,Sep,Sep,Oct,Oct,Oct,Nov,Nov,Nov,Dec,Dec,Dec,Jan,Jan,Jan,Feb,Feb,Feb,Mar,Mar,Mar,Apr,Apr,Apr,May,May,May,Jun,Jun,Jun,Jul,Jul,Jul,Aug,Aug,Aug,Sep,Sep,Sep,Oct,Oct,Oct,Nov,Nov,Nov,Dec,Dec,Dec,Jan,Jan,Jan,Feb,Feb,Feb,Mar,Mar,Mar,Apr,Apr,Apr,May,May,May,Jun,Jun,Jun,Jul,Jul,Jul,Aug,Aug,Aug,Sep,Sep,Sep,Oct,Oct,Oct,Nov,Nov,Nov,Dec,Dec,Dec
Day,Saturday,Sunday,Workday,Saturday,Sunday,Workday,Saturday,Sunday,Workday,Saturday,Sunday,Workday,Saturday,Sunday,Workday,Saturday,Sunday,Workday,Saturday,Sunday,Workday,Saturday,Sunday,Workday,Saturday,Sunday,Workday,Saturday,Sunday,Workday,Saturday,Sunday,Workday,Saturday,Sunday,Workday,Saturday,Sunday,Workday,Saturday,Sunday,Workday,Saturday,Sunday,Workday,Saturday,Sunday,Workday,Saturday,Sunday,Workday,Saturday,Sunday,Workday,Saturday,Sunday,Workday,Saturday,Sunday,Workday,Saturday,Sunday,Workday,Saturday,Sunday,Workday,Saturday,Sunday,Workday,Saturday,Sunday,Workday,Saturday,Sunday,Workday,Saturday,Sunday,Workday,Saturday,Sunday,Workday,Saturday,Sunday,Workday,Saturday,Sunday,Workday,Saturday,Sunday,Workday,Saturday,Sunday,Workday,Saturday,Sunday,Workday,Saturday,Sunday,Workday,Saturday,Sunday,Workday,Saturday,Sunday,Workday,Saturday,Sunday,Workday,Saturday,Sunday,Workday,Saturday,Sunday,Workday,Saturday,Sunday,Workday,Saturday,Sunday,Workday,Saturday,Sunday,Workday,Saturday,Sunday,Workday,Saturday,Sunday,Workday,Saturday,Sunday,Workday,Saturday,Sunday,Workday,Saturday,Sunday,Workday,Saturday,Sunday,Workday,Saturday,Sunday,Workday,Saturday,Sunday,Workday,Saturday,Sunday,Workday,Saturday,Sunday,Workday,Saturday,Sunday,Workday,Saturday,Sunday,Workday,Saturday,Sunday,Workday,Saturday,Sunday,Workday,Saturday,Sunday,Workday,Saturday,Sunday,Workday,Saturday,Sunday,Workday,Saturday,Sunday,Workday,Saturday,Sunday,Workday,Saturday,Sunday,Workday,Saturday,Sunday,Workday,Saturday,Sunday,Workday,Saturday,Sunday,Workday,Saturday,Sunday,Workday,Saturday,Sunday,Workday,Saturday,Sunday,Workday,Saturday,Sunday,Workday,Saturday,Sunday,Workday,Saturday,Sunday,Workday,Saturday,Sunday,Workday,Saturday,Sunday,Workday,Saturday,Sunday,Workday,Saturday,Sunday,Workday,Saturday,Sunday,Workday,Saturday,Sunday,Workday,Saturday,Sunday,Workday,Saturday,Sunday,Workday,Saturday,Sunday,Workday,Saturday,Sunday,Workday,Saturday,Sunday,Workday,Saturday,Sunday,Workday,Saturday,Sunday,Workday,Saturday,Sunday,Workday,Saturday,Sunday,Workday,Saturday,Sunday,Workday,Saturday,Sunday,Workday,Saturday,Sunday,Workday,Saturday,Sunday,Workday,Saturday,Sunday,Workday,Saturday,Sunday,Workday,Saturday,Sunday,Workday,Saturday,Sunday,Workday
00:00,70.8,87.5,67.6,89.8,100.1,86.3,80.2,93.4,77.8,70.0,63.2,65.5,74.6,68.8,71.5,75.8,68.3,73.0,25.8,25.7,26.4,23.6,22.4,23.6,20.7,22.4,20.2,80.6,73.7,77.4,63.1,50.6,60.8,73.1,64.2,70.5,95.3,87.8,94.7,99.0,94.6,98.5,92.5,87.6,91.2,62.2,57.7,62.1,75.3,68.7,74.5,67.2,63.1,67.2,66.6,38.9,50.1,91.8,48.8,67.4,75.6,42.5,56.0,67.5,100.3,62.1,60.0,85.6,56.8,64.7,98.7,61.0,73.9,68.3,72.4,67.2,62.6,66.1,71.4,64.8,70.3,67.9,63.5,66.7,58.2,53.8,57.7,64.9,60.4,64.4,77.1,70.0,75.2,70.9,65.9,69.7,74.5,66.8,73.1,88.608,92.592,80.504,88.988,92.12,81.116,87.428,90.836,78.408,95.656,99.808,84.94,98.476,101.58,88.852,107.932,110.504,98.264,113.02,114.948,103.904,107.048,110.224,99.396,94.2,100.056,85.184,91.48,94.232,82.036,86.828,90.14,78.332,86.6,91.248,79.836,60.18,58.632,59.328,59.048,59.18,59.868,58.984,57.404,58.58,55.016,54.464,55.792,52.904,52.488,52.64,54.832,53.476,55.272,55.316,53.94,53.384,54.984,53.684,52.616,53.296,51.596,52.176,54.248,52.696,52.516,58.772,56.472,56.944,62.492,59.62,61.888,73.9,68.3,72.4,73.9,68.3,72.4,73.068,67.132,71.7,71.4,64.8,70.3,69.3,63.7,68.2,67.2,62.6,66.1,67.2,62.6,66.1,67.2,62.6,66.1,69.3,63.7,68.2,71.4,64.8,70.3,73.9,68.3,72.4,73.9,68.3,72.4,144.196,142.296,131.2,146.896,131.216,126.424,130.544,128.196,117.716,126.212,135.724,119.144,97.564,102.352,88.02,106.496,104.192,100.56,108.256,114.56,99.416,106.952,106.976,101.112,101.9,103.176,96.372,115.696,114.42,105.832,133.776,137.324,122.608,149.916,148.684,149.428,192.9,207.216,182.612,187.48,165.172,153.14,110.632,107.996,94.848,62.368,75.144,52.728,22.292,19.708,24.296,30.192,19.764,17.34,27.832,26.56,22.048,34.04,33.76,30.804,35.424,32.944,28.176,120.8,87.316,79.796,179.568,179.716,169.86,230.388,234.288,233.56
00:15,68.2,81.1,60.8,84.9,92.5,76.9,75.1,86.8,69.6,73.0,61.0,62.6,76.2,67.4,69.0,76.7,66.5,70.1,25.2,25.0,26.4,22.5,21.8,22.5,20.8,21.9,19.7,74.6,68.7,67.4,58.0,47.4,53.0,67.6,60.7,61.9,95.5,88.3,94.1,100.0,95.3,99.0,93.0,87.3,90.2,61.2,56.4,60.8,75.5,68.3,73.6,65.9,62.2,66.1,87.3,38.4,47.4,118.3,47.8,61.2,97.6,42.0,51.3,67.8,91.1,55.6,59.4,79.0,52.0,63.4,91.2,54.9,73.0,66.0,69.4,65.6,60.6,63.1,69.4,62.7,67.1,67.6,62.2,64.8,57.3,53.3,56.2,63.8,59.6,62.6,76.3,67.4,71.9,69.3,63.7,66.6,72.3,64.3,69.3,83.236,87.94,75.66,83.652,86.752,76.388,81.912,85.704,73.672,89.704,93.676,79.72,92.32,96.304,83.576,102.336,105.064,93.088,107.472,109.516,98.508,101.648,105.256,94.42,89.128,94.732,80.788,86.136,88.78,77.044,81.332,84.924,73.44,80.9,85.784,74.84,59.632,58.408,58.884,58.344,59.176,59.24,58.244,56.94,58.096,54.416,54.232,55.172,52.712,51.872,52.06,54.0,52.3,54.408,54.424,52.796,52.676,54.756,52.624,52.156,52.532,51.192,51.452,53.56,52.384,51.876,58.248,55.976,56.54,61.996,58.74,61.348,73.0,66.0,69.4,73.0,66.0,69.4,71.8,64.9,68.632,69.4,62.7,67.1,67.5,61.652,65.1,65.6,60.6,63.1,65.6,60.6,63.1,65.6,60.6,63.1,67.5,61.652,65.1,69.4,62.7,67.1,73.0,66.0,69.4,73.0,66.0,69.4,145.668,135.532,132.508,140.064,133.048,122.144,129.912,130.128,120.62,116.708,127.172,118.548,99.908,95.556,86.324,102.468,104.592,95.732,107.36,112.28,97.204,103.116,102.496,101.476,98.656,98.456,94.3,114.496,110.656,103.376,133.668,136.132,123.08,150.124,151.108,146.656,199.512,201.864,184.196,173.672,162.12,150.812,97.796,103.78,94.916,62.624,70.944,53.152,20.212,18.288,22.412,28.936,18.884,15.028,25.24,26.564,21.456,32.456,31.052,29.64,34.28,29.512,27.28,114.912,85.632,77.88,179.74,176.604,168.524,225.636,232.508,232.988
00:30,65.9,75.0,54.9,80.7,85.9,68.8,70.7,81.2,62.4,75.9,58.9,59.6,77.7,65.7,66.3,77.7,64.6,67.1,24.7,24.6,26.4,21.5,21.3,21.5,20.9,21.4,19.2,69.2,63.6,58.4,53.5,44.3,46.0,62.8,56.9,54.4,96.2,89.0,94.1,100.9,96.0,99.4,93.7,87.4,89.4,60.1,55.0,59.5,75.7,68.0,72.8,64.8,61.3,64.9,111.7,38.1,44.9,145.6,46.6,54.6,121.4,41.6,46.6,68.5,83.4,50.1,59.4,73.6,48.0,63.0,84.5,49.9,72.6,64.3,66.9,64.3,58.9,60.5,68.0,61.3,64.3,67.8,61.4,63.2,56.7,53.0,54.9,62.9,59.1,61.0,76.1,65.6,69.1,68.0,61.8,63.9,70.7,62.4,66.0,79.028,84.588,71.836,80.056,83.284,72.88,79.292,82.04,71.396,85.972,89.484,76.832,88.292,91.844,80.396,97.776,100.16,89.14,103.28,105.2,94.708,98.244,100.908,90.928,85.832,90.94,77.936,83.044,84.676,74.32,77.184,81.096,69.548,76.524,81.572,70.856,59.14,57.72,58.472,57.856,58.748,58.836,58.248,56.432,57.724,54.324,53.288,54.736,52.756,51.128,51.568,53.16,52.312,53.94,53.5,51.936,52.024,53.728,52.22,51.796,51.644,50.276,50.872,53.008,51.52,51.32,57.968,55.132,56.008,61.764,58.696,61.024,72.6,64.3,66.9,72.6,64.3,66.9,71.068,63.3,66.032,68.0,61.3,64.3,66.152,60.1,62.4,64.3,58.9,60.5,64.3,58.9,60.5,64.3,58.9,60.5,66.152,60.1,62.4,68.0,61.3,64.3,72.6,64.3,66.9,72.6,64.3,66.9,135.068,132.768,128.48,139.2,137.74,122.016,118.512,121.256,118.832,116.784,117.032,113.056,97.368,95.464,87.248,95.992,108.544,92.136,102.436,100.132,95.444,105.392,100.556,96.496,95.636,98.684,91.772,105.928,105.84,99.964,125.416,129.024,118.412,148.572,144.656,141.96,190.716,199.468,176.852,174.416,158.06,149.636,101.332,111.136,96.832,64.988,69.524,53.332,18.712,18.952,21.036,27.66,19.996,14.8,26.408,25.524,19.768,36.096,30.964,29.852,33.972,28.684,27.744,113.16,82.36,77.544,185.228,171.552,165.972,229.376,231.648,225.456
00:45,63.3,69.1,49.9,76.6,79.9,62.4,66.6,75.7,56.6,77.6,57.0,57.0,78.5,63.5,63.5,78.5,62.6,64.5,24.6,24.6,26.5,20.8,20.8,20.8,20.8,20.8,18.9,63.6,58.7,50.9,48.9,41.1,40.1,57.7,52.8,47.9,97.4,90.1,95.0,101.0,96.2,99.2,94.3,87.7,88.9,59.4,54.0,58.5,75.6,67.5,72.0,63.9,60.3,63.9,137.0,38.3,43.3,168.3,45.3,49.4,143.1,41.3,43.3,68.1,77.4,46.2,58.9,69.3,45.0,62.4,78.5,46.2,72.3,63.0,64.8,63.0,57.4,58.4,66.7,60.2,62.1,67.8,60.8,61.9,56.1,52.6,53.7,61.9,58.4,59.6,75.8,64.3,66.8,66.8,60.2,61.8,69.2,61.0,63.5,75.556,81.54,68.808,76.92,80.24,70.016,76.18,78.928,68.5,81.844,85.372,73.4,83.824,87.864,77.076,93.268,96.244,85.436,99.08,101.196,90.844,94.1,97.228,87.696,81.78,87.256,74.956,79.24,80.9,71.116,73.52,77.54,66.404,72.936,78.104,67.756,58.956,56.976,58.004,57.92,57.672,58.412,57.484,55.976,57.456,54.188,53.128,54.28,52.456,50.78,50.996,52.976,51.42,53.472,53.1,51.604,51.676,53.204,51.608,51.328,51.424,49.776,50.28,52.668,51.028,50.872,57.58,55.14,55.588,61.288,58.424,60.544,72.3,63.0,64.8,72.3,63.0,64.8,70.432,62.068,63.9,66.7,60.2,62.1,64.852,58.8,60.252,63.0,57.4,58.4,63.0,57.4,58.4,63.0,57.4,58.4,64.852,58.8,60.252,66.7,60.2,62.1,72.3,63.0,64.8,72.3,63.0,64.8,132.108,125.64,124.28,127.788,133.544,118.008,129.524,130.14,117.848,114.864,116.388,113.98,94.132,92.212,85.796,100.476,99.32,94.5,112.608,102.336,92.636,102.456,99.472,93.052,96.26,95.096,87.988,106.204,103.38,100.548,126.192,126.364,117.492,143.808,138.952,138.82,183.832,203.776,168.196,164.252,152.608,147.684,101.248,108.404,96.224,60.068,72.216,53.9,16.8,19.908,21.904,28.48,17.8,15.508,25.924,24.856,20.448,35.364,31.712,31.372,32.844,26.512,27.764,108.852,82.312,75.756,171.948,169.484,159.204,222.972,226.432,217.432
01:00,59.5,63.4,46.2,71.7,74.1,58.0,62.3,70.1,52.5,77.1,55.3,54.8,77.9,60.9,60.9,78.5,60.3,62.3,25.0,25.0,26.5,20.5,20.6,20.5,20.5,20.2,18.8,57.1,54.4,44.9,43.6,37.9,35.4,51.6,48.3,42.5,98.9,91.3,96.6,99.8,95.3,98.1,94.5,88.0,88.7,59.1,53.6,58.0,74.8,66.6,71.0,63.2,59.4,63.0,160.7,39.2,43.0,182.2,44.3,46.7,159.4,41.1,42.4,65.4,73.2,44.0,57.1,65.8,43.0,60.4,73.1,43.7,71.5,62.1,63.2,61.4,56.2,56.7,65.3,59.2,60.3,67.3,59.9,60.8,55.2,51.7,52.6,60.6,57.3,58.2,75.0,63.5,64.8,65.1,58.8,60.2,67.8,60.0,61.8,72.868,78.6,66.448,74.188,77.424,67.728,73.308,76.016,66.336,78.644,81.78,70.632,80.668,84.416,74.376,89.496,92.828,82.732,95.468,97.808,87.976,91.368,94.004,85.1,78.972,84.092,72.744,75.976,77.784,68.704,70.916,74.592,64.176,70.092,75.08,65.356,58.696,56.904,57.792,57.648,57.516,58.432,57.692,55.688,57.028,53.752,53.132,54.02,51.884,50.848,50.692,53.048,51.44,52.928,52.936,51.028,51.384,52.86,51.024,51.096,50.888,49.244,49.988,52.556,50.884,50.552,57.076,54.956,55.336,60.696,57.908,60.212,71.5,62.1,63.2,71.5,62.1,63.2,69.432,61.132,62.232,65.3,59.2,60.3,63.352,57.7,58.5,61.4,56.2,56.7,61.4,56.2,56.7,61.4,56.2,56.7,63.352,57.7,58.5,65.3,59.2,60.3,71.5,62.1,63.2,71.5,62.1,63.2,132.672,122.612,123.544,136.348,131.888,117.268,127.708,119.972,116.252,115.948,115.624,112.82,92.02,89.62,86.66,98.04,102.736,92.292,99.408,95.788,90.304,102.888,98.976,92.284,94.356,92.728,89.148,107.44,100.532,98.308,127.192,127.72,116.508,140.716,135.512,137.188,183.228,199.432,172.128,162.116,153.512,146.196,106.78,102.516,96.54,61.588,72.828,55.292,18.632,19.432,21.752,26.656,20.08,15.396,26.528,25.492,20.288,35.584,31.816,30.656,32.792,28.068,28.572,106.968,81.016,76.036,165.324,168.748,164.192,217.728,218.728,215.456
01:15,55.0,58.2,43.6,66.6,68.7,55.3,58.0,64.5,49.7,75.0,53.7,53.1,76.3,58.0,58.6,77.8,57.9,60.6,25.6,25.6,26.5,20.5,20.6,20.5,20.0,19.5,18.8,50.4,50.6,40.5,38.1,34.7,31.7,45.0,43.8,38.1,100.3,92.4,98.4,97.9,93.9,96.4,94.5,88.4,88.8,59.2,53.6,57.8,73.6,65.6,70.0,62.7,58.6,62.2,180.8,40.5,43.8,188.4,43.4,46.0,170.6,40.9,42.9,61.0,70.5,43.0,54.3,63.0,41.8,57.5,68.1,42.1,70.4,61.4,61.9,59.7,55.2,55.4,63.9,58.2,59.1,66.5,59.0,59.8,54.2,50.6,51.6,59.1,56.1,57.0,73.7,62.9,63.2,63.1,57.7,58.9,66.2,59.1,60.7,70.12,75.992,64.308,71.64,74.832,65.688,71.024,73.48,64.52,75.556,78.78,68.252,77.456,81.172,71.724,86.248,89.38,79.852,91.996,94.128,85.152,88.404,90.768,82.52,76.024,80.748,70.236,73.092,74.864,66.44,68.604,72.14,62.08,67.468,72.272,63.212,58.364,56.452,57.484,57.044,56.964,58.184,57.304,55.78,56.696,53.512,52.82,53.684,51.58,50.348,50.556,52.416,50.732,52.816,52.784,50.648,51.06,52.568,50.908,51.052,50.128,49.344,49.932,52.428,50.424,50.376,56.54,54.404,55.664,60.28,57.56,59.684,70.4,61.4,61.9,70.4,61.4,61.9,68.232,60.332,60.968,63.9,58.2,59.1,61.8,56.7,57.252,59.7,55.2,55.4,59.7,55.2,55.4,59.7,55.2,55.4,61.8,56.7,57.252,63.9,58.2,59.1,70.4,61.4,61.9,70.4,61.4,61.9,129.548,125.296,122.76,128.492,123.032,119.628,123.696,125.756,117.144,114.368,122.28,111.84,94.652,91.132,84.996,92.136,90.98,89.824,98.26,102.62,92.704,98.304,96.568,91.344,92.212,92.232,88.468,103.812,101.08,97.688,121.816,124.128,114.684,137.076,136.864,134.78,190.288,198.436,169.952,163.788,157.24,146.816,104.156,100.428,97.784,63.488,71.268,55.256,18.232,19.332,22.164,28.672,20.968,15.376,26.732,26.028,19.66,37.396,32.26,30.908,33.716,25.368,29.432,102.928,81.344,75.532,164.692,161.132,162.244,213.472,215.16,213.268
01:30,50.5,53.6,41.9,61.6,63.9,53.6,54.1,59.3,47.9,72.1,52.1,51.7,74.1,55.4,56.6,76.6,55.5,59.2,26.2,26.2,26.5,20.7,20.7,20.6,19.4,19.1,18.9,44.1,47.2,37.4,33.2,31.8,29.1,38.9,39.6,34.7,101.0,92.9,99.8,95.8,92.4,94.8,94.3,88.9,89.1,59.4,53.8,57.7,72.3,64.6,69.1,62.4,58.0,61.6,195.6,41.7,45.0,189.4,42.8,45.9,177.6,41.0,43.7,56.1,68.6,42.8,51.3,60.4,41.0,54.1,63.8,41.1,69.1,60.8,61.0,58.0,54.4,54.4,62.4,57.3,58.1,65.4,58.1,59.0,53.3,49.6,50.8,57.9,55.1,56.2,72.0,62.4,61.9,61.2,56.7,57.8,64.8,58.4,60.0,67.952,73.464,63.184,69.828,72.448,64.764,69.38,72.724,63.532,73.252,77.132,66.252,74.756,79.124,69.676,83.228,86.816,77.388,89.168,91.644,82.58,85.508,88.504,80.4,73.148,78.252,68.276,70.636,73.416,64.584,66.86,70.124,61.076,65.432,69.796,61.844,58.196,56.516,57.176,57.036,56.5,57.524,56.712,55.076,56.272,52.964,52.576,53.628,51.24,49.988,50.256,52.392,50.732,52.784,52.492,50.688,50.928,52.188,50.82,50.7,49.992,49.18,49.628,51.732,49.628,50.064,55.628,53.972,54.832,60.036,56.996,59.456,69.1,60.8,61.0,69.1,60.8,61.0,66.868,59.632,60.032,62.4,57.3,58.1,60.2,55.852,56.252,58.0,54.4,54.4,58.0,54.4,54.4,58.0,54.4,54.4,60.2,55.852,56.252,62.4,57.3,58.1,69.1,60.8,61.0,69.1,60.8,61.0,128.832,122.368,123.9,125.52,125.316,115.32,125.008,122.06,117.636,120.132,113.736,118.288,86.724,90.272,86.24,98.52,89.896,91.248,105.572,97.884,92.1,106.616,92.3,90.232,90.74,87.92,86.292,104.652,94.344,95.844,120.52,119.888,113.82,135.152,132.116,134.452,185.668,188.6,167.248,166.52,150.76,143.4,105.264,103.604,97.432,65.252,71.12,57.284,19.06,21.484,22.312,27.192,22.376,15.716,28.712,25.264,20.788,34.492,33.64,30.764,36.268,28.588,30.136,100.616,79.74,78.52,168.32,163.744,160.864,221.4,211.908,208.336
01:45,46.6,49.9,40.8,57.4,59.9,52.4,50.8,54.9,46.6,69.1,50.5,50.5,71.9,53.3,55.1,74.7,53.3,57.9,26.5,26.5,26.5,20.8,20.8,20.8,18.9,18.9,18.9,39.1,44.0,35.2,29.3,29.3,27.4,34.2,36.2,32.3,100.4,92.5,99.8,94.3,91.3,93.7,94.3,89.5,89.5,59.4,54.0,57.6,71.1,63.9,68.4,62.1,57.6,61.2,203.5,42.3,46.3,187.4,42.3,45.3,181.4,41.3,43.3,52.0,67.0,42.7,48.5,57.7,40.4,50.8,60.0,40.4,67.6,60.2,60.2,56.5,53.7,53.7,61.1,56.5,57.4,64.3,57.2,58.4,52.6,49.1,50.2,57.2,54.9,56.1,70.1,61.8,61.0,59.4,56.1,56.9,63.5,57.7,59.4,65.596,70.668,61.2,67.516,69.896,62.872,67.116,70.492,61.904,71.032,74.628,64.624,72.364,76.5,67.96,81.032,84.272,75.784,86.94,89.112,80.76,83.548,85.904,78.604,71.116,76.06,66.704,68.308,70.8,62.976,64.736,67.692,59.428,62.952,67.144,59.928,57.684,56.556,57.312,57.08,57.056,57.924,56.812,54.896,56.316,52.656,52.464,53.372,51.248,49.848,50.12,51.844,50.588,52.536,52.104,50.58,50.728,51.896,50.692,50.652,49.496,48.652,49.728,51.536,49.644,49.9,55.516,53.82,54.828,60.144,56.916,59.636,67.6,60.2,60.2,67.6,60.2,60.2,65.432,58.968,59.268,61.1,56.5,57.4,58.8,55.1,55.552,56.5,53.7,53.7,56.5,53.7,53.7,56.5,53.7,53.7,58.8,55.1,55.552,61.1,56.5,57.4,67.6,60.2,60.2,67.6,60.2,60.2,121.944,123.264,119.976,123.288,122.284,116.064,127.428,114.752,114.172,114.824,117.34,111.04,91.476,83.84,83.428,84.26,89.944,88.244,96.7,99.464,91.568,98.044,96.52,92.004,89.876,86.128,87.484,103.54,92.848,95.268,117.128,121.172,114.184,131.688,133.064,134.976,177.688,187.692,167.52,158.412,143.384,142.704,107.984,107.544,98.992,65.224,70.864,59.84,19.596,21.964,22.716,23.532,21.688,16.392,27.48,25.884,21.264,34.708,33.412,30.932,37.06,30.4,31.128,99.916,82.032,79.796,172.4,164.068,157.764,210.716,206.24,207.776
02:00,43.9,47.3,40.1,54.5,57.0,51.3,48.4,51.7,45.5,66.8,48.7,49.4,70.2,52.0,54.2,72.6,51.2,56.7,26.3,26.3,26.6,20.9,20.9,21.0,18.6,19.2,18.9,36.0,41.0,33.9,27.2,27.4,26.5,31.6,33.8,30.8,98.2,91.0,98.0,94.0,91.1,93.6,94.7,90.3,90.0,59.1,54.0,57.2,70.3,63.7,68.0,61.8,57.4,61.1,203.7,42.0,47.5,184.6,42.0,43.9,182.9,41.9,41.4,49.4,65.1,42.3,46.5,54.8,39.7,48.1,57.0,39.7,66.2,59.5,59.6,55.2,53.2,53.2,60.0,55.8,56.9,63.2,56.7,58.0,52.2,49.1,50.1,57.4,55.7,56.7,68.1,61.0,60.4,57.9,55.6,56.0,62.4,57.0,58.6,64.796,69.832,61.148,66.892,69.652,63.04,66.664,70.12,61.856,70.0,73.304,64.092,71.448,75.52,67.432,79.408,82.4,74.68,85.044,87.26,79.652,82.148,84.296,77.7,69.952,74.676,66.04,67.356,68.696,62.52,64.064,67.08,59.496,62.144,66.3,59.796,57.312,56.276,57.224,57.164,56.312,58.152,56.54,55.192,56.36,52.608,52.396,53.332,50.576,49.504,50.0,51.884,50.48,52.34,52.128,49.996,50.648,51.536,50.344,50.396,49.72,48.26,49.632,51.056,49.644,49.94,55.156,53.796,54.652,59.784,57.052,59.532,66.2,59.5,59.6,66.2,59.5,59.6,64.132,58.268,58.7,60.0,55.8,56.9,57.6,54.5,55.052,55.2,53.2,53.2,55.2,53.2,53.2,55.2,53.2,53.2,57.6,54.5,55.052,60.0,55.8,56.9,66.2,59.5,59.6,66.2,59.5,59.6,122.608,119.696,123.052,120.444,120.464,117.3,129.468,118.744,116.284,115.252,112.508,111.84,93.272,92.22,87.196,91.108,85.216,93.312,97.716,99.3,88.808,94.396,90.68,90.632,85.36,86.556,85.828,103.392,95.68,95.644,119.256,120.48,114.536,130.936,130.652,135.016,176.868,192.452,173.152,163.136,158.796,149.04,112.112,113.852,100.94,66.352,79.232,62.528,18.684,22.06,22.692,24.62,22.38,16.164,30.824,26.152,22.176,37.072,33.784,30.636,38.34,28.924,31.592,101.8,84.784,79.428,160.08,158.388,157.304,203.464,204.66,204.06
02:15,42.3,45.5,39.6,52.6,55.0,50.3,46.8,49.4,44.5,65.1,46.9,48.5,68.9,51.4,53.7,70.4,49.5,55.6,25.8,25.7,26.6,20.9,20.9,21.0,18.5,19.7,18.9,34.4,38.2,33.1,26.4,26.0,26.2,30.6,32.2,29.9,95.1,88.7,95.1,94.3,91.5,94.1,95.0,91.0,90.3,58.6,53.7,56.6,69.8,63.7,67.9,61.6,57.4,61.1,198.9,40.9,49.2,182.2,41.9,44.3,183.1,42.6,40.1,48.1,63.0,41.7,45.2,51.7,39.1,45.9,54.3,39.0,64.8,58.8,59.2,54.2,52.7,52.7,59.1,55.3,56.4,62.3,56.3,57.7,52.0,49.6,50.2,58.0,57.0,57.6,66.2,60.1,59.9,56.8,55.2,55.1,61.4,56.2,57.7,63.572,68.036,60.572,65.844,68.352,62.496,65.912,68.792,61.368,69.032,72.148,63.656,70.336,74.26,66.816,78.296,80.768,73.956,83.892,85.272,78.712,80.78,82.576,76.848,68.872,73.316,65.408,66.432,67.644,62.004,63.056,65.64,58.94,61.068,64.824,59.296,56.908,55.984,57.024,56.756,56.516,57.736,55.86,54.788,56.068,52.352,52.292,53.052,50.34,49.244,50.092,51.42,50.204,52.112,51.596,49.86,50.536,51.24,49.952,50.36,49.528,48.256,49.536,50.584,49.3,49.76,54.908,53.744,54.592,59.216,56.488,58.956,64.8,58.8,59.2,64.8,58.8,59.2,62.9,57.632,58.268,59.1,55.3,56.4,56.652,54.0,54.552,54.2,52.7,52.7,54.2,52.7,52.7,54.2,52.7,52.7,56.652,54.0,54.552,59.1,55.3,56.4,64.8,58.8,59.2,64.8,58.8,59.2,124.296,120.468,120.016,118.324,123.756,117.32,128.704,126.848,117.596,112.836,117.332,111.724,83.508,83.04,88.06,89.076,97.008,88.94,97.992,95.14,92.668,100.632,100.268,92.3,86.792,85.908,86.096,100.676,93.628,95.4,118.576,120.028,115.016,131.16,128.808,133.972,177.112,185.048,169.808,162.98,156.804,150.176,113.908,122.392,100.396,66.644,80.62,62.168,18.856,21.904,23.512,24.216,22.66,16.66,31.892,27.068,22.508,37.148,35.076,30.86,37.976,31.012,32.444,97.224,85.692,80.272,167.232,162.884,158.956,210.056,204.8,204.484
02:30,41.4,44.2,39.4,51.4,53.5,49.2,45.7,47.8,43.8,64.1,45.2,47.9,67.9,51.0,53.4,68.5,48.0,54.7,25.1,25.1,26.6,20.9,20.8,21.0,18.6,20.3,18.9,33.7,35.9,32.6,26.3,25.0,26.2,30.4,31.1,29.5,91.9,86.4,91.9,94.8,92.1,94.7,95.0,91.2,90.2,58.0,53.4,56.1,69.5,63.9,67.7,61.3,57.5,61.2,192.6,39.6,52.2,181.2,42.0,50.0,182.9,43.1,42.8,47.6,60.9,40.9,44.4,48.7,38.5,44.1,52.0,38.5,63.4,58.0,58.8,53.4,52.3,52.3,58.3,54.9,56.0,61.5,56.1,57.5,51.8,50.1,50.3,58.5,58.1,58.3,64.3,59.2,59.6,56.0,54.9,54.3,60.4,55.6,56.9,62.64,66.712,60.1,65.168,67.316,62.14,65.192,67.86,60.976,68.304,71.016,63.308,69.768,73.196,66.58,77.136,79.176,73.256,82.6,83.88,77.92,79.708,81.26,76.096,68.316,72.44,65.104,65.82,66.516,61.592,62.296,64.804,58.64,60.316,63.732,58.908,56.308,55.472,56.724,56.216,56.048,57.572,55.3,55.096,55.864,52.184,51.872,53.088,50.02,49.14,49.852,50.816,49.616,51.84,51.132,49.48,50.46,51.148,49.612,50.196,49.148,47.704,49.472,50.36,49.268,49.84,54.732,53.124,54.88,58.992,55.9,59.064,63.4,58.0,58.8,63.4,58.0,58.8,61.7,56.968,57.868,58.3,54.9,56.0,55.852,53.6,54.152,53.4,52.3,52.3,53.4,52.3,52.3,53.4,52.3,52.3,55.852,53.6,54.152,58.3,54.9,56.0,63.4,58.0,58.8,63.4,58.0,58.8,122.924,113.268,119.048,121.132,119.276,118.136,130.48,116.152,118.432,108.168,115.136,109.428,82.508,86.48,85.168,91.068,94.336,88.94,95.612,102.84,92.8,95.728,95.632,91.676,86.56,84.192,87.7,100.548,92.664,94.668,117.912,117.032,112.424,128.712,127.528,131.76,176.364,184.964,172.356,163.856,153.548,154.46,108.808,117.748,102.58,66.944,77.108,63.364,20.42,23.4,25.136,23.604,22.92,17.248,30.36,29.42,22.912,35.3,35.484,31.728,39.936,33.5,33.556,97.76,84.1,81.48,164.396,162.788,157.508,207.592,201.7,202.54
02:45,40.8,43.3,39.1,50.8,52.4,48.3,44.9,46.6,43.3,63.5,43.9,47.7,67.3,50.5,53.3,67.3,46.7,54.2,24.6,24.6,26.5,20.8,20.8,20.8,18.9,20.8,18.9,33.3,34.2,32.3,26.4,24.5,26.4,30.3,30.3,29.3,89.5,84.7,89.5,95.0,92.5,95.0,94.3,90.7,89.5,57.6,53.1,55.8,69.3,63.9,67.5,61.2,57.6,61.2,188.4,38.3,57.4,182.4,42.3,64.5,183.4,43.3,52.4,47.3,58.9,40.4,43.9,46.2,38.1,42.7,49.7,38.1,62.1,57.4,58.4,52.8,51.9,51.9,57.4,54.7,55.6,60.8,56.1,57.2,51.4,50.2,50.2,58.4,58.4,58.4,62.7,58.5,59.4,55.2,54.4,53.6,59.4,55.2,56.1,61.768,65.452,59.736,64.496,66.592,61.884,64.672,66.676,60.68,67.728,70.124,63.016,69.18,72.372,66.444,76.288,77.928,72.744,81.616,82.568,77.36,79.072,80.06,75.568,67.952,71.352,64.756,65.236,65.62,61.432,61.616,64.124,58.736,59.648,62.78,58.612,57.076,55.832,57.08,56.64,55.94,57.712,55.78,55.452,56.24,52.34,51.828,53.436,49.596,49.144,49.804,50.928,50.084,51.88,51.244,49.44,50.364,51.028,49.612,50.248,49.052,47.784,49.608,50.484,49.276,49.916,55.132,52.884,54.476,59.008,56.092,59.112,62.1,57.4,58.4,62.1,57.4,58.4,60.532,56.5,57.468,57.4,54.7,55.6,55.1,53.3,53.752,52.8,51.9,51.9,52.8,51.9,51.9,52.8,51.9,51.9,55.1,53.3,53.752,57.4,54.7,55.6,62.1,57.4,58.4,62.1,57.4,58.4,126.072,116.252,119.736,121.604,118.772,116.18,126.188,120.556,119.428,110.728,112.084,112.368,84.104,84.92,84.728,96.064,85.324,87.572,94.316,100.608,89.98,96.276,98.36,94.42,84.58,86.812,87.996,100.344,93.788,93.964,121.908,115.268,112.756,128.76,127.092,131.904,178.136,184.244,173.444,158.036,154.764,153.82,104.3,114.46,105.024,68.12,78.388,65.22,20.12,24.708,24.724,26.748,24.052,18.06,31.584,28.58,22.72,34.572,34.084,32.812,38.344,32.504,35.624,98.424,87.936,82.02,165.996,164.8,159.78,204.892,198.172,204.568
03:00,40.3,42.4,38.8,50.3,51.5,47.5,44.4,45.5,43.0,63.4,43.0,47.9,66.9,49.6,53.1,67.0,45.7,54.1,24.4,24.4,26.2,20.8,20.8,20.6,19.5,21.2,19.0,32.7,33.3,31.9,26.3,24.2,26.5,29.8,29.5,29.2,88.6,84.0,88.4,94.3,92.4,94.4,92.7,89.2,88.0,57.5,52.9,55.9,69.0,63.6,67.0,61.1,57.7,61.1,189.1,37.4,65.9,186.5,42.8,89.7,185.2,43.0,71.0,46.9,57.1,40.2,43.4,44.3,38.0,41.6,47.2,38.0,60.7,57.0,57.9,52.3,51.4,51.4,56.6,54.6,55.1,60.1,56.2,57.0,50.7,49.8,49.9,57.5,57.4,57.5,61.2,58.1,59.0,54.5,53.8,53.1,58.1,55.1,55.4,61.592,65.092,60.072,64.524,66.452,62.212,64.364,67.092,61.124,67.656,69.788,63.584,68.992,72.2,66.972,76.012,77.4,72.824,81.312,81.9,77.424,78.388,79.272,75.608,67.704,70.948,64.752,65.168,65.828,61.868,61.824,64.052,59.112,59.468,62.472,58.832,57.232,55.344,57.176,56.656,56.496,58.032,56.216,54.072,56.58,52.864,52.076,53.664,50.396,49.064,50.224,51.1,49.628,52.332,50.74,49.616,50.664,51.608,49.976,50.396,49.412,47.872,50.056,50.932,49.54,50.412,55.004,53.068,55.396,59.808,56.036,59.892,60.7,57.0,57.9,60.7,57.0,57.9,59.332,56.2,56.968,56.6,54.6,55.1,54.452,53.0,53.252,52.3,51.4,51.4,52.3,51.4,51.4,52.3,51.4,51.4,54.452,53.0,53.252,56.6,54.6,55.1,60.7,57.0,57.9,60.7,57.0,57.9,119.38,120.292,119.012,116.444,125.92,118.624,127.464,117.696,120.732,111.716,115.696,114.812,93.436,89.644,85.508,91.532,86.724,90.052,89.636,94.32,92.992,95.772,108.688,89.74,86.78,82.844,84.392,98.236,92.892,94.312,122.696,115.884,114.724,129.968,130.592,132.588,178.236,186.048,175.116,160.008,155.676,153.584,108.528,103.04,104.192,68.6,81.676,69.104,22.224,27.044,24.688,25.86,26.496,19.232,31.168,29.804,23.58,34.048,38.984,33.552,42.348,33.88,36.66,103.8,86.144,83.26,168.836,163.196,164.372,204.096,214.424,206.0
03:15,39.9,41.5,38.6,50.0,50.8,46.9,43.9,44.5,43.0,63.6,42.5,48.7,66.7,48.5,53.2,67.5,44.9,54.6,24.5,24.5,25.8,20.8,20.8,20.4,20.2,21.3,19.1,32.0,33.0,31.5,25.8,24.0,26.6,29.0,28.7,29.1,88.6,84.0,88.3,93.1,91.9,93.3,90.6,87.2,86.1,57.5,52.7,56.2,68.8,63.0,66.4,61.1,57.7,60.9,194.0,36.9,78.5,192.6,43.3,121.1,188.7,42.2,95.9,46.4,55.4,40.2,43.0,42.8,38.1,40.6,44.7,38.1,59.4,56.7,57.4,51.8,50.9,51.0,55.7,54.6,54.5,59.5,56.3,56.7,49.7,48.9,49.2,55.9,55.5,55.9,60.0,57.9,58.7,53.9,53.1,52.7,56.9,55.2,54.9,60.876,64.216,59.752,64.004,65.948,61.988,63.928,66.38,61.052,67.236,69.356,63.36,68.508,71.508,66.512,75.088,76.328,72.504,80.824,80.852,76.972,77.724,78.452,75.216,67.212,69.996,64.66,64.82,65.38,61.78,61.272,63.372,59.072,59.072,61.816,58.52,57.384,55.216,57.5,57.0,55.752,58.408,56.636,54.328,57.128,53.156,51.62,54.488,50.34,48.576,50.784,51.32,49.568,52.544,50.744,49.556,50.82,51.384,49.648,50.812,49.432,47.64,50.164,50.956,49.048,50.872,55.52,53.284,55.776,59.852,55.692,60.252,59.4,56.7,57.4,59.4,56.7,57.4,58.168,56.0,56.432,55.7,54.6,54.5,53.752,52.752,52.752,51.8,50.9,51.0,51.8,50.9,51.0,51.8,50.9,51.0,53.752,52.752,52.752,55.7,54.6,54.5,59.4,56.7,57.4,59.4,56.7,57.4,123.472,118.432,118.74,119.54,119.6,116.888,120.136,115.244,119.76,109.244,121.34,114.208,80.78,85.672,84.608,88.772,82.864,87.756,90.104,91.196,90.512,102.064,95.18,90.56,88.112,84.252,85.608,98.156,96.14,93.6,123.456,117.78,114.98,125.884,129.036,131.86,183.408,188.308,178.604,160.812,166.236,153.86,113.124,102.788,108.328,69.008,80.112,70.624,22.964,28.948,25.508,26.244,31.232,19.796,31.524,35.092,24.768,34.448,41.996,34.124,43.504,38.324,38.192,103.364,87.656,85.616,174.036,168.748,164.336,211.112,204.368,210.364
03:30,39.5,40.7,38.3,49.9,50.2,46.5,43.5,43.8,43.1,64.0,42.2,50.2,66.8,47.5,54.1,68.3,44.3,55.8,24.6,24.6,25.3,20.8,20.9,20.5,20.7,21.2,19.1,31.5,33.1,31.3,25.2,23.9,26.5,28.1,27.9,29.1,88.7,84.0,88.3,91.7,91.2,92.2,88.3,85.1,84.0,57.6,52.5,56.6,68.6,62.5,65.9,61.1,57.7,60.6,201.6,36.9,96.5,199.7,43.9,152.6,193.7,41.3,123.5,45.7,53.8,40.3,42.4,41.6,38.2,39.8,42.4,38.2,58.3,56.6,56.9,51.4,50.5,50.5,55.1,54.7,54.1,59.0,56.3,56.4,48.7,47.8,48.5,54.1,53.3,54.1,59.1,57.8,58.2,53.3,52.5,52.3,55.8,55.3,54.6,60.408,63.344,59.772,63.82,65.312,62.088,63.82,65.704,61.264,67.0,68.896,63.68,67.972,70.464,66.296,74.78,75.68,72.68,80.116,80.048,76.816,77.34,77.604,75.168,66.396,68.884,64.556,64.68,64.688,61.944,60.936,62.668,59.576,58.92,61.112,58.692,57.652,55.564,58.112,56.768,55.812,58.712,56.712,54.596,57.564,53.192,51.6,54.696,50.284,49.032,51.236,51.344,49.936,52.852,51.22,49.868,51.344,51.48,49.92,51.156,49.716,48.38,50.46,51.18,49.236,51.204,55.58,53.964,55.708,59.824,56.436,60.532,58.3,56.6,56.9,58.3,56.6,56.9,57.232,55.968,55.968,55.1,54.7,54.1,53.252,52.6,52.3,51.4,50.5,50.5,51.4,50.5,50.5,51.4,50.5,50.5,53.252,52.6,52.3,55.1,54.7,54.1,58.3,56.6,56.9,58.3,56.6,56.9,125.716,113.448,117.588,119.516,119.908,119.176,121.672,123.284,121.528,114.532,120.732,115.876,80.012,86.892,84.12,84.3,82.044,84.592,92.48,90.94,89.82,95.1,93.6,91.516,84.86,83.732,85.556,96.692,96.068,94.528,121.112,119.696,115.952,128.92,126.432,133.052,179.728,186.704,184.192,161.968,172.58,159.312,114.94,106.864,111.064,73.884,83.608,70.912,22.556,29.86,27.592,27.332,26.576,20.816,33.764,31.164,26.324,37.584,38.076,35.456,46.104,35.54,39.0,104.456,90.012,87.532,177.3,166.068,170.748,200.092,194.5,205.936
03:45,39.1,40.0,38.3,49.9,49.9,46.6,43.3,43.3,43.3,64.5,42.0,52.3,67.3,46.7,56.1,69.1,43.9,57.9,24.6,24.6,24.6,20.8,20.8,20.8,20.8,20.8,18.9,31.3,33.3,31.3,24.5,23.5,26.4,27.4,27.4,29.3,88.3,83.5,87.7,90.7,90.7,91.3,86.5,83.5,82.3,57.6,52.2,56.7,68.4,62.1,65.7,61.2,57.6,60.3,210.6,37.3,120.9,206.5,44.3,178.3,200.5,40.3,150.1,45.0,52.0,40.4,41.6,40.4,38.1,39.3,40.4,38.1,57.4,56.5,56.5,50.9,50.0,50.0,54.7,54.7,53.7,58.4,56.1,56.1,47.9,46.7,47.9,52.6,51.4,52.6,58.5,57.7,57.7,52.8,51.9,51.9,55.2,55.2,54.4,60.116,62.532,59.832,63.584,64.856,62.232,63.824,65.228,61.504,67.012,68.516,64.02,67.724,69.816,66.172,74.5,75.12,72.612,79.508,79.26,76.716,76.768,77.112,74.904,66.072,68.376,64.388,64.712,64.316,62.132,60.944,62.5,59.836,58.656,60.552,58.696,57.732,55.652,58.644,57.316,56.188,59.376,56.472,54.972,58.696,53.772,52.356,55.708,50.424,49.172,52.344,51.94,49.98,54.032,51.976,50.204,52.424,51.98,50.172,52.192,50.296,48.34,51.884,51.288,49.372,52.556,56.352,53.92,56.896,60.72,56.576,61.816,57.4,56.5,56.5,57.4,56.5,56.5,56.5,55.9,55.568,54.7,54.7,53.7,52.8,52.352,51.852,50.9,50.0,50.0,50.9,50.0,50.0,50.9,50.0,50.0,52.8,52.352,51.852,54.7,54.7,53.7,57.4,56.5,56.5,57.4,56.5,56.5,122.064,116.348,119.08,117.74,122.096,117.804,127.264,121.48,122.552,110.48,124.364,117.308,78.136,89.128,87.444,85.852,81.124,85.44,93.764,91.896,91.612,92.944,91.828,90.516,86.028,85.152,85.148,96.892,94.56,94.632,121.276,114.312,114.2,129.408,125.192,130.708,186.268,186.144,188.82,170.104,170.352,165.82,112.976,117.22,114.12,72.792,87.936,75.632,23.44,29.6,30.048,31.284,25.936,21.968,34.324,33.192,26.628,40.112,41.348,36.324,47.852,36.132,39.744,105.88,92.212,89.828,164.388,166.652,165.348,197.108,195.988,207.688
04:00,38.8,39.3,38.4,50.1,49.9,47.1,43.1,43.1,43.4,65.0,41.9,55.1,68.0,46.4,59.4,69.7,43.6,60.9,24.5,24.5,23.9,20.7,20.7,21.6,20.4,20.3,18.5,31.5,33.3,31.6,23.8,22.8,26.3,27.0,27.1,29.9,86.8,82.1,86.1,90.3,90.5,91.0,85.4,82.7,81.1,57.4,51.8,56.5,68.3,62.0,65.8,61.3,57.4,60.0,219.6,38.0,151.7,212.3,44.6,193.7,208.8,39.5,172.6,44.5,50.0,40.3,40.6,39.2,37.7,38.8,38.9,37.8,56.9,56.4,56.3,50.5,49.6,49.6,54.6,54.5,53.6,57.8,55.5,55.7,47.4,46.0,47.4,51.6,50.4,51.7,58.3,57.5,57.1,52.4,51.6,51.5,55.2,54.9,54.5,60.76,62.348,60.864,64.22,64.924,63.38,64.76,65.228,62.884,67.936,69.2,65.684,68.448,69.964,67.768,75.004,75.068,74.112,80.336,79.484,78.148,77.172,76.736,76.052,66.452,68.172,65.592,65.408,64.644,63.588,61.672,62.476,61.324,59.3,60.7,59.916,57.772,55.884,60.168,57.34,56.38,60.7,56.464,55.732,59.504,53.764,52.548,57.112,51.056,50.388,53.368,51.796,50.28,54.456,52.224,50.244,53.096,52.524,50.908,53.408,50.928,49.052,53.176,52.588,49.716,53.944,56.792,54.592,58.516,60.904,56.608,62.904,56.9,56.4,56.3,56.9,56.4,56.3,56.132,55.768,55.4,54.6,54.5,53.6,52.552,52.052,51.6,50.5,49.6,49.6,50.5,49.6,49.6,50.5,49.6,49.6,52.552,52.052,51.6,54.6,54.5,53.6,56.9,56.4,56.3,56.9,56.4,56.3,122.996,121.712,125.888,123.056,123.108,121.944,134.392,121.26,124.092,118.956,123.62,118.636,83.428,92.52,88.072,87.724,91.036,90.54,99.308,98.848,93.112,102.432,95.584,94.204,90.908,86.744,87.98,101.628,93.64,96.268,122.62,116.832,118.908,134.892,129.816,136.464,188.936,189.54,194.712,169.116,173.576,174.58,125.264,115.74,123.088,73.44,91.628,80.48,25.616,32.432,31.74,30.28,27.036,22.744,35.26,33.792,27.592,41.6,42.824,37.784,47.12,37.9,41.908,104.276,92.968,91.808,168.468,170.256,171.328,207.856,197.088,214.444
04:15,38.5,38.8,38.8,50.4,50.0,48.0,43.1,43.1,43.7,65.6,41.8,58.2,69.0,46.5,63.3,70.1,43.5,64.4,24.3,24.3,23.6,20.7,20.7,22.4,19.6,19.6,18.3,31.7,33.1,31.9,23.3,22.3,26.3,26.7,26.8,30.3,85.1,80.6,84.3,90.2,90.4,91.1,85.1,82.7,80.5,57.2,51.6,56.2,68.3,62.0,66.1,61.4,57.3,59.8,228.2,39.0,184.7,217.0,44.8,200.6,217.5,39.0,190.3,44.0,48.0,40.2,39.5,38.0,37.2,38.5,37.8,37.4,56.8,56.5,56.3,50.2,49.4,49.4,54.7,54.3,53.7,57.3,54.9,55.5,47.3,45.6,47.2,51.1,50.3,51.5,58.3,57.3,56.7,52.1,51.6,51.3,55.6,54.7,54.7,60.264,61.64,61.472,64.0,64.32,64.128,64.552,64.964,63.656,67.964,69.264,66.868,68.408,69.716,68.748,74.7,74.372,74.528,80.148,78.796,78.988,77.28,76.592,76.82,66.32,67.788,66.26,65.596,64.172,64.58,61.252,62.064,62.096,59.2,60.032,60.48,59.224,55.768,61.104,57.96,56.664,61.368,57.528,55.46,60.24,54.428,52.496,57.36,51.608,50.06,53.8,51.668,50.028,55.004,52.588,50.296,53.224,52.468,50.416,53.708,51.512,48.824,53.992,52.612,50.064,54.528,57.936,55.052,59.42,61.932,57.152,63.708,56.8,56.5,56.3,56.8,56.5,56.3,56.1,55.768,55.432,54.7,54.3,53.7,52.452,51.852,51.552,50.2,49.4,49.4,50.2,49.4,49.4,50.2,49.4,49.4,52.452,51.852,51.552,54.7,54.3,53.7,56.8,56.5,56.3,56.8,56.5,56.3,123.52,115.5,122.588,127.268,125.848,121.296,127.82,120.164,125.38,120.652,121.332,120.112,88.58,90.188,91.976,95.788,91.136,90.284,96.492,98.304,95.284,96.108,93.42,97.288,90.604,89.52,90.036,99.396,95.64,99.104,129.292,121.196,119.38,130.732,127.04,136.36,182.704,183.7,191.34,165.244,170.052,174.928,131.14,117.868,126.468,79.008,91.008,84.644,27.504,33.524,32.628,32.848,28.716,26.184,35.792,33.424,29.048,44.168,47.352,39.964,49.276,39.324,45.012,107.496,97.08,97.72,173.52,168.756,176.056,203.976,202.72,225.252
04:30,38.3,38.5,39.3,50.7,50.1,49.3,43.1,43.2,44.2,66.3,41.8,61.2,70.0,46.6,67.2,70.5,43.6,68.0,24.3,24.3,24.3,20.7,20.7,22.9,19.0,19.1,18.9,31.5,32.5,31.6,23.5,22.3,26.6,26.3,26.4,30.3,84.2,80.1,83.5,90.1,90.1,91.1,85.1,83.1,80.4,57.1,51.6,56.2,68.3,62.1,66.5,61.6,57.3,59.9,236.0,40.2,214.5,221.0,45.0,202.4,225.2,38.9,203.3,43.8,46.3,40.2,38.6,37.2,36.9,38.3,37.1,37.0,57.0,56.8,56.6,50.0,49.5,49.5,55.1,54.3,54.0,57.1,54.6,55.6,47.5,45.8,47.4,51.1,51.0,51.8,58.7,57.6,56.8,51.9,52.0,51.3,56.2,54.7,55.3,60.388,61.804,62.696,64.116,64.644,65.368,64.788,65.396,65.0,68.632,69.912,68.66,68.788,69.924,70.28,74.364,73.536,75.412,80.116,78.916,80.136,77.428,76.548,78.156,66.416,68.164,67.664,66.052,64.748,66.364,61.768,62.348,63.692,59.432,60.344,61.848,60.328,55.56,63.144,59.152,56.524,63.46,58.508,55.292,62.656,56.08,52.656,60.412,53.012,49.964,56.416,52.856,50.068,56.956,53.5,49.888,55.372,53.656,50.768,55.82,52.684,48.448,56.384,54.896,49.82,56.988,58.624,55.032,61.44,63.152,57.056,65.48,57.0,56.8,56.6,57.0,56.8,56.6,56.368,55.968,55.732,55.1,54.3,54.0,52.552,51.9,51.752,50.0,49.5,49.5,50.0,49.5,49.5,50.0,49.5,49.5,52.552,51.9,51.752,55.1,54.3,54.0,57.0,56.8,56.6,57.0,56.8,56.6,124.948,116.472,121.968,122.264,129.596,123.516,128.148,120.86,123.684,116.46,126.924,119.408,86.98,90.468,92.564,94.828,89.792,95.044,94.228,100.248,99.312,99.924,107.208,97.644,91.416,86.516,91.316,102.332,93.76,102.928,126.492,117.348,120.432,130.88,129.82,135.948,177.744,175.144,187.624,171.216,164.928,170.584,130.892,117.336,122.552,79.6,90.996,84.3,33.676,34.124,33.748,35.772,32.904,30.516,39.112,34.98,32.992,45.652,47.088,42.24,49.504,46.72,46.972,111.092,95.18,101.96,178.224,177.364,176.624,201.616,200.976,217.492
04:45,38.3,38.3,40.0,50.8,49.9,50.8,43.3,43.3,44.9,67.3,42.0,63.5,71.0,46.7,70.1,71.0,43.9,71.0,24.6,24.6,26.5,20.8,20.8,22.7,18.9,18.9,20.8,30.3,31.3,30.3,24.5,23.5,27.4,25.4,25.4,29.3,85.3,81.6,84.7,89.5,89.5,90.7,85.3,83.5,80.4,57.6,52.2,56.7,68.4,62.1,66.6,62.1,57.6,60.3,242.8,41.3,235.8,224.7,45.3,202.5,230.7,39.3,211.6,43.9,45.0,40.4,38.1,37.0,37.0,38.1,37.0,37.0,57.4,57.4,57.4,50.0,50.0,50.0,55.6,54.7,54.7,57.2,54.9,56.1,47.9,46.7,47.9,51.4,52.6,52.6,59.4,58.5,57.7,51.9,52.8,51.9,56.9,55.2,56.1,61.248,62.844,64.884,65.276,66.224,67.804,66.272,66.884,67.912,70.368,71.752,72.02,69.956,70.808,72.864,73.276,72.724,76.18,79.876,78.564,81.236,78.148,77.508,80.216,67.74,69.124,70.668,68.032,66.464,69.908,62.904,63.572,66.088,60.316,61.316,63.888,62.264,56.048,65.38,60.548,56.504,65.62,60.5,55.796,65.036,57.832,52.78,62.848,54.516,49.86,58.28,54.38,49.5,57.948,54.788,49.568,56.636,55.268,50.232,57.572,54.348,48.888,57.908,56.664,49.92,58.62,59.848,55.612,63.584,65.052,57.564,67.58,57.4,57.4,57.4,57.4,57.4,57.4,56.8,56.5,56.5,55.6,54.7,54.7,52.8,52.352,52.352,50.0,50.0,50.0,50.0,50.0,50.0,50.0,50.0,50.0,52.8,52.352,52.352,55.6,54.7,54.7,57.4,57.4,57.4,57.4,57.4,57.4,123.912,114.008,123.932,124.248,125.708,125.112,125.436,118.132,125.208,117.228,120.136,119.488,87.008,92.336,94.004,92.348,86.42,93.168,102.72,94.332,96.004,96.484,98.372,97.296,92.184,86.116,92.14,100.172,96.952,103.36,121.876,117.624,122.472,126.748,128.996,138.508,183.42,173.524,198.812,171.724,172.292,175.844,136.236,115.904,128.832,86.452,98.856,90.132,41.56,39.528,41.104,38.14,34.852,33.936,43.148,40.692,35.64,46.26,51.968,45.16,54.02,47.552,51.28,112.892,96.552,100.908,179.004,175.916,185.044,196.248,206.028,225.048
05:00,38.5,38.3,40.9,50.8,49.5,52.7,43.6,43.3,46.3,68.5,42.6,65.0,71.8,46.6,71.4,71.8,44.5,73.2,25.4,25.4,27.0,21.1,21.2,21.6,19.6,19.1,24.1,28.1,29.7,28.0,26.5,26.1,28.9,24.1,24.1,27.5,89.0,85.9,88.5,88.2,88.5,89.8,85.4,83.7,80.7,58.7,53.4,58.0,68.4,61.8,66.4,62.7,58.2,61.1,248.4,42.3,244.7,228.3,46.0,203.8,233.1,40.4,215.4,44.2,44.4,40.9,38.2,37.5,37.6,37.9,37.2,37.3,58.2,58.5,58.8,50.3,51.2,51.2,56.1,55.5,55.6,58.0,56.1,57.2,48.5,48.5,48.9,52.1,54.9,53.8,60.3,60.4,59.6,52.1,54.1,53.2,57.4,56.7,57.2,61.464,62.936,67.28,65.264,66.464,70.244,66.884,67.608,70.848,71.296,72.972,76.328,70.44,71.668,76.36,74.688,74.076,80.268,81.112,79.432,84.556,79.844,79.22,84.448,69.076,70.44,74.948,68.996,67.4,73.5,63.116,63.908,69.008,60.848,61.844,66.432,64.548,57.636,69.648,63.96,57.916,69.9,62.896,56.356,68.892,61.136,53.984,66.252,56.624,49.804,61.856,55.184,49.32,60.964,56.024,49.484,59.896,57.652,50.976,61.032,56.512,49.188,61.88,58.9,51.16,63.124,63.564,57.408,68.36,67.884,58.552,71.816,58.2,58.5,58.8,58.2,58.5,58.8,57.5,57.5,57.732,56.1,55.5,55.6,53.2,53.352,53.4,50.3,51.2,51.2,50.3,51.2,51.2,50.3,51.2,51.2,53.2,53.352,53.4,56.1,55.5,55.6,58.2,58.5,58.8,58.2,58.5,58.8,126.804,118.352,131.3,118.364,124.112,134.156,128.152,128.672,139.396,119.972,124.32,134.532,83.144,91.196,104.544,90.628,87.38,104.888,106.352,98.592,101.776,93.604,101.164,103.26,94.436,84.388,104.464,102.968,99.272,113.364,127.872,118.728,129.92,134.464,130.616,145.056,191.556,183.44,217.9,175.372,171.404,188.008,137.892,131.396,141.608,90.8,104.044,104.632,40.148,42.384,46.492,40.164,33.444,34.988,45.64,42.44,40.26,50.992,53.26,50.644,60.124,50.808,57.268,118.896,102.504,112.536,188.452,181.656,195.668,209.424,213.572,233.204
05:15,39.1,38.4,43.1,50.9,48.9,55.6,44.2,43.3,48.9,69.9,43.4,66.0,72.4,46.3,71.6,72.5,45.1,74.7,26.5,26.5,27.4,21.6,21.7,20.7,20.7,19.6,27.2,26.4,28.5,26.3,29.5,29.8,31.2,23.4,23.2,26.1,94.1,91.6,94.0,87.0,87.7,89.0,85.8,84.0,81.3,60.2,55.2,59.8,68.3,61.5,65.9,63.3,58.9,62.1,252.5,43.4,244.2,231.5,46.8,206.0,232.9,42.0,216.2,44.7,44.3,41.6,38.7,38.3,38.6,37.7,37.5,37.9,59.2,60.5,60.9,50.9,53.1,52.9,56.6,57.3,57.2,59.3,58.6,59.4,49.3,51.1,50.7,53.1,58.1,55.9,61.3,63.3,62.3,52.6,56.1,55.2,57.9,59.1,59.0,60.768,61.952,68.64,64.756,65.612,71.688,66.488,66.812,72.496,71.7,73.068,78.848,69.796,70.48,77.672,74.632,73.052,81.484,80.516,78.556,85.336,79.696,78.476,86.14,69.12,70.256,77.376,69.112,67.096,75.732,62.776,63.304,70.892,60.588,61.148,67.844,66.308,58.72,72.616,65.604,59.424,73.592,64.644,57.828,72.468,61.948,53.876,68.884,57.132,49.82,63.936,55.668,49.588,63.156,56.576,49.432,61.324,59.06,51.536,63.152,57.932,49.84,64.74,59.976,51.968,65.38,64.236,57.756,70.852,69.192,59.336,74.852,59.2,60.5,60.9,59.2,60.5,60.9,58.332,59.432,59.668,56.6,57.3,57.2,53.752,55.2,55.052,50.9,53.1,52.9,50.9,53.1,52.9,50.9,53.1,52.9,53.752,55.2,55.052,56.6,57.3,57.2,59.2,60.5,60.9,59.2,60.5,60.9,124.36,121.12,137.432,123.96,132.484,136.1,137.072,126.496,143.06,124.412,135.04,136.8,90.288,91.972,102.676,85.908,80.408,95.172,102.264,94.792,99.772,97.364,97.78,106.008,89.856,88.372,106.276,104.472,101.116,114.84,130.552,119.82,131.616,138.536,132.336,146.716,199.104,184.408,211.14,184.712,175.176,189.452,143.048,133.124,148.544,88.052,104.664,105.656,38.92,45.168,47.864,43.32,31.872,34.84,47.188,43.552,40.672,51.908,53.1,57.676,67.068,48.404,60.336,125.104,104.264,116.42,197.864,190.156,200.172,227.144,220.888,238.44
05:30,40.3,38.7,47.7,51.6,48.4,60.5,45.4,43.2,53.7,71.4,44.4,67.1,72.8,46.0,71.2,73.0,45.6,75.7,27.6,27.6,27.9,22.1,22.2,21.2,21.9,20.3,28.1,27.1,29.0,27.1,33.5,34.3,34.6,24.7,24.3,26.8,99.3,97.0,99.5,86.7,88.2,89.2,86.9,84.8,82.5,62.0,57.2,61.9,68.1,61.2,65.3,63.5,59.4,62.8,255.0,44.7,238.7,234.1,48.0,208.6,231.4,44.0,215.7,45.1,44.2,42.3,39.5,39.1,39.6,37.4,37.5,38.6,60.5,63.7,63.8,51.7,56.0,55.3,57.4,60.3,59.8,61.4,62.8,62.7,50.3,54.8,53.4,54.8,62.4,59.2,62.4,67.4,65.9,53.3,59.1,57.8,58.5,62.7,61.8,61.352,62.344,72.156,65.272,66.216,75.28,67.048,67.568,76.04,72.832,74.044,82.88,71.096,71.748,81.88,76.476,74.368,85.884,81.768,79.844,88.272,81.32,79.688,89.524,71.068,71.94,82.628,70.404,68.66,79.844,63.716,64.176,74.944,61.444,61.936,71.276,69.804,59.38,78.06,69.948,60.48,79.428,68.308,58.688,78.212,64.416,54.324,74.252,58.872,49.66,67.972,57.788,50.5,66.788,58.104,49.436,64.936,60.872,51.26,67.548,60.476,50.268,69.408,62.364,52.712,70.664,68.072,59.3,77.108,72.868,60.648,80.952,60.5,63.7,63.8,60.5,63.7,63.8,59.468,62.568,62.468,57.4,60.3,59.8,54.552,58.152,57.552,51.7,56.0,55.3,51.7,56.0,55.3,51.7,56.0,55.3,54.552,58.152,57.552,57.4,60.3,59.8,60.5,63.7,63.8,60.5,63.7,63.8,132.716,122.012,141.076,128.128,128.588,141.656,133.6,129.772,151.864,135.756,131.724,148.012,91.152,90.02,103.2,79.856,67.1,88.312,94.216,93.916,97.292,112.084,100.696,111.472,97.572,91.648,112.052,108.58,105.224,120.1,134.248,126.716,139.128,138.456,136.78,151.772,193.024,194.684,225.096,188.34,178.892,199.14,145.324,130.62,160.32,93.792,111.572,112.268,43.708,43.044,51.08,36.556,31.86,35.224,44.876,43.824,40.22,53.004,56.756,60.688,68.82,53.38,64.38,126.096,105.568,120.98,195.656,190.044,216.704,232.58,222.952,253.016
05:45,42.4,39.1,55.8,53.3,48.3,68.2,47.4,43.3,61.6,72.9,45.8,69.1,72.9,45.8,71.0,72.9,45.8,76.6,28.4,28.4,28.4,22.7,22.7,24.6,22.7,20.8,24.6,32.3,32.3,32.3,38.1,39.1,39.1,29.3,28.4,31.3,102.8,100.4,103.4,88.3,90.7,91.3,88.9,86.5,84.7,63.9,59.4,63.9,67.5,61.2,64.8,63.0,59.4,63.0,255.9,46.3,232.7,235.8,49.4,210.6,229.7,46.3,215.6,45.0,43.9,42.7,40.4,39.3,40.4,37.0,37.0,39.3,62.1,68.5,67.6,52.8,60.2,58.4,58.4,64.8,63.9,64.3,68.9,67.8,51.4,59.6,57.2,57.2,67.8,64.3,63.5,72.5,70.1,54.4,63.5,61.0,59.4,67.6,65.9,63.276,63.316,76.356,67.32,67.512,79.72,68.664,69.248,79.896,74.568,75.16,86.892,73.18,73.068,85.596,78.42,75.36,89.256,83.016,80.612,90.524,81.948,80.04,91.604,73.828,73.844,87.792,72.52,71.108,84.864,66.052,65.652,80.148,63.692,63.188,75.92,72.716,60.024,86.16,72.768,61.336,87.984,70.68,59.252,86.884,66.484,55.128,82.016,60.54,49.66,74.616,59.048,51.204,72.788,59.492,49.4,70.36,62.364,51.472,72.924,63.024,51.312,76.608,65.076,53.596,77.292,71.292,60.86,84.936,74.776,61.528,88.188,62.1,68.5,67.6,62.1,68.5,67.6,60.868,67.268,66.368,58.4,64.8,63.9,55.6,62.5,61.152,52.8,60.2,58.4,52.8,60.2,58.4,52.8,60.2,58.4,55.6,62.5,61.152,58.4,64.8,63.9,62.1,68.5,67.6,62.1,68.5,67.6,132.208,125.332,146.936,134.144,136.348,147.044,147.02,134.244,158.748,130.372,133.252,147.276,79.96,74.264,100.332,62.416,54.392,81.752,88.7,80.868,91.6,103.156,100.736,112.016,96.624,93.72,121.144,107.776,106.28,124.112,137.492,130.524,144.62,141.708,142.272,158.952,202.74,198.776,227.412,195.448,178.304,207.084,145.204,132.748,166.44,103.884,115.976,121.064,40.648,43.444,51.38,34.292,26.512,31.152,42.616,42.28,42.976,57.956,60.888,67.36,69.0,60.26,70.04,122.532,112.908,130.824,204.524,204.596,210.756,219.436,219.032,255.256
06:00,45.6,39.7,68.0,56.2,48.7,79.2,50.5,43.5,72.9,74.4,47.4,72.5,73.0,45.9,71.5,72.2,45.6,77.7,28.7,28.8,31.5,23.3,23.1,31.9,22.9,21.1,27.9,42.9,38.9,43.0,43.3,43.7,44.8,38.0,36.2,40.6,103.7,100.7,104.7,92.2,95.8,95.9,92.1,89.2,87.9,65.9,61.5,65.6,66.9,61.6,64.6,61.9,58.7,62.5,255.1,48.5,229.8,236.2,51.0,211.5,228.7,48.8,217.2,44.6,43.2,42.9,41.3,38.6,40.8,36.4,35.7,39.8,64.1,75.3,72.5,54.4,65.8,62.2,59.9,71.3,69.8,68.2,77.5,74.8,53.1,65.8,62.8,60.8,74.7,71.5,64.5,78.9,74.8,56.0,69.3,64.8,60.7,73.9,71.7,67.224,65.916,83.884,71.412,70.336,87.508,71.8,70.904,87.004,78.368,77.3,94.456,78.396,76.832,94.072,83.504,79.388,97.412,88.228,84.312,97.66,86.224,82.96,97.876,79.896,77.94,98.272,76.808,75.616,93.384,71.536,69.652,89.388,68.008,66.732,84.368,75.524,61.316,96.06,74.46,62.432,98.044,73.084,60.468,96.676,68.04,56.48,90.16,61.892,50.516,81.18,60.972,52.436,79.928,61.18,50.352,76.56,63.216,51.376,79.184,64.912,52.524,84.584,67.484,54.94,86.476,73.516,62.932,95.524,77.136,62.792,96.364,64.1,75.3,72.5,64.1,75.3,72.5,62.7,73.968,71.6,59.9,71.3,69.8,57.152,68.552,66.0,54.4,65.8,62.2,54.4,65.8,62.2,54.4,65.8,62.2,57.152,68.552,66.0,59.9,71.3,69.8,64.1,75.3,72.5,64.1,75.3,72.5,132.404,124.748,157.052,135.78,125.996,157.6,142.256,135.812,166.384,130.992,127.148,156.632,71.532,69.396,92.348,58.28,46.156,76.624,74.624,70.688,84.808,99.78,95.716,120.412,99.324,97.424,131.88,111.032,104.98,135.364,138.18,132.752,159.716,142.36,139.88,168.692,222.132,206.664,235.876,214.924,193.524,218.768,162.2,147.632,183.32,124.996,123.976,132.428,43.048,38.596,48.452,35.604,24.172,30.808,50.52,41.072,40.7,64.224,65.192,70.5,79.084,64.068,80.26,137.648,122.304,145.288,228.24,222.732,238.104,245.704,232.088,265.044
06:15,49.9,40.4,82.8,60.4,49.8,92.0,54.9,44.3,86.3,76.8,49.0,77.1,73.9,46.3,73.1,72.2,45.3,79.3,28.7,28.8,32.5,23.8,23.3,43.9,22.7,21.2,28.6,56.2,47.3,56.9,48.1,47.4,50.9,48.5,45.7,52.3,102.6,98.8,104.0,97.3,102.0,101.6,95.7,92.4,91.6,69.3,63.3,67.8,67.7,62.5,65.4,62.0,57.7,62.2,253.2,51.0,229.8,235.8,52.7,211.5,228.4,51.2,220.0,44.0,42.5,43.0,42.3,37.7,41.0,36.3,34.5,40.4,67.4,84.1,79.0,57.2,73.2,67.4,62.9,79.8,77.6,74.7,89.2,84.9,57.1,75.1,71.2,67.0,84.4,81.9,66.2,86.5,80.4,58.4,76.3,69.4,63.2,81.5,78.9,70.528,68.384,90.436,74.784,73.296,94.284,75.24,73.336,93.064,81.348,79.34,99.784,81.652,79.196,100.08,86.528,81.276,102.88,91.064,85.92,101.716,87.6,83.668,100.968,83.348,80.196,104.872,80.048,78.812,100.012,75.612,72.808,96.768,71.58,69.616,90.78,76.46,61.284,103.336,75.56,63.22,105.76,74.324,60.636,103.504,68.5,56.284,96.508,63.2,50.504,86.36,61.9,52.816,84.884,61.48,50.528,81.408,63.804,51.56,84.14,65.148,52.268,91.656,69.344,55.464,94.032,73.94,63.732,103.932,77.74,63.7,104.388,67.4,84.1,79.0,67.4,84.1,79.0,65.9,82.668,78.532,62.9,79.8,77.6,60.052,76.5,72.5,57.2,73.2,67.4,57.2,73.2,67.4,57.2,73.2,67.4,60.052,76.5,72.5,62.9,79.8,77.6,67.4,84.1,79.0,67.4,84.1,79.0,136.928,122.02,165.42,140.104,131.648,164.34,140.628,132.02,180.424,126.944,130.5,162.12,58.32,64.836,87.988,52.092,43.176,72.02,71.576,61.024,76.408,91.896,97.724,117.984,100.3,99.1,141.868,110.168,109.04,140.86,144.124,134.912,168.144,146.584,142.584,177.8,220.688,217.364,247.368,223.088,205.964,228.384,160.208,159.516,192.48,125.848,132.66,138.792,38.252,38.664,48.312,32.192,26.212,33.0,43.088,37.848,41.608,70.032,66.1,70.752,83.76,75.264,88.504,144.02,131.08,149.104,225.396,224.5,249.552,251.424,245.132,291.136
06:30,55.3,41.3,98.0,65.8,51.9,104.7,60.7,46.0,100.1,81.0,50.4,82.9,77.0,47.2,75.9,74.4,45.2,81.9,28.5,28.6,35.3,24.2,23.2,60.8,22.5,21.1,30.8,68.5,54.9,70.4,51.6,49.4,56.1,58.3,54.1,63.3,100.7,96.2,102.4,102.2,107.6,106.9,99.0,95.4,95.2,75.6,64.8,71.4,71.8,63.8,67.9,65.2,57.2,63.2,250.5,53.4,231.4,234.8,54.2,211.1,228.8,53.2,223.1,44.0,42.6,43.6,43.9,37.7,41.5,37.0,34.6,41.2,72.9,94.8,87.7,62.2,82.6,74.8,68.8,90.6,87.6,85.3,104.8,98.9,66.0,89.1,84.0,77.3,98.3,96.3,69.1,95.1,87.2,62.2,84.4,75.2,67.7,90.4,87.5,74.328,70.9,95.264,79.372,76.696,99.416,79.336,76.104,96.288,85.288,82.888,103.1,86.048,82.72,103.836,90.608,84.628,107.056,94.796,89.276,104.836,91.2,86.476,103.348,87.252,82.88,109.304,84.296,82.496,104.596,80.512,76.068,102.52,75.252,72.464,95.96,77.868,62.732,114.568,76.62,64.0,118.192,74.376,61.628,114.064,69.868,56.56,106.5,64.788,51.948,95.712,64.0,53.972,92.652,63.196,50.608,89.68,64.192,52.02,92.056,66.008,52.528,100.564,70.04,57.024,104.78,74.996,65.756,115.404,79.48,64.5,114.5,72.9,94.8,87.7,72.9,94.8,87.7,71.532,93.4,87.668,68.8,90.6,87.6,65.5,86.6,81.2,62.2,82.6,74.8,62.2,82.6,74.8,62.2,82.6,74.8,65.5,86.6,81.2,68.8,90.6,87.6,72.9,94.8,87.7,72.9,94.8,87.7,139.744,129.032,168.504,142.52,139.568,170.76,146.676,145.22,174.776,127.248,133.592,154.22,49.876,60.848,80.552,52.876,37.64,73.196,73.44,54.272,77.352,84.08,94.344,110.508,107.848,104.276,146.656,117.784,110.384,150.48,143.952,143.392,172.788,148.488,145.808,182.488,217.016,222.644,260.428,216.372,227.188,238.216,163.82,171.904,200.132,115.14,138.204,137.252,33.456,38.088,46.32,29.524,31.92,33.82,36.588,39.008,36.584,64.132,68.012,71.684,87.392,83.952,97.96,147.168,144.544,158.252,240.692,248.2,257.68,249.996,264.356,301.548
06:45,61.6,42.4,111.5,72.4,54.9,115.7,68.2,49.1,112.4,87.8,51.4,89.7,83.2,48.6,80.4,80.4,45.8,86.0,28.4,28.4,36.0,24.6,22.7,83.3,22.7,20.8,32.2,76.3,59.7,80.2,52.8,48.9,59.7,64.6,58.7,70.4,99.2,94.3,101.0,105.2,110.7,110.1,101.0,97.4,98.0,86.4,65.7,77.4,81.0,65.7,72.9,73.8,57.6,66.6,247.9,55.4,233.8,233.8,55.4,210.6,229.7,54.4,225.7,45.0,43.9,45.0,46.2,39.3,42.7,39.3,37.0,42.7,81.5,107.4,99.1,70.4,94.5,85.2,78.7,103.7,100.0,101.6,125.0,118.0,81.8,109.8,102.8,93.5,118.0,115.7,74.2,104.7,95.6,67.6,93.2,82.4,75.0,100.6,97.3,77.908,73.272,98.292,83.116,79.804,102.448,83.956,79.532,98.196,91.272,87.192,105.724,91.736,87.088,107.048,95.516,87.812,109.7,99.0,92.496,107.544,95.504,89.784,105.084,91.524,86.16,111.316,89.484,86.904,108.36,85.02,79.624,105.776,78.864,75.596,99.768,80.288,63.52,129.636,79.92,65.256,133.78,76.064,61.24,128.504,70.86,57.268,118.74,66.164,52.924,106.46,65.192,56.064,103.304,64.74,51.552,99.188,65.464,52.496,102.172,67.108,53.312,111.844,72.688,58.48,119.672,78.452,67.552,131.368,82.028,65.324,127.448,81.5,107.4,99.1,81.5,107.4,99.1,80.568,106.168,99.4,78.7,103.7,100.0,74.552,99.1,92.6,70.4,94.5,85.2,70.4,94.5,85.2,70.4,94.5,85.2,74.552,99.1,92.6,78.7,103.7,100.0,81.5,107.4,99.1,81.5,107.4,99.1,141.788,129.44,168.648,145.948,139.904,166.552,132.04,137.408,166.268,118.768,119.856,141.892,46.356,46.432,67.172,46.092,34.104,67.236,58.184,47.8,63.716,76.54,76.764,93.4,107.264,104.628,141.952,126.42,119.72,149.628,149.596,139.356,174.144,154.564,146.476,181.128,226.408,218.236,257.524,222.416,231.488,246.396,170.352,175.18,199.356,113.044,126.564,133.464,32.032,32.064,44.504,24.636,23.952,34.248,33.996,35.564,35.916,61.648,58.488,72.86,93.808,86.312,103.5,151.352,140.628,174.536,231.852,243.812,262.02,258.356,258.748,304.988
07:00,68.9,44.0,121.6,80.0,59.2,123.5,77.5,53.9,121.8,98.0,51.8,97.6,93.3,50.5,86.6,91.0,47.2,91.9,28.5,28.2,90.3,24.9,21.9,111.4,23.8,20.4,74.1,77.0,59.9,84.0,51.2,45.6,60.8,65.4,57.7,71.5,99.1,94.4,100.8,105.5,110.0,110.1,101.3,97.9,99.6,102.5,66.0,86.4,96.3,68.0,80.9,88.9,59.4,73.2,245.4,56.8,235.7,232.6,56.2,210.3,230.9,54.8,227.0,47.5,46.9,47.7,49.5,43.2,45.0,43.3,42.3,45.0,93.9,121.9,113.6,82.4,108.8,98.9,93.4,119.3,114.8,124.9,150.1,142.5,105.9,137.8,128.1,116.4,144.0,140.3,81.9,115.2,105.8,75.1,102.5,91.3,85.7,111.8,108.0,84.06,78.096,100.168,89.636,85.588,103.452,90.508,85.392,98.964,99.38,94.112,107.728,99.556,94.248,109.472,102.596,93.792,112.012,106.068,98.428,110.732,102.004,96.06,107.192,98.492,92.08,111.804,96.036,93.24,110.316,92.252,85.308,107.788,85.048,81.276,102.664,82.4,64.788,152.06,82.032,65.704,157.608,78.764,61.416,148.048,73.404,58.284,134.352,68.212,54.108,121.2,68.256,58.116,117.84,67.1,52.984,111.844,67.588,53.06,115.54,68.672,54.112,127.376,75.912,59.492,138.18,81.188,70.384,152.352,84.596,66.428,146.72,93.9,121.9,113.6,93.9,121.9,113.6,93.732,121.032,114.0,93.4,119.3,114.8,87.9,114.052,106.852,82.4,108.8,98.9,82.4,108.8,98.9,82.4,108.8,98.9,87.9,114.052,106.852,93.4,119.3,114.8,93.9,121.9,113.6,93.9,121.9,113.6,147.568,127.52,169.324,148.624,138.476,167.54,131.776,116.456,151.932,115.964,115.388,128.288,42.448,48.372,60.788,47.26,34.592,60.188,62.036,48.216,59.776,74.312,74.216,81.492,106.0,97.572,132.996,134.756,126.296,151.868,158.244,142.744,173.568,156.408,152.424,184.22,233.812,214.252,262.692,236.836,231.676,248.464,168.092,165.624,189.232,119.052,120.872,121.284,33.504,26.704,42.076,19.88,24.8,34.62,35.08,28.88,34.716,62.44,62.604,68.612,100.228,86.008,105.896,163.608,153.564,179.832,242.696,239.164,266.876,263.62,263.664,306.284
07:15,77.1,46.6,128.5,88.5,64.9,128.6,87.9,60.4,128.5,110.7,51.7,107.3,106.2,52.6,95.1,105.2,49.1,100.4,29.1,28.1,164.8,25.2,20.8,143.9,25.9,19.8,131.7,72.9,56.6,83.3,48.2,40.6,60.4,62.5,52.5,68.5,100.8,95.7,102.1,104.6,106.9,108.4,101.1,97.6,100.9,121.9,65.7,98.4,115.4,70.4,91.6,108.6,62.0,83.3,242.0,57.6,237.1,230.4,56.5,210.3,230.9,54.4,226.9,51.1,51.1,51.7,53.4,49.1,48.3,48.5,49.8,48.1,109.4,137.8,130.5,97.4,124.7,114.9,111.6,136.3,131.3,153.4,178.5,170.9,135.6,169.2,156.9,144.2,173.6,168.1,91.7,126.5,117.4,84.4,112.3,101.6,98.7,123.7,119.3,89.36,81.908,100.964,95.732,90.804,103.376,96.988,91.028,98.544,106.508,100.876,107.656,106.372,100.704,109.712,109.532,99.252,112.744,112.544,104.536,112.652,108.34,101.664,108.488,105.368,98.412,110.76,101.324,98.98,110.38,98.52,90.408,107.004,90.644,85.884,104.176,84.876,65.116,168.536,83.796,66.46,173.704,79.74,61.632,163.104,74.692,57.972,148.588,70.028,55.064,134.912,69.42,59.772,130.1,67.996,52.82,123.0,69.068,54.112,126.28,69.696,53.724,140.66,78.636,59.176,151.956,82.608,71.412,169.2,86.068,67.876,161.728,109.4,137.8,130.5,109.4,137.8,130.5,110.132,137.3,130.768,111.6,136.3,131.3,104.5,130.5,123.1,97.4,124.7,114.9,97.4,124.7,114.9,97.4,124.7,114.9,104.5,130.5,123.1,111.6,136.3,131.3,109.4,137.8,130.5,109.4,137.8,130.5,155.588,134.704,169.396,150.936,143.968,164.348,126.316,105.764,133.576,107.536,105.5,111.636,44.872,43.196,55.124,45.184,38.56,53.02,60.412,39.86,57.46,63.628,67.016,74.556,99.236,85.912,116.616,139.208,125.292,150.968,166.42,152.492,172.724,164.484,153.684,186.456,247.28,222.46,268.228,242.492,233.392,250.396,168.976,148.98,169.968,125.352,123.984,109.316,30.68,31.48,38.196,23.68,21.312,33.556,38.46,28.492,31.44,64.268,52.412,65.16,102.268,83.536,101.248,201.192,163.504,190.248,272.68,251.94,272.488,279.628,263.76,318.46
07:30,86.1,51.1,132.7,97.4,72.3,132.0,98.6,68.8,132.9,124.8,51.2,119.9,120.5,54.3,106.3,121.2,51.0,111.9,30.2,28.2,246.8,25.7,19.8,179.2,29.3,19.3,195.3,67.3,51.7,80.8,45.5,35.6,59.9,58.1,45.5,64.2,104.4,97.6,105.3,104.6,103.1,107.1,102.3,97.3,102.8,142.0,65.0,113.2,135.3,72.2,104.4,129.7,64.6,96.7,236.2,57.8,237.9,225.9,56.6,210.4,228.0,53.5,225.8,55.5,55.7,57.0,57.5,56.1,52.6,54.0,58.0,52.0,126.9,155.0,148.9,114.2,141.0,131.8,131.4,153.8,148.6,185.3,208.2,200.8,167.0,198.9,185.2,174.4,203.1,196.6,103.1,138.4,129.8,95.2,122.6,112.8,112.9,135.8,131.0,95.788,87.228,100.312,102.356,98.716,101.676,104.016,97.652,97.72,114.112,108.632,106.468,113.844,108.464,108.884,116.404,106.428,111.708,119.056,111.792,113.516,114.724,109.204,108.5,113.3,106.472,108.76,107.68,106.064,108.36,105.5,97.72,104.484,96.804,92.428,103.796,87.632,65.452,187.068,87.292,65.728,189.536,82.624,61.48,177.824,77.632,59.656,163.904,72.812,55.536,149.092,72.152,61.388,144.168,70.72,54.064,134.864,72.08,53.9,138.664,70.9,53.296,154.08,80.216,59.132,167.604,85.4,71.66,186.34,89.28,67.96,179.592,126.9,155.0,148.9,126.9,155.0,148.9,128.4,154.6,148.8,131.4,153.8,148.6,122.8,147.4,140.2,114.2,141.0,131.8,114.2,141.0,131.8,114.2,141.0,131.8,122.8,147.4,140.2,131.4,153.8,148.6,126.9,155.0,148.9,126.9,155.0,148.9,166.952,140.8,166.744,161.72,148.988,159.436,113.208,103.948,114.94,107.988,98.04,95.324,46.276,43.588,49.524,39.708,34.66,50.412,59.08,37.908,50.384,77.828,54.748,62.7,94.536,87.948,100.696,147.68,125.732,152.628,174.228,156.724,168.156,172.58,168.512,183.528,267.772,242.212,272.16,262.64,238.92,234.496,159.18,145.544,153.324,119.068,117.04,88.396,29.832,28.072,36.152,24.704,22.832,27.896,35.636,23.228,32.636,57.42,51.18,60.22,98.036,76.508,93.104,202.78,167.788,187.144,283.624,273.472,263.552,291.2,276.82,311.82
07:45,95.7,58.3,134.8,106.5,81.6,134.8,109.0,79.1,135.7,139.2,50.5,136.4,134.5,55.1,120.5,137.4,52.3,127.1,32.2,28.4,323.7,26.5,18.9,215.8,34.1,18.9,255.5,63.6,47.0,79.2,45.0,32.3,60.6,54.8,39.1,61.6,110.1,99.2,110.7,107.7,100.4,108.3,106.4,98.0,106.4,160.2,63.9,130.5,153.0,72.9,118.8,149.4,66.6,113.4,226.7,57.4,237.8,217.6,56.4,210.6,220.7,52.4,223.7,60.0,60.0,63.5,61.2,63.5,57.7,58.9,65.8,56.6,145.4,173.2,167.7,131.5,156.5,148.2,151.0,170.4,165.8,218.5,237.2,230.2,196.3,222.0,209.1,204.5,229.0,223.1,115.4,150.9,142.6,107.2,133.5,124.5,127.0,147.6,142.6,101.964,93.512,98.52,109.22,106.64,99.732,110.16,104.808,95.972,120.464,116.84,104.244,119.748,115.884,106.78,122.132,112.668,109.584,124.764,118.46,112.892,119.888,116.544,106.776,120.024,114.524,106.092,113.076,113.696,105.988,113.044,105.948,101.708,103.016,99.568,102.632,92.732,65.296,208.272,90.98,65.468,208.112,86.944,62.772,195.368,82.524,60.752,180.144,78.1,56.412,165.048,77.116,64.528,159.584,75.764,55.072,148.584,77.28,54.8,154.204,74.628,54.416,168.928,85.076,59.664,181.776,88.236,73.408,204.22,93.672,68.612,197.22,145.4,173.2,167.7,145.4,173.2,167.7,147.268,172.268,167.068,151.0,170.4,165.8,141.252,163.452,157.0,131.5,156.5,148.2,131.5,156.5,148.2,131.5,156.5,148.2,141.252,163.452,157.0,151.0,170.4,165.8,145.4,173.2,167.7,145.4,173.2,167.7,182.18,146.404,175.228,153.504,147.88,155.176,112.316,91.68,106.868,106.216,85.612,84.396,46.588,42.596,51.784,45.784,30.32,49.4,57.504,41.18,50.028,73.168,46.256,58.624,85.672,81.572,87.58,145.212,122.968,142.784,175.164,148.248,158.804,179.856,178.028,189.32,295.296,250.552,280.708,268.54,238.108,238.048,149.38,134.888,140.64,127.42,107.416,86.18,24.04,26.252,32.432,24.304,22.068,25.984,29.38,29.616,31.892,59.232,38.816,56.484,88.076,75.932,84.888,217.508,172.8,197.72,271.836,280.072,259.008,322.984,308.324,331.592
08:00,105.8,68.6,135.4,115.6,92.9,137.8,118.4,91.1,137.2,153.0,49.6,157.1,147.2,54.8,137.8,152.1,52.8,145.9,35.0,28.8,385.2,27.7,18.5,251.9,40.3,18.8,304.6,64.5,44.0,80.5,48.0,31.9,63.6,54.5,35.3,62.9,117.7,99.7,118.2,115.0,100.2,113.3,114.6,100.1,112.4,174.4,62.5,149.7,165.9,72.2,133.9,165.2,67.3,132.9,212.7,56.6,236.9,204.9,56.2,210.8,207.9,51.3,220.8,64.5,63.8,71.1,64.3,70.9,63.6,62.6,72.3,61.8,163.8,191.7,185.8,148.2,170.1,162.6,168.6,185.3,181.9,250.4,263.0,256.4,220.0,234.3,225.3,231.5,248.0,245.1,128.1,163.6,155.2,119.9,144.9,136.1,139.9,158.5,153.7,107.348,99.38,95.904,115.672,114.256,97.264,115.292,112.348,93.82,126.832,125.412,102.544,125.924,124.208,105.096,128.292,120.196,108.212,130.872,126.32,112.08,126.012,124.212,105.484,126.444,123.32,103.892,119.48,122.076,103.712,119.208,113.908,99.048,107.94,106.084,100.176,98.212,65.932,227.444,94.724,66.224,226.708,92.928,64.1,213.488,87.604,61.896,196.496,84.108,57.716,181.552,83.06,67.844,175.332,81.608,57.256,163.748,81.94,56.384,170.208,79.976,55.936,185.308,89.804,60.48,197.744,94.016,76.504,222.66,97.98,69.508,214.7,163.8,191.7,185.8,163.8,191.7,185.8,165.4,189.568,184.5,168.6,185.3,181.9,158.4,177.7,172.252,148.2,170.1,162.6,148.2,170.1,162.6,148.2,170.1,162.6,158.4,177.7,172.252,168.6,185.3,181.9,163.8,191.7,185.8,163.8,191.7,185.8,184.016,155.82,181.06,157.3,144.28,143.308,108.176,95.044,96.06,105.684,87.536,79.32,45.62,54.712,46.7,47.716,31.788,45.24,58.18,45.12,49.2,78.764,58.708,56.376,80.932,79.7,79.4,143.748,121.584,135.7,169.844,148.888,151.848,189.488,184.172,191.464,301.568,274.232,280.688,256.416,243.484,219.476,152.356,122.796,126.516,120.02,101.476,72.196,27.416,34.5,31.904,28.06,22.288,23.812,30.992,26.78,28.848,58.664,43.48,48.24,74.62,74.44,70.196,207.344,162.56,188.908,277.448,264.228,242.876,332.572,323.9,328.352
08:15,115.8,81.3,134.8,124.4,105.6,140.7,126.7,104.3,137.7,165.4,49.0,179.5,157.8,53.9,156.3,164.9,52.9,166.2,38.4,29.3,430.7,29.4,18.4,285.0,47.2,18.7,341.8,69.5,43.7,84.6,54.2,34.4,68.8,57.3,34.7,67.7,126.1,99.6,126.7,125.0,101.8,120.8,124.9,102.9,119.5,185.0,61.1,169.1,174.7,70.5,148.8,177.2,67.0,153.2,196.2,55.7,235.4,189.4,55.9,210.8,191.8,50.4,217.7,68.6,68.3,79.2,67.2,78.3,69.6,65.6,78.7,67.5,181.0,208.6,201.7,162.8,180.5,173.9,183.2,197.0,195.1,276.9,282.1,276.3,235.9,236.2,232.6,252.2,258.5,259.7,141.0,175.8,167.0,132.7,155.5,146.7,151.3,168.0,163.5,113.268,106.04,95.392,120.996,121.568,96.444,120.496,119.276,92.716,132.336,133.704,101.272,130.572,131.564,103.58,134.372,127.696,107.608,136.264,134.448,112.44,131.74,131.812,105.648,131.888,131.572,102.52,125.416,130.088,102.868,124.672,121.904,97.196,113.496,113.544,99.432,101.156,65.576,235.204,99.088,66.508,233.592,95.548,64.02,222.776,90.524,61.748,205.364,88.9,59.36,191.136,85.104,68.848,182.952,84.888,56.92,170.888,84.316,57.544,177.484,84.008,56.708,193.6,92.156,60.72,204.296,98.152,76.708,232.556,101.376,69.64,223.656,181.0,208.6,201.7,181.0,208.6,201.7,181.732,204.732,199.5,183.2,197.0,195.1,173.0,188.752,184.5,162.8,180.5,173.9,162.8,180.5,173.9,162.8,180.5,173.9,173.0,188.752,184.5,183.2,197.0,195.1,181.0,208.6,201.7,181.0,208.6,201.7,186.368,168.444,176.688,146.992,134.744,129.68,99.388,86.248,86.268,104.604,84.276,68.68,48.204,45.52,40.256,48.492,35.556,41.636,50.384,46.38,42.768,77.724,57.056,50.872,66.468,81.452,70.212,144.212,117.028,121.828,159.076,140.924,140.548,207.32,190.756,190.516,300.44,283.68,283.848,243.296,239.92,200.764,145.856,112.428,113.316,112.104,91.444,71.02,28.332,26.996,29.184,27.988,18.916,23.472,29.192,27.348,29.352,59.268,43.1,42.456,65.948,80.264,60.384,213.84,163.984,174.456,274.096,252.392,238.328,341.7,339.004,322.888
08:30,124.9,95.2,133.1,132.8,119.0,143.2,133.8,118.0,137.7,175.9,48.8,200.5,166.2,53.2,173.4,175.1,53.1,185.2,42.0,29.9,462.0,31.5,18.5,312.3,53.6,18.8,368.0,77.4,46.7,90.6,62.6,39.6,75.7,63.1,37.5,75.1,133.9,99.2,134.7,134.9,104.0,128.9,134.7,105.4,126.3,193.2,59.7,186.8,180.5,68.4,162.2,185.8,66.0,171.8,180.2,54.8,233.6,173.1,55.6,210.4,175.3,50.1,214.8,72.1,75.4,86.9,70.2,86.1,75.2,68.7,86.4,73.1,195.6,221.4,213.6,173.8,186.6,180.6,193.7,204.6,203.4,293.5,290.8,286.3,241.9,229.0,230.9,262.7,259.2,264.2,154.1,186.7,177.3,144.4,164.0,155.0,161.4,175.6,170.8,116.716,110.844,92.952,123.808,126.424,93.992,122.78,124.008,90.44,135.436,139.756,99.328,134.692,137.236,101.744,137.824,134.068,106.48,140.788,140.964,112.348,135.516,138.46,105.088,135.9,138.356,101.448,129.324,135.732,101.12,127.7,127.184,94.264,116.944,119.356,97.184,104.916,65.608,242.528,103.82,66.796,239.764,101.072,64.296,230.068,96.28,62.632,212.604,92.576,60.536,197.636,91.488,69.964,189.772,89.668,57.96,176.604,89.384,57.668,184.264,88.628,57.696,198.48,96.464,61.504,209.24,101.608,77.352,239.856,104.752,68.82,230.028,195.6,221.4,213.6,195.6,221.4,213.6,194.968,215.8,210.2,193.7,204.6,203.4,183.752,195.6,192.0,173.8,186.6,180.6,173.8,186.6,180.6,173.8,186.6,180.6,183.752,195.6,192.0,193.7,204.6,203.4,195.6,221.4,213.6,195.6,221.4,213.6,195.256,169.34,172.004,125.88,131.364,117.712,90.048,81.848,74.62,97.732,79.572,63.02,40.768,44.736,36.82,46.636,43.128,39.268,49.012,39.556,37.208,80.084,54.8,48.412,64.056,85.136,61.54,135.996,105.64,111.896,149.072,137.576,132.712,212.504,201.592,188.428,298.204,276.292,266.724,211.876,210.316,172.424,129.016,104.704,98.464,105.876,81.932,58.028,32.156,23.512,23.476,32.148,14.824,21.872,24.356,23.42,26.188,55.712,64.452,41.756,60.352,62.68,48.668,193.008,153.78,146.052,271.216,230.728,211.844,344.336,338.628,318.0
08:45,132.3,109.0,130.7,140.7,132.3,144.8,139.8,131.5,137.3,184.1,49.5,216.8,171.9,53.3,186.9,182.2,54.2,200.0,45.4,30.3,480.8,34.1,18.9,331.2,58.7,18.9,384.2,87.1,53.8,97.8,72.4,47.0,84.1,71.4,44.0,84.1,139.7,99.2,140.9,142.1,105.8,135.5,141.5,106.4,131.2,199.8,58.5,200.7,184.5,66.6,172.8,191.7,64.8,186.3,167.3,54.4,231.7,158.2,55.4,209.6,161.2,50.4,212.6,75.1,86.6,93.5,73.9,94.7,79.7,72.8,97.0,78.5,206.6,227.9,219.5,179.7,187.1,181.6,199.2,206.6,204.7,295.6,285.1,282.7,236.0,213.8,219.6,259.4,248.9,255.9,167.3,195.4,185.5,154.2,169.0,159.9,169.8,180.5,174.8,120.152,116.388,91.776,126.084,131.528,92.332,125.144,129.008,88.852,138.532,145.16,97.964,138.56,142.62,100.216,141.06,139.688,105.556,145.012,147.144,112.384,138.604,144.176,105.088,139.192,144.32,100.224,131.712,141.136,99.868,130.608,132.316,92.256,120.412,125.412,95.676,111.892,65.324,249.636,112.468,67.252,246.964,108.688,65.136,238.776,103.356,64.044,219.968,98.156,61.52,205.772,97.356,71.04,197.064,95.244,58.764,183.088,96.864,59.444,190.396,94.736,59.324,205.412,104.228,62.436,215.428,107.6,78.968,247.248,110.452,68.512,238.004,206.6,227.9,219.5,206.6,227.9,219.5,204.132,220.8,214.568,199.2,206.6,204.7,189.452,196.852,193.152,179.7,187.1,181.6,179.7,187.1,181.6,179.7,187.1,181.6,189.452,196.852,193.152,199.2,206.6,204.7,206.6,227.9,219.5,206.6,227.9,219.5,188.18,164.752,160.752,112.66,126.856,109.436,82.784,78.984,66.988,94.924,70.76,56.784,42.172,40.064,34.556,46.376,37.348,35.332,49.32,42.692,38.9,73.476,52.772,43.532,61.052,82.084,56.544,127.124,101.932,97.868,136.796,131.684,122.38,213.18,206.684,184.708,284.484,270.66,249.992,184.864,192.884,151.42,106.96,93.444,87.06,109.308,75.58,48.828,27.344,21.064,22.404,24.764,15.904,20.716,26.016,20.056,24.792,46.36,62.584,38.28,44.896,37.16,41.088,197.844,139.772,127.164,231.652,215.08,200.06,348.248,331.416,301.132
09:00,137.6,121.9,127.7,147.8,144.8,145.3,144.7,144.2,136.9,189.5,51.3,226.2,175.0,54.7,195.0,186.1,56.4,208.5,48.4,30.5,489.0,37.0,19.4,340.0,61.6,19.0,391.7,97.4,65.2,105.6,82.8,56.2,93.5,81.9,54.2,93.8,142.4,99.8,144.2,144.9,106.3,139.1,143.4,105.4,133.3,205.7,57.7,209.3,187.6,65.5,179.8,195.3,63.7,194.8,159.5,54.6,230.0,146.4,55.4,208.1,151.7,51.6,211.3,77.5,103.2,98.6,78.7,104.4,82.8,78.3,111.6,83.4,212.9,226.4,218.5,179.6,181.6,176.1,198.9,202.4,198.0,280.5,263.1,263.8,217.4,192.5,199.4,240.3,227.3,233.6,180.5,201.1,191.0,161.2,169.6,160.6,176.6,182.4,174.7,123.336,121.644,90.692,128.356,136.016,91.24,127.16,134.02,88.328,140.884,150.68,97.844,141.088,148.024,100.22,144.716,145.552,105.12,148.012,153.532,113.224,142.304,150.54,106.272,142.804,150.92,100.664,134.848,147.02,99.688,133.02,137.38,91.376,122.916,130.896,94.788,118.244,65.052,256.384,120.336,69.34,252.324,117.236,65.972,243.836,112.452,65.968,225.696,107.088,62.604,211.28,103.488,72.584,203.916,102.916,59.932,188.812,104.188,59.704,195.708,101.72,60.072,209.816,111.712,63.2,220.96,114.832,79.428,251.816,117.704,69.32,243.828,212.9,226.4,218.5,212.9,226.4,218.5,208.232,218.4,211.668,198.9,202.4,198.0,189.252,192.0,187.052,179.6,181.6,176.1,179.6,181.6,176.1,179.6,181.6,176.1,189.252,192.0,187.052,198.9,202.4,198.0,212.9,226.4,218.5,212.9,226.4,218.5,182.904,165.86,156.28,109.008,141.236,99.352,79.26,73.48,60.988,90.616,68.248,49.976,44.98,42.176,33.252,40.108,31.032,31.6,57.22,45.388,35.264,72.592,49.068,43.092,57.544,84.316,50.876,120.116,99.648,88.06,126.016,128.336,117.38,207.772,216.724,176.992,259.468,270.124,245.78,185.196,190.68,147.62,106.148,78.276,79.54,101.148,73.52,45.312,23.008,19.624,20.252,26.184,13.652,17.088,23.352,21.608,24.432,46.136,51.244,32.544,42.592,40.688,38.668,175.772,131.496,121.16,209.096,201.292,202.108,321.356,332.108,299.908
09:15,141.1,133.7,124.6,154.0,156.2,144.9,148.8,155.5,136.4,192.8,53.8,230.0,176.1,57.2,198.7,187.5,59.5,212.1,50.9,30.5,489.9,40.1,20.0,341.2,62.7,19.0,393.1,108.4,79.5,114.1,93.1,66.4,103.2,93.7,66.8,103.7,142.9,100.9,145.4,144.1,105.8,140.3,141.8,102.9,133.2,210.9,57.3,213.7,190.3,65.1,183.9,197.3,62.8,198.7,155.5,55.4,228.1,137.7,55.7,205.8,145.9,53.5,210.5,80.8,123.6,102.6,84.7,115.4,85.2,85.5,129.1,88.1,214.6,218.6,211.6,174.9,171.8,166.1,194.1,193.4,185.5,252.9,230.4,234.4,190.6,168.3,174.1,210.7,198.8,202.5,192.1,203.4,193.5,165.5,166.7,157.8,181.3,181.3,171.3,126.948,127.324,91.068,131.376,141.544,91.272,130.56,139.184,88.308,143.448,155.884,98.036,144.292,152.812,99.904,147.32,150.808,105.104,151.928,159.32,113.796,145.268,155.872,106.836,145.3,156.656,100.9,138.628,152.688,99.644,135.624,143.58,91.036,126.42,136.856,94.18,122.176,65.832,257.132,124.776,69.772,253.608,118.5,67.24,246.224,116.212,67.012,226.972,109.412,63.216,213.74,108.444,73.784,206.284,105.556,61.36,191.628,107.676,60.856,198.576,105.792,60.576,211.06,113.944,63.884,222.756,119.82,79.704,253.76,120.568,70.292,247.736,214.6,218.6,211.6,214.6,218.6,211.6,207.768,210.2,202.9,194.1,193.4,185.5,184.5,182.6,175.8,174.9,171.8,166.1,174.9,171.8,166.1,174.9,171.8,166.1,184.5,182.6,175.8,194.1,193.4,185.5,214.6,218.6,211.6,214.6,218.6,211.6,173.044,157.688,147.848,100.6,127.1,88.672,72.604,68.352,53.164,92.24,69.972,44.984,40.384,44.244,31.58,38.644,29.484,28.076,49.776,41.448,31.348,66.384,48.456,38.692,54.468,88.46,45.064,116.28,101.676,79.484,122.96,120.432,107.76,197.98,210.904,172.328,261.304,272.572,225.768,183.216,161.664,133.864,105.112,69.608,71.848,90.928,78.208,42.396,20.448,29.34,20.388,14.272,13.416,14.668,22.048,20.368,22.24,45.896,34.192,30.936,33.548,48.912,33.472,156.568,140.36,111.6,188.308,162.128,179.432,321.128,317.044,277.556
09:30,143.3,144.4,121.5,158.9,166.0,143.8,152.4,165.3,135.7,195.1,56.8,230.4,176.3,60.0,199.8,187.7,62.7,212.6,53.0,30.4,486.7,43.0,20.5,338.3,62.8,19.0,391.5,119.9,94.6,123.5,102.9,76.6,112.4,105.9,80.5,113.3,142.4,102.1,145.5,141.8,104.8,140.3,138.6,99.9,132.1,215.3,57.3,215.4,192.5,65.2,186.3,198.3,62.3,199.7,153.4,56.7,225.4,131.7,56.7,202.6,142.2,55.8,209.1,86.8,145.8,106.4,91.9,127.9,87.7,94.1,147.9,92.9,212.1,206.6,200.8,167.2,160.1,154.1,186.2,181.5,170.6,219.2,194.8,201.1,161.4,144.9,148.5,177.8,169.1,169.5,200.6,202.2,192.6,167.0,161.4,152.8,183.3,177.3,165.7,129.204,132.22,90.728,133.16,146.108,90.828,132.356,143.308,88.348,145.144,159.892,97.38,145.66,156.772,99.476,149.16,155.736,104.576,154.24,164.412,113.708,147.44,160.288,106.596,147.964,161.376,100.32,141.02,157.476,99.792,137.284,148.156,90.38,128.24,141.796,94.036,128.492,67.72,261.144,130.384,70.32,257.48,124.228,68.816,249.676,120.66,67.796,231.408,115.772,64.384,218.272,112.868,74.324,210.92,110.14,61.64,196.168,112.832,61.916,203.652,109.656,62.224,215.872,117.928,64.748,225.692,124.824,81.44,257.968,126.624,71.304,250.812,212.1,206.6,200.8,212.1,206.6,200.8,203.468,198.232,190.732,186.2,181.5,170.6,176.7,170.8,162.352,167.2,160.1,154.1,167.2,160.1,154.1,167.2,160.1,154.1,176.7,170.8,162.352,186.2,181.5,170.6,212.1,206.6,200.8,212.1,206.6,200.8,172.26,159.04,136.044,95.284,118.656,84.352,62.884,68.852,47.868,82.888,72.536,41.996,35.896,35.168,25.564,29.712,30.62,28.176,44.908,41.08,29.424,59.928,55.276,33.228,55.764,80.024,40.256,115.38,97.968,74.368,118.076,109.604,101.872,194.916,207.4,167.572,253.872,264.624,215.428,176.412,152.024,120.488,90.248,76.292,67.464,95.896,72.944,37.9,17.068,30.584,19.38,15.72,13.26,13.984,18.588,20.612,23.636,44.7,29.432,27.112,31.528,41.408,29.836,154.252,118.076,101.852,187.188,155.556,163.104,311.812,340.544,268.592
09:45,144.8,154.0,119.0,162.3,174.0,142.3,155.6,173.1,134.8,197.1,59.8,229.9,176.6,62.6,200.0,187.8,65.4,212.1,54.9,30.3,482.6,45.4,20.8,335.0,62.5,18.9,389.9,132.1,108.6,134.0,111.5,86.1,120.3,117.4,93.9,122.3,142.1,102.8,145.8,139.7,104.0,140.3,136.1,97.4,131.2,218.7,57.6,216.0,194.4,65.7,188.1,198.9,62.1,199.8,151.1,58.4,221.7,128.0,58.4,198.5,139.0,58.4,206.5,97.0,167.4,110.9,100.5,142.0,91.2,103.9,166.3,98.2,205.6,192.7,188.0,158.4,149.1,142.6,176.9,168.6,156.5,185.8,163.6,170.6,135.5,126.2,127.3,148.4,143.7,141.4,204.4,197.0,188.0,165.7,155.0,146.7,182.2,170.6,159.1,131.084,136.552,90.632,135.284,150.048,90.432,133.152,146.76,88.008,145.928,163.32,97.012,146.644,160.196,98.464,150.78,159.528,103.78,155.604,168.128,113.376,150.08,163.84,106.672,149.564,165.24,99.96,142.952,161.308,99.296,138.62,152.376,89.752,130.148,146.496,94.192,134.616,68.944,264.86,133.804,71.452,261.36,129.172,70.12,254.32,125.292,68.456,235.204,120.532,65.264,223.136,116.568,76.388,216.256,115.024,62.992,201.804,115.792,62.872,208.036,113.152,63.18,219.856,120.6,65.424,230.136,129.524,82.268,262.052,130.916,71.26,252.484,205.6,192.7,188.0,205.6,192.7,188.0,196.032,184.668,177.5,176.9,168.6,156.5,167.652,158.852,149.552,158.4,149.1,142.6,158.4,149.1,142.6,158.4,149.1,142.6,167.652,158.852,149.552,176.9,168.6,156.5,205.6,192.7,188.0,205.6,192.7,188.0,162.856,152.644,127.268,88.528,107.776,76.66,53.764,73.372,47.844,75.188,76.356,40.216,38.256,40.48,22.236,28.172,27.452,27.144,45.864,38.348,27.956,54.976,49.52,31.86,48.116,68.644,35.596,102.872,91.616,69.68,118.484,107.224,94.292,187.9,201.476,164.284,242.468,277.252,201.096,152.688,178.592,113.416,74.876,84.832,63.88,86.956,74.916,35.084,18.832,21.14,17.92,11.556,10.616,14.652,17.128,19.104,23.468,37.384,33.716,25.412,25.012,41.308,28.708,168.2,99.808,98.26,173.984,159.944,155.516,307.536,325.064,263.868
10:00,146.0,162.6,117.3,164.1,180.0,140.8,158.9,178.8,133.7,199.8,62.6,230.0,177.7,64.5,200.6,188.7,67.2,212.2,56.6,30.1,480.5,47.2,20.9,334.1,62.2,18.8,390.6,144.7,120.0,145.5,118.6,93.9,126.5,127.4,105.7,130.2,142.9,102.9,147.0,139.2,103.8,141.1,135.7,96.1,131.5,220.8,58.2,216.6,196.0,66.4,190.1,199.5,62.3,200.4,147.0,60.4,216.4,126.0,61.2,193.4,135.1,61.1,202.2,112.5,186.9,116.8,110.2,157.7,96.5,114.8,183.1,104.3,195.9,178.9,175.0,150.1,140.8,133.8,167.6,156.5,145.9,158.0,142.8,148.1,117.5,114.8,114.4,128.2,126.8,123.3,202.7,188.2,179.8,162.0,148.7,140.7,177.9,161.9,152.5,133.804,141.08,90.232,136.976,153.436,89.552,134.82,150.212,87.224,147.4,166.824,96.344,147.868,163.304,98.204,152.788,163.06,103.152,157.844,172.272,113.408,151.868,167.436,106.84,151.068,169.684,99.652,144.96,165.104,98.832,140.708,156.3,89.052,132.788,150.876,93.776,138.14,70.204,271.908,139.028,73.7,268.676,132.78,71.956,262.288,129.88,69.292,242.372,125.984,67.388,229.364,120.948,78.972,223.472,119.508,65.356,207.816,119.884,66.192,214.236,118.412,65.1,225.816,125.284,67.232,236.432,133.424,84.468,269.188,133.48,72.44,258.396,195.9,178.9,175.0,195.9,178.9,175.0,186.468,171.432,165.3,167.6,156.5,145.9,158.852,148.652,139.852,150.1,140.8,133.8,150.1,140.8,133.8,150.1,140.8,133.8,158.852,148.652,139.852,167.6,156.5,145.9,195.9,178.9,175.0,195.9,178.9,175.0,164.848,146.976,118.22,88.008,110.38,72.212,48.98,64.844,41.852,62.376,63.336,37.248,35.48,34.364,20.492,28.748,27.252,26.244,46.356,37.6,25.188,41.668,46.524,29.172,43.916,63.52,34.108,97.02,81.812,62.448,111.328,109.38,95.836,191.04,198.448,157.108,245.172,252.528,190.796,145.156,186.864,103.456,67.192,79.94,57.756,91.484,71.672,30.644,22.476,14.872,16.464,10.488,9.14,15.276,29.676,17.764,21.944,28.22,32.056,24.248,21.796,43.508,24.984,145.04,100.136,86.476,177.224,168.184,151.476,282.352,305.552,255.288
10:15,147.2,170.5,116.2,164.7,184.6,139.5,162.0,183.1,132.4,202.7,65.1,231.2,179.4,65.9,201.9,190.1,68.5,213.1,57.9,30.0,479.8,48.4,20.9,334.9,62.2,18.7,392.9,156.7,128.8,156.8,124.2,100.2,131.0,135.7,115.5,137.0,144.5,102.5,149.0,140.0,104.1,142.5,137.1,95.9,132.8,222.0,59.2,217.4,197.5,67.3,192.2,200.2,62.9,201.5,141.5,62.5,210.2,125.3,64.5,187.8,130.6,63.7,196.5,131.1,203.9,124.4,120.3,173.7,103.5,126.0,198.4,111.6,185.0,167.0,163.4,143.4,135.6,128.2,159.6,146.4,139.0,137.3,131.8,133.7,107.1,109.9,108.7,116.7,117.8,114.3,197.5,177.8,170.3,157.3,143.8,135.9,172.1,152.9,146.9,136.688,145.644,90.76,139.024,157.528,89.344,136.228,154.028,87.72,148.68,170.136,96.212,149.76,166.452,98.4,154.304,166.584,103.8,159.408,176.504,114.616,154.644,171.532,107.484,152.556,173.392,100.152,146.372,168.94,99.432,142.616,160.004,89.74,135.276,155.42,94.144,138.848,70.968,272.9,138.548,73.056,270.268,133.724,71.372,262.632,130.036,69.372,243.48,125.988,67.752,230.632,122.452,80.3,224.632,121.464,66.052,208.756,120.336,66.82,215.984,119.092,65.456,227.188,126.964,67.808,236.564,133.768,86.184,269.492,134.488,72.888,259.52,185.0,167.0,163.4,185.0,167.0,163.4,176.532,160.132,155.268,159.6,146.4,139.0,151.5,141.0,133.6,143.4,135.6,128.2,143.4,135.6,128.2,143.4,135.6,128.2,151.5,141.0,133.6,159.6,146.4,139.0,185.0,167.0,163.4,185.0,167.0,163.4,164.308,141.576,112.272,85.144,109.508,65.812,47.308,63.696,42.48,63.04,66.932,34.976,32.824,30.208,20.092,28.18,29.964,24.224,42.552,47.324,24.34,46.404,45.1,27.096,38.236,56.924,31.68,84.984,77.064,57.204,106.616,105.14,91.516,189.152,197.208,151.864,221.212,235.352,183.708,131.768,198.52,96.616,61.38,82.52,55.612,92.764,72.24,26.644,15.936,25.9,14.664,9.612,8.544,15.104,23.296,22.66,21.476,30.488,35.208,23.092,16.296,36.104,22.46,110.144,82.212,71.732,154.312,183.888,132.952,267.112,306.592,244.64
10:30,148.4,178.0,115.7,165.0,188.7,138.5,164.9,187.0,131.4,205.4,67.2,233.0,181.3,67.0,203.6,191.9,69.6,214.6,58.7,30.0,479.6,49.0,20.8,336.3,62.3,18.8,395.7,166.9,135.6,166.2,128.3,105.0,134.4,142.2,123.0,142.5,146.3,101.8,151.2,141.4,104.5,144.0,139.3,96.3,134.7,222.4,60.5,218.2,198.7,68.3,194.0,200.9,63.8,202.7,135.6,64.6,203.7,125.2,68.1,182.3,126.0,66.2,190.3,150.0,218.5,133.9,129.7,188.2,111.8,136.5,213.1,120.6,175.4,158.1,154.5,139.1,133.7,125.8,154.0,139.6,135.5,123.9,128.2,126.0,102.7,109.6,108.3,112.0,114.7,111.8,191.6,168.6,161.9,153.6,141.3,133.5,167.3,146.0,143.3,138.884,150.036,91.856,140.716,160.972,90.288,137.768,157.38,88.696,150.016,172.548,97.372,151.52,169.316,99.548,155.964,170.348,104.388,161.6,180.54,116.224,156.884,175.108,109.284,154.192,177.396,101.272,147.896,172.576,100.84,144.52,164.168,91.084,137.74,159.676,95.436,140.508,72.388,272.312,139.244,73.872,268.716,133.976,71.068,262.264,129.42,71.112,241.74,125.884,69.024,230.056,123.012,79.552,225.648,121.728,66.016,208.02,120.34,66.78,214.832,119.64,65.48,226.556,128.236,68.464,234.756,133.788,86.136,268.1,134.0,73.58,258.208,175.4,158.1,154.5,175.4,158.1,154.5,168.268,151.932,148.168,154.0,139.6,135.5,146.552,136.652,130.652,139.1,133.7,125.8,139.1,133.7,125.8,139.1,133.7,125.8,146.552,136.652,130.652,154.0,139.6,135.5,175.4,158.1,154.5,175.4,158.1,154.5,155.024,145.24,108.104,70.892,114.424,61.28,44.76,67.372,40.372,67.132,67.424,33.828,37.792,29.644,19.6,23.104,25.856,20.76,51.74,40.636,23.4,54.888,42.904,25.508,42.924,52.364,29.208,91.764,70.284,52.216,103.02,108.352,86.384,178.5,196.436,144.644,205.252,244.38,170.4,113.216,183.344,89.696,58.416,82.408,52.548,78.284,63.736,23.452,15.224,29.72,14.196,12.672,7.864,12.736,27.688,17.652,20.996,24.036,27.376,21.112,16.684,29.776,19.796,101.796,76.576,68.996,133.636,178.14,130.104,263.328,304.4,235.96
10:45,149.8,185.6,115.7,165.6,193.1,138.2,167.3,191.4,130.7,207.4,69.1,235.5,183.1,68.2,205.6,193.4,71.0,216.8,58.7,30.3,478.9,49.2,20.8,336.9,62.5,18.9,397.5,174.1,140.9,172.2,131.1,108.6,136.9,146.7,128.1,146.7,147.6,101.0,153.0,142.7,104.6,145.1,141.5,96.8,136.7,222.3,62.1,218.7,199.8,69.3,195.3,201.6,64.8,203.4,130.0,66.5,197.5,124.9,71.5,177.3,121.9,68.5,184.4,166.3,231.0,145.5,137.4,199.8,121.3,145.5,227.5,131.6,169.5,153.8,150.1,138.0,135.2,126.9,151.9,137.1,135.2,118.0,129.7,123.8,102.8,112.2,111.0,112.2,115.7,113.3,188.0,163.2,157.5,152.5,142.6,134.4,165.7,143.4,142.6,141.888,154.556,93.68,142.728,165.024,91.548,139.404,161.272,90.376,151.412,175.736,98.5,154.028,172.372,101.92,158.728,175.132,106.796,164.832,185.308,117.896,159.204,179.352,111.388,156.24,181.748,103.448,150.116,177.056,102.224,146.488,168.564,92.716,140.216,164.088,96.856,139.864,73.692,271.352,139.94,74.08,268.364,135.096,71.656,261.808,130.532,72.248,242.356,124.996,70.22,228.88,121.572,79.856,224.588,121.644,67.66,208.916,121.32,66.528,214.88,120.264,66.792,225.384,127.972,68.976,234.94,134.38,87.64,267.744,135.292,74.572,257.544,169.5,153.8,150.1,169.5,153.8,150.1,163.632,148.232,145.132,151.9,137.1,135.2,144.952,136.152,131.052,138.0,135.2,126.9,138.0,135.2,126.9,138.0,135.2,126.9,144.952,136.152,131.052,151.9,137.1,135.2,169.5,153.8,150.1,169.5,153.8,150.1,157.908,145.488,104.604,75.26,105.068,56.288,47.32,63.68,40.404,72.164,60.18,32.592,32.26,28.44,19.676,20.416,26.648,22.824,50.736,39.828,24.476,55.988,42.572,24.46,40.616,49.36,27.664,91.32,68.692,51.044,107.948,110.132,88.736,168.352,198.456,144.592,210.416,244.404,161.444,117.092,177.56,85.088,68.992,72.872,50.144,72.636,55.232,23.572,15.956,32.044,14.42,13.952,9.512,11.352,28.836,18.136,21.372,29.692,27.592,21.668,17.62,24.776,19.932,97.48,67.316,71.972,130.888,171.344,123.608,220.756,323.396,224.864
11:00,151.5,193.3,116.1,167.1,198.3,138.6,169.2,197.0,130.6,208.4,70.8,238.1,184.4,69.7,207.6,194.5,73.1,219.2,57.8,30.8,476.5,49.0,21.1,335.6,62.6,19.3,397.3,177.4,144.9,173.6,132.7,111.1,139.0,149.3,130.8,149.6,147.9,100.4,154.0,143.4,104.4,145.7,143.0,96.9,138.4,221.9,63.9,218.7,200.6,70.2,195.6,202.1,65.8,203.2,125.6,68.2,192.0,124.1,74.4,173.3,118.8,70.6,179.2,177.7,241.2,159.0,142.7,207.2,131.4,152.3,242.0,144.7,168.9,154.6,150.7,140.4,139.9,131.2,153.9,139.4,137.5,119.2,134.0,125.7,105.9,115.9,115.0,115.3,118.7,116.5,188.4,163.3,158.4,155.2,148.1,139.1,168.6,146.6,145.3,146.552,160.916,96.244,146.532,170.976,94.608,142.916,166.44,92.752,154.572,180.84,100.656,157.412,177.996,104.036,162.7,180.992,109.464,168.82,191.148,121.196,162.432,184.996,114.752,160.192,187.468,105.952,153.62,182.684,104.768,149.672,174.888,95.404,143.772,169.968,99.644,138.756,73.632,272.22,140.224,74.276,267.316,135.32,71.948,262.228,129.868,73.164,243.564,124.836,71.264,230.736,121.568,80.564,225.876,122.336,68.164,210.284,123.3,67.216,215.796,119.692,68.332,226.248,126.88,69.304,235.132,135.808,87.232,267.708,136.164,74.816,256.868,168.9,154.6,150.7,168.9,154.6,150.7,163.9,149.532,146.3,153.9,139.4,137.5,147.152,139.652,134.352,140.4,139.9,131.2,140.4,139.9,131.2,140.4,139.9,131.2,147.152,139.652,134.352,153.9,139.4,137.5,168.9,154.6,150.7,168.9,154.6,150.7,146.6,140.504,101.704,82.84,111.556,51.292,47.46,61.468,38.532,70.316,54.152,31.1,33.964,31.856,20.844,21.384,25.46,21.488,48.228,37.0,27.004,56.608,42.236,25.6,35.368,51.088,28.484,91.828,65.332,46.944,100.788,107.304,84.644,175.3,205.292,137.06,199.796,226.508,160.016,122.5,166.664,80.492,73.372,65.008,47.54,84.224,55.684,24.896,11.176,36.996,13.964,8.492,9.38,10.848,30.916,18.32,20.82,28.42,29.296,21.484,15.508,27.556,18.276,103.584,69.832,69.076,134.456,153.416,118.852,241.8,322.528,215.032
11:15,153.5,200.6,117.0,169.4,203.7,140.1,170.8,203.0,131.5,208.3,72.2,240.0,185.2,71.4,209.1,195.1,75.6,221.2,56.3,31.4,472.0,48.4,21.5,332.0,62.6,19.8,395.0,177.7,147.8,171.6,133.4,112.7,140.3,150.3,131.5,151.2,147.5,100.0,154.3,143.7,104.0,145.8,143.6,96.8,139.7,221.4,65.7,218.2,201.4,71.1,195.3,202.7,66.7,202.3,122.7,69.6,186.8,123.2,76.7,169.7,116.9,72.4,174.3,184.6,249.2,172.7,145.9,211.0,141.2,157.1,255.2,158.3,171.3,158.2,154.1,144.4,145.6,136.6,157.9,144.3,140.7,124.5,138.9,129.3,109.8,119.3,118.7,119.2,122.2,119.6,191.0,166.6,162.6,159.6,155.2,145.6,173.9,153.0,149.5,150.408,167.824,99.452,149.76,176.488,97.284,146.348,171.72,96.148,158.132,186.296,103.968,161.228,183.872,107.264,165.624,187.468,112.644,173.352,197.616,125.2,166.756,191.056,118.212,163.908,193.2,109.268,156.708,188.084,108.512,153.772,181.552,98.816,147.372,176.088,102.628,141.028,72.848,271.264,141.564,76.028,266.9,135.612,73.7,261.364,129.916,73.944,243.776,125.404,71.06,231.388,123.656,81.096,226.912,122.404,69.1,210.816,123.72,69.416,216.96,120.044,69.04,226.144,128.408,71.004,233.672,135.984,87.632,266.144,136.192,76.436,255.556,171.3,158.2,154.1,171.3,158.2,154.1,166.832,153.568,149.632,157.9,144.3,140.7,151.152,144.952,138.652,144.4,145.6,136.6,144.4,145.6,136.6,144.4,145.6,136.6,151.152,144.952,138.652,157.9,144.3,140.7,171.3,158.2,154.1,171.3,158.2,154.1,140.392,144.524,96.712,81.6,107.188,50.584,44.9,62.892,38.464,72.044,59.904,28.988,30.144,30.892,18.352,25.02,30.908,19.656,46.572,37.056,24.852,44.112,39.964,22.884,34.64,54.412,26.312,80.276,62.96,44.616,100.604,114.136,82.54,173.916,217.232,133.616,201.876,243.344,157.868,132.432,146.268,79.684,60.976,63.648,46.904,80.964,51.384,22.988,15.764,28.96,11.996,11.24,8.252,9.584,21.496,23.916,18.52,26.316,22.896,19.84,12.776,29.532,16.656,92.148,62.552,60.616,129.656,165.516,122.252,260.352,327.16,223.412
11:30,156.0,206.6,118.7,172.4,208.7,142.6,172.5,208.5,133.6,207.4,73.5,240.4,185.3,73.2,209.6,195.3,78.2,222.0,54.6,31.9,464.8,47.3,22.0,326.2,62.0,20.4,390.6,176.2,149.4,167.7,133.4,113.8,140.7,150.2,131.4,151.5,146.8,99.8,154.3,143.7,103.9,145.9,143.7,96.6,140.6,220.9,67.0,217.0,202.3,71.7,194.5,203.3,67.3,200.8,121.4,70.7,181.1,122.6,78.4,165.6,116.5,73.7,168.9,187.8,254.7,184.3,147.4,212.5,149.8,160.1,265.6,170.4,173.5,161.5,157.4,147.5,149.8,140.9,161.3,148.8,143.1,130.0,142.1,132.2,112.6,121.2,121.0,122.0,124.5,121.4,192.6,169.8,166.7,163.2,161.1,151.0,178.4,159.2,152.9,153.852,172.408,102.304,153.04,179.84,99.86,148.856,174.992,98.724,160.22,189.644,106.348,163.92,187.824,110.264,168.244,191.268,115.832,174.852,201.592,128.556,170.412,194.42,121.384,166.344,197.184,111.8,159.38,191.68,111.692,156.508,185.792,101.64,150.484,180.012,105.2,140.58,72.988,269.7,139.42,76.252,265.648,134.772,74.228,260.292,131.024,74.164,243.348,125.896,71.544,230.488,124.184,82.616,225.928,124.332,69.132,210.648,123.344,69.392,216.504,120.616,68.62,225.964,127.84,71.136,231.912,136.48,88.312,265.416,135.88,77.032,254.188,173.5,161.5,157.4,173.5,161.5,157.4,169.432,157.268,152.632,161.3,148.8,143.1,154.4,149.3,142.0,147.5,149.8,140.9,147.5,149.8,140.9,147.5,149.8,140.9,154.4,149.3,142.0,161.3,148.8,143.1,173.5,161.5,157.4,173.5,161.5,157.4,133.4,149.656,99.224,88.632,107.464,49.272,54.5,60.856,38.744,68.628,71.252,28.972,24.244,35.388,20.308,26.104,29.216,19.548,46.88,39.196,24.448,52.492,45.84,23.5,34.092,55.912,25.908,78.192,72.084,47.28,102.904,124.812,86.012,181.7,223.376,134.924,197.284,239.82,160.272,134.384,118.624,79.344,58.636,46.372,41.78,77.156,47.412,22.036,14.16,22.612,10.94,10.304,10.244,9.108,28.02,20.268,17.752,25.972,18.156,17.86,15.924,30.48,16.688,83.776,52.248,60.096,139.72,152.876,122.184,262.676,310.928,209.668
11:45,159.0,210.6,121.5,175.6,212.2,146.5,174.8,212.2,137.3,205.6,74.7,238.3,185.0,74.7,208.4,195.3,80.4,220.5,53.0,32.2,454.3,45.4,22.7,318.0,60.6,20.8,384.2,174.1,149.7,163.4,133.0,114.4,139.9,149.7,131.1,150.6,146.4,99.8,154.2,143.9,104.6,146.4,143.3,96.2,140.9,220.5,67.5,215.1,203.4,72.0,193.5,204.3,67.5,198.9,121.9,71.5,174.3,122.9,79.6,160.2,117.9,74.6,162.2,188.2,257.5,191.7,147.8,212.5,155.9,161.7,271.4,179.0,172.3,161.2,157.5,147.3,150.1,141.7,161.2,150.1,142.6,132.0,141.4,132.0,112.2,120.3,120.3,121.5,123.8,120.3,190.4,169.8,167.3,163.2,162.4,152.5,178.9,161.6,153.3,155.532,173.068,103.992,153.8,179.188,101.304,149.34,174.448,100.208,161.184,188.844,108.276,164.848,187.468,112.012,169.296,191.824,117.864,176.632,202.532,130.376,171.272,193.96,123.82,166.94,196.792,113.424,159.912,191.344,113.572,157.668,186.044,103.556,151.736,180.452,106.728,137.568,73.052,266.536,136.176,76.184,262.22,133.84,75.22,257.228,128.616,74.416,240.576,123.976,72.508,228.572,123.356,81.908,224.528,121.948,69.1,209.1,121.352,69.372,214.296,119.524,69.476,224.24,127.168,70.928,229.304,133.612,87.988,262.272,134.148,76.708,252.164,172.3,161.2,157.5,172.3,161.2,157.5,168.6,157.5,152.532,161.2,150.1,142.6,154.252,150.1,142.152,147.3,150.1,141.7,147.3,150.1,141.7,147.3,150.1,141.7,154.252,150.1,142.152,161.2,150.1,142.6,172.3,161.2,157.5,172.3,161.2,157.5,130.564,152.728,100.468,82.568,112.8,55.58,63.764,71.7,37.912,73.352,71.996,29.964,23.34,34.872,21.42,28.496,38.412,21.916,46.176,37.888,25.772,52.176,44.636,25.16,33.128,55.088,29.504,78.52,77.284,47.704,93.932,121.76,87.228,172.356,227.6,137.008,200.336,215.584,154.932,117.648,117.584,76.508,59.38,44.736,40.292,67.24,42.572,20.092,12.864,16.188,11.608,9.528,9.86,8.08,28.848,18.816,16.076,24.14,17.732,15.796,12.772,22.132,17.032,82.94,46.488,58.18,135.62,135.796,115.2,247.976,298.14,202.46
12:00,162.4,211.8,125.4,179.0,213.7,151.5,177.7,213.5,142.6,203.0,76.0,233.0,184.1,76.0,205.1,194.9,81.9,216.3,51.7,32.1,440.0,42.9,23.4,307.4,58.2,21.1,375.8,172.6,148.5,159.9,132.5,115.0,137.8,149.0,131.3,148.8,146.3,100.0,154.3,144.5,106.3,147.4,142.7,95.7,140.7,220.1,66.9,212.1,204.7,71.9,192.3,205.4,67.1,196.6,124.1,72.0,165.9,124.4,80.2,153.0,120.8,74.8,153.7,186.8,257.7,193.5,147.5,212.0,158.9,162.1,271.6,182.7,165.4,155.2,152.2,142.0,144.6,137.4,155.8,146.0,138.2,127.8,135.2,127.0,107.1,115.9,116.0,116.4,119.2,115.6,182.3,164.3,162.3,157.8,157.1,148.2,173.3,157.8,149.1,153.576,169.648,104.696,151.02,173.592,101.44,146.612,169.496,100.52,158.84,183.796,109.356,163.648,183.256,113.812,168.596,188.7,120.284,175.892,199.124,132.156,170.48,190.524,125.656,164.944,192.392,115.244,159.104,186.988,114.796,155.696,181.4,104.548,149.6,175.768,107.004,132.964,73.252,257.02,131.636,75.756,253.112,131.304,75.404,248.62,125.672,74.068,232.816,120.628,72.048,220.72,119.832,82.148,216.936,118.572,69.276,202.244,117.924,69.42,206.932,117.404,69.796,216.024,121.3,70.776,221.092,129.072,87.108,252.604,132.208,77.256,245.06,165.4,155.2,152.2,165.4,155.2,152.2,162.2,152.132,147.532,155.8,146.0,138.2,148.9,145.3,137.8,142.0,144.6,137.4,142.0,144.6,137.4,142.0,144.6,137.4,148.9,145.3,137.8,155.8,146.0,138.2,165.4,155.2,152.2,165.4,155.2,152.2,132.712,140.976,102.692,87.556,108.98,56.364,61.96,72.88,38.304,69.264,68.712,28.572,30.448,32.296,20.328,29.448,38.388,23.628,44.4,33.936,24.668,51.48,40.756,23.928,31.56,57.056,27.528,68.064,74.016,48.528,99.876,108.64,87.652,168.756,227.78,138.928,197.108,196.428,155.172,122.152,108.28,74.856,47.988,43.12,39.84,71.2,41.208,19.528,13.684,14.64,10.496,9.48,11.752,9.828,29.028,18.936,17.28,19.812,18.928,17.516,14.536,18.6,19.936,76.148,44.684,61.232,136.176,113.304,121.596,236.112,297.996,202.724
12:15,165.8,210.2,129.6,181.9,212.8,156.7,180.8,211.8,148.2,199.7,77.3,225.1,182.4,77.0,200.0,193.9,82.8,209.8,50.6,31.6,422.0,39.9,24.1,294.7,55.0,21.2,364.5,172.0,146.8,157.5,131.8,115.4,134.6,148.7,131.6,146.4,146.5,100.5,154.5,145.0,108.3,148.6,141.8,95.4,140.0,219.4,65.4,207.8,205.5,71.6,190.3,206.1,66.2,193.3,126.4,72.1,156.2,125.9,80.1,144.7,123.8,74.4,144.2,184.3,256.1,191.1,146.8,211.5,159.2,161.8,267.8,182.6,154.5,145.4,143.2,133.1,135.3,129.4,146.7,138.1,130.9,119.2,125.4,118.8,98.8,108.9,109.0,108.1,111.8,108.4,170.0,154.8,153.2,148.5,147.2,139.8,163.2,149.4,141.5,151.924,166.516,104.916,148.648,169.464,101.276,144.888,165.108,100.5,156.788,178.408,109.644,161.756,179.224,113.992,166.124,184.984,121.06,174.2,194.66,132.172,168.8,186.948,125.88,163.316,187.824,115.2,156.508,182.216,114.612,153.94,177.676,105.144,148.484,172.084,107.264,130.756,74.608,251.124,129.424,75.136,246.336,126.884,74.924,241.8,122.868,73.432,225.032,116.268,71.316,214.272,118.064,81.572,210.732,116.628,68.852,196.672,115.944,68.928,201.4,114.624,69.108,210.688,119.22,70.6,215.0,127.192,86.232,245.872,129.048,76.452,239.568,154.5,145.4,143.2,154.5,145.4,143.2,151.9,142.968,139.1,146.7,138.1,130.9,139.9,136.7,130.152,133.1,135.3,129.4,133.1,135.3,129.4,133.1,135.3,129.4,139.9,136.7,130.152,146.7,138.1,130.9,154.5,145.4,143.2,154.5,145.4,143.2,136.9,140.956,102.848,82.368,105.12,53.208,54.912,69.344,37.8,67.368,58.836,26.996,29.596,34.892,19.184,26.452,35.464,22.024,42.768,47.144,22.384,45.652,43.568,23.872,36.524,47.648,29.092,73.86,70.768,48.368,104.348,100.904,89.8,178.772,222.656,136.736,196.432,184.296,155.1,115.044,106.316,77.256,53.62,44.008,39.016,73.224,34.808,21.172,13.516,12.556,9.528,8.412,15.456,11.148,27.292,25.784,17.18,25.136,17.188,16.508,12.968,15.264,17.24,73.956,41.984,60.092,116.148,104.248,119.572,241.908,299.892,205.792
12:30,168.4,205.9,133.0,183.7,209.0,160.7,183.1,207.0,152.8,195.6,78.4,215.7,179.7,77.8,193.8,191.7,83.2,201.9,49.3,31.0,400.2,36.8,24.5,280.4,51.3,21.2,349.3,172.4,145.2,155.8,131.3,115.9,131.0,148.8,131.4,143.9,146.2,101.0,154.3,145.0,110.1,149.1,140.8,95.1,139.0,217.6,63.7,201.4,205.1,71.0,186.5,205.4,65.1,188.3,127.0,71.7,146.1,125.9,79.2,136.0,124.8,73.3,134.6,181.4,253.8,186.7,145.7,211.2,157.5,161.1,262.4,180.1,142.0,134.4,132.7,122.7,124.5,119.9,135.9,128.5,122.5,109.1,114.6,109.6,89.7,100.9,100.9,98.9,103.4,100.4,156.2,144.3,142.5,137.4,135.6,129.6,151.2,139.1,132.6,150.196,163.716,105.252,146.024,164.352,100.9,142.668,160.656,100.476,154.192,173.028,108.896,159.092,173.984,113.792,164.012,180.412,120.384,172.392,190.752,130.928,166.748,181.456,124.98,159.924,182.792,114.596,154.304,177.388,114.136,152.456,173.576,105.552,147.26,168.268,107.804,128.756,73.192,244.152,128.164,74.576,239.86,124.5,74.9,235.484,120.108,72.376,220.628,113.956,71.412,209.388,115.964,81.572,206.656,113.464,68.64,191.984,113.904,68.824,197.504,113.116,69.028,205.16,116.22,70.312,209.56,123.952,85.128,239.692,127.696,75.984,232.68,142.0,134.4,132.7,142.0,134.4,132.7,139.968,132.432,129.3,135.9,128.5,122.5,129.3,126.5,121.2,122.7,124.5,119.9,122.7,124.5,119.9,122.7,124.5,119.9,129.3,126.5,121.2,135.9,128.5,122.5,142.0,134.4,132.7,142.0,134.4,132.7,137.744,137.604,101.228,76.676,97.308,52.86,57.212,70.056,35.46,61.34,57.136,27.98,30.468,33.444,22.472,23.92,38.084,22.1,41.808,44.208,22.292,42.092,40.664,21.644,36.96,46.624,29.728,88.04,66.572,46.972,104.492,98.7,88.572,181.308,208.78,132.776,185.104,189.784,156.16,108.608,87.5,77.108,48.988,39.528,39.572,69.704,38.552,19.74,9.232,9.308,12.048,10.812,10.256,12.204,19.38,20.508,15.48,20.556,14.02,15.716,13.752,12.152,16.588,72.328,43.012,56.372,129.696,93.476,122.18,247.592,281.7,197.008
12:45,169.8,198.9,134.8,183.9,202.3,162.3,183.9,198.9,154.8,190.6,79.4,205.6,175.7,78.5,186.9,187.8,83.2,193.4,47.3,30.3,374.8,34.1,24.6,265.0,47.3,20.8,329.3,174.1,144.8,154.6,131.1,116.4,127.2,149.7,130.1,141.8,145.1,101.6,153.6,143.9,110.7,148.2,139.7,95.0,137.9,214.2,62.1,192.6,202.5,70.2,180.0,202.5,63.9,180.9,123.9,70.5,136.0,122.9,77.6,128.0,121.9,71.5,125.9,179.0,251.7,182.5,144.3,211.3,154.7,160.5,257.5,176.7,130.6,125.0,123.2,113.0,114.9,111.2,126.0,119.5,114.9,100.5,105.1,101.6,81.8,93.5,93.5,91.1,95.8,93.5,143.4,135.2,132.7,127.0,125.3,120.4,140.1,129.4,124.5,148.776,160.936,105.02,143.992,159.712,100.292,140.784,156.248,100.708,152.28,167.624,108.248,156.956,169.184,113.504,161.636,175.824,119.752,169.948,185.552,129.94,164.176,177.236,123.812,156.832,177.376,113.468,152.224,173.068,113.284,150.248,169.008,105.536,146.192,164.044,107.388,125.816,71.8,239.524,125.48,74.924,235.152,122.58,75.156,229.652,117.196,72.272,216.536,110.576,70.688,205.172,115.1,80.136,203.328,111.236,68.696,189.54,110.696,67.936,194.528,111.084,68.884,202.756,113.236,69.62,206.04,122.244,85.1,235.448,124.992,75.016,229.668,130.6,125.0,123.2,130.6,125.0,123.2,129.068,123.168,120.432,126.0,119.5,114.9,119.5,117.2,113.052,113.0,114.9,111.2,113.0,114.9,111.2,113.0,114.9,111.2,119.5,117.2,113.052,126.0,119.5,114.9,130.6,125.0,123.2,130.6,125.0,123.2,132.764,142.828,102.704,78.672,91.324,52.664,60.588,68.768,35.044,57.448,53.836,28.096,29.84,30.62,22.284,22.356,32.852,21.976,38.904,38.792,21.04,35.736,39.8,21.444,36.488,49.992,28.104,79.388,63.484,44.824,95.94,100.124,88.516,173.272,195.316,136.836,183.68,198.48,153.496,110.824,94.144,74.452,51.548,46.364,39.832,59.18,34.972,17.784,8.608,7.564,10.54,4.952,7.58,10.308,20.104,16.228,14.684,18.424,12.664,15.284,12.164,12.456,15.804,63.808,39.604,52.472,128.612,86.584,122.268,230.032,269.032,191.392
13:00,169.4,189.6,134.2,182.1,192.4,160.5,182.7,187.6,153.2,184.6,80.1,195.7,170.1,79.1,179.9,181.9,82.8,185.0,44.6,29.6,346.4,31.9,24.3,249.2,43.4,20.3,304.7,177.1,146.0,153.7,131.1,116.9,123.7,151.4,127.3,140.6,142.8,102.2,152.2,141.5,109.7,145.4,138.4,95.0,136.8,208.4,61.0,181.1,197.0,69.3,170.4,196.5,62.8,170.7,116.1,68.7,126.7,116.0,75.1,121.3,113.9,69.1,119.1,177.5,250.6,179.8,143.0,211.8,151.3,160.3,254.9,173.6,122.1,119.4,116.5,105.7,108.4,104.8,118.5,112.9,109.4,95.5,99.2,96.8,76.8,87.9,87.9,86.4,90.5,88.9,133.8,129.7,125.9,118.8,118.6,113.9,131.9,122.5,118.6,147.036,157.14,104.552,141.936,154.496,99.424,138.468,151.496,99.732,149.716,161.484,107.596,153.868,164.124,113.148,159.012,171.572,119.488,167.264,180.516,128.656,162.064,171.804,122.7,154.668,172.256,112.676,149.732,167.772,112.62,147.908,163.52,104.948,144.36,159.252,106.412,119.224,70.876,234.62,118.344,74.284,230.352,116.288,74.532,226.428,112.112,71.82,213.224,106.56,70.468,201.964,108.888,79.296,200.052,106.664,67.632,187.164,106.492,67.908,191.728,106.504,69.188,199.876,108.176,69.632,202.664,116.264,85.752,232.268,120.868,74.644,226.624,122.1,119.4,116.5,122.1,119.4,116.5,120.9,117.232,114.132,118.5,112.9,109.4,112.1,110.652,107.1,105.7,108.4,104.8,105.7,108.4,104.8,105.7,108.4,104.8,112.1,110.652,107.1,118.5,112.9,109.4,122.1,119.4,116.5,122.1,119.4,116.5,125.544,136.3,100.092,78.776,91.26,52.412,57.032,60.312,33.56,52.392,50.252,27.86,25.952,31.512,21.4,21.288,28.908,19.28,37.764,29.976,20.404,29.848,34.852,19.548,33.34,47.436,25.964,77.072,60.168,43.348,100.072,101.884,86.44,179.2,178.384,141.66,177.068,183.12,146.988,110.848,105.088,66.808,47.672,34.616,37.272,59.008,33.112,16.892,7.716,6.656,9.752,3.256,4.964,8.7,23.68,15.58,12.248,20.308,14.416,13.704,12.108,10.756,14.264,52.984,35.968,45.272,133.408,88.164,115.764,236.488,255.9,202.288
13:15,167.6,178.7,131.7,178.7,180.9,156.1,179.8,174.6,148.9,177.5,80.5,186.7,163.1,79.5,173.4,174.1,82.1,177.4,41.4,29.0,319.4,30.3,23.8,235.5,39.8,19.6,279.8,180.4,148.3,153.2,131.4,117.2,120.9,153.6,123.6,140.1,139.3,102.4,149.9,137.8,107.5,141.4,136.8,95.3,135.9,200.2,60.3,168.7,188.7,68.5,159.3,187.7,62.0,159.4,105.0,66.3,118.7,106.4,72.1,116.6,102.6,66.3,114.2,177.0,249.1,177.6,142.1,211.7,147.2,160.7,253.3,170.1,116.1,116.9,112.5,100.6,104.7,100.8,113.1,108.6,105.9,93.4,96.4,94.6,74.3,84.2,84.2,84.0,87.3,86.4,126.8,126.9,121.6,112.8,114.9,109.9,125.9,118.1,114.9,145.196,153.816,104.024,140.58,150.976,99.096,136.976,147.888,99.568,147.152,156.608,107.224,152.476,160.32,112.644,156.984,167.528,118.584,165.624,175.86,127.584,159.12,167.2,122.112,152.16,167.256,112.348,147.312,163.804,111.932,146.488,159.892,105.196,143.16,155.896,106.624,116.2,71.812,231.5,114.668,73.656,226.056,112.404,74.224,222.556,109.332,71.444,208.508,102.72,69.064,198.664,105.144,78.192,197.916,102.848,68.228,184.664,105.004,68.068,188.908,102.968,69.448,195.952,105.884,69.752,198.876,112.744,84.124,228.24,117.432,74.324,222.544,116.1,116.9,112.5,116.1,116.9,112.5,115.1,114.132,110.3,113.1,108.6,105.9,106.852,106.652,103.352,100.6,104.7,100.8,100.6,104.7,100.8,100.6,104.7,100.8,106.852,106.652,103.352,113.1,108.6,105.9,116.1,116.9,112.5,116.1,116.9,112.5,124.096,137.752,106.66,71.912,86.392,54.384,50.652,57.976,36.064,47.936,49.432,32.048,27.456,27.664,19.28,23.944,27.396,20.044,37.044,29.76,21.22,32.548,38.904,18.748,31.448,41.808,25.516,72.408,64.928,42.676,99.216,105.328,83.564,174.176,179.196,139.904,175.356,175.984,141.388,97.468,104.02,65.72,34.96,32.376,36.04,53.76,37.652,16.484,8.652,5.912,7.868,9.784,4.804,7.572,15.972,12.352,11.036,13.212,11.172,11.148,11.676,12.24,13.828,48.244,36.016,43.596,140.504,88.652,112.304,235.86,250.62,196.348
13:30,164.8,167.3,128.0,174.1,169.2,150.2,175.8,161.7,143.2,168.9,80.3,179.2,154.6,79.3,168.1,164.8,80.9,170.9,38.4,28.5,298.8,29.2,23.2,226.5,36.6,19.1,260.3,183.0,151.1,153.1,131.8,116.8,119.0,155.5,120.0,140.0,134.6,102.1,147.0,133.3,105.0,137.2,134.5,95.6,135.0,189.3,60.1,157.7,177.5,67.8,148.9,176.1,61.4,149.2,93.1,63.8,112.6,96.0,69.1,114.0,90.3,63.7,111.1,177.2,245.5,174.1,142.4,209.7,141.9,161.8,250.9,165.3,111.6,116.1,110.3,96.8,102.8,98.5,108.8,105.7,103.9,92.8,95.9,94.2,73.2,82.3,82.2,82.9,85.8,85.4,121.3,125.7,119.3,108.0,113.1,107.7,121.1,115.2,112.7,144.38,151.664,104.376,139.74,148.236,98.928,135.816,144.876,99.504,145.004,152.656,106.128,149.536,156.52,111.08,155.296,162.952,118.12,163.128,171.456,126.04,157.048,163.588,120.98,149.928,163.38,111.396,145.544,160.408,111.004,145.052,157.14,105.32,142.544,154.108,106.788,114.104,71.592,227.744,111.156,72.748,223.124,110.608,73.784,218.728,107.384,70.728,205.6,102.976,68.48,196.536,102.832,78.856,194.408,102.236,68.728,182.92,103.068,68.36,186.204,100.796,69.26,192.648,103.876,69.004,195.76,111.84,83.54,225.196,116.744,73.756,219.476,111.6,116.1,110.3,111.6,116.1,110.3,110.668,112.632,108.168,108.8,105.7,103.9,102.8,104.252,101.2,96.8,102.8,98.5,96.8,102.8,98.5,96.8,102.8,98.5,102.8,104.252,101.2,108.8,105.7,103.9,111.6,116.1,110.3,111.6,116.1,110.3,117.556,130.976,105.28,68.496,83.352,57.464,53.076,64.176,35.94,50.1,39.848,32.656,21.392,25.78,18.7,28.06,27.148,18.964,38.212,31.848,20.984,35.132,37.212,20.6,30.312,36.324,26.068,68.112,62.22,41.232,96.016,103.848,82.532,172.484,190.2,140.852,167.72,183.88,139.788,92.296,106.66,66.736,35.896,32.96,33.992,38.756,32.716,16.132,7.1,6.468,6.548,5.276,5.756,8.024,16.24,13.252,10.252,10.184,9.94,10.164,11.144,8.4,13.976,44.468,33.068,43.964,148.624,102.64,107.92,234.324,252.596,197.188
13:45,161.5,156.5,124.0,169.0,159.0,144.0,171.5,150.6,137.3,158.8,79.4,173.8,144.8,78.5,164.4,154.2,79.4,166.3,36.0,28.4,289.6,28.4,22.7,225.2,34.1,18.9,251.7,183.9,153.6,153.6,132.1,115.4,118.4,156.5,117.4,139.9,128.8,101.0,143.3,128.2,102.8,133.7,131.2,96.2,134.3,175.5,60.3,150.3,163.8,67.5,141.3,162.0,61.2,142.2,82.6,61.5,108.8,86.6,66.5,113.9,79.6,61.5,109.8,177.8,237.9,167.4,144.3,204.4,135.1,164.0,246.0,158.2,107.4,115.8,109.3,93.6,101.9,97.3,104.7,103.7,102.8,92.3,97.0,94.6,72.4,81.8,81.8,81.8,85.3,85.3,116.2,124.5,117.9,103.9,112.1,106.3,116.2,112.9,111.3,142.744,149.024,103.284,137.204,144.988,97.7,134.296,141.516,98.22,143.004,148.664,104.108,147.992,152.38,109.492,153.5,159.8,116.656,161.348,168.184,124.972,156.088,160.504,119.42,148.456,159.656,110.244,143.688,156.88,109.512,143.644,153.608,103.9,140.952,151.196,105.808,111.988,70.86,226.548,109.728,72.0,221.932,108.452,73.06,217.696,105.092,70.332,204.976,99.224,68.028,195.192,101.116,77.552,193.976,99.652,68.084,182.552,99.956,66.136,186.644,97.776,68.092,191.368,102.068,67.828,194.516,109.9,83.732,225.208,115.792,73.54,218.416,107.4,115.8,109.3,107.4,115.8,109.3,106.5,111.768,107.132,104.7,103.7,102.8,99.152,102.8,100.052,93.6,101.9,97.3,93.6,101.9,97.3,93.6,101.9,97.3,99.152,102.8,100.052,104.7,103.7,102.8,107.4,115.8,109.3,107.4,115.8,109.3,136.1,137.088,106.028,69.496,76.372,61.66,51.312,64.744,35.232,45.92,45.396,29.396,22.584,21.58,17.144,28.076,23.44,20.588,37.952,35.132,20.556,31.028,31.484,19.804,33.792,33.108,25.064,60.448,63.364,41.492,98.332,101.3,86.784,175.948,184.588,148.084,170.356,186.332,135.128,105.052,98.4,69.296,34.696,32.472,31.46,46.852,25.024,15.224,8.372,7.576,5.592,4.192,3.92,7.976,14.612,18.056,9.244,10.072,8.288,10.516,13.544,7.832,11.244,44.304,35.18,44.572,144.212,99.06,107.772,238.74,245.404,206.308
14:00,158.1,147.0,120.2,163.7,151.4,138.4,167.2,142.8,132.4,147.2,77.8,171.0,133.9,76.8,163.0,142.6,77.5,163.9,34.5,28.6,294.8,27.8,22.5,232.9,32.4,19.1,257.5,182.4,155.1,154.7,132.1,112.9,119.2,156.3,116.5,139.7,122.3,98.9,139.2,123.0,101.5,131.5,126.9,96.7,133.7,158.9,60.7,148.1,147.7,67.6,138.1,145.8,61.4,139.9,75.3,59.5,107.7,79.8,64.6,116.3,72.3,60.0,110.1,178.8,225.3,156.5,148.4,195.1,126.7,167.1,237.1,148.2,102.9,114.8,108.8,90.3,101.1,96.5,100.0,102.0,102.1,90.7,98.7,95.1,71.2,82.5,82.5,79.8,85.4,85.5,110.8,122.3,116.9,99.7,110.9,105.3,110.5,110.7,110.2,141.3,146.48,101.82,135.78,142.176,95.92,132.896,137.764,96.952,141.052,144.912,102.708,146.104,149.208,108.392,152.712,156.572,115.752,160.752,165.572,123.692,155.572,156.984,118.484,146.688,157.036,108.796,142.044,153.628,108.456,141.84,150.8,102.792,140.408,148.5,104.74,108.808,70.436,228.728,105.14,71.196,223.072,104.204,73.48,219.272,101.452,69.836,206.02,96.472,67.984,195.876,97.552,77.992,195.104,95.296,67.552,183.992,95.912,66.996,188.1,95.128,67.108,193.104,98.76,68.284,195.14,107.48,82.324,226.412,112.068,73.316,219.332,102.9,114.8,108.8,102.9,114.8,108.8,101.932,110.532,106.568,100.0,102.0,102.1,95.152,101.552,99.3,90.3,101.1,96.5,90.3,101.1,96.5,90.3,101.1,96.5,95.152,101.552,99.3,100.0,102.0,102.1,102.9,114.8,108.8,102.9,114.8,108.8,131.892,142.224,110.212,68.108,82.78,56.072,49.628,58.952,34.784,43.16,44.804,29.352,24.88,23.812,20.044,28.096,27.92,20.264,40.572,27.868,23.948,34.44,34.788,21.744,33.4,36.72,26.952,64.784,61.956,40.688,105.172,107.228,90.836,180.024,183.744,149.656,179.9,172.244,141.98,93.444,79.916,64.132,36.72,33.46,31.24,40.656,22.936,14.18,7.192,5.436,5.952,6.284,6.264,7.5,16.104,13.272,9.692,11.232,9.232,10.656,12.052,8.228,10.376,50.276,35.288,42.84,132.544,104.52,122.476,258.368,235.16,213.756
14:15,154.9,138.9,116.8,158.9,146.0,133.6,163.1,137.6,128.4,134.8,75.7,170.7,122.7,74.4,163.5,130.9,75.3,163.6,33.9,29.0,309.8,27.4,22.5,245.5,31.3,19.7,272.9,179.5,155.5,156.8,132.2,109.8,121.2,155.1,116.8,139.9,115.5,96.3,135.2,118.2,101.0,130.7,121.9,97.3,133.3,141.2,61.4,151.0,131.0,67.9,139.2,129.0,61.9,142.2,70.8,58.0,108.4,75.6,63.5,120.1,68.1,59.3,111.4,179.9,209.3,143.2,154.0,183.1,117.8,170.9,225.2,136.6,98.2,113.2,108.5,87.1,100.4,96.2,95.3,100.5,101.7,88.2,100.7,95.5,69.7,84.0,83.9,77.4,85.8,85.9,105.3,119.3,116.1,95.8,109.5,104.5,104.5,108.4,109.2,141.324,144.992,101.772,134.856,140.132,95.568,132.52,135.908,96.652,140.32,142.028,101.952,145.544,147.052,107.556,152.34,154.888,114.824,160.332,162.592,123.216,153.704,154.784,117.548,145.684,154.88,108.02,140.912,151.568,107.764,142.072,148.688,102.6,140.404,147.348,104.828,104.512,70.072,227.364,103.32,71.068,222.02,101.888,71.6,217.232,98.464,69.516,204.86,93.776,66.896,194.78,94.056,76.956,194.004,92.584,68.16,182.852,94.54,66.6,187.736,93.212,66.592,192.096,97.536,67.78,194.516,103.86,82.704,226.316,109.46,72.528,218.468,98.2,113.2,108.5,98.2,113.2,108.5,97.232,108.968,106.232,95.3,100.5,101.7,91.2,100.452,98.952,87.1,100.4,96.2,87.1,100.4,96.2,87.1,100.4,96.2,91.2,100.452,98.952,95.3,100.5,101.7,98.2,113.2,108.5,98.2,113.2,108.5,141.028,140.84,111.364,77.212,95.176,54.716,42.328,67.82,35.84,40.052,37.072,32.396,28.564,25.348,19.38,29.012,27.44,19.544,29.876,33.48,22.332,32.364,34.556,21.216,28.764,36.02,24.6,62.432,64.412,41.944,113.588,110.204,97.976,184.736,186.372,152.848,172.48,184.04,145.336,96.624,84.06,63.532,33.832,34.076,31.004,37.012,30.148,13.036,7.156,5.644,7.32,8.008,5.716,7.864,17.3,20.82,11.26,8.24,12.972,11.116,11.132,8.008,10.748,42.532,34.48,41.36,127.82,106.948,125.936,270.432,239.4,221.476
14:30,151.8,132.1,113.7,154.6,141.6,129.4,159.2,133.9,124.8,122.7,73.4,172.7,112.0,71.8,165.4,119.8,73.1,165.1,33.9,29.6,328.0,27.0,22.6,257.4,30.7,20.3,290.9,176.6,155.0,160.2,132.4,107.1,124.0,153.7,117.6,141.1,109.4,93.8,132.1,114.1,100.9,130.9,117.1,97.5,133.1,124.2,62.1,157.9,115.3,68.2,143.7,113.1,62.5,148.0,68.2,57.0,109.8,73.6,63.1,123.8,66.1,59.2,112.9,181.2,192.3,130.2,160.6,170.2,109.4,174.7,211.5,125.1,94.0,111.3,108.4,84.4,99.7,96.2,91.1,99.2,101.4,85.5,102.6,95.7,68.0,85.5,85.5,75.1,86.2,86.3,100.3,116.1,115.6,92.4,108.2,104.0,98.9,106.3,108.5,141.22,143.9,101.244,134.508,138.796,95.108,131.864,134.6,96.528,139.628,139.952,100.856,146.308,144.724,106.708,151.732,152.908,114.012,159.404,161.108,121.856,152.836,153.66,116.28,145.092,152.436,107.104,140.436,149.528,107.276,142.112,147.276,102.54,140.664,146.376,104.844,102.412,69.704,229.08,101.412,70.232,222.288,101.18,71.592,217.264,97.416,68.752,205.684,90.468,66.744,195.504,92.152,77.156,194.22,91.18,67.144,184.136,93.224,65.556,188.756,91.388,66.588,192.744,95.64,67.6,194.776,102.24,82.948,226.984,107.676,72.096,219.108,94.0,111.3,108.4,94.0,111.3,108.4,93.032,107.268,106.068,91.1,99.2,101.4,87.752,99.452,98.8,84.4,99.7,96.2,84.4,99.7,96.2,84.4,99.7,96.2,87.752,99.452,98.8,91.1,99.2,101.4,94.0,111.3,108.4,94.0,111.3,108.4,143.804,142.488,111.12,74.28,95.032,57.18,46.224,64.84,37.36,40.64,40.828,32.34,21.28,27.476,18.528,23.976,30.512,18.372,36.284,30.544,23.6,34.924,31.916,22.636,27.14,31.252,23.164,61.732,56.732,41.976,120.784,114.672,103.024,182.584,193.916,156.38,181.724,183.876,146.564,97.788,81.544,67.876,34.708,35.584,32.228,40.224,33.624,14.076,4.86,6.776,6.468,9.944,5.66,6.772,12.856,19.112,9.952,7.692,9.972,10.492,12.852,6.28,11.752,36.272,42.488,41.464,130.996,101.14,126.416,272.2,248.656,225.96
14:45,149.0,126.5,110.7,151.5,137.3,125.7,155.6,130.7,121.5,112.1,71.0,176.6,102.8,69.1,168.2,110.3,71.0,168.2,34.1,30.3,342.6,26.5,22.7,263.1,30.3,20.8,304.7,175.1,153.6,165.3,133.0,105.6,127.2,152.6,118.4,143.8,104.6,91.9,130.6,111.3,101.0,131.8,113.1,97.4,133.1,109.8,63.0,168.3,102.6,68.4,151.2,99.9,63.0,156.6,66.5,56.4,110.8,73.6,63.5,125.9,65.5,59.4,113.9,182.5,176.7,120.1,167.4,158.2,102.8,177.8,197.5,115.5,90.8,109.3,108.4,82.4,99.1,96.3,88.0,98.2,101.0,83.0,104.0,95.8,66.6,86.5,86.5,73.6,86.5,86.5,96.5,112.9,115.4,89.9,107.2,103.9,94.8,104.7,108.0,140.528,142.968,101.632,134.212,137.18,95.544,131.428,132.456,96.668,138.78,137.276,101.028,145.216,143.192,107.168,151.268,151.208,114.84,158.62,159.404,121.964,151.756,150.924,116.884,144.384,150.552,107.2,140.1,148.004,107.496,142.152,146.644,103.58,140.628,145.12,105.992,102.276,68.74,226.844,99.336,69.916,219.444,99.416,72.028,214.596,95.904,69.396,203.144,90.58,66.576,193.176,90.772,77.084,191.74,90.824,66.044,182.46,92.476,65.976,186.544,90.388,67.296,190.808,94.48,67.856,192.624,100.704,82.292,223.78,107.856,72.676,215.904,90.8,109.3,108.4,90.8,109.3,108.4,89.868,105.6,105.932,88.0,98.2,101.0,85.2,98.652,98.652,82.4,99.1,96.3,82.4,99.1,96.3,82.4,99.1,96.3,85.2,98.652,98.652,88.0,98.2,101.0,90.8,109.3,108.4,90.8,109.3,108.4,153.256,155.18,117.604,72.376,92.328,59.74,42.352,62.48,38.524,44.048,41.036,31.816,22.82,25.828,17.448,20.116,28.164,18.04,35.572,26.164,24.464,25.012,31.108,25.692,28.208,34.532,23.108,63.748,61.2,42.828,123.044,116.612,112.268,187.576,194.52,160.16,185.964,206.432,152.04,94.112,80.96,68.552,36.096,42.288,33.736,40.9,33.876,13.568,6.604,5.316,6.548,8.88,6.336,7.176,14.704,16.904,9.516,9.976,8.004,9.636,12.92,6.808,11.548,40.808,41.328,41.632,140.684,112.52,137.576,280.22,258.044,229.92
15:00,146.5,122.0,107.9,149.6,132.4,122.4,152.3,127.1,118.1,103.8,68.9,182.1,95.7,66.8,171.5,102.7,69.2,172.5,34.3,30.9,348.5,25.9,22.8,258.6,29.8,21.1,309.0,176.0,151.4,172.2,134.2,106.0,130.4,152.3,118.4,148.4,101.8,91.1,131.3,110.0,100.9,133.3,110.4,96.7,133.2,99.4,63.8,180.9,94.1,68.2,160.6,90.4,63.3,166.9,64.9,56.3,110.7,75.0,64.4,125.5,65.5,59.9,113.8,183.7,164.2,114.8,173.8,148.6,98.9,180.0,184.2,109.0,88.9,107.5,108.3,81.5,98.6,96.7,86.6,97.4,100.4,81.1,104.6,95.8,65.6,86.5,86.5,73.4,86.3,86.3,94.1,110.4,115.6,88.5,106.6,104.3,92.7,103.6,107.7,140.632,142.644,103.432,134.284,136.252,97.032,130.756,131.376,98.496,138.368,135.592,102.344,144.74,140.848,108.284,149.828,150.392,115.548,158.472,158.444,122.648,151.124,149.456,117.812,143.892,148.968,108.696,139.864,146.748,108.9,142.388,147.0,106.168,141.588,145.12,108.16,101.976,70.244,224.628,98.452,71.236,216.4,98.508,71.688,211.424,94.192,69.436,200.288,89.232,67.476,191.208,91.468,77.776,189.964,90.428,66.928,181.092,91.976,66.828,184.396,89.408,67.532,187.888,92.888,68.14,189.86,100.692,81.664,220.916,106.476,73.352,214.768,88.9,107.5,108.3,88.9,107.5,108.3,88.132,104.132,105.668,86.6,97.4,100.4,84.052,98.0,98.552,81.5,98.6,96.7,81.5,98.6,96.7,81.5,98.6,96.7,84.052,98.0,98.552,86.6,97.4,100.4,88.9,107.5,108.3,88.9,107.5,108.3,157.72,158.772,122.568,83.484,90.076,64.956,48.828,74.528,41.696,44.064,44.608,32.336,21.128,24.152,18.98,25.936,30.86,19.732,40.304,21.984,25.332,29.22,26.952,28.708,30.044,33.848,23.364,71.308,68.44,45.848,132.4,133.352,121.16,189.276,200.0,171.1,213.84,214.248,162.932,94.896,87.108,71.116,41.332,45.644,34.128,37.288,33.632,14.392,6.86,8.208,5.348,9.872,5.148,6.936,13.012,14.564,9.708,9.544,9.948,9.616,14.216,15.512,12.6,50.264,47.388,44.776,163.456,125.352,150.072,289.184,283.1,249.26
15:15,144.4,118.1,105.5,148.6,127.0,119.6,149.5,123.1,114.8,97.4,67.0,188.2,90.4,64.8,174.6,96.9,67.6,177.3,34.4,31.4,345.8,25.4,22.8,245.9,29.4,21.2,304.7,178.9,149.0,180.0,135.9,107.7,133.4,152.9,118.0,153.9,100.5,91.2,133.5,110.0,100.8,135.0,108.6,95.8,133.4,92.5,64.6,194.1,89.2,67.8,170.6,84.1,63.4,177.6,63.5,56.5,109.5,77.2,65.7,123.0,65.7,60.4,112.9,184.8,154.7,113.5,179.2,141.2,97.3,181.2,171.9,105.2,88.2,106.1,108.3,81.3,98.1,97.0,86.3,96.7,99.9,79.9,104.8,95.8,65.0,85.8,85.9,74.1,85.8,86.0,92.9,108.7,116.0,88.0,106.3,104.9,92.0,102.8,107.5,140.716,142.14,103.9,134.676,135.14,97.248,130.968,130.172,98.276,137.404,133.952,102.404,143.956,139.356,108.276,149.152,148.724,115.668,157.82,156.832,122.812,150.204,147.808,117.924,143.324,147.212,109.24,139.152,145.336,109.028,143.06,146.436,106.9,141.656,144.728,109.336,101.384,70.288,221.44,96.992,71.04,213.428,96.76,71.316,207.996,93.312,68.408,196.46,88.588,67.132,188.228,90.504,77.088,187.476,90.052,66.92,177.76,91.172,67.4,181.5,88.296,67.408,184.3,93.336,69.02,186.612,100.172,82.008,218.172,107.508,74.344,212.532,88.2,106.1,108.3,88.2,106.1,108.3,87.568,102.968,105.5,86.3,96.7,99.9,83.8,97.4,98.452,81.3,98.1,97.0,81.3,98.1,97.0,81.3,98.1,97.0,83.8,97.4,98.452,86.3,96.7,99.9,88.2,106.1,108.3,88.2,106.1,108.3,170.748,156.94,134.776,87.42,96.728,69.956,53.888,81.376,44.78,47.296,46.592,33.76,23.056,23.344,18.62,27.34,34.24,20.532,34.408,27.42,25.72,26.696,27.652,29.156,29.608,36.668,24.412,70.896,75.164,49.388,143.52,139.588,125.452,200.424,209.748,180.704,228.844,216.716,176.036,88.368,100.056,75.012,37.924,49.012,38.392,30.6,35.652,14.952,8.048,6.028,5.924,8.668,6.108,7.788,12.228,12.54,10.64,9.404,12.924,9.436,14.684,11.284,10.732,51.44,45.74,44.324,173.384,121.792,162.704,301.22,275.652,261.52
15:30,142.7,114.8,103.5,148.0,121.6,117.4,147.2,119.0,111.7,92.6,65.2,193.9,86.4,63.1,177.2,92.1,66.1,181.4,34.4,31.9,336.4,24.9,22.8,228.5,28.9,21.1,294.3,182.8,147.2,187.6,137.8,110.1,136.0,154.4,117.6,159.3,100.2,91.8,136.2,110.6,100.6,136.6,107.5,94.9,133.6,88.2,65.2,205.9,86.7,67.5,179.7,80.1,63.3,186.9,62.3,56.9,107.7,79.4,66.8,119.5,65.8,60.6,111.4,185.5,147.5,114.2,183.1,135.3,97.3,181.6,160.6,103.4,88.0,105.4,108.6,81.4,97.7,97.2,86.7,96.1,99.4,79.4,104.9,96.1,64.6,84.8,85.0,75.2,85.0,85.6,92.5,107.8,116.5,88.1,106.0,105.4,92.2,102.2,107.3,140.812,141.772,105.14,134.352,134.188,97.972,130.324,129.16,99.024,136.064,131.992,102.956,141.756,138.268,108.788,148.624,146.824,116.644,157.836,155.64,123.312,150.108,147.044,118.404,142.084,145.832,110.12,138.56,144.4,109.412,143.656,146.144,108.332,142.676,144.804,111.552,100.196,70.944,217.436,96.256,71.628,209.436,95.876,71.416,203.008,93.232,68.768,191.768,89.204,66.764,183.872,89.416,77.248,183.716,89.652,67.3,174.924,90.584,67.116,178.336,88.444,67.356,180.196,92.372,68.648,183.468,100.02,82.428,215.78,106.816,74.836,210.12,88.0,105.4,108.6,88.0,105.4,108.6,87.568,102.3,105.532,86.7,96.1,99.4,84.052,96.9,98.3,81.4,97.7,97.2,81.4,97.7,97.2,81.4,97.7,97.2,84.052,96.9,98.3,86.7,96.1,99.4,88.0,105.4,108.6,88.0,105.4,108.6,190.064,168.58,146.972,92.368,101.908,78.576,55.764,83.432,51.128,46.656,46.616,37.156,25.04,21.924,18.04,26.104,36.372,22.98,37.988,28.344,25.008,31.044,34.412,33.728,27.276,36.356,24.52,63.052,76.396,51.544,153.956,148.636,137.764,211.884,217.708,190.596,251.224,220.712,185.0,91.88,94.984,80.456,36.008,46.048,41.492,32.392,38.204,18.076,7.568,5.3,7.712,6.88,9.296,7.784,12.356,15.132,9.792,12.432,11.992,8.896,11.812,16.296,10.288,46.324,44.492,49.756,176.472,124.948,176.756,329.172,292.004,271.252
15:45,141.5,111.5,102.4,147.3,116.5,115.7,145.7,114.9,109.0,88.8,63.5,198.1,83.2,61.7,178.5,87.8,64.5,184.1,34.1,32.2,321.8,24.6,22.7,210.1,28.4,20.8,280.1,186.8,146.7,193.7,139.9,112.5,137.9,156.5,117.4,163.4,100.4,92.5,138.5,111.3,100.4,137.9,106.4,94.3,133.7,85.5,65.7,214.2,85.5,67.5,186.3,77.4,63.0,193.5,61.5,57.4,105.8,80.6,67.5,115.9,65.5,60.5,109.8,185.9,142.0,115.5,184.8,130.5,98.2,181.3,150.1,102.8,88.0,105.6,109.3,81.5,97.3,97.3,87.1,95.4,99.1,79.4,105.1,97.0,64.3,84.1,84.1,75.9,84.1,85.3,92.3,108.0,117.1,88.2,105.5,105.5,92.3,101.4,107.2,141.8,142.04,107.46,134.14,133.828,99.504,129.816,128.284,100.268,135.324,130.624,104.228,140.848,136.9,109.936,147.94,146.26,118.1,157.228,154.284,124.556,149.4,145.768,120.14,141.48,145.252,111.848,137.996,143.724,110.764,145.084,147.096,111.232,144.076,145.332,114.676,100.424,72.08,212.812,96.216,71.996,204.624,95.496,72.056,197.668,92.136,69.216,186.76,88.572,67.232,179.628,89.036,77.408,179.744,89.528,67.796,171.144,90.296,67.292,173.468,88.104,67.444,175.384,92.192,69.612,179.612,99.78,83.244,212.148,106.744,76.172,206.656,88.0,105.6,109.3,88.0,105.6,109.3,87.7,102.2,105.9,87.1,95.4,99.1,84.3,96.352,98.2,81.5,97.3,97.3,81.5,97.3,97.3,81.5,97.3,97.3,84.3,96.352,98.2,87.1,95.4,99.1,88.0,105.6,109.3,88.0,105.6,109.3,182.364,184.66,161.324,99.096,105.068,87.28,61.42,84.508,55.952,45.64,46.192,44.068,24.208,22.748,18.652,23.5,37.864,23.416,38.304,33.012,26.412,29.868,38.388,35.532,35.776,38.844,27.228,67.984,75.1,56.424,164.64,173.156,150.944,213.552,228.072,203.524,264.016,246.488,201.5,91.216,95.744,80.468,37.936,47.776,44.056,32.44,36.352,21.616,9.736,4.476,7.244,7.06,7.304,8.284,13.128,13.12,9.8,10.82,13.04,9.748,11.596,13.928,11.296,52.176,44.16,54.388,201.272,139.76,185.728,339.14,301.148,291.836
16:00,140.9,108.3,102.2,146.2,112.2,114.6,145.0,111.0,106.9,85.6,62.0,200.1,80.3,60.4,178.2,83.6,62.8,184.5,33.5,32.4,303.4,24.6,22.6,193.3,27.9,20.4,264.3,190.3,148.1,197.6,141.9,114.4,139.2,159.3,117.9,165.3,100.6,93.1,139.8,111.7,100.3,138.6,105.2,94.4,133.4,83.6,66.0,217.7,84.5,67.9,189.2,75.1,62.6,196.1,61.1,57.9,104.1,80.3,67.4,113.0,64.6,59.7,108.3,186.0,137.9,116.0,184.1,126.4,99.3,180.7,140.8,102.7,87.9,106.9,110.6,81.3,96.9,97.0,87.1,94.7,99.2,80.1,106.1,98.5,63.9,83.9,83.7,76.1,83.2,85.2,92.2,109.4,117.6,88.2,104.6,105.1,92.0,100.4,107.0,144.464,143.884,112.26,135.316,134.356,103.2,130.772,128.136,103.588,135.64,130.068,107.032,141.876,136.492,112.76,148.38,146.196,120.556,156.828,153.0,127.456,149.732,144.956,123.108,141.308,144.896,114.972,138.608,144.388,114.244,148.304,149.556,117.256,148.084,148.076,121.388,98.284,72.952,207.968,93.464,72.512,198.804,92.564,73.0,191.9,89.82,69.188,181.54,86.144,67.68,175.06,86.916,76.832,175.46,87.712,69.236,166.516,86.892,68.652,168.312,86.512,67.952,170.276,90.208,69.436,174.868,97.66,84.072,207.788,105.352,77.808,204.312,87.9,106.9,110.6,87.9,106.9,110.6,87.632,102.832,106.8,87.1,94.7,99.2,84.2,95.8,98.1,81.3,96.9,97.0,81.3,96.9,97.0,81.3,96.9,97.0,84.2,95.8,98.1,87.1,94.7,99.2,87.9,106.9,110.6,87.9,106.9,110.6,198.736,194.352,181.212,104.78,105.44,99.232,63.464,87.58,60.308,52.168,51.604,43.076,22.98,22.372,25.668,24.436,33.84,22.368,39.036,32.864,28.888,28.052,35.928,32.744,38.808,39.9,30.068,67.164,79.24,63.68,175.192,200.976,168.036,220.86,235.172,213.124,257.896,261.08,220.036,95.14,112.44,89.32,37.372,50.736,48.36,37.144,33.084,25.94,9.644,6.464,8.264,5.02,9.208,8.52,15.032,15.068,11.664,14.684,11.272,11.272,12.412,17.648,13.904,51.632,46.832,66.692,189.572,152.364,195.696,359.36,317.196,314.98
16:15,141.7,105.9,103.2,145.0,108.9,114.2,145.4,107.7,105.7,83.3,61.2,200.7,77.8,59.7,176.8,79.7,61.5,183.6,32.9,32.4,281.9,24.7,22.4,177.7,27.5,19.9,246.5,193.8,151.2,200.5,144.0,116.2,140.4,162.9,119.3,166.2,101.0,93.4,140.3,111.9,100.2,139.0,104.1,95.0,133.1,82.5,66.5,218.2,83.5,68.5,189.5,73.3,62.3,196.0,61.5,58.6,103.1,78.8,66.8,110.9,63.6,58.9,107.1,186.9,136.1,116.6,182.1,123.6,100.8,180.5,133.8,103.7,88.5,109.8,113.1,81.3,96.9,96.8,87.3,94.5,99.9,81.5,107.9,101.2,63.8,84.1,83.5,76.1,82.6,85.4,92.8,112.3,119.1,88.3,104.0,104.7,91.9,99.9,107.4,147.608,146.404,116.792,137.112,135.72,106.26,131.916,128.836,105.612,136.416,130.136,109.2,143.02,137.156,115.2,148.256,147.092,122.952,157.184,153.28,129.908,150.648,145.64,125.504,142.536,145.512,117.572,140.14,145.944,116.82,152.732,153.216,122.572,152.632,151.636,127.676,96.888,76.004,203.32,92.4,73.168,193.332,90.904,73.252,187.88,88.012,70.156,176.74,83.468,67.152,170.316,86.468,76.852,171.196,85.64,69.556,161.976,84.92,68.184,163.988,84.472,68.644,166.328,87.816,68.876,170.988,96.732,85.312,205.356,105.78,79.956,202.336,88.5,109.8,113.1,88.5,109.8,113.1,88.1,104.7,108.7,87.3,94.5,99.9,84.3,95.7,98.352,81.3,96.9,96.8,81.3,96.9,96.8,81.3,96.9,96.8,84.3,95.7,98.352,87.3,94.5,99.9,88.5,109.8,113.1,88.5,109.8,113.1,205.028,207.82,184.48,123.468,124.808,110.336,67.936,95.356,70.764,68.7,58.564,45.876,25.88,23.184,26.636,35.468,34.604,24.064,48.132,34.68,28.624,39.476,38.304,33.356,40.504,41.2,35.972,70.912,88.288,72.82,197.828,210.5,182.668,231.664,242.24,222.516,263.7,265.416,233.688,97.94,125.804,98.732,39.54,53.544,50.28,41.348,34.12,27.412,10.992,7.028,8.576,6.464,10.452,10.08,14.028,13.348,12.816,17.58,11.372,10.984,13.404,19.96,15.644,64.028,51.808,70.208,212.312,165.048,210.52,371.276,323.58,325.776
16:30,144.9,105.2,105.6,144.1,106.7,114.6,146.7,105.6,105.5,82.4,61.8,200.9,75.9,59.7,175.1,76.9,61.2,182.1,32.4,32.4,257.6,24.8,22.5,162.3,27.0,19.4,226.2,197.9,155.7,203.9,146.6,118.3,142.3,167.1,122.0,167.4,101.9,93.6,140.5,112.1,100.3,139.2,103.5,95.9,132.9,82.4,67.7,217.7,82.3,69.0,188.3,72.2,62.4,194.9,62.5,59.7,103.1,76.7,66.0,109.5,63.0,58.3,106.2,189.9,138.2,118.7,179.9,123.1,103.0,181.6,130.7,106.2,90.9,114.4,117.4,81.8,97.5,97.1,88.5,95.8,101.6,84.3,111.0,105.2,64.2,84.2,83.3,77.0,82.8,86.2,95.3,117.2,122.4,89.0,104.3,104.9,92.8,101.0,108.9,151.044,150.976,122.036,139.144,138.42,109.88,133.204,130.94,108.324,137.68,132.384,112.156,144.416,139.42,117.816,149.824,149.432,125.62,157.672,155.172,133.0,151.008,148.052,128.24,143.804,147.624,120.312,142.34,148.632,120.22,158.504,159.788,130.352,157.624,156.176,134.888,98.328,78.22,200.444,92.592,73.844,188.68,90.556,73.036,182.488,86.364,69.188,171.24,83.392,67.104,166.412,85.348,76.724,166.868,86.004,70.152,157.368,85.26,67.9,159.584,84.072,69.264,162.348,86.408,69.664,166.512,97.008,86.596,200.852,106.4,82.048,198.508,90.9,114.4,117.4,90.9,114.4,117.4,90.1,108.2,112.132,88.5,95.8,101.6,85.152,96.652,99.352,81.8,97.5,97.1,81.8,97.5,97.1,81.8,97.5,97.1,85.152,96.652,99.352,88.5,95.8,101.6,90.9,114.4,117.4,90.9,114.4,117.4,212.764,213.116,195.696,139.012,145.684,127.424,77.324,102.132,75.784,71.692,57.324,50.2,30.328,26.412,27.42,30.864,31.76,28.484,42.984,32.556,31.436,43.832,42.412,35.92,40.708,48.392,40.816,78.628,103.252,78.748,202.876,215.512,194.04,230.172,242.692,224.424,285.712,274.828,244.968,107.364,135.98,102.04,45.736,55.624,53.964,48.188,34.74,28.476,10.208,6.396,8.572,9.12,9.048,9.12,13.932,13.128,11.064,15.96,10.74,12.172,11.96,34.636,14.832,75.812,49.3,74.736,212.48,189.096,218.944,381.752,337.856,339.364
16:45,151.5,107.4,109.9,144.0,105.7,115.7,149.0,104.9,106.5,83.2,64.5,201.8,74.7,60.7,173.8,75.7,62.6,181.3,32.2,32.2,230.9,24.6,22.7,145.7,26.5,18.9,202.5,203.5,161.4,209.3,149.7,121.3,145.7,172.2,126.2,170.2,103.4,93.7,140.9,112.5,100.4,139.7,104.0,96.8,133.1,83.7,70.2,218.7,81.0,69.3,187.2,72.0,63.0,194.4,64.5,61.5,104.8,74.6,65.5,108.8,63.5,58.4,105.8,196.3,145.5,123.6,179.0,125.9,106.2,184.8,132.8,110.9,96.3,121.3,124.1,83.4,99.1,98.2,91.7,99.1,104.7,88.8,115.7,111.0,65.4,84.1,83.0,79.4,84.1,87.6,100.6,124.5,128.6,90.7,106.3,106.3,95.6,104.7,112.1,155.708,156.72,128.624,142.148,142.332,114.608,134.592,133.42,111.848,138.912,134.408,115.66,145.036,141.652,122.048,151.896,152.26,129.852,159.636,158.208,137.048,152.472,150.716,131.748,145.664,150.824,124.508,143.936,152.656,125.028,165.276,167.68,139.056,162.976,161.576,142.308,99.2,79.78,197.484,93.036,74.348,184.516,91.26,73.892,177.212,86.5,69.868,166.344,82.796,66.964,160.488,84.596,76.376,161.804,86.312,68.66,152.392,83.576,68.292,154.984,83.668,69.232,157.244,87.552,70.42,161.912,99.272,87.56,197.464,106.128,82.104,194.212,96.3,121.3,124.1,96.3,121.3,124.1,94.768,113.9,117.632,91.7,99.1,104.7,87.552,99.1,101.452,83.4,99.1,98.2,83.4,99.1,98.2,83.4,99.1,98.2,87.552,99.1,101.452,91.7,99.1,104.7,96.3,121.3,124.1,96.3,121.3,124.1,215.624,220.52,196.356,147.18,149.448,138.284,90.328,106.408,86.2,71.24,57.788,49.344,35.98,31.852,29.688,31.2,34.08,31.06,46.736,33.956,34.776,44.456,46.252,39.224,37.504,56.508,47.532,94.096,109.88,88.472,216.576,228.752,201.28,234.544,242.868,227.392,309.128,294.456,256.664,119.868,143.976,118.052,56.648,65.064,56.556,52.484,34.948,25.592,12.26,6.872,10.028,11.072,7.968,10.576,13.672,13.076,12.68,22.056,10.884,12.924,12.316,24.448,16.984,60.264,54.384,79.952,228.576,195.096,222.28,383.592,339.732,337.4
17:00,161.9,112.9,116.0,144.9,106.1,117.6,152.3,106.0,109.1,85.8,69.5,204.0,74.4,63.0,173.2,76.5,65.9,181.5,32.4,31.9,202.5,24.1,23.3,127.4,26.0,18.6,175.4,210.8,167.8,217.7,153.5,125.5,151.2,177.8,132.0,175.7,105.8,93.9,142.0,113.2,100.5,140.6,105.8,97.6,133.6,86.2,74.1,222.5,79.4,69.1,186.9,72.8,64.3,195.6,67.3,64.1,108.1,72.8,65.4,108.5,65.4,59.7,105.8,207.0,158.9,132.1,180.3,132.5,110.6,190.7,141.1,118.1,105.5,130.7,133.7,86.6,102.1,100.6,97.4,105.2,109.4,95.7,122.5,119.1,68.1,84.0,82.8,84.5,87.4,90.3,109.4,134.2,138.3,93.7,110.6,109.6,100.9,111.5,117.6,162.584,164.196,139.076,147.448,147.936,122.48,137.96,137.312,117.708,141.488,137.916,121.3,147.904,145.268,127.644,153.24,154.56,134.876,161.984,161.636,142.024,153.988,154.252,137.128,148.084,154.76,130.456,147.532,158.336,132.296,174.484,177.608,150.792,167.532,167.02,151.18,99.736,81.676,189.912,93.336,76.68,177.8,90.652,75.584,170.588,86.12,70.08,159.388,81.96,66.968,153.96,85.668,75.924,155.068,84.304,68.104,145.688,84.34,67.64,148.4,83.864,69.38,149.676,86.616,71.384,155.132,99.716,87.904,190.92,108.404,82.756,186.604,105.5,130.7,133.7,105.5,130.7,133.7,102.8,122.2,125.6,97.4,105.2,109.4,92.0,103.652,105.0,86.6,102.1,100.6,86.6,102.1,100.6,86.6,102.1,100.6,92.0,103.652,105.0,97.4,105.2,109.4,105.5,130.7,133.7,105.5,130.7,133.7,217.696,222.812,202.368,177.516,170.6,155.14,92.884,109.164,93.788,65.588,68.032,55.904,37.236,33.848,32.34,33.508,45.856,37.184,42.856,39.744,38.684,48.684,51.088,43.304,44.792,62.588,56.296,112.94,123.136,102.08,219.904,232.916,209.532,232.224,246.72,237.796,352.888,317.776,274.536,129.524,156.8,136.5,62.72,74.632,60.956,60.988,34.988,25.62,15.308,10.808,11.528,10.348,7.292,11.628,17.72,17.308,14.112,18.032,11.904,16.188,14.832,24.26,18.364,59.384,64.364,85.276,225.596,198.744,234.08,388.848,359.104,354.64
17:15,174.6,120.9,123.7,146.9,107.7,120.3,156.4,108.8,113.1,89.5,76.0,205.8,74.8,66.0,172.4,78.6,70.4,181.7,33.0,31.7,174.0,23.5,23.9,108.5,25.4,18.4,146.9,218.8,174.5,227.8,157.4,130.3,157.9,183.6,138.7,183.0,108.7,94.3,143.7,113.9,100.7,141.6,108.1,98.2,134.5,89.3,78.8,227.3,77.8,68.7,187.2,74.0,65.9,197.4,70.5,67.1,112.2,71.2,65.5,108.2,68.2,61.5,105.8,220.8,176.8,143.0,183.8,142.1,115.8,198.9,154.4,127.2,117.8,142.4,146.0,91.7,106.8,104.8,105.7,114.0,116.2,106.9,133.2,131.1,74.2,86.4,85.7,93.6,94.7,96.6,120.6,145.6,150.4,98.0,116.5,114.3,108.2,120.6,124.7,168.44,170.98,147.116,153.088,155.056,129.952,141.348,141.948,123.164,144.104,142.196,126.164,150.788,149.184,132.888,156.444,158.544,139.98,163.8,164.944,147.508,156.776,158.548,142.272,151.524,159.828,136.02,151.6,164.752,139.136,180.984,185.176,158.856,170.884,170.212,156.272,100.88,82.304,184.572,94.456,77.996,174.124,90.952,76.028,164.836,86.06,70.78,154.404,81.444,67.728,148.928,84.812,75.444,149.38,83.908,68.26,140.58,83.636,67.936,143.248,83.284,69.56,145.032,86.792,71.968,150.476,99.344,87.944,184.976,106.524,83.704,180.928,117.8,142.4,146.0,117.8,142.4,146.0,113.768,132.932,136.068,105.7,114.0,116.2,98.7,110.4,110.5,91.7,106.8,104.8,91.7,106.8,104.8,91.7,106.8,104.8,98.7,110.4,110.5,105.7,114.0,116.2,117.8,142.4,146.0,117.8,142.4,146.0,225.524,233.164,218.464,184.904,188.112,169.56,116.044,115.052,111.312,68.328,72.62,64.044,45.404,39.952,37.144,34.612,45.132,39.2,44.52,43.924,44.176,52.412,63.276,52.444,51.072,71.256,65.92,120.16,127.232,117.716,221.472,237.66,217.384,243.136,243.32,243.12,333.792,335.428,279.692,141.076,174.192,151.656,72.016,71.016,66.444,65.792,40.824,25.308,22.244,11.744,13.844,8.368,8.336,11.74,19.78,18.04,15.796,17.832,16.08,16.888,15.552,28.432,20.24,77.188,88.18,95.248,236.148,210.672,245.4,401.988,381.072,359.728
17:30,187.4,130.0,132.6,150.0,110.4,123.9,161.5,113.2,118.3,93.4,82.6,205.5,75.6,69.2,170.2,81.1,75.0,180.0,33.6,31.7,147.5,22.9,24.5,90.7,24.9,18.5,119.7,226.3,180.7,237.7,160.9,135.1,164.6,188.8,145.2,190.7,111.5,95.2,145.8,114.2,100.6,142.4,110.2,98.8,135.6,92.1,83.2,230.5,76.7,68.6,186.9,75.2,67.5,197.9,73.5,70.1,115.9,69.5,65.3,107.1,71.2,63.3,105.3,236.3,196.9,154.6,189.2,153.8,121.4,208.8,170.7,137.4,132.7,156.1,160.5,99.2,113.7,111.5,116.2,125.3,125.6,124.9,149.7,148.8,85.8,94.8,95.1,108.5,108.4,109.2,132.7,157.5,163.6,103.3,123.3,120.0,116.6,130.8,133.0,172.476,175.296,153.528,159.932,162.124,137.908,145.744,146.94,128.64,148.448,146.932,131.86,154.652,154.552,138.6,159.252,162.16,145.056,166.22,168.604,152.112,160.136,162.5,147.44,155.268,165.016,141.78,157.14,171.252,146.3,185.192,189.24,164.204,172.808,172.228,159.476,101.784,82.912,177.64,96.444,81.116,171.104,90.496,76.328,159.916,84.948,71.932,149.736,81.488,68.24,144.236,84.044,76.104,144.96,84.156,68.916,137.068,83.696,68.564,138.656,83.596,69.964,140.544,87.18,71.872,146.156,98.864,88.636,178.42,105.492,83.996,175.152,132.7,156.1,160.5,132.7,156.1,160.5,127.2,145.832,148.868,116.2,125.3,125.6,107.7,119.5,118.552,99.2,113.7,111.5,99.2,113.7,111.5,99.2,113.7,111.5,107.7,119.5,118.552,116.2,125.3,125.6,132.7,156.1,160.5,132.7,156.1,160.5,228.04,229.792,226.132,207.968,209.16,187.432,136.072,143.592,132.4,77.544,85.508,73.888,53.212,46.676,44.1,35.636,46.708,47.36,46.568,47.576,52.852,61.964,69.012,62.956,67.564,83.02,73.888,132.912,140.708,131.716,230.352,236.496,227.572,252.856,252.128,244.464,353.8,339.92,287.152,157.716,183.764,164.588,81.532,89.556,77.072,72.168,39.32,27.792,24.54,13.064,13.576,11.156,8.608,14.152,16.968,17.164,18.736,21.452,19.64,19.688,19.332,26.864,25.964,76.852,97.796,100.96,234.312,217.316,253.196,418.84,391.436,371.996
17:45,198.1,139.0,142.3,154.0,114.0,128.2,167.3,119.0,124.8,96.2,87.8,200.9,76.6,71.9,165.4,83.2,78.5,174.7,34.1,32.2,124.9,22.7,24.6,75.7,24.6,18.9,96.5,231.8,185.9,245.5,163.4,138.9,170.2,192.7,150.6,197.6,113.7,96.8,148.2,113.7,100.4,142.7,111.3,99.2,136.7,93.6,86.4,229.5,76.5,69.3,185.4,75.6,68.4,195.3,75.6,72.5,117.9,67.5,64.5,104.8,73.6,64.5,103.8,251.7,217.1,165.1,196.3,166.3,127.0,219.4,188.2,147.8,149.1,171.4,176.9,109.3,123.2,121.3,128.8,138.9,138.0,151.9,174.1,174.1,105.1,112.2,114.5,130.9,130.9,130.9,144.3,169.0,176.4,109.6,130.3,126.1,125.3,141.0,141.8,175.82,179.088,159.596,167.776,170.312,148.18,150.944,152.272,135.76,151.408,151.92,138.04,157.924,159.204,144.696,162.356,167.724,151.04,169.072,172.524,157.056,162.46,166.416,153.0,158.968,170.42,147.844,162.904,176.856,153.86,187.372,192.444,169.4,174.052,174.584,163.528,100.396,83.308,171.2,96.532,82.792,167.748,90.184,77.636,155.248,84.896,71.32,143.616,81.62,68.264,138.472,82.972,75.668,139.428,83.88,69.072,132.7,82.364,69.028,133.284,83.824,70.148,136.212,86.948,72.436,141.872,99.028,88.496,171.56,104.56,82.94,168.824,149.1,171.4,176.9,149.1,171.4,176.9,142.332,160.568,163.932,128.8,138.9,138.0,119.052,131.052,129.652,109.3,123.2,121.3,109.3,123.2,121.3,109.3,123.2,121.3,119.052,131.052,129.652,128.8,138.9,138.0,149.1,171.4,176.9,149.1,171.4,176.9,239.696,239.952,233.852,232.628,223.808,195.38,149.724,174.904,151.5,86.128,89.364,82.988,51.272,52.892,53.828,39.696,52.348,57.984,60.124,55.588,56.308,65.132,70.884,70.64,78.936,84.448,85.708,153.532,150.588,155.944,233.38,236.508,234.432,252.956,245.048,250.16,361.768,338.168,294.98,159.22,207.112,174.224,90.348,105.216,85.292,67.088,41.472,30.228,19.412,20.784,14.98,10.796,10.04,15.664,23.78,16.264,20.684,20.708,25.688,20.908,27.764,25.972,29.216,81.508,103.42,108.612,240.528,224.312,264.752,423.148,397.924,365.772
18:00,205.2,146.8,152.4,158.8,118.3,133.2,173.7,126.0,132.4,97.4,90.8,190.7,77.6,73.9,157.1,84.1,80.1,164.8,34.3,33.2,107.6,23.0,24.2,64.7,24.4,19.8,79.3,234.4,189.5,249.8,164.2,141.3,173.9,194.9,154.2,202.6,115.0,99.1,150.6,112.1,99.9,142.3,110.7,99.5,137.6,93.2,87.6,222.2,77.3,70.9,181.7,74.9,68.4,188.3,76.3,74.0,117.3,65.0,62.7,100.7,74.8,64.6,100.8,265.8,235.2,173.3,204.6,178.7,132.3,230.2,205.2,157.6,166.4,187.8,194.5,122.1,135.4,134.4,142.9,154.5,153.5,188.6,206.9,207.3,133.1,140.2,145.3,161.0,162.9,162.7,154.1,179.1,187.8,116.7,136.6,132.3,133.7,150.0,150.4,177.676,181.7,163.84,173.516,178.008,157.4,155.736,157.96,143.452,154.868,156.056,143.764,160.316,162.728,150.236,164.632,171.184,156.232,171.284,176.236,162.088,164.336,170.248,157.74,162.632,175.108,153.976,169.18,181.74,161.944,187.656,193.696,173.568,174.364,175.104,166.78,97.308,82.54,157.624,95.96,83.504,157.14,90.456,78.576,144.688,81.54,70.752,132.104,79.292,67.632,127.536,80.58,74.024,128.464,81.328,67.992,121.832,79.908,68.02,123.056,80.392,68.892,124.7,84.888,71.704,131.412,96.744,85.452,157.392,100.156,82.068,155.76,166.4,187.8,194.5,166.4,187.8,194.5,158.568,176.7,180.832,142.9,154.5,153.5,132.5,144.952,143.952,122.1,135.4,134.4,122.1,135.4,134.4,122.1,135.4,134.4,132.5,144.952,143.952,142.9,154.5,153.5,166.4,187.8,194.5,166.4,187.8,194.5,242.772,244.988,241.528,223.64,233.14,207.96,173.72,181.272,175.756,97.712,98.8,94.72,58.032,65.3,61.224,50.34,59.492,67.496,61.136,60.664,60.98,69.544,80.148,74.728,91.508,97.252,103.592,166.884,168.876,181.736,240.696,250.236,239.292,255.344,252.256,258.408,360.712,354.232,306.956,171.496,206.276,184.684,105.64,110.156,93.92,69.532,40.916,33.956,19.5,16.212,17.552,12.576,12.036,13.94,25.208,16.476,19.332,24.668,26.076,23.588,26.208,27.908,32.992,90.384,102.304,116.332,264.56,225.9,269.036,411.344,394.524,366.304
18:15,209.1,153.5,162.2,164.0,123.4,138.9,180.4,133.7,140.6,97.4,92.1,176.6,78.5,75.1,146.1,84.3,80.4,151.5,34.2,34.5,94.7,23.6,23.6,57.0,24.4,20.9,67.2,234.5,192.1,251.2,163.7,142.6,176.0,195.6,156.4,206.0,115.7,102.2,152.5,110.2,99.7,141.3,109.0,99.9,138.0,91.8,87.5,209.9,78.7,73.0,175.7,73.7,68.0,177.7,75.9,74.4,114.2,62.3,60.3,95.2,74.8,63.7,96.7,277.9,249.8,179.3,213.4,190.1,137.1,240.7,220.5,166.3,183.4,204.1,211.5,135.8,148.9,148.9,157.3,170.3,170.2,229.1,242.9,243.1,164.7,173.4,181.1,194.2,198.9,198.8,162.7,187.9,197.2,123.8,142.4,138.3,141.6,157.9,158.8,177.772,181.632,166.168,177.476,182.24,164.176,161.016,163.032,150.724,157.58,158.792,148.72,162.932,165.844,155.248,166.92,173.368,160.844,173.316,177.796,166.144,166.744,172.988,162.044,165.956,178.292,158.732,176.016,185.844,168.916,187.304,193.004,175.808,173.444,175.112,168.724,93.824,81.852,146.748,93.464,83.972,146.992,88.74,77.692,136.44,79.004,70.928,122.62,76.132,66.512,118.168,77.496,72.504,119.716,77.7,67.86,113.628,76.724,67.468,114.692,77.136,68.108,117.032,82.924,71.848,125.3,93.52,83.812,146.004,97.136,81.132,145.396,183.4,204.1,211.5,183.4,204.1,211.5,174.7,192.832,197.732,157.3,170.3,170.2,146.552,159.6,159.552,135.8,148.9,148.9,135.8,148.9,148.9,135.8,148.9,148.9,146.552,159.6,159.552,157.3,170.3,170.2,183.4,204.1,211.5,183.4,204.1,211.5,253.756,241.72,243.108,238.916,225.6,220.076,186.236,201.36,192.168,99.192,115.408,112.888,60.004,71.332,69.38,50.644,61.396,72.568,62.616,67.628,70.692,71.628,85.564,80.992,104.748,116.644,121.04,180.548,183.728,200.668,245.912,247.656,239.904,256.56,255.476,259.908,373.248,343.952,309.3,176.016,207.932,194.276,103.732,116.236,100.132,77.52,46.336,36.004,19.568,18.204,19.944,14.72,13.348,15.1,23.984,17.416,20.704,26.92,28.592,24.616,30.58,32.928,33.28,100.344,99.9,119.204,256.052,229.496,272.376,389.656,409.228,374.796
18:30,211.1,159.7,171.2,169.2,129.2,145.1,186.7,141.5,149.1,96.8,92.3,160.5,79.1,76.0,133.8,84.1,80.2,137.0,34.1,35.5,84.6,24.3,23.0,51.6,24.5,21.9,59.0,233.0,193.9,250.7,162.3,143.2,177.2,195.4,157.9,208.0,116.3,105.7,153.3,109.0,100.2,139.9,107.1,100.5,137.6,90.4,87.1,194.6,80.1,75.1,167.1,72.7,67.8,164.9,74.6,73.6,109.2,59.9,57.8,89.0,73.7,62.2,91.9,287.6,259.6,183.7,221.7,199.7,141.5,250.3,232.9,173.6,199.0,218.5,226.1,148.6,161.8,162.6,170.7,184.6,185.8,266.1,275.4,274.4,193.7,205.0,213.8,224.4,231.9,232.0,170.7,195.5,204.8,130.5,147.6,144.3,149.0,164.7,166.6,176.34,179.984,167.672,177.708,183.172,168.116,164.816,166.84,157.452,158.916,160.996,153.052,164.544,167.432,158.872,167.68,174.204,164.8,174.204,178.348,169.96,167.296,174.444,165.756,168.524,180.316,163.368,181.504,189.116,176.376,184.832,190.468,176.928,171.456,173.94,169.728,91.944,81.368,133.952,92.692,82.828,135.032,88.724,78.052,126.708,78.22,69.936,112.736,74.748,66.356,109.012,75.98,71.372,109.448,75.76,67.576,103.636,75.856,67.44,104.92,75.14,68.124,107.216,83.224,73.032,117.224,91.84,83.008,133.9,95.22,80.6,133.936,199.0,218.5,226.1,199.0,218.5,226.1,189.568,207.2,212.668,170.7,184.6,185.8,159.652,173.2,174.2,148.6,161.8,162.6,148.6,161.8,162.6,148.6,161.8,162.6,159.652,173.2,174.2,170.7,184.6,185.8,199.0,218.5,226.1,199.0,218.5,226.1,242.336,250.624,242.0,235.996,221.556,215.8,191.704,200.376,203.296,113.24,118.148,124.468,72.032,76.796,78.68,55.208,70.488,83.704,77.712,69.028,72.656,77.848,95.116,95.752,120.544,137.444,137.356,200.2,192.844,203.82,236.952,240.612,238.328,254.888,261.948,262.216,372.912,345.652,302.44,182.408,217.86,189.56,107.844,111.216,103.368,93.492,51.46,37.816,22.564,15.676,18.268,20.06,18.896,17.212,20.692,16.188,21.144,27.04,30.06,24.484,29.22,36.864,35.648,99.256,103.744,118.736,241.76,230.596,268.356,377.352,409.084,358.66
18:45,212.2,165.6,178.9,174.0,135.7,151.5,192.3,149.0,157.3,96.2,92.5,144.8,79.4,76.6,121.5,84.1,80.4,123.3,34.1,36.0,75.7,24.6,22.7,47.3,24.6,22.7,53.0,230.9,195.6,249.4,160.4,143.8,178.0,194.7,159.4,209.3,117.3,109.5,152.4,109.5,102.2,138.5,105.8,101.6,136.1,90.0,87.3,178.2,81.0,76.5,155.7,72.9,68.4,151.2,72.5,71.5,102.8,58.4,55.4,82.6,71.5,60.5,86.6,294.5,263.3,187.1,228.6,206.7,145.5,258.7,241.3,179.0,212.1,229.7,236.2,158.4,172.3,173.2,181.6,195.4,198.2,292.1,297.9,294.4,213.8,227.8,234.8,245.3,254.7,254.7,178.9,202.0,210.2,136.0,152.5,150.0,155.8,170.6,173.9,174.096,178.064,168.48,175.972,182.812,170.344,167.56,169.832,163.144,159.88,162.496,156.776,164.772,168.788,162.296,167.68,175.236,167.544,173.712,179.808,172.784,167.548,175.792,168.488,170.396,183.076,167.28,185.536,193.008,183.416,181.676,188.18,177.628,168.8,172.456,170.652,90.496,80.024,125.324,91.344,81.292,126.328,88.8,78.268,121.004,76.904,69.684,106.052,74.692,65.836,101.712,75.092,71.2,102.66,75.348,66.628,97.532,74.592,66.828,98.868,74.812,67.448,102.7,83.884,73.336,111.872,90.516,81.852,126.092,93.552,79.608,125.364,212.1,229.7,236.2,212.1,229.7,236.2,201.932,218.268,223.532,181.6,195.4,198.2,170.0,183.852,185.7,158.4,172.3,173.2,158.4,172.3,173.2,158.4,172.3,173.2,170.0,183.852,185.7,181.6,195.4,198.2,212.1,229.7,236.2,212.1,229.7,236.2,234.96,246.208,238.144,232.852,219.432,216.172,210.788,211.404,212.276,120.388,124.892,139.116,71.228,84.784,84.508,58.344,77.652,91.744,90.072,70.196,80.996,79.096,101.976,105.968,138.784,144.252,150.796,207.012,194.48,202.228,238.668,249.056,235.584,242.848,258.468,257.9,381.06,334.712,299.74,180.624,225.084,188.768,102.384,113.924,106.208,80.988,48.872,38.416,25.544,15.024,19.852,18.432,14.824,19.076,23.996,18.128,23.072,24.964,34.952,26.112,31.548,37.616,37.924,97.604,103.744,118.32,240.0,229.248,264.692,384.0,395.352,351.888
19:00,213.2,171.5,184.7,177.8,142.8,157.9,196.5,155.5,164.9,96.3,93.1,131.3,79.4,77.3,110.1,84.7,81.4,112.1,34.1,35.5,66.9,24.5,23.0,43.3,24.7,23.0,48.1,228.7,197.5,248.2,158.4,144.6,179.1,193.9,161.5,210.2,119.0,113.2,149.3,112.2,105.9,137.2,105.9,103.2,133.2,91.4,88.8,162.3,80.9,76.8,141.7,74.7,70.2,137.8,70.1,68.3,95.3,58.1,53.7,76.6,68.6,58.6,81.5,298.1,260.3,189.8,233.6,210.6,149.1,265.2,245.2,182.4,221.5,236.2,240.4,163.6,178.8,178.9,188.7,201.4,205.5,301.4,305.2,298.0,220.4,236.6,238.4,252.6,262.0,261.4,187.5,207.3,213.4,139.9,156.9,155.4,161.9,175.7,180.4,171.712,175.632,167.828,173.968,179.896,170.212,168.956,170.084,166.264,159.772,163.108,158.856,164.308,168.992,163.716,167.276,176.424,168.624,172.352,180.164,173.384,166.524,175.312,169.112,171.968,184.1,170.124,187.26,194.812,187.096,178.536,184.712,176.704,165.936,170.196,170.092,89.0,79.476,116.872,88.916,80.96,117.968,88.256,78.384,113.96,76.82,69.508,99.9,73.424,64.896,95.584,73.244,70.664,96.42,74.044,65.692,91.564,73.476,66.768,93.48,74.144,67.836,97.568,82.78,73.036,105.792,88.932,80.236,117.772,92.016,79.124,118.292,221.5,236.2,240.4,221.5,236.2,240.4,210.568,224.6,228.768,188.7,201.4,205.5,176.152,190.1,192.2,163.6,178.8,178.9,163.6,178.8,178.9,163.6,178.8,178.9,176.152,190.1,192.2,188.7,201.4,205.5,221.5,236.2,240.4,221.5,236.2,240.4,224.284,246.144,231.66,237.424,221.096,216.144,206.508,216.852,213.448,137.3,147.388,146.048,69.812,89.32,91.228,63.428,90.0,95.548,87.856,80.976,83.604,85.888,117.668,113.708,150.704,171.2,161.808,207.516,191.156,201.956,230.292,231.98,235.412,234.624,250.08,253.056,376.208,345.92,296.592,168.648,218.052,186.22,107.004,112.984,108.364,97.284,58.944,41.388,26.54,17.948,21.468,12.764,11.828,18.332,26.18,18.488,21.868,30.04,37.308,29.04,36.808,34.136,38.044,103.824,102.46,122.612,237.812,231.748,268.464,387.512,374.576,359.676
19:15,213.0,176.4,188.2,180.5,149.8,163.8,199.0,160.6,171.1,96.8,94.0,120.1,79.4,78.2,100.5,85.8,83.1,103.4,34.3,34.3,58.5,24.0,23.7,39.7,24.8,23.0,44.0,226.9,199.4,247.2,156.5,145.5,180.2,193.2,163.8,210.9,120.6,116.3,144.4,116.2,110.3,135.9,107.0,105.2,129.6,93.7,90.9,147.6,80.3,76.5,127.2,77.6,72.8,125.5,67.5,64.4,87.7,58.5,52.5,71.2,65.3,56.8,76.5,298.7,252.5,192.1,236.4,212.0,152.2,269.8,245.3,184.2,226.2,237.4,238.7,164.4,181.1,179.8,191.7,202.7,207.5,295.6,298.6,287.5,215.3,232.9,227.6,247.7,256.0,254.4,194.8,210.5,213.8,142.0,160.2,159.5,166.6,179.4,185.0,168.24,172.116,166.172,170.464,176.344,168.936,168.112,168.936,166.768,159.756,163.776,160.908,163.756,168.172,164.588,165.776,175.884,169.14,171.156,178.508,173.804,166.184,174.428,169.608,174.988,185.768,174.064,186.308,194.188,187.784,175.464,181.032,174.88,162.372,167.524,168.532,87.244,78.464,109.264,87.432,78.92,109.736,86.044,77.72,106.848,76.336,68.024,93.612,72.844,64.664,90.272,72.864,69.456,91.048,72.452,65.368,86.304,71.328,65.924,88.144,73.352,68.272,93.048,81.244,72.296,100.164,85.824,78.484,110.52,89.94,77.84,111.448,226.2,237.4,238.7,226.2,237.4,238.7,214.7,225.832,228.3,191.7,202.7,207.5,178.052,191.9,193.652,164.4,181.1,179.8,164.4,181.1,179.8,164.4,181.1,179.8,178.052,191.9,193.652,191.7,202.7,207.5,226.2,237.4,238.7,226.2,237.4,238.7,221.928,246.224,232.692,224.856,232.9,212.272,198.656,209.392,217.0,146.804,161.46,156.104,81.012,97.168,95.832,65.688,89.18,99.124,91.792,92.512,89.692,90.716,121.456,120.472,158.756,174.664,171.46,197.704,192.712,196.624,221.36,230.104,229.38,234.892,245.448,249.804,357.82,323.404,293.948,175.74,221.596,185.0,115.42,112.328,112.068,91.108,54.384,43.608,26.996,21.472,24.108,17.768,16.2,17.28,29.448,16.608,21.864,18.76,42.108,29.344,33.38,35.336,37.692,101.34,100.14,121.312,235.284,230.932,259.344,358.632,370.696,359.072
19:30,210.4,179.1,188.9,181.8,155.7,168.3,199.4,163.6,175.2,97.2,94.6,111.3,79.6,79.2,93.2,87.3,85.1,97.3,34.3,33.1,51.1,23.3,24.3,36.5,24.7,22.9,40.7,225.3,200.9,246.3,154.8,146.0,181.2,192.5,165.9,211.6,121.4,117.9,138.4,120.2,114.5,134.3,108.7,107.4,126.1,95.8,92.6,134.5,80.1,76.5,114.2,80.9,75.7,115.3,64.9,60.5,80.5,59.2,51.8,66.7,62.0,55.1,72.2,296.3,242.6,193.9,237.4,211.6,154.5,271.9,242.8,185.1,224.9,232.9,231.5,161.5,179.2,176.5,190.6,199.9,204.7,278.1,280.8,267.1,201.8,219.9,208.2,233.7,240.6,237.9,198.7,210.3,211.0,142.3,161.5,161.4,169.0,180.9,186.8,164.692,168.416,164.028,166.82,172.372,166.628,165.76,167.092,165.536,159.86,163.564,162.296,163.296,167.332,165.296,164.8,174.692,169.244,169.836,177.16,173.752,165.056,173.856,170.064,177.816,187.748,177.844,183.872,191.016,185.984,171.22,176.66,172.572,158.8,164.492,166.58,85.372,77.2,104.54,85.6,79.088,105.64,84.016,76.484,102.672,75.736,68.724,90.944,71.656,64.1,86.26,71.384,68.56,87.436,71.64,64.72,83.224,70.44,65.16,84.508,73.464,68.216,91.404,79.184,71.492,96.104,85.0,78.096,105.312,88.792,76.772,107.068,224.9,232.9,231.5,224.9,232.9,231.5,213.468,221.9,222.568,190.6,199.9,204.7,176.052,189.552,190.6,161.5,179.2,176.5,161.5,179.2,176.5,161.5,179.2,176.5,176.052,189.552,190.6,190.6,199.9,204.7,224.9,232.9,231.5,224.9,232.9,231.5,225.096,232.228,225.696,215.568,223.104,206.904,209.072,213.176,211.624,162.768,161.484,169.404,98.44,99.228,104.452,68.84,100.536,105.964,85.108,102.368,96.148,108.024,134.452,125.064,155.992,180.992,178.176,189.624,182.784,192.292,212.076,225.084,227.092,241.8,235.988,244.484,349.816,320.164,286.476,173.404,221.34,177.764,113.284,115.86,108.956,102.48,66.888,45.456,34.316,24.18,23.38,21.388,15.98,17.552,30.46,21.884,24.204,23.644,42.136,31.052,28.644,31.816,37.192,103.4,103.832,114.74,238.452,235.152,256.96,366.024,360.972,350.584
19:45,203.9,178.1,186.4,181.4,159.8,170.6,197.3,164.0,176.5,97.2,94.4,104.6,80.4,80.4,88.8,88.8,86.9,93.4,34.1,32.2,45.4,22.7,24.6,34.1,24.6,22.7,37.9,224.0,201.5,245.5,153.6,145.7,181.9,191.7,167.3,212.3,120.4,117.3,131.8,122.8,117.3,132.4,110.7,109.5,123.4,96.3,92.7,123.3,81.0,77.4,105.3,83.7,78.3,108.0,62.5,57.4,74.6,59.4,51.4,63.5,59.4,53.4,68.5,291.0,233.3,195.2,236.7,210.2,155.9,271.4,239.0,185.9,216.8,222.3,219.5,155.6,173.2,169.5,185.3,193.6,197.3,252.4,254.7,240.7,183.4,201.0,185.8,213.8,219.6,216.1,197.0,205.3,204.4,141.0,159.9,159.9,168.2,179.7,184.7,160.656,165.136,161.528,162.808,168.764,164.436,161.748,164.424,162.716,158.208,162.724,162.084,162.3,166.108,164.684,163.428,174.428,168.892,168.508,176.984,173.5,164.032,173.504,170.28,178.384,187.32,180.66,178.14,185.168,181.616,167.184,172.86,169.724,154.864,160.944,164.424,83.948,75.508,100.736,83.508,77.056,100.776,82.576,76.18,99.788,76.08,68.508,88.808,69.108,63.352,83.58,70.244,67.208,85.036,70.356,64.004,80.592,69.784,64.656,81.924,73.06,68.532,89.324,77.54,70.492,92.08,81.996,76.28,101.112,87.748,77.072,102.7,216.8,222.3,219.5,216.8,222.3,219.5,206.3,212.732,212.1,185.3,193.6,197.3,170.452,183.4,183.4,155.6,173.2,169.5,155.6,173.2,169.5,155.6,173.2,169.5,170.452,183.4,183.4,185.3,193.6,197.3,216.8,222.3,219.5,216.8,222.3,219.5,222.892,228.088,223.444,203.248,222.36,202.896,201.18,215.064,207.092,173.904,173.868,189.724,97.272,105.084,114.304,80.296,111.944,113.236,91.304,112.976,106.844,124.968,144.364,138.688,158.992,181.708,182.46,180.836,185.464,189.412,211.72,225.532,222.924,235.116,234.788,243.756,326.82,327.388,282.904,179.584,210.828,174.496,130.048,111.536,112.1,111.868,68.836,49.024,34.144,22.268,21.924,18.868,18.028,20.424,33.592,22.468,23.58,30.36,39.584,31.056,29.512,28.656,32.464,107.136,98.936,116.036,240.052,236.452,260.66,364.4,349.028,345.128
20:00,192.9,172.9,180.7,179.3,161.4,170.4,192.4,161.5,174.5,96.3,93.0,100.0,81.9,81.6,87.4,90.1,88.1,91.6,33.5,31.9,41.8,22.3,24.3,32.5,24.3,22.7,35.6,223.0,201.0,244.7,152.8,144.4,182.1,190.9,167.6,213.1,117.0,114.2,125.3,123.0,117.9,130.0,112.4,111.2,122.1,94.4,90.6,114.2,83.4,79.7,101.8,85.5,80.2,103.9,60.4,55.6,70.4,59.0,51.2,61.6,57.8,51.8,65.8,283.1,226.5,195.9,234.5,208.4,156.3,268.1,234.9,187.0,201.3,205.7,203.4,147.4,163.4,159.6,175.8,184.4,185.9,221.6,223.1,212.2,163.1,179.1,164.9,190.8,196.8,192.7,188.4,194.8,193.9,138.0,155.1,154.6,163.6,175.3,178.0,156.728,161.304,158.128,158.784,164.88,160.672,158.252,162.472,159.416,160.052,164.74,164.068,161.492,165.328,163.96,161.576,173.116,168.036,167.104,175.96,172.304,163.476,172.852,169.932,178.972,186.8,181.976,173.428,180.084,176.86,163.376,168.668,166.084,151.816,158.164,161.196,82.06,74.008,95.42,81.064,75.636,95.392,80.988,75.136,94.68,74.8,68.668,85.848,68.084,62.472,80.072,68.444,66.312,80.952,68.172,62.964,77.216,68.364,64.884,78.716,71.96,69.116,86.12,76.048,69.404,87.576,79.564,74.58,95.128,84.66,75.356,97.488,201.3,205.7,203.4,201.3,205.7,203.4,192.8,198.6,197.568,175.8,184.4,185.9,161.6,173.9,172.752,147.4,163.4,159.6,147.4,163.4,159.6,147.4,163.4,159.6,161.6,173.9,172.752,175.8,184.4,185.9,201.3,205.7,203.4,201.3,205.7,203.4,214.836,231.288,217.64,206.304,223.248,204.636,200.42,214.86,210.084,185.948,187.14,198.1,104.548,124.636,127.312,88.432,126.392,122.68,110.668,110.368,119.864,136.556,163.768,152.324,153.44,178.544,182.272,177.756,175.72,187.824,209.88,219.464,222.856,226.34,236.036,244.368,323.696,314.424,292.476,193.728,200.92,182.072,115.692,123.416,114.532,106.688,70.852,51.916,28.024,24.38,26.116,23.056,22.4,21.816,40.288,23.508,23.584,30.488,39.784,31.932,28.084,31.152,31.588,105.852,104.352,118.644,244.348,223.424,268.144,365.912,351.216,357.516
20:15,179.0,164.7,172.7,175.7,160.8,168.3,185.2,157.1,170.5,94.8,90.8,96.7,83.9,82.9,88.1,91.2,88.7,91.1,32.6,32.1,39.8,22.2,23.7,31.6,24.1,22.8,33.6,221.5,199.2,243.3,152.1,142.0,181.6,189.7,166.9,213.5,112.1,109.4,119.3,121.2,116.5,127.2,113.5,112.4,121.6,90.8,86.8,107.0,86.7,82.7,102.3,86.1,81.3,102.1,58.6,54.6,67.6,57.8,51.1,60.6,56.9,50.5,63.8,273.4,221.6,195.8,231.0,206.0,155.8,262.6,230.1,188.0,181.3,185.5,184.9,137.8,151.4,148.1,163.7,173.4,172.1,189.2,189.7,183.8,142.7,156.5,146.5,167.0,173.8,169.6,175.1,180.7,180.8,133.7,148.0,146.6,156.2,168.5,168.2,151.124,155.12,153.276,153.416,158.092,155.54,153.412,157.632,154.384,160.724,164.824,165.112,159.648,163.18,162.408,159.056,170.376,166.296,164.652,172.932,170.068,162.896,171.188,169.804,175.32,183.04,179.892,167.088,172.968,170.752,157.472,162.056,160.928,147.272,153.284,156.712,79.8,72.904,90.968,78.716,74.54,91.612,77.704,73.1,90.88,73.38,67.852,83.808,66.932,62.096,77.748,66.616,65.76,77.76,66.28,62.764,74.46,66.592,64.604,76.232,70.4,67.256,82.808,73.464,67.84,83.812,77.872,72.92,90.808,81.748,74.388,93.392,181.3,185.5,184.9,181.3,185.5,184.9,175.432,181.468,180.632,163.7,173.4,172.1,150.752,162.4,160.1,137.8,151.4,148.1,137.8,151.4,148.1,137.8,151.4,148.1,150.752,162.4,160.1,163.7,173.4,172.1,181.3,185.5,184.9,181.3,185.5,184.9,211.316,222.712,221.456,196.096,220.928,206.604,198.272,209.872,209.68,188.28,188.464,198.908,114.9,132.92,141.524,102.66,118.372,129.964,125.412,121.68,128.184,150.036,167.36,157.504,146.968,170.364,173.924,172.28,171.832,183.536,209.808,215.4,222.532,224.416,229.832,241.384,313.44,307.528,283.732,201.404,201.288,175.332,106.468,116.548,114.82,107.524,70.224,52.512,26.276,26.388,28.4,24.644,22.888,23.444,32.08,25.472,24.324,26.888,37.464,30.644,29.912,25.832,32.32,111.692,104.412,117.116,234.44,226.364,261.756,369.116,330.992,347.484
20:30,164.4,155.6,163.9,171.0,159.0,165.3,176.6,152.2,165.7,92.8,88.0,94.1,85.7,83.8,89.6,91.7,88.6,91.1,31.5,32.3,38.7,22.3,23.0,31.0,24.1,22.8,31.9,218.9,196.2,240.6,150.9,138.8,180.3,187.8,165.1,213.1,106.8,104.2,114.3,118.3,113.9,124.1,113.9,112.5,121.1,86.3,82.4,101.2,89.5,85.3,104.2,85.8,81.5,101.2,57.0,54.1,65.5,56.2,50.9,60.1,56.3,49.3,62.5,262.6,217.3,194.5,226.3,202.5,154.8,255.8,224.3,188.2,160.3,164.7,166.1,127.9,138.9,136.4,150.5,161.6,157.7,158.2,158.1,157.6,123.7,135.1,130.5,144.4,152.2,148.1,159.9,165.3,166.7,128.5,140.1,137.6,147.4,160.3,157.1,145.128,148.468,147.456,147.324,151.032,149.672,147.62,151.24,148.476,161.368,163.556,165.048,157.928,160.484,160.716,157.588,167.832,164.344,162.036,170.34,167.636,162.892,170.184,169.904,170.728,177.032,175.292,160.78,165.32,164.324,152.056,154.516,154.608,142.248,147.532,151.228,78.02,71.76,87.32,77.104,72.976,87.572,76.012,71.088,86.82,71.956,67.144,81.588,65.62,61.196,75.328,64.804,63.98,75.036,65.744,61.476,72.328,66.148,65.056,74.392,69.068,66.46,79.7,71.664,66.456,80.048,75.096,71.936,87.728,80.216,72.552,89.98,160.3,164.7,166.1,160.3,164.7,166.1,157.032,163.668,163.3,150.5,161.6,157.7,139.2,150.252,147.052,127.9,138.9,136.4,127.9,138.9,136.4,127.9,138.9,136.4,139.2,150.252,147.052,150.5,161.6,157.7,160.3,164.7,166.1,160.3,164.7,166.1,208.7,208.436,218.036,195.392,208.36,198.588,201.48,200.94,196.292,193.96,186.452,191.172,121.024,136.948,145.952,111.404,132.28,134.008,129.1,131.804,135.416,151.856,164.656,157.28,140.424,163.048,165.748,169.428,168.164,176.84,198.684,205.812,209.768,227.532,228.06,232.72,297.46,291.388,281.44,190.396,197.872,177.036,118.212,118.944,114.82,101.196,68.964,53.656,30.756,26.388,27.496,22.836,19.348,22.192,33.388,31.324,26.012,28.432,37.344,30.736,28.532,24.04,30.92,106.18,110.396,114.116,231.268,215.612,258.908,351.292,323.572,349.532
20:45,151.5,147.3,155.6,165.6,156.5,162.3,167.3,148.2,161.5,90.6,85.0,91.6,86.9,84.1,90.6,91.6,87.8,90.6,30.3,32.2,37.9,22.7,22.7,30.3,24.6,22.7,30.3,214.2,191.7,235.7,148.7,135.0,178.0,184.9,162.4,211.3,102.2,99.8,110.7,114.9,110.7,121.0,113.1,111.3,119.7,81.9,78.3,96.3,90.9,86.4,105.3,84.6,81.0,99.9,55.4,53.4,63.5,54.4,50.4,59.4,55.4,48.4,61.5,251.7,212.5,191.7,220.6,197.5,153.6,248.3,217.1,187.1,141.7,146.4,149.1,118.6,127.8,126.0,138.0,150.1,144.5,132.0,132.0,135.5,107.5,116.8,116.8,125.0,133.2,129.7,145.9,150.9,153.3,122.8,132.7,129.4,138.5,151.7,146.7,141.524,143.464,142.984,143.42,145.368,144.836,142.516,145.616,143.384,160.908,162.108,163.7,157.352,158.864,159.36,156.028,165.208,162.128,160.016,167.272,165.576,163.548,170.456,170.308,166.268,171.0,169.784,155.808,159.108,158.844,147.928,149.24,149.652,138.94,143.008,146.712,75.824,70.256,83.884,75.304,71.492,84.392,75.204,69.264,83.456,70.888,66.516,79.376,64.488,61.18,73.716,64.608,63.124,73.364,65.292,60.856,70.532,65.82,64.764,73.548,67.16,64.744,76.868,70.244,65.44,76.884,73.252,70.296,84.656,78.112,72.08,87.62,141.7,146.4,149.1,141.7,146.4,149.1,140.468,147.632,147.568,138.0,150.1,144.5,128.3,138.952,135.252,118.6,127.8,126.0,118.6,127.8,126.0,118.6,127.8,126.0,128.3,138.952,135.252,138.0,150.1,144.5,141.7,146.4,149.1,141.7,146.4,149.1,200.66,211.08,211.876,182.732,207.84,196.436,182.728,188.084,194.78,189.704,182.568,188.532,140.816,145.248,152.764,117.632,145.012,142.66,133.14,147.304,145.404,150.796,163.836,158.896,137.116,159.44,160.1,160.504,165.912,172.36,194.876,201.356,206.324,217.672,217.396,230.956,299.524,283.62,278.652,201.944,199.588,172.676,114.16,116.384,117.616,105.804,67.348,52.84,27.512,22.296,26.824,24.8,20.748,22.52,34.544,24.852,27.732,29.396,34.572,31.228,30.704,24.008,31.768,100.52,107.768,110.944,228.436,214.412,257.368,335.34,321.052,340.392
21:00,141.9,141.4,148.9,160.1,153.9,160.1,157.9,145.9,158.9,88.5,82.1,88.5,87.0,83.7,90.2,90.6,86.4,89.2,29.0,31.5,36.7,23.3,23.0,29.3,25.6,22.3,28.7,207.0,185.8,228.3,144.9,130.6,174.6,180.5,158.7,207.6,99.2,97.1,108.8,111.7,107.4,117.8,111.1,108.5,117.0,78.3,75.1,92.0,90.0,85.4,103.7,82.6,79.6,97.1,53.9,52.2,61.1,52.6,49.4,58.3,54.1,47.7,60.6,241.3,205.9,187.0,213.9,190.5,152.2,240.7,208.0,184.0,128.3,132.6,135.6,110.7,119.5,117.9,127.4,139.6,133.8,113.0,114.3,118.9,95.2,103.2,105.4,110.4,118.0,115.3,135.4,139.3,142.0,116.9,127.0,123.2,130.5,143.5,138.4,138.768,139.688,139.616,140.468,141.42,140.976,139.68,141.524,139.716,159.176,159.744,161.228,156.436,157.316,158.152,154.06,162.492,159.684,158.8,164.992,163.584,163.356,170.072,169.72,160.94,164.448,164.112,151.72,154.036,153.82,144.528,144.492,145.464,136.484,139.46,142.904,73.076,68.6,80.708,72.796,70.532,81.204,72.632,67.928,80.192,69.024,65.204,76.764,64.88,60.86,72.048,63.776,61.944,71.544,64.244,59.932,69.032,65.804,63.464,71.884,65.608,62.6,73.328,68.524,63.988,74.556,72.24,68.368,81.7,76.784,70.664,85.012,128.3,132.6,135.6,128.3,132.6,135.6,128.0,134.932,135.0,127.4,139.6,133.8,119.052,129.552,125.852,110.7,119.5,117.9,110.7,119.5,117.9,110.7,119.5,117.9,119.052,129.552,125.852,127.4,139.6,133.8,128.3,132.6,135.6,128.3,132.6,135.6,205.34,208.252,209.556,187.7,189.6,192.908,192.876,183.772,189.68,180.996,171.796,183.876,139.676,146.24,150.988,135.164,153.824,151.444,141.896,151.812,151.272,140.892,170.584,156.192,132.104,154.284,155.476,157.08,153.812,165.948,194.816,199.676,202.844,210.756,213.992,227.484,297.0,272.24,274.304,189.548,202.268,174.32,111.464,115.416,116.452,104.264,66.036,52.556,25.56,22.808,24.576,24.04,18.94,24.228,34.128,22.284,27.696,31.164,31.812,31.488,30.988,24.472,31.692,104.436,101.4,114.524,232.6,212.296,248.52,333.08,318.492,323.4
21:15,135.3,137.2,143.4,155.1,151.5,158.4,149.5,144.7,157.2,86.4,79.4,85.2,86.3,82.7,88.5,89.0,84.4,87.2,27.8,30.4,35.2,23.9,23.6,28.2,26.8,21.8,27.1,197.0,178.1,218.5,139.3,125.3,169.9,174.2,153.5,201.8,97.4,95.9,108.1,108.9,104.4,114.9,108.3,104.8,113.3,75.5,72.7,88.0,87.5,82.7,100.0,80.2,77.7,93.2,52.2,50.5,58.5,51.0,48.2,57.0,52.4,47.3,59.9,231.2,197.3,180.2,206.1,182.0,150.0,232.6,197.2,178.9,119.3,123.0,125.2,104.1,113.5,111.9,118.8,130.3,125.5,100.3,103.5,107.2,86.4,93.5,96.1,99.9,106.3,104.6,127.9,130.4,132.7,111.0,122.6,118.6,123.4,135.9,131.9,135.26,135.088,135.916,136.968,136.744,136.988,135.912,136.432,135.244,155.368,155.276,156.668,154.168,154.664,155.716,151.036,158.248,155.892,156.284,161.78,160.672,160.98,166.52,166.008,155.38,157.572,157.332,147.612,148.812,148.544,140.9,139.696,141.176,133.52,135.928,139.356,72.12,68.044,78.228,71.608,68.488,78.468,70.972,66.844,77.856,68.104,63.88,74.46,65.088,60.296,70.984,62.088,61.192,70.36,63.708,59.26,67.82,64.604,62.356,70.696,64.388,60.88,71.384,66.808,62.152,72.076,70.78,66.78,78.88,75.628,69.012,81.696,119.3,123.0,125.2,119.3,123.0,125.2,119.132,125.432,125.3,118.8,130.3,125.5,111.452,121.9,118.7,104.1,113.5,111.9,104.1,113.5,111.9,104.1,113.5,111.9,111.452,121.9,118.7,118.8,130.3,125.5,119.3,123.0,125.2,119.3,123.0,125.2,199.452,194.296,198.64,184.944,190.376,183.936,187.748,178.552,182.856,177.392,168.012,170.968,129.424,140.748,148.492,141.272,151.724,151.832,149.372,156.568,153.18,141.548,146.116,153.148,139.888,148.796,149.564,159.388,153.268,162.912,191.408,183.856,193.972,208.92,208.1,221.316,278.12,262.124,260.88,185.984,197.448,175.012,111.704,114.796,114.6,103.516,67.216,51.84,26.884,23.652,24.248,26.1,19.204,22.608,35.12,24.184,29.4,30.976,32.78,31.632,33.2,27.56,32.592,104.264,101.892,115.896,227.768,209.632,240.528,323.824,300.804,315.408
21:30,131.0,133.7,138.4,151.1,149.3,156.8,142.9,143.6,155.4,84.3,76.9,82.1,84.9,81.2,86.3,87.1,82.0,85.0,26.9,29.2,33.6,24.4,24.3,27.2,27.9,21.3,25.7,184.4,168.1,206.9,131.9,118.8,163.6,165.4,146.1,194.0,96.4,95.4,108.0,106.5,101.8,112.2,105.1,100.8,109.4,72.9,70.6,84.1,84.1,79.5,95.3,77.4,75.4,88.8,50.4,48.5,56.1,49.5,47.1,55.8,50.7,46.9,59.2,220.9,186.5,171.4,197.2,172.2,146.1,223.4,184.8,171.4,113.2,116.3,117.3,98.5,108.8,107.1,111.6,122.1,118.8,92.4,97.3,99.1,80.2,86.7,88.7,92.7,97.5,96.8,122.1,123.5,125.1,105.2,118.7,114.9,117.1,128.7,126.4,131.348,130.888,131.628,133.072,132.172,132.7,132.112,131.912,130.784,150.56,149.88,151.096,152.552,151.7,152.74,149.544,155.664,154.124,156.052,160.86,159.932,158.272,162.684,162.188,149.956,151.432,150.996,143.124,143.196,143.268,137.136,134.712,136.44,130.584,131.648,134.96,71.096,66.788,76.068,70.052,67.116,75.844,69.712,65.648,75.292,66.296,62.752,72.264,63.712,59.652,69.4,61.74,60.8,69.128,63.192,59.444,67.324,64.268,61.244,68.984,63.088,58.716,68.744,65.504,60.64,69.424,68.56,64.432,75.764,72.936,67.976,79.508,113.2,116.3,117.3,113.2,116.3,117.3,112.668,118.232,117.8,111.6,122.1,118.8,105.052,115.452,112.952,98.5,108.8,107.1,98.5,108.8,107.1,98.5,108.8,107.1,105.052,115.452,112.952,111.6,122.1,118.8,113.2,116.3,117.3,113.2,116.3,117.3,193.072,186.212,188.864,169.332,176.512,177.956,171.272,169.904,173.292,171.072,168.372,168.224,122.08,142.756,145.424,144.088,150.436,155.532,144.22,159.72,156.624,132.132,150.292,148.704,135.144,144.884,144.8,153.096,144.656,158.04,178.2,178.436,185.38,197.652,203.68,211.776,277.704,262.76,258.348,184.308,193.536,177.008,110.236,115.452,113.192,98.52,63.892,51.716,24.888,21.732,23.852,22.5,19.124,22.38,31.312,25.08,29.356,28.888,34.208,30.26,33.316,24.608,30.624,107.152,104.1,116.556,211.172,206.016,239.184,306.304,294.552,310.36
21:45,128.2,129.8,133.2,149.0,147.3,154.8,139.0,141.5,152.3,82.2,74.7,79.4,83.2,79.4,84.1,85.0,79.4,83.2,26.5,28.4,32.2,24.6,24.6,26.5,28.4,20.8,24.6,169.2,155.5,193.7,122.3,110.5,155.5,153.6,136.0,183.9,95.6,95.0,107.7,104.6,99.8,110.1,102.2,97.4,105.8,70.2,68.4,80.1,81.0,76.5,90.9,74.7,72.9,84.6,48.4,46.3,54.4,48.4,46.3,55.4,49.4,46.3,58.4,210.2,173.2,160.5,187.1,161.7,139.7,212.5,170.9,161.7,108.4,111.2,111.2,93.6,104.7,102.8,105.6,114.9,113.0,87.6,93.5,93.5,75.9,81.8,83.0,87.6,91.1,91.1,117.1,117.9,118.7,99.7,114.6,111.3,111.3,122.0,121.2,131.072,130.056,130.156,132.292,131.064,130.956,130.968,130.612,129.336,148.392,147.268,148.116,151.824,150.548,152.04,150.36,155.612,154.652,157.352,161.572,161.304,156.088,159.42,158.892,146.816,147.092,146.852,140.844,140.924,140.58,135.904,132.924,134.376,129.348,130.416,133.072,68.792,65.272,73.82,68.704,66.18,73.424,68.024,63.976,72.488,64.032,61.956,69.656,63.268,58.672,67.264,62.1,60.668,67.992,63.0,59.252,66.268,62.808,60.072,66.856,61.228,57.48,66.292,64.612,59.424,67.212,66.652,62.788,73.188,71.728,66.908,76.868,108.4,111.2,111.2,108.4,111.2,111.2,107.468,112.432,111.8,105.6,114.9,113.0,99.6,109.8,107.9,93.6,104.7,102.8,93.6,104.7,102.8,93.6,104.7,102.8,99.6,109.8,107.9,105.6,114.9,113.0,108.4,111.2,111.2,108.4,111.2,111.2,194.616,180.78,185.672,170.584,163.264,170.824,174.932,162.336,169.572,167.2,163.2,162.64,131.088,136.304,136.86,148.112,154.568,149.412,151.568,148.936,149.84,133.268,140.2,144.368,135.92,135.412,142.488,148.6,141.444,153.312,179.912,178.888,180.86,195.896,192.528,208.384,264.376,262.648,255.416,190.268,186.452,177.696,110.868,118.016,112.872,96.884,66.136,53.064,28.948,23.364,24.844,22.728,24.744,26.148,32.684,27.676,31.496,26.568,35.688,30.416,32.008,25.4,29.884,109.232,105.952,114.188,203.724,212.924,234.42,310.836,303.82,309.876
22:00,126.1,124.8,127.2,148.9,145.4,151.9,138.3,137.5,147.2,80.1,72.8,77.6,81.3,77.5,82.4,83.1,76.7,82.1,26.7,28.1,30.9,24.3,24.4,26.2,28.0,20.6,23.8,151.8,140.2,179.5,110.7,100.5,145.6,138.6,122.8,171.7,94.5,94.1,106.6,103.2,98.5,108.5,99.9,95.0,103.2,67.1,65.8,75.9,78.7,74.5,87.5,72.1,70.4,81.0,46.1,44.1,53.6,47.6,46.2,56.0,48.6,45.6,57.7,198.6,157.6,147.6,175.6,150.7,130.3,199.4,155.9,149.6,103.7,106.6,106.1,88.9,100.2,98.5,100.3,108.4,107.7,84.6,90.0,89.3,72.7,77.7,78.6,83.8,86.5,86.9,111.7,113.0,113.2,94.7,109.6,107.1,105.8,115.6,115.7,130.712,127.808,128.272,131.856,128.152,128.448,130.704,128.172,127.064,145.952,142.708,143.904,149.624,146.468,148.412,152.396,154.512,154.428,157.548,159.012,160.624,152.96,153.476,154.2,141.812,139.708,140.572,138.648,135.7,136.676,134.18,129.292,131.44,128.972,128.116,130.452,66.232,63.02,70.532,65.404,64.052,70.196,64.852,61.9,69.26,61.96,60.552,66.584,61.58,57.272,64.66,61.968,60.08,66.672,61.124,58.62,64.24,61.132,58.548,64.008,59.692,56.864,63.5,62.184,58.164,64.352,65.292,60.38,69.608,69.656,65.116,73.432,103.7,106.6,106.1,103.7,106.6,106.1,102.568,107.2,106.632,100.3,108.4,107.7,94.6,104.3,103.1,88.9,100.2,98.5,88.9,100.2,98.5,88.9,100.2,98.5,94.6,104.3,103.1,100.3,108.4,107.7,103.7,106.6,106.1,103.7,106.6,106.1,180.292,167.996,175.516,155.704,170.76,162.348,160.976,158.992,162.716,162.408,155.392,156.076,132.88,127.176,126.96,144.712,144.096,144.044,142.192,145.92,139.52,131.828,141.42,139.092,133.428,135.328,138.896,145.588,139.548,146.848,172.584,162.688,171.156,184.76,184.36,198.924,263.312,253.02,246.052,179.936,175.86,175.076,108.852,113.216,107.848,100.652,58.848,53.46,25.892,21.736,23.592,23.476,22.044,26.808,31.86,24.1,30.644,28.58,33.064,29.964,30.164,24.752,29.776,108.768,102.372,113.936,199.192,201.816,220.216,291.684,280.34,294.284
22:15,124.1,118.6,120.5,149.6,143.0,147.9,139.2,131.8,140.3,78.0,71.1,76.4,79.3,75.5,81.2,81.2,74.1,81.7,27.3,28.2,29.9,23.8,23.9,26.2,27.0,20.6,23.4,133.7,123.7,164.8,98.1,89.4,134.3,122.0,108.1,157.9,93.3,92.8,104.9,102.1,97.6,107.2,98.1,93.5,101.3,64.0,63.0,71.8,77.1,73.2,85.2,69.9,68.1,78.1,43.8,42.0,53.6,47.1,46.4,57.7,48.1,44.6,57.1,186.3,140.7,133.5,163.1,139.2,118.7,184.8,140.2,136.0,98.8,102.1,101.7,84.6,95.4,94.1,95.5,102.5,102.5,82.4,86.6,86.1,70.2,74.1,75.3,80.6,83.0,83.7,105.9,108.3,108.3,90.0,103.9,102.5,100.4,109.4,109.8,125.472,120.872,121.74,126.552,121.092,121.856,125.404,120.72,120.228,139.196,134.192,135.016,144.164,137.6,139.88,149.592,147.888,149.048,152.892,152.68,154.5,147.024,144.212,145.74,135.56,130.456,131.476,132.98,127.108,128.304,128.836,121.432,124.04,124.56,121.8,123.588,65.248,61.448,68.372,64.576,62.236,68.276,63.42,60.296,67.24,60.312,58.652,64.856,58.756,56.008,62.636,60.256,59.028,65.124,60.66,57.024,62.6,60.064,57.52,62.344,58.092,54.984,61.66,60.588,56.628,62.4,64.228,59.316,67.444,67.692,63.832,71.128,98.8,102.1,101.7,98.8,102.1,101.7,97.7,102.232,101.968,95.5,102.5,102.5,90.052,98.952,98.3,84.6,95.4,94.1,84.6,95.4,94.1,84.6,95.4,94.1,90.052,98.952,98.3,95.5,102.5,102.5,98.8,102.1,101.7,98.8,102.1,101.7,171.452,160.308,169.952,160.152,156.424,154.828,163.788,147.828,155.024,155.352,152.724,151.304,120.856,127.704,122.54,139.908,142.7,136.008,141.66,138.992,137.676,125.296,137.084,134.556,125.644,127.808,133.696,139.308,135.432,141.556,171.124,153.484,166.924,179.892,178.924,191.552,264.168,241.564,236.568,178.288,168.528,168.004,106.816,106.244,104.072,99.048,58.348,54.476,26.1,23.564,23.336,21.612,21.144,23.8,30.16,23.3,27.512,33.472,31.28,29.52,32.612,22.396,31.704,104.48,100.176,110.508,200.792,207.296,213.952,290.104,268.34,279.668
22:30,121.6,111.6,113.3,149.4,139.2,142.5,139.5,124.7,132.1,75.9,69.3,75.6,77.4,73.3,80.3,79.4,71.5,81.6,28.0,28.4,29.1,23.2,23.2,26.4,25.8,20.7,23.0,116.7,107.7,150.1,85.9,78.4,122.4,105.8,93.6,143.5,92.0,91.2,103.0,101.1,96.8,106.0,96.5,92.4,99.9,61.3,60.4,68.3,75.9,72.2,83.4,68.0,65.9,75.7,41.8,40.0,53.9,47.1,46.9,60.2,47.8,43.5,56.9,173.5,123.9,119.4,150.3,127.1,106.4,169.6,124.6,122.0,93.9,97.6,97.7,80.6,90.4,89.6,90.9,97.0,97.6,80.5,83.0,83.3,67.9,70.9,72.6,77.8,80.0,80.9,100.0,103.4,103.7,85.6,97.8,97.5,95.2,103.3,103.9,121.12,114.896,115.58,122.136,114.668,115.752,120.408,114.824,114.436,133.48,126.996,127.988,139.172,130.812,132.712,145.16,140.824,142.472,147.924,145.54,147.544,142.096,137.16,138.376,131.3,123.552,124.58,128.44,120.256,122.028,124.38,114.436,117.352,120.436,116.18,117.276,64.532,60.34,66.512,63.076,61.172,66.528,62.5,59.892,65.408,59.512,57.928,63.068,57.436,54.632,60.764,59.42,57.844,63.5,59.584,56.024,60.932,58.376,55.428,60.576,56.476,53.756,59.804,59.328,55.436,60.376,62.516,58.272,65.856,66.592,62.204,69.856,93.9,97.6,97.7,93.9,97.6,97.7,92.9,97.4,97.668,90.9,97.0,97.6,85.752,93.7,93.6,80.6,90.4,89.6,80.6,90.4,89.6,80.6,90.4,89.6,85.752,93.7,93.6,90.9,97.0,97.6,93.9,97.6,97.7,93.9,97.6,97.7,167.944,154.16,164.612,150.788,154.58,149.992,154.24,146.76,146.32,147.724,145.904,145.608,122.588,120.348,119.296,131.204,129.564,129.688,138.732,135.704,130.256,129.032,123.392,126.768,122.728,127.952,125.88,142.692,128.8,135.92,162.564,145.648,157.992,176.876,170.424,180.928,255.168,234.7,225.084,170.096,164.368,164.032,97.88,104.228,104.144,98.86,57.016,55.14,27.276,20.204,23.352,21.408,17.572,24.132,30.736,21.816,26.68,37.144,35.936,29.396,31.088,26.492,30.532,102.168,100.044,104.376,197.444,208.844,206.344,278.28,267.964,274.728
22:45,118.2,104.0,105.7,146.5,133.2,135.7,137.3,116.5,123.2,73.8,67.3,74.7,75.7,71.0,79.4,77.6,69.1,81.3,28.4,28.4,28.4,22.7,22.7,26.5,24.6,20.8,22.7,102.7,93.9,136.0,75.3,68.5,110.5,91.9,81.2,129.1,90.7,89.5,101.0,99.8,95.6,104.6,95.0,91.3,98.6,59.4,58.5,65.7,74.7,71.1,81.9,66.6,63.9,73.8,40.3,38.3,54.4,47.4,47.4,63.5,47.4,42.3,57.4,160.5,108.5,106.2,137.4,114.3,94.7,154.7,109.7,108.5,88.9,92.6,93.6,76.9,85.2,85.2,86.1,91.7,92.6,78.3,79.4,80.6,65.4,67.8,70.1,74.8,77.1,78.3,94.0,98.1,98.9,81.6,91.5,92.3,89.9,97.3,98.1,115.808,109.16,109.552,116.488,108.768,109.652,114.64,108.016,107.152,127.232,119.548,120.144,133.048,122.964,124.38,140.272,133.472,134.776,142.724,137.42,139.684,136.928,129.204,130.756,125.872,116.132,116.948,122.964,113.164,114.736,118.44,107.616,110.82,114.884,110.34,110.98,62.94,59.24,65.304,62.62,60.448,65.504,61.736,58.264,64.472,58.256,56.748,61.688,56.796,53.836,59.604,58.488,56.364,62.184,58.716,55.604,59.572,57.22,55.196,59.3,55.984,52.596,58.588,58.416,53.68,58.952,61.14,57.504,64.088,65.844,61.724,68.4,88.9,92.6,93.6,88.9,92.6,93.6,87.968,92.3,93.268,86.1,91.7,92.6,81.5,88.452,88.9,76.9,85.2,85.2,76.9,85.2,85.2,76.9,85.2,85.2,81.5,88.452,88.9,86.1,91.7,92.6,88.9,92.6,93.6,88.9,92.6,93.6,163.324,146.584,157.248,149.208,147.412,143.256,149.812,138.22,139.52,150.76,133.008,140.188,121.616,109.736,113.632,124.176,119.66,123.064,135.148,124.664,127.016,129.456,125.556,121.516,124.088,116.66,119.88,135.484,120.936,131.372,163.692,145.416,151.16,175.616,166.716,173.424,241.152,218.344,214.524,169.124,159.624,161.972,100.324,109.652,102.516,96.864,59.628,54.888,27.412,21.612,22.472,18.716,14.848,22.376,28.716,20.176,24.968,38.652,32.536,29.612,30.612,24.136,30.44,98.048,91.444,100.964,193.46,198.448,202.344,268.652,259.52,267.98
23:00,113.4,96.2,98.0,139.8,124.4,127.2,131.1,107.6,114.0,71.7,65.0,73.7,74.1,68.6,78.4,75.7,67.0,80.6,28.4,28.1,27.8,22.6,22.6,26.4,23.8,21.0,22.3,93.0,83.8,122.8,67.3,60.5,99.2,82.0,72.3,115.5,89.6,87.8,99.3,98.2,93.8,102.9,93.1,89.9,97.1,58.6,57.4,64.3,73.3,69.6,80.2,65.6,62.2,72.2,39.6,36.9,54.7,48.0,47.7,67.3,46.5,41.1,58.7,147.5,95.6,95.0,125.1,100.9,84.5,141.0,96.0,96.4,84.0,87.2,89.1,73.4,80.0,81.0,81.1,86.4,87.7,75.3,75.8,77.7,62.6,64.7,67.4,71.3,73.8,75.3,88.1,92.0,93.9,77.9,85.3,87.2,84.4,91.2,92.5,110.216,103.784,104.024,111.012,103.756,104.648,109.436,101.7,101.192,121.344,112.44,112.744,126.616,115.216,116.796,134.216,125.636,126.824,137.624,129.612,131.724,131.544,122.164,123.544,120.056,108.796,109.852,117.412,106.444,108.152,112.708,101.856,104.912,110.292,105.276,105.488,62.124,58.276,63.988,61.956,59.084,63.968,60.416,57.44,62.748,57.532,55.824,60.036,56.024,52.7,57.84,57.56,54.86,60.772,57.512,54.236,58.256,56.664,53.5,57.796,55.012,51.836,57.032,58.084,52.672,57.22,60.02,55.696,62.504,64.68,60.64,66.744,84.0,87.2,89.1,84.0,87.2,89.1,83.032,86.932,88.632,81.1,86.4,87.7,77.252,83.2,84.352,73.4,80.0,81.0,73.4,80.0,81.0,73.4,80.0,81.0,77.252,83.2,84.352,81.1,86.4,87.7,84.0,87.2,89.1,84.0,87.2,89.1,157.716,142.292,149.732,152.216,133.352,136.996,151.532,131.788,135.444,141.156,127.312,132.86,118.944,101.4,106.512,115.76,116.556,118.416,125.908,123.52,121.16,116.22,108.304,111.884,114.7,107.12,112.62,131.74,114.12,123.812,158.216,137.112,142.604,166.728,158.336,166.636,226.816,211.172,208.972,170.872,149.58,156.788,102.84,98.732,99.48,94.132,60.2,53.38,25.408,21.512,20.908,15.184,13.176,20.656,26.0,19.288,23.648,36.54,31.452,30.252,31.856,23.156,32.364,103.872,90.564,99.244,190.416,183.472,198.468,260.408,247.272,252.044
23:15,107.4,88.4,90.2,130.3,113.8,117.5,121.9,98.4,104.8,69.7,62.6,72.3,72.7,66.4,77.2,73.8,65.3,79.5,28.0,27.6,27.2,22.7,22.6,26.0,23.3,21.1,21.9,86.6,76.7,110.6,61.5,54.4,88.7,75.4,66.4,102.7,88.6,86.4,97.8,96.4,91.9,101.1,91.3,88.4,95.6,58.5,57.1,63.7,71.8,68.0,78.6,65.0,61.0,70.8,39.4,36.0,54.6,48.7,47.9,70.6,45.5,40.1,60.1,134.7,84.9,85.4,113.5,87.5,76.0,128.5,83.9,85.8,79.3,81.6,84.6,70.3,75.0,76.9,76.1,81.2,82.9,71.8,72.3,74.6,59.6,61.8,64.6,67.8,70.3,72.3,82.6,85.8,88.7,74.4,79.5,82.3,79.2,85.3,87.2,105.024,97.94,97.908,105.844,97.74,98.404,104.42,95.824,94.868,115.432,105.76,105.428,120.472,108.056,109.376,128.268,117.54,119.084,131.84,121.996,123.992,126.112,115.068,116.728,114.876,102.148,103.148,112.116,100.216,101.44,106.88,95.132,98.164,105.4,99.344,99.012,62.032,57.68,62.632,61.408,58.28,62.732,59.068,56.392,61.392,56.616,54.324,58.716,55.352,51.912,56.552,56.676,54.224,59.288,56.264,53.56,57.028,55.44,52.92,56.68,54.004,50.804,55.716,56.68,52.064,56.312,59.136,54.896,61.2,63.472,60.092,65.272,79.3,81.6,84.6,79.3,81.6,84.6,78.232,81.468,84.032,76.1,81.2,82.9,73.2,78.1,79.9,70.3,75.0,76.9,70.3,75.0,76.9,70.3,75.0,76.9,73.2,78.1,79.9,76.1,81.2,82.9,79.3,81.6,84.6,79.3,81.6,84.6,153.12,138.144,145.268,143.08,134.608,132.72,154.464,120.736,129.288,138.548,122.424,125.432,111.8,107.216,102.56,111.732,112.432,116.52,125.012,111.824,115.172,113.46,119.284,108.964,113.36,100.432,109.336,127.704,109.1,118.604,148.504,134.632,138.24,164.544,153.472,162.94,231.132,195.596,199.936,163.568,153.684,154.836,100.696,96.356,98.888,89.552,57.868,50.748,23.536,21.724,20.996,17.268,14.324,19.244,24.508,19.772,23.44,36.44,30.128,29.984,32.136,24.292,30.568,97.132,87.652,94.552,191.404,181.076,188.4,243.172,244.404,241.916
23:30,100.8,80.7,82.5,119.5,102.5,107.1,111.5,89.2,95.6,67.6,60.4,70.5,71.3,64.6,75.7,71.9,64.1,77.9,27.3,27.0,26.8,22.8,22.8,25.4,23.0,21.0,21.4,82.2,71.6,99.1,57.3,50.0,78.7,70.9,62.5,91.0,88.0,85.7,96.6,95.0,90.7,99.5,89.6,87.2,94.0,58.7,57.2,63.4,70.4,66.8,77.0,64.4,60.3,69.6,39.4,35.8,53.9,49.3,48.1,72.4,44.3,39.4,60.6,122.4,76.0,76.9,102.9,75.1,68.7,117.3,73.4,76.4,75.0,76.5,80.1,67.4,70.5,73.1,71.5,76.4,78.3,68.3,69.1,71.6,57.0,59.2,61.9,64.5,67.0,69.3,77.6,79.9,83.7,71.3,74.3,77.6,74.3,79.8,82.2,100.208,92.372,92.46,101.008,92.324,92.952,99.872,90.176,89.524,109.82,99.58,99.24,115.14,101.552,103.084,123.1,111.036,112.78,126.988,115.572,117.592,121.492,109.34,111.272,109.936,96.612,97.824,107.84,94.52,95.796,101.704,89.424,92.24,100.856,93.608,93.244,61.32,56.872,62.224,60.384,57.956,62.076,58.648,56.308,60.548,55.92,53.736,57.7,54.876,51.696,55.772,55.512,52.964,58.084,55.444,52.84,56.2,55.008,52.368,55.716,53.46,50.156,54.684,54.932,51.216,55.32,58.216,53.924,60.488,62.932,59.408,64.504,75.0,76.5,80.1,75.0,76.5,80.1,73.832,76.468,79.5,71.5,76.4,78.3,69.452,73.452,75.7,67.4,70.5,73.1,67.4,70.5,73.1,67.4,70.5,73.1,69.452,73.452,75.7,71.5,76.4,78.3,75.0,76.5,80.1,75.0,76.5,80.1,146.232,133.644,140.672,147.452,131.52,132.52,134.96,124.688,127.844,138.552,119.592,121.36,110.12,100.752,99.212,117.848,110.08,107.072,123.8,106.684,109.516,106.18,109.684,106.92,106.236,94.932,105.976,120.736,108.636,114.876,139.784,124.888,135.564,159.284,149.968,155.708,218.808,189.308,192.38,164.04,155.912,150.516,103.584,92.924,96.312,88.276,55.772,50.38,23.036,21.44,21.04,17.676,14.26,19.128,23.524,19.188,23.588,31.408,30.872,29.184,29.748,25.276,29.424,105.136,89.568,92.508,185.224,164.816,181.432,233.076,233.324,236.448
23:45,94.1,73.2,74.9,109.0,91.6,96.5,101.5,80.7,86.6,65.4,58.9,68.2,70.1,63.5,73.8,70.1,63.5,75.7,26.5,26.5,26.5,22.7,22.7,24.6,22.7,20.8,20.8,78.3,67.5,88.0,53.8,47.0,69.5,67.5,59.7,80.2,87.7,85.9,95.6,94.3,90.7,98.6,88.3,86.5,92.5,58.5,57.6,63.0,69.3,66.6,75.6,63.9,60.3,68.4,39.3,36.3,52.4,49.4,48.4,71.5,43.3,39.3,59.4,110.9,68.1,69.3,93.5,64.7,62.4,107.4,64.7,68.1,71.3,72.3,76.0,64.8,66.7,69.5,67.6,72.3,74.1,65.4,66.6,68.9,54.9,57.2,59.6,61.9,64.3,66.6,73.4,75.0,79.1,68.4,70.1,73.4,70.1,75.0,77.5,95.768,86.68,87.056,96.696,87.052,87.716,94.792,84.912,84.3,103.396,93.512,93.0,108.912,95.512,96.94,117.26,104.684,106.648,121.068,109.24,111.552,116.236,103.876,105.952,104.58,91.084,92.46,101.756,88.724,90.028,96.84,83.516,86.332,96.632,87.98,87.644,59.976,56.468,61.484,59.652,57.212,61.364,57.568,55.176,59.752,55.24,52.972,57.204,54.24,50.96,54.656,54.64,52.56,57.108,54.86,52.328,55.06,54.172,51.588,54.64,52.312,49.956,54.004,54.56,50.948,54.384,57.844,53.644,59.484,61.836,58.7,63.632,71.3,72.3,76.0,71.3,72.3,76.0,70.068,72.3,75.368,67.6,72.3,74.1,66.2,69.5,71.8,64.8,66.7,69.5,64.8,66.7,69.5,64.8,66.7,69.5,66.2,69.5,71.8,67.6,72.3,74.1,71.3,72.3,76.0,71.3,72.3,76.0,146.12,131.612,137.652,140.712,125.06,127.704,130.312,118.76,122.412,129.308,117.12,117.228,101.88,91.704,93.256,109.524,99.84,107.876,117.36,100.004,107.104,104.988,102.544,101.736,106.296,92.624,102.172,118.952,103.568,110.276,136.896,126.072,130.056,155.096,144.2,151.524,217.34,187.828,188.66,165.768,155.888,149.936,100.276,90.068,97.892,87.6,57.652,51.952,21.76,21.188,24.348,17.916,14.852,19.336,27.648,19.54,24.008,33.1,30.54,29.94,29.604,26.512,30.172,106.048,84.292,93.132,177.816,163.54,179.256,237.592,228.732,236.564
